timestamp,datetime,current_occupancy,peak_occupancy,unique_people,utilization_pct,est_capacity,capacity_status,flow_rate_per_min,avg_dwell_time_sec,processing_fps,alert_active
1767685071.02,2026-01-06 13:07:51,12,12,12,18.3%,76,NORMAL,0.0,0.0,5.7,False
1767685072.13,2026-01-06 13:07:52,12,12,12,18.3%,76,NORMAL,0.0,0.0,6.7,False
1767685073.16,2026-01-06 13:07:53,10,12,12,17.4%,76,NORMAL,0.0,0.0,7.1,False
1767685074.37,2026-01-06 13:07:54,10,12,12,16.9%,76,NORMAL,0.0,0.0,7.5,False
1767685075.58,2026-01-06 13:07:55,9,12,13,16.3%,76,NORMAL,0.0,0.0,7.7,False
1767685076.78,2026-01-06 13:07:56,10,12,13,16.2%,76,NORMAL,0.0,0.0,7.8,False
1767685078.14,2026-01-06 13:07:58,9,12,13,15.8%,76,NORMAL,754.8,0.0,7.9,False
1767685079.19,2026-01-06 13:07:59,11,12,15,16.0%,76,NORMAL,771.4,0.0,7.9,False
1767685080.19,2026-01-06 13:08:00,9,12,15,15.8%,76,NORMAL,692.3,0.0,7.9,False
1767685081.27,2026-01-06 13:08:01,6,12,15,15.1%,76,NORMAL,600.0,0.0,7.9,False
1767685082.30,2026-01-06 13:08:02,9,12,17,15.0%,76,NORMAL,612.0,0.0,7.9,False
1767685083.41,2026-01-06 13:08:03,8,12,17,14.8%,76,NORMAL,556.4,0.0,7.9,False
1767685084.46,2026-01-06 13:08:04,7,12,17,14.5%,76,NORMAL,510.0,0.0,8.0,False
1767685085.86,2026-01-06 13:08:05,9,12,18,14.5%,76,NORMAL,506.2,0.0,8.0,False
1767685086.98,2026-01-06 13:08:06,8,12,19,14.3%,76,NORMAL,495.7,0.0,8.0,False
1767685088.00,2026-01-06 13:08:08,6,12,20,14.0%,76,NORMAL,486.5,0.0,8.0,False
1767685089.17,2026-01-06 13:08:09,7,12,20,13.9%,76,NORMAL,450.0,0.0,8.0,False
1767685090.21,2026-01-06 13:08:10,8,12,20,13.8%,76,NORMAL,423.5,0.0,8.0,False
1767685091.49,2026-01-06 13:08:11,7,12,20,13.6%,76,NORMAL,404.5,0.0,8.0,False
1767685092.73,2026-01-06 13:08:12,8,12,21,13.6%,76,NORMAL,397.9,0.0,8.1,False
1767685093.77,2026-01-06 13:08:13,7,12,21,13.5%,76,NORMAL,378.0,0.0,8.1,False
1767685094.88,2026-01-06 13:08:14,9,12,22,13.5%,76,NORMAL,377.1,0.0,8.1,False
1767685095.97,2026-01-06 13:08:15,8,12,22,13.4%,76,NORMAL,360.0,0.0,8.1,False
1767685097.04,2026-01-06 13:08:17,9,12,25,13.5%,76,NORMAL,391.3,0.0,8.0,False
1767685098.21,2026-01-06 13:08:18,11,12,26,13.6%,76,NORMAL,390.0,0.0,8.1,False
1767685099.32,2026-01-06 13:08:19,9,12,26,13.6%,76,NORMAL,377.4,0.0,8.1,False
1767685100.33,2026-01-06 13:08:20,11,12,27,13.7%,76,NORMAL,379.7,0.0,8.2,False
1767685101.48,2026-01-06 13:08:21,8,12,27,13.7%,76,NORMAL,362.7,0.0,8.3,False
1767685102.66,2026-01-06 13:08:22,10,12,28,13.7%,76,NORMAL,365.2,0.0,8.3,False
1767685103.75,2026-01-06 13:08:23,11,12,30,13.9%,76,NORMAL,383.0,0.0,8.3,False
1767685105.18,2026-01-06 13:08:25,12,14,31,13.9%,76,NORMAL,382.2,0.0,8.3,False
1767685106.51,2026-01-06 13:08:26,13,14,32,13.9%,76,NORMAL,381.5,0.0,8.2,False
1767685107.79,2026-01-06 13:08:27,12,14,32,14.0%,76,NORMAL,369.2,0.0,8.2,False
1767685109.10,2026-01-06 13:08:29,13,14,32,14.1%,76,NORMAL,357.8,0.0,8.2,False
1767685110.18,2026-01-06 13:08:30,13,14,32,14.3%,76,NORMAL,351.2,0.0,8.2,False
1767685111.28,2026-01-06 13:08:31,12,14,32,14.4%,76,NORMAL,342.9,0.0,8.2,False
1767685112.44,2026-01-06 13:08:32,13,14,32,14.6%,76,NORMAL,334.9,0.0,8.2,False
1767685113.64,2026-01-06 13:08:33,13,14,33,14.7%,76,NORMAL,337.5,0.0,8.2,False
1767685114.95,2026-01-06 13:08:34,11,14,33,14.8%,76,NORMAL,328.2,0.0,8.3,False
1767685116.10,2026-01-06 13:08:36,9,14,33,15.0%,76,NORMAL,319.4,0.0,8.3,False
1767685117.36,2026-01-06 13:08:37,11,14,36,15.1%,76,NORMAL,339.3,0.0,8.3,False
1767685118.62,2026-01-06 13:08:38,11,14,37,15.2%,76,NORMAL,339.8,0.0,8.4,False
1767685119.92,2026-01-06 13:08:39,10,14,38,15.4%,76,NORMAL,340.3,0.0,8.4,False
1767685121.37,2026-01-06 13:08:41,11,14,39,15.5%,76,NORMAL,340.8,0.0,8.4,False
1767685122.71,2026-01-06 13:08:42,12,14,40,15.6%,76,NORMAL,341.2,0.0,8.4,False
1767685124.15,2026-01-06 13:08:44,12,14,40,15.9%,76,NORMAL,333.3,0.0,8.4,False
1767685125.52,2026-01-06 13:08:45,9,14,40,16.0%,76,NORMAL,325.8,0.0,8.3,False
1767685129.18,2026-01-06 13:08:49,14,14,45,16.3%,76,NORMAL,358.4,0.0,8.2,False
1767685130.68,2026-01-06 13:08:50,15,15,46,16.7%,76,NORMAL,358.4,0.0,8.1,False
1767685132.02,2026-01-06 13:08:52,14,15,46,17.0%,76,NORMAL,350.8,0.0,8.0,False
1767685133.31,2026-01-06 13:08:53,13,15,46,17.3%,76,NORMAL,343.6,0.0,8.0,False
1767685134.65,2026-01-06 13:08:54,12,15,47,17.4%,76,NORMAL,343.9,0.0,7.9,False
1767685135.97,2026-01-06 13:08:55,11,15,47,17.6%,76,NORMAL,337.1,0.0,7.9,False
1767685137.03,2026-01-06 13:08:57,12,15,47,17.7%,76,NORMAL,331.8,0.0,7.8,False
1767685138.22,2026-01-06 13:08:58,12,15,47,17.8%,76,NORMAL,326.6,0.0,7.8,False
1767685139.38,2026-01-06 13:08:59,12,15,48,17.9%,76,NORMAL,329.8,0.0,7.8,False
1767685140.73,2026-01-06 13:09:00,12,15,48,18.0%,76,NORMAL,324.8,0.0,7.8,False
1767685141.76,2026-01-06 13:09:01,13,15,49,18.2%,76,NORMAL,326.7,0.0,7.8,False
1767685143.13,2026-01-06 13:09:03,12,15,49,18.3%,76,NORMAL,323.1,0.0,7.8,False
1767685144.34,2026-01-06 13:09:04,13,15,50,18.4%,76,NORMAL,326.1,0.0,7.7,False
1767685145.91,2026-01-06 13:09:05,11,15,51,18.4%,76,NORMAL,326.7,0.0,7.6,False
1767685147.29,2026-01-06 13:09:07,12,15,53,18.3%,76,NORMAL,333.6,0.0,7.5,False
1767685148.60,2026-01-06 13:09:08,12,15,55,18.3%,76,NORMAL,340.2,0.0,7.4,False
1767685149.66,2026-01-06 13:09:09,12,15,55,18.3%,76,NORMAL,335.6,0.0,7.3,False
1767685150.74,2026-01-06 13:09:10,12,15,55,18.2%,76,NORMAL,334.5,0.0,7.3,False
1767685152.45,2026-01-06 13:09:12,10,15,55,18.1%,76,NORMAL,328.9,0.0,7.2,False
1767685154.29,2026-01-06 13:09:14,10,15,56,18.0%,76,NORMAL,329.4,0.0,7.1,False
1767685156.08,2026-01-06 13:09:16,10,15,56,17.8%,76,NORMAL,324.1,0.0,7.0,False
1767685157.72,2026-01-06 13:09:17,8,15,56,17.7%,76,NORMAL,319.0,0.0,7.0,False
1767685159.45,2026-01-06 13:09:19,10,15,57,17.7%,76,NORMAL,319.6,0.0,7.0,False
1767685161.17,2026-01-06 13:09:21,9,15,59,17.6%,76,NORMAL,325.8,0.0,7.0,False
1767685162.42,2026-01-06 13:09:22,9,15,60,17.5%,76,NORMAL,326.3,0.0,7.0,False
1767685164.31,2026-01-06 13:09:24,11,15,61,17.6%,76,NORMAL,326.8,0.0,7.0,False
1767685165.39,2026-01-06 13:09:25,14,15,63,17.7%,76,NORMAL,333.5,0.0,7.0,False
1767685166.50,2026-01-06 13:09:26,15,15,64,17.9%,76,NORMAL,336.8,0.0,7.0,False
1767685167.85,2026-01-06 13:09:27,16,16,65,18.1%,76,NORMAL,338.2,0.0,7.1,False
1767685169.33,2026-01-06 13:09:29,14,16,65,18.3%,76,NORMAL,333.3,0.0,7.0,False
1767685170.97,2026-01-06 13:09:30,13,16,66,18.2%,76,NORMAL,333.7,0.0,7.0,False
1767685172.55,2026-01-06 13:09:32,14,16,69,18.2%,76,NORMAL,344.0,0.0,7.0,False
1767685174.13,2026-01-06 13:09:34,13,16,69,18.2%,76,NORMAL,339.3,0.0,7.0,False
1767685175.87,2026-01-06 13:09:35,14,16,72,18.2%,76,NORMAL,349.3,0.0,7.1,False
1767685177.38,2026-01-06 13:09:37,13,16,72,18.2%,76,NORMAL,344.7,0.0,7.2,False
1767685178.94,2026-01-06 13:09:38,14,16,72,18.4%,76,NORMAL,340.2,0.0,7.3,False
1767685180.46,2026-01-06 13:09:40,15,16,74,18.5%,76,NORMAL,345.1,0.0,7.4,False
1767685181.90,2026-01-06 13:09:41,13,16,74,18.6%,76,NORMAL,340.7,0.0,7.5,False
1767685183.23,2026-01-06 13:09:43,11,16,76,18.5%,76,NORMAL,345.5,0.0,7.6,False
1767685184.61,2026-01-06 13:09:44,13,16,77,18.6%,76,NORMAL,345.6,0.0,7.7,False
1767685186.03,2026-01-06 13:09:46,12,16,77,18.5%,76,NORMAL,341.4,0.0,7.8,False
1767685187.21,2026-01-06 13:09:47,9,16,77,18.4%,76,NORMAL,337.2,0.0,8.0,False
1767685188.47,2026-01-06 13:09:48,10,16,79,18.2%,76,NORMAL,341.8,0.0,8.1,False
1767685189.71,2026-01-06 13:09:49,12,16,81,18.3%,76,NORMAL,346.3,0.0,8.2,False
1767685190.97,2026-01-06 13:09:50,9,16,82,18.1%,76,NORMAL,346.5,0.0,8.3,False
1767685192.31,2026-01-06 13:09:52,13,16,84,18.2%,76,NORMAL,350.8,0.0,8.4,False
1767685193.53,2026-01-06 13:09:53,11,16,84,18.1%,76,NORMAL,346.8,0.0,8.5,False
1767685194.76,2026-01-06 13:09:54,11,16,84,18.1%,76,NORMAL,342.9,0.0,8.6,False
1767685196.29,2026-01-06 13:09:56,14,16,85,18.3%,76,NORMAL,343.0,0.0,8.7,False
1767685197.60,2026-01-06 13:09:57,14,16,85,18.5%,76,NORMAL,339.2,0.0,8.8,False
1767685198.70,2026-01-06 13:09:58,13,16,88,18.6%,76,NORMAL,348.1,0.0,8.8,False
1767685199.72,2026-01-06 13:09:59,15,16,89,19.0%,76,NORMAL,349.8,0.0,8.8,False
1767685201.07,2026-01-06 13:10:01,16,16,89,19.2%,76,NORMAL,347.5,0.0,8.8,False
1767685202.42,2026-01-06 13:10:02,13,16,89,19.4%,76,NORMAL,343.8,0.0,8.8,False
1767685203.83,2026-01-06 13:10:03,16,16,89,19.8%,76,NORMAL,340.1,0.0,8.8,False
1767685205.20,2026-01-06 13:10:05,14,16,90,19.9%,76,NORMAL,340.3,0.0,8.8,False
1767685206.55,2026-01-06 13:10:06,13,16,91,19.9%,76,NORMAL,340.5,0.0,8.7,False
1767685208.04,2026-01-06 13:10:08,16,16,92,19.9%,76,NORMAL,340.7,0.0,8.7,False
1767685209.49,2026-01-06 13:10:09,15,16,92,19.9%,76,NORMAL,337.3,0.0,8.8,False
1767685210.91,2026-01-06 13:10:10,14,16,92,19.9%,76,NORMAL,333.9,0.0,8.8,False
1767685212.27,2026-01-06 13:10:12,15,16,94,19.9%,76,NORMAL,337.7,0.0,8.8,False
1767685213.75,2026-01-06 13:10:13,16,17,96,20.0%,76,NORMAL,341.5,0.0,8.8,False
1767685215.23,2026-01-06 13:10:15,15,17,96,20.1%,76,NORMAL,338.2,0.0,8.8,False
1767685216.77,2026-01-06 13:10:16,14,17,96,20.1%,76,NORMAL,334.9,0.0,8.8,False
1767685218.18,2026-01-06 13:10:18,16,17,97,20.3%,76,NORMAL,335.1,0.0,8.8,False
1767685219.79,2026-01-06 13:10:19,15,17,98,20.3%,76,NORMAL,335.4,0.0,8.7,False
1767685221.11,2026-01-06 13:10:21,13,17,99,20.2%,76,NORMAL,335.6,0.0,8.6,False
1767685222.45,2026-01-06 13:10:22,13,17,100,20.2%,76,NORMAL,335.8,0.0,8.5,False
1767685223.71,2026-01-06 13:10:23,14,17,101,20.4%,76,NORMAL,336.0,0.0,8.4,False
1767685225.02,2026-01-06 13:10:25,13,17,102,20.4%,76,NORMAL,336.3,0.0,8.4,False
1767685226.28,2026-01-06 13:10:26,13,17,103,20.4%,76,NORMAL,336.5,0.0,8.4,False
1767685227.90,2026-01-06 13:10:27,16,17,103,20.7%,76,NORMAL,333.5,0.0,8.5,False
1767685229.33,2026-01-06 13:10:29,16,17,103,21.0%,76,NORMAL,330.5,0.0,8.5,False
1767685230.58,2026-01-06 13:10:30,14,17,105,21.1%,76,NORMAL,334.5,0.0,8.6,False
1767685231.72,2026-01-06 13:10:31,12,17,105,21.3%,76,NORMAL,332.2,0.0,8.6,False
1767685232.75,2026-01-06 13:10:32,14,17,107,21.3%,76,NORMAL,336.7,0.0,8.6,False
1767685234.03,2026-01-06 13:10:34,14,17,107,21.4%,76,NORMAL,334.4,0.0,8.6,False
1767685235.60,2026-01-06 13:10:35,15,17,109,21.6%,76,NORMAL,337.7,0.0,8.6,False
1767685236.99,2026-01-06 13:10:36,14,17,109,21.6%,76,NORMAL,334.8,0.0,8.5,False
1767685238.59,2026-01-06 13:10:38,15,17,111,21.7%,76,NORMAL,338.1,0.0,8.5,False
1767685239.81,2026-01-06 13:10:39,11,17,111,21.6%,76,NORMAL,335.2,0.0,8.4,False
1767685241.39,2026-01-06 13:10:41,11,17,111,21.4%,76,NORMAL,332.4,0.0,8.4,False
1767685242.82,2026-01-06 13:10:42,14,17,114,21.3%,76,NORMAL,338.6,0.0,8.3,False
1767685244.15,2026-01-06 13:10:44,13,17,114,21.3%,76,NORMAL,335.8,0.0,8.3,False
1767685245.45,2026-01-06 13:10:45,11,17,114,21.1%,76,NORMAL,333.1,0.0,8.4,False
1767685246.84,2026-01-06 13:10:46,10,17,114,20.9%,76,NORMAL,330.4,0.0,8.4,False
1767685248.14,2026-01-06 13:10:48,9,17,115,20.7%,76,NORMAL,330.7,0.0,8.4,False
1767685249.41,2026-01-06 13:10:49,10,17,118,20.4%,76,NORMAL,336.6,0.0,8.4,False
1767685250.70,2026-01-06 13:10:50,10,17,118,20.2%,76,NORMAL,334.0,0.0,8.5,False
1767685251.93,2026-01-06 13:10:51,6,17,118,19.8%,76,NORMAL,331.4,0.0,8.5,False
1767685253.05,2026-01-06 13:10:53,7,17,118,19.4%,76,NORMAL,328.8,0.0,8.5,False
1767685254.11,2026-01-06 13:10:54,6,17,119,18.9%,76,NORMAL,329.0,0.0,8.4,False
1767685255.38,2026-01-06 13:10:55,9,17,120,18.6%,76,NORMAL,329.3,0.0,8.4,False
1767685256.46,2026-01-06 13:10:56,9,17,120,18.4%,76,NORMAL,326.8,0.0,8.4,False
1767685257.53,2026-01-06 13:10:57,8,17,121,18.0%,76,NORMAL,327.0,0.0,8.4,False
1767685258.67,2026-01-06 13:10:58,9,17,121,17.7%,76,NORMAL,324.6,0.0,8.4,False
1767685259.71,2026-01-06 13:10:59,8,17,121,17.5%,76,NORMAL,322.2,0.0,8.5,False
1767685260.82,2026-01-06 13:11:00,7,17,121,17.2%,76,NORMAL,319.8,0.0,8.5,False
1767685261.94,2026-01-06 13:11:01,8,17,122,16.9%,76,NORMAL,320.1,0.0,8.5,False
1767685263.03,2026-01-06 13:11:03,7,17,122,16.6%,76,NORMAL,317.3,0.0,8.6,False
1767685264.16,2026-01-06 13:11:04,8,17,123,16.4%,76,NORMAL,317.6,0.0,8.6,False
1767685265.17,2026-01-06 13:11:05,7,17,123,15.9%,76,NORMAL,315.4,0.0,8.7,False
1767685266.50,2026-01-06 13:11:06,7,17,123,15.5%,76,NORMAL,313.2,0.0,8.7,False
1767685267.55,2026-01-06 13:11:07,8,17,124,15.2%,76,NORMAL,313.5,0.0,8.7,False
1767685268.63,2026-01-06 13:11:08,6,17,124,14.9%,76,NORMAL,310.9,0.0,8.8,False
1767685269.97,2026-01-06 13:11:09,7,17,125,14.6%,76,NORMAL,310.8,0.0,8.7,False
1767685270.98,2026-01-06 13:11:10,7,17,125,14.3%,76,NORMAL,309.1,0.0,8.7,False
1767685272.07,2026-01-06 13:11:12,8,17,126,13.9%,76,NORMAL,309.0,0.0,8.6,False
1767685273.15,2026-01-06 13:11:13,7,17,126,13.6%,76,NORMAL,306.5,0.0,8.6,False
1767685274.46,2026-01-06 13:11:14,8,17,126,13.3%,76,NORMAL,304.0,0.0,8.6,False
1767685275.65,2026-01-06 13:11:15,7,17,126,13.1%,76,NORMAL,302.0,0.0,8.6,False
1767685276.92,2026-01-06 13:11:16,8,17,127,12.9%,76,NORMAL,302.4,0.0,8.6,False
1767685278.05,2026-01-06 13:11:18,8,17,128,12.6%,76,NORMAL,302.4,0.0,8.6,False
1767685279.17,2026-01-06 13:11:19,8,17,128,12.4%,76,NORMAL,300.0,0.0,8.5,False
1767685280.21,2026-01-06 13:11:20,9,17,128,12.3%,76,NORMAL,298.1,0.0,8.5,False
1767685281.35,2026-01-06 13:11:21,8,17,128,12.2%,76,NORMAL,296.5,0.0,8.5,False
1767685282.38,2026-01-06 13:11:22,9,17,128,12.2%,76,NORMAL,294.6,0.0,8.5,False
1767685283.42,2026-01-06 13:11:23,8,17,128,12.1%,76,NORMAL,292.8,0.0,8.5,False
1767685284.49,2026-01-06 13:11:24,6,17,129,11.9%,76,NORMAL,293.6,0.0,8.5,False
1767685285.55,2026-01-06 13:11:25,9,17,131,12.0%,76,NORMAL,296.2,0.0,8.4,False
1767685286.78,2026-01-06 13:11:26,8,17,131,12.1%,76,NORMAL,294.4,0.0,8.4,False
1767685287.90,2026-01-06 13:11:27,9,17,132,12.2%,76,NORMAL,294.8,0.0,8.4,False
1767685288.95,2026-01-06 13:11:28,8,17,132,12.2%,76,NORMAL,293.0,0.0,8.4,False
1767685290.04,2026-01-06 13:11:30,9,17,133,12.2%,76,NORMAL,293.4,0.0,8.4,False
1767685291.06,2026-01-06 13:11:31,8,17,133,12.2%,76,NORMAL,292.0,0.0,8.4,False
1767685292.11,2026-01-06 13:11:32,8,17,134,12.1%,76,NORMAL,292.4,0.0,8.4,False
1767685293.14,2026-01-06 13:11:33,7,17,134,12.1%,76,NORMAL,290.6,0.0,8.4,False
1767685294.29,2026-01-06 13:11:34,7,17,135,12.1%,76,NORMAL,291.4,0.0,8.4,False
1767685295.51,2026-01-06 13:11:35,8,17,136,12.1%,76,NORMAL,292.1,0.0,8.4,False
1767685296.63,2026-01-06 13:11:36,8,17,136,12.1%,76,NORMAL,290.7,0.0,8.4,False
1767685297.71,2026-01-06 13:11:37,7,17,136,12.1%,76,NORMAL,288.7,0.0,8.3,False
1767685298.87,2026-01-06 13:11:38,7,17,137,12.1%,76,NORMAL,288.8,0.0,8.3,False
1767685299.99,2026-01-06 13:11:39,8,17,138,12.1%,76,NORMAL,288.8,0.0,8.3,False
1767685301.31,2026-01-06 13:11:41,6,17,138,12.0%,76,NORMAL,287.2,0.0,8.3,False
1767685302.57,2026-01-06 13:11:42,4,17,138,11.9%,76,NORMAL,285.2,0.0,8.3,False
1767685303.59,2026-01-06 13:11:43,4,17,138,11.8%,76,NORMAL,283.2,0.0,8.3,False
1767685304.66,2026-01-06 13:11:44,4,17,138,11.6%,76,NORMAL,281.6,0.0,8.2,False
1767685305.71,2026-01-06 13:11:45,6,17,139,11.5%,76,NORMAL,282.1,0.0,8.2,False
1767685306.96,2026-01-06 13:11:46,7,17,139,11.5%,76,NORMAL,280.8,0.0,8.1,False
1767685308.05,2026-01-06 13:11:48,8,17,140,11.5%,76,NORMAL,280.9,0.0,8.1,False
1767685309.16,2026-01-06 13:11:49,9,17,141,11.6%,76,NORMAL,281.4,0.0,8.0,False
1767685310.38,2026-01-06 13:11:50,8,17,142,11.6%,76,NORMAL,282.1,0.0,8.0,False
1767685311.42,2026-01-06 13:11:51,9,17,144,11.7%,76,NORMAL,284.5,0.0,8.0,False
1767685312.47,2026-01-06 13:11:52,7,17,144,11.6%,76,NORMAL,282.7,0.0,8.0,False
1767685313.53,2026-01-06 13:11:53,8,17,144,11.6%,76,NORMAL,281.1,0.0,8.0,False
1767685314.60,2026-01-06 13:11:54,6,17,144,11.5%,76,NORMAL,279.6,0.0,8.0,False
1767685315.92,2026-01-06 13:11:55,8,17,146,11.4%,76,NORMAL,282.3,0.0,8.0,False
1767685316.93,2026-01-06 13:11:56,7,17,146,11.4%,76,NORMAL,280.8,0.0,8.0,False
1767685318.02,2026-01-06 13:11:58,8,17,146,11.5%,76,NORMAL,279.3,0.0,8.0,False
1767685319.34,2026-01-06 13:11:59,9,17,147,11.5%,76,NORMAL,279.7,0.0,8.0,False
1767685320.50,2026-01-06 13:12:00,9,17,147,11.5%,76,NORMAL,277.9,0.0,7.9,False
1767685321.52,2026-01-06 13:12:01,9,17,147,11.5%,76,NORMAL,276.5,0.0,7.9,False
1767685322.60,2026-01-06 13:12:02,7,17,147,11.5%,76,NORMAL,275.3,0.0,7.9,False
1767685323.65,2026-01-06 13:12:03,7,17,147,11.4%,76,NORMAL,273.9,0.0,7.8,False
1767685324.71,2026-01-06 13:12:04,7,17,147,11.3%,76,NORMAL,272.5,0.0,7.8,False
1767685325.73,2026-01-06 13:12:05,7,17,148,11.3%,76,NORMAL,273.0,0.0,7.8,False
1767685326.87,2026-01-06 13:12:06,7,17,148,11.3%,76,NORMAL,271.6,0.0,7.9,False
1767685327.88,2026-01-06 13:12:07,7,17,148,11.3%,76,NORMAL,270.2,0.0,7.9,False
1767685329.02,2026-01-06 13:12:09,8,17,149,11.3%,76,NORMAL,270.4,0.0,7.9,False
1767685330.05,2026-01-06 13:12:10,7,17,149,11.2%,76,NORMAL,269.0,0.0,8.0,False
1767685331.22,2026-01-06 13:12:11,7,17,149,11.2%,76,NORMAL,267.9,0.0,8.0,False
1767685332.22,2026-01-06 13:12:12,7,17,149,11.2%,76,NORMAL,266.6,0.0,8.1,False
1767685333.30,2026-01-06 13:12:13,5,17,149,11.1%,76,NORMAL,265.0,0.0,8.1,False
1767685334.33,2026-01-06 13:12:14,6,17,149,11.1%,76,NORMAL,263.5,0.0,8.1,False
1767685335.34,2026-01-06 13:12:15,7,17,149,11.2%,76,NORMAL,262.2,0.0,8.1,False
1767685336.34,2026-01-06 13:12:16,5,17,149,11.3%,76,NORMAL,260.9,0.0,8.1,False
1767685337.43,2026-01-06 13:12:17,5,17,149,11.3%,76,NORMAL,259.4,0.0,8.2,False
1767685338.44,2026-01-06 13:12:18,6,17,149,11.3%,76,NORMAL,258.1,0.0,8.3,False
1767685339.50,2026-01-06 13:12:19,6,17,149,11.3%,76,NORMAL,256.9,0.0,8.4,False
1767685340.51,2026-01-06 13:12:20,6,17,149,11.2%,76,NORMAL,255.9,0.0,8.4,False
1767685341.92,2026-01-06 13:12:21,6,17,149,11.0%,76,NORMAL,254.7,0.0,8.5,False
1767685343.06,2026-01-06 13:12:23,6,17,149,10.9%,76,NORMAL,253.7,0.0,8.5,False
1767685344.19,2026-01-06 13:12:24,5,17,149,10.7%,76,NORMAL,252.5,0.0,8.4,False
1767685345.20,2026-01-06 13:12:25,6,17,149,10.7%,76,NORMAL,251.6,0.0,8.4,False
1767685346.40,2026-01-06 13:12:26,6,17,149,10.6%,76,NORMAL,250.4,0.0,8.4,False
1767685347.64,2026-01-06 13:12:27,7,17,150,10.6%,76,NORMAL,250.9,0.0,8.3,False
1767685348.82,2026-01-06 13:12:28,7,17,150,10.6%,76,NORMAL,249.8,0.0,8.2,False
1767685350.24,2026-01-06 13:12:30,8,17,150,10.6%,76,NORMAL,248.8,0.0,8.2,False
1767685351.38,2026-01-06 13:12:31,8,17,150,10.6%,76,NORMAL,248.2,0.0,8.1,False
1767685352.44,2026-01-06 13:12:32,8,17,150,10.6%,76,NORMAL,247.3,0.0,8.1,False
1767685353.51,2026-01-06 13:12:33,7,17,151,10.5%,76,NORMAL,248.0,0.0,8.0,False
1767685354.64,2026-01-06 13:12:34,7,17,151,10.4%,76,NORMAL,246.9,0.0,7.9,False
1767685355.85,2026-01-06 13:12:35,7,17,152,10.4%,76,NORMAL,247.4,0.0,7.8,False
1767685356.96,2026-01-06 13:12:36,7,17,152,10.4%,76,NORMAL,246.3,0.0,7.7,False
1767685358.21,2026-01-06 13:12:38,8,17,153,10.4%,76,NORMAL,246.8,0.0,7.7,False
1767685359.43,2026-01-06 13:12:39,7,17,153,10.4%,76,NORMAL,245.7,0.0,7.7,False
1767685360.54,2026-01-06 13:12:40,7,17,153,10.4%,76,NORMAL,244.6,0.0,7.6,False
1767685361.63,2026-01-06 13:12:41,7,17,153,10.4%,76,NORMAL,243.5,0.0,7.5,False
1767685362.77,2026-01-06 13:12:42,8,17,154,10.4%,76,NORMAL,243.8,0.0,7.5,False
1767685363.78,2026-01-06 13:12:43,8,17,154,10.5%,76,NORMAL,242.7,0.0,7.5,False
1767685364.81,2026-01-06 13:12:44,9,17,154,10.6%,76,NORMAL,241.7,0.0,7.6,False
1767685366.02,2026-01-06 13:12:46,10,17,155,10.7%,76,NORMAL,242.4,0.0,7.6,False
1767685367.24,2026-01-06 13:12:47,10,17,155,11.0%,76,NORMAL,241.6,0.0,7.7,False
1767685368.48,2026-01-06 13:12:48,9,17,155,11.1%,76,NORMAL,240.9,0.0,7.7,False
1767685369.86,2026-01-06 13:12:49,10,17,156,11.3%,76,NORMAL,241.9,0.0,7.7,False
1767685371.04,2026-01-06 13:12:51,8,17,156,11.4%,76,NORMAL,241.0,0.0,7.7,False
1767685372.09,2026-01-06 13:12:52,8,17,156,11.6%,76,NORMAL,240.4,0.0,7.7,False
1767685373.34,2026-01-06 13:12:53,10,17,157,11.8%,76,NORMAL,241.3,0.0,7.6,False
1767685374.73,2026-01-06 13:12:54,11,17,158,12.0%,76,NORMAL,241.8,0.0,7.6,False
1767685375.86,2026-01-06 13:12:55,10,17,158,12.2%,76,NORMAL,240.8,0.0,7.6,False
1767685377.12,2026-01-06 13:12:57,9,17,158,12.4%,76,NORMAL,239.8,0.0,7.5,False
1767685378.15,2026-01-06 13:12:58,9,17,159,12.5%,76,NORMAL,240.3,0.0,7.6,False
1767685379.29,2026-01-06 13:12:59,8,17,159,12.7%,76,NORMAL,239.1,0.0,7.6,False
1767685380.61,2026-01-06 13:13:00,8,17,159,12.8%,76,NORMAL,238.1,0.0,7.7,False
1767685381.70,2026-01-06 13:13:01,9,17,160,12.9%,76,NORMAL,238.8,0.0,7.8,False
1767685382.75,2026-01-06 13:13:02,8,17,161,13.0%,76,NORMAL,239.3,0.0,7.8,False
1767685383.83,2026-01-06 13:13:03,10,17,163,13.1%,76,NORMAL,241.3,0.0,7.8,False
1767685385.17,2026-01-06 13:13:05,11,17,164,13.3%,76,NORMAL,241.8,0.0,7.8,False
1767685386.33,2026-01-06 13:13:06,12,17,165,13.5%,76,NORMAL,242.3,0.0,7.8,False
1767685387.67,2026-01-06 13:13:07,10,17,165,13.6%,76,NORMAL,241.3,0.0,7.8,False
1767685388.99,2026-01-06 13:13:08,9,17,166,13.7%,76,NORMAL,241.7,0.0,7.7,False
1767685390.28,2026-01-06 13:13:10,9,17,166,13.8%,76,NORMAL,240.8,0.0,7.6,False
1767685391.32,2026-01-06 13:13:11,9,17,166,13.9%,76,NORMAL,239.8,0.0,7.6,False
1767685392.33,2026-01-06 13:13:12,8,17,166,13.9%,76,NORMAL,238.8,0.0,7.6,False
1767685393.41,2026-01-06 13:13:13,8,17,166,13.9%,76,NORMAL,237.9,0.0,7.6,False
1767685394.66,2026-01-06 13:13:14,8,17,166,14.0%,76,NORMAL,237.0,0.0,7.7,False
1767685395.67,2026-01-06 13:13:15,8,17,166,14.0%,76,NORMAL,236.0,0.0,7.8,False
1767685396.81,2026-01-06 13:13:16,8,17,166,14.1%,76,NORMAL,234.9,0.0,8.0,False
1767685397.85,2026-01-06 13:13:17,8,17,166,14.1%,76,NORMAL,234.0,0.0,8.1,False
1767685398.92,2026-01-06 13:13:18,9,17,167,14.1%,76,NORMAL,234.5,0.0,8.2,False
1767685400.00,2026-01-06 13:13:19,8,17,167,14.1%,76,NORMAL,233.6,0.0,8.3,False
1767685401.09,2026-01-06 13:13:21,7,17,167,13.9%,76,NORMAL,232.7,0.0,8.3,False
1767685402.25,2026-01-06 13:13:22,8,17,168,13.8%,76,NORMAL,233.3,0.0,8.4,False
1767685403.47,2026-01-06 13:13:23,8,17,168,13.8%,76,NORMAL,232.4,0.0,8.4,False
1767685404.92,2026-01-06 13:13:24,9,17,169,13.7%,76,NORMAL,232.9,0.0,8.4,False
1767685406.29,2026-01-06 13:13:26,11,17,171,13.9%,76,NORMAL,234.8,0.0,8.5,False
1767685407.47,2026-01-06 13:13:27,9,17,171,13.9%,76,NORMAL,233.9,0.0,8.5,False
1767685408.71,2026-01-06 13:13:28,10,17,172,13.9%,76,NORMAL,234.4,0.0,8.5,False
1767685410.06,2026-01-06 13:13:30,10,17,174,13.9%,76,NORMAL,236.2,0.0,8.5,False
1767685411.09,2026-01-06 13:13:31,10,17,174,13.9%,76,NORMAL,235.8,0.0,8.5,False
1767685412.19,2026-01-06 13:13:32,9,17,174,13.9%,76,NORMAL,235.3,0.0,8.5,False
1767685413.43,2026-01-06 13:13:33,9,17,175,13.9%,76,NORMAL,235.8,0.0,8.5,False
1767685414.65,2026-01-06 13:13:34,10,17,176,14.0%,76,NORMAL,236.2,0.0,8.5,False
1767685415.92,2026-01-06 13:13:35,10,17,177,14.1%,76,NORMAL,236.7,0.0,8.5,False
1767685416.93,2026-01-06 13:13:36,10,17,177,14.1%,76,NORMAL,236.0,0.0,8.5,False
1767685417.99,2026-01-06 13:13:37,9,17,178,14.2%,76,NORMAL,236.8,0.0,8.4,False
1767685419.17,2026-01-06 13:13:39,8,17,178,14.1%,76,NORMAL,236.3,0.0,8.4,False
1767685420.44,2026-01-06 13:13:40,9,17,178,14.0%,76,NORMAL,235.6,0.0,8.3,False
1767685421.68,2026-01-06 13:13:41,10,17,178,13.9%,76,NORMAL,235.1,0.0,8.2,False
1767685422.84,2026-01-06 13:13:42,8,17,178,13.8%,76,NORMAL,234.6,0.0,8.2,False
1767685424.32,2026-01-06 13:13:44,8,17,178,13.7%,76,NORMAL,233.7,0.0,8.0,False
1767685425.41,2026-01-06 13:13:45,7,17,179,13.6%,76,NORMAL,234.2,0.0,7.9,False
1767685426.66,2026-01-06 13:13:46,7,17,180,13.5%,76,NORMAL,234.6,0.0,7.7,False
1767685427.78,2026-01-06 13:13:47,10,17,184,13.6%,76,NORMAL,239.0,0.0,7.6,False
1767685428.94,2026-01-06 13:13:48,9,17,184,13.7%,76,NORMAL,238.1,0.0,7.5,False
1767685430.15,2026-01-06 13:13:50,10,17,185,13.8%,76,NORMAL,238.7,0.0,7.5,False
1767685431.29,2026-01-06 13:13:51,10,17,185,13.9%,76,NORMAL,238.2,0.0,7.4,False
1767685432.55,2026-01-06 13:13:52,12,17,187,14.1%,76,NORMAL,240.3,0.0,7.4,False
1767685433.55,2026-01-06 13:13:53,11,17,187,14.2%,76,NORMAL,239.6,0.0,7.3,False
1767685434.62,2026-01-06 13:13:54,13,17,187,14.4%,76,NORMAL,239.2,0.0,7.3,False
1767685436.10,2026-01-06 13:13:56,12,17,187,14.6%,76,NORMAL,238.6,0.0,7.2,False
1767685437.78,2026-01-06 13:13:57,12,17,187,14.8%,76,NORMAL,237.7,0.0,7.1,False
1767685439.53,2026-01-06 13:13:59,12,17,187,15.0%,76,NORMAL,236.9,0.0,7.1,False
1767685441.20,2026-01-06 13:14:01,12,17,187,15.2%,76,NORMAL,236.0,0.0,7.0,False
1767685442.78,2026-01-06 13:14:02,10,17,187,15.3%,76,NORMAL,235.2,0.0,7.0,False
1767685444.41,2026-01-06 13:14:04,11,17,188,15.3%,76,NORMAL,235.7,0.0,7.0,False
1767685446.17,2026-01-06 13:14:06,12,17,189,15.4%,76,NORMAL,236.1,0.0,7.0,False
1767685447.80,2026-01-06 13:14:07,10,17,189,15.4%,76,NORMAL,235.3,0.0,7.0,False
1767685449.17,2026-01-06 13:14:09,10,17,189,15.4%,76,NORMAL,234.5,0.0,6.9,False
1767685450.58,2026-01-06 13:14:10,11,17,191,15.5%,76,NORMAL,236.1,0.0,7.0,False
1767685452.10,2026-01-06 13:14:12,10,17,191,15.5%,76,NORMAL,235.3,0.0,7.0,False
1767685453.59,2026-01-06 13:14:13,10,17,192,15.6%,76,NORMAL,235.7,0.0,7.0,False
1767685455.32,2026-01-06 13:14:15,11,17,193,15.6%,76,NORMAL,236.2,0.0,7.0,False
1767685456.48,2026-01-06 13:14:16,11,17,193,15.7%,76,NORMAL,235.5,0.0,7.0,False
1767685457.52,2026-01-06 13:14:17,12,17,193,15.8%,76,NORMAL,235.2,0.0,7.0,False
1767685458.98,2026-01-06 13:14:18,12,17,194,15.9%,76,NORMAL,235.8,0.0,7.0,False
1767685460.38,2026-01-06 13:14:20,10,17,194,16.0%,76,NORMAL,235.0,0.0,6.9,False
1767685461.61,2026-01-06 13:14:21,9,17,194,16.0%,76,NORMAL,234.2,0.0,6.9,False
1767685463.29,2026-01-06 13:14:23,9,17,195,16.0%,76,NORMAL,234.6,0.0,6.9,False
1767685464.88,2026-01-06 13:14:24,9,17,196,16.0%,76,NORMAL,235.0,0.0,6.9,False
1767685466.00,2026-01-06 13:14:26,9,17,197,16.1%,76,NORMAL,235.6,0.0,6.9,False
1767685467.10,2026-01-06 13:14:27,9,17,197,16.2%,76,NORMAL,235.1,0.0,6.9,False
1767685468.27,2026-01-06 13:14:28,9,17,198,16.3%,76,NORMAL,235.9,0.0,6.9,False
1767685469.75,2026-01-06 13:14:29,8,17,198,16.2%,76,NORMAL,235.1,0.0,6.9,False
1767685471.33,2026-01-06 13:14:31,10,17,198,16.2%,76,NORMAL,234.3,0.0,6.9,False
1767685472.75,2026-01-06 13:14:32,9,17,199,16.2%,76,NORMAL,234.7,0.0,6.9,False
1767685473.94,2026-01-06 13:14:33,9,17,199,16.1%,76,NORMAL,234.0,0.0,7.0,False
1767685475.16,2026-01-06 13:14:35,9,17,199,16.0%,76,NORMAL,233.2,0.0,7.0,False
1767685476.44,2026-01-06 13:14:36,10,17,200,15.9%,76,NORMAL,233.6,0.0,7.1,False
1767685477.98,2026-01-06 13:14:37,12,17,202,15.9%,76,NORMAL,235.2,0.0,7.1,False
1767685479.26,2026-01-06 13:14:39,9,17,203,15.7%,76,NORMAL,235.6,0.0,7.2,False
1767685480.73,2026-01-06 13:14:40,10,17,204,15.6%,76,NORMAL,236.0,0.0,7.3,False
1767685481.99,2026-01-06 13:14:41,9,17,204,15.5%,76,NORMAL,235.2,0.0,7.4,False
1767685483.27,2026-01-06 13:14:43,11,17,207,15.4%,76,NORMAL,237.9,0.0,7.4,False
1767685484.53,2026-01-06 13:14:44,10,17,208,15.4%,76,NORMAL,238.3,0.0,7.5,False
1767685485.89,2026-01-06 13:14:45,12,17,209,15.5%,76,NORMAL,238.7,0.0,7.7,False
1767685487.29,2026-01-06 13:14:47,12,17,210,15.5%,76,NORMAL,239.1,0.0,7.7,False
1767685488.85,2026-01-06 13:14:48,15,17,212,15.7%,76,NORMAL,240.6,0.0,7.9,False
1767685490.13,2026-01-06 13:14:50,11,17,212,15.8%,76,NORMAL,239.8,0.0,8.0,False
1767685491.39,2026-01-06 13:14:51,10,17,213,15.7%,76,NORMAL,240.2,0.0,8.1,False
1767685492.92,2026-01-06 13:14:52,11,17,213,15.8%,76,NORMAL,239.5,0.0,8.1,False
1767685494.27,2026-01-06 13:14:54,11,17,214,15.8%,76,NORMAL,239.9,0.0,8.2,False
1767685495.58,2026-01-06 13:14:55,12,17,214,15.9%,76,NORMAL,239.1,0.0,8.3,False
1767685496.96,2026-01-06 13:14:56,12,17,214,15.9%,76,NORMAL,238.4,0.0,8.4,False
1767685498.34,2026-01-06 13:14:58,13,17,215,16.0%,76,NORMAL,238.7,0.0,8.4,False
1767685499.71,2026-01-06 13:14:59,13,17,216,16.0%,76,NORMAL,239.1,0.0,8.4,False
1767685500.95,2026-01-06 13:15:00,11,17,217,16.1%,76,NORMAL,239.5,0.0,8.5,False
1767685502.22,2026-01-06 13:15:02,13,17,218,16.2%,76,NORMAL,239.9,0.0,8.5,False
1767685503.60,2026-01-06 13:15:03,14,17,221,16.5%,76,NORMAL,242.4,0.0,8.5,False
1767685505.00,2026-01-06 13:15:05,15,17,221,16.8%,76,NORMAL,241.7,0.0,8.5,False
1767685506.39,2026-01-06 13:15:06,15,17,222,17.1%,76,NORMAL,242.0,0.0,8.6,False
1767685507.95,2026-01-06 13:15:07,15,17,223,17.3%,76,NORMAL,242.4,0.0,8.6,False
1767685509.48,2026-01-06 13:15:09,12,17,224,17.5%,76,NORMAL,242.7,0.0,8.6,False
1767685510.70,2026-01-06 13:15:10,11,17,224,17.6%,76,NORMAL,242.2,0.0,8.5,False
1767685511.71,2026-01-06 13:15:11,10,17,224,17.6%,76,NORMAL,241.7,0.0,8.5,False
1767685512.81,2026-01-06 13:15:12,12,17,225,17.8%,76,NORMAL,242.4,0.0,8.5,False
1767685514.14,2026-01-06 13:15:14,12,17,227,17.9%,76,NORMAL,243.8,0.0,8.4,False
1767685515.57,2026-01-06 13:15:15,11,17,229,18.0%,76,NORMAL,245.2,0.0,8.3,False
1767685516.76,2026-01-06 13:15:16,11,17,230,18.1%,76,NORMAL,245.6,0.0,8.2,False
1767685517.83,2026-01-06 13:15:17,8,17,230,17.9%,76,NORMAL,244.8,0.0,8.2,False
1767685519.01,2026-01-06 13:15:19,10,17,231,17.9%,76,NORMAL,245.2,0.0,8.2,False
1767685520.16,2026-01-06 13:15:20,10,17,232,17.9%,76,NORMAL,245.5,0.0,8.2,False
1767685521.50,2026-01-06 13:15:21,9,17,232,17.9%,76,NORMAL,244.8,0.0,8.2,False
1767685523.03,2026-01-06 13:15:23,9,17,233,17.8%,76,NORMAL,245.1,0.0,8.2,False
1767685524.11,2026-01-06 13:15:24,9,17,233,17.8%,76,NORMAL,244.4,0.0,8.2,False
1767685525.16,2026-01-06 13:15:25,8,17,233,17.6%,76,NORMAL,243.7,0.0,8.2,False
1767685526.23,2026-01-06 13:15:26,8,17,234,17.4%,76,NORMAL,244.0,0.0,8.1,False
1767685527.41,2026-01-06 13:15:27,8,17,234,17.0%,76,NORMAL,243.3,0.0,8.1,False
1767685528.55,2026-01-06 13:15:28,9,17,234,17.0%,76,NORMAL,242.6,0.0,8.0,False
1767685529.59,2026-01-06 13:15:29,8,17,235,16.9%,76,NORMAL,243.0,0.0,8.0,False
1767685530.66,2026-01-06 13:15:30,7,17,235,16.7%,76,NORMAL,242.3,0.0,8.0,False
1767685531.86,2026-01-06 13:15:31,9,17,236,16.6%,76,NORMAL,242.6,0.0,8.1,False
1767685533.01,2026-01-06 13:15:33,8,17,237,16.4%,76,NORMAL,242.9,0.0,8.1,False
1767685534.34,2026-01-06 13:15:34,7,17,238,16.1%,76,NORMAL,243.3,0.0,8.2,False
1767685535.36,2026-01-06 13:15:35,7,17,238,15.8%,76,NORMAL,242.6,0.0,8.2,False
1767685536.44,2026-01-06 13:15:36,8,17,240,15.6%,76,NORMAL,243.9,0.0,8.3,False
1767685537.81,2026-01-06 13:15:37,8,17,240,15.4%,76,NORMAL,243.2,0.0,8.3,False
1767685539.10,2026-01-06 13:15:39,8,17,240,15.2%,76,NORMAL,242.6,0.0,8.3,False
1767685540.45,2026-01-06 13:15:40,7,17,240,14.9%,76,NORMAL,241.9,0.0,8.3,False
1767685541.68,2026-01-06 13:15:41,7,17,240,14.5%,76,NORMAL,241.2,0.0,8.2,False
1767685542.81,2026-01-06 13:15:42,8,17,241,14.1%,76,NORMAL,241.4,0.0,8.2,False
1767685543.89,2026-01-06 13:15:43,8,17,241,13.8%,76,NORMAL,229.0,0.0,8.2,False
1767685544.90,2026-01-06 13:15:44,7,17,242,13.6%,76,NORMAL,230.0,0.0,8.3,False
1767685546.07,2026-01-06 13:15:46,6,17,242,13.3%,76,NORMAL,230.0,0.0,8.3,False
1767685547.18,2026-01-06 13:15:47,5,17,242,13.1%,76,NORMAL,229.0,0.0,8.4,False
1767685548.39,2026-01-06 13:15:48,8,17,242,12.9%,76,NORMAL,229.0,0.0,8.5,False
1767685549.71,2026-01-06 13:15:49,8,17,242,12.7%,76,NORMAL,228.0,0.0,8.5,False
1767685550.83,2026-01-06 13:15:50,8,17,242,12.5%,76,NORMAL,227.0,0.0,8.5,False
1767685552.11,2026-01-06 13:15:52,7,17,242,12.3%,76,NORMAL,227.0,0.0,8.4,False
1767685553.16,2026-01-06 13:15:53,8,17,242,12.3%,76,NORMAL,226.0,0.0,8.3,False
1767685554.28,2026-01-06 13:15:54,9,17,245,12.3%,76,NORMAL,228.0,0.0,8.2,False
1767685555.44,2026-01-06 13:15:55,7,17,245,12.1%,76,NORMAL,228.0,0.0,8.2,False
1767685556.45,2026-01-06 13:15:56,12,17,247,12.3%,76,NORMAL,229.0,0.0,8.2,False
1767685557.51,2026-01-06 13:15:57,10,17,247,12.3%,76,NORMAL,229.0,0.0,8.2,False
1767685558.64,2026-01-06 13:15:58,11,17,247,12.4%,76,NORMAL,227.0,0.0,8.2,False
1767685559.75,2026-01-06 13:15:59,10,17,248,12.5%,76,NORMAL,228.0,0.0,8.3,False
1767685560.88,2026-01-06 13:16:00,9,17,248,12.6%,76,NORMAL,228.0,0.0,8.4,False
1767685562.16,2026-01-06 13:16:02,10,17,250,12.7%,76,NORMAL,230.0,0.0,8.4,False
1767685563.26,2026-01-06 13:16:03,9,17,250,12.7%,76,NORMAL,230.0,0.0,8.5,False
1767685564.55,2026-01-06 13:16:04,9,17,251,12.7%,76,NORMAL,230.0,0.0,8.6,False
1767685565.68,2026-01-06 13:16:05,7,17,251,12.7%,76,NORMAL,229.0,0.0,8.6,False
1767685566.73,2026-01-06 13:16:06,8,17,251,12.7%,76,NORMAL,229.0,0.0,8.5,False
1767685567.75,2026-01-06 13:16:07,9,17,252,12.7%,76,NORMAL,229.0,0.0,8.5,False
1767685568.80,2026-01-06 13:16:08,10,17,254,12.9%,76,NORMAL,228.0,0.0,8.5,False
1767685569.86,2026-01-06 13:16:09,9,17,254,13.0%,76,NORMAL,228.0,0.0,8.5,False
1767685570.89,2026-01-06 13:16:10,7,17,254,12.9%,76,NORMAL,227.0,0.0,8.5,False
1767685572.56,2026-01-06 13:16:12,7,17,254,12.9%,76,NORMAL,227.0,0.0,8.6,False
1767685573.64,2026-01-06 13:16:13,7,17,254,12.8%,76,NORMAL,227.0,0.0,8.6,False
1767685574.71,2026-01-06 13:16:14,7,17,254,12.8%,76,NORMAL,224.0,0.0,8.6,False
1767685575.73,2026-01-06 13:16:15,8,17,255,12.9%,76,NORMAL,224.0,0.0,8.6,False
1767685576.85,2026-01-06 13:16:16,9,17,257,12.9%,76,NORMAL,225.0,0.0,8.5,False
1767685577.93,2026-01-06 13:16:17,8,17,257,12.9%,76,NORMAL,225.0,0.0,8.5,False
1767685578.94,2026-01-06 13:16:18,8,17,257,13.0%,76,NORMAL,225.0,0.0,8.4,False
1767685580.02,2026-01-06 13:16:20,7,17,258,13.0%,76,NORMAL,226.0,0.0,8.4,False
1767685581.16,2026-01-06 13:16:21,7,17,258,13.1%,76,NORMAL,226.0,0.0,8.4,False
1767685582.28,2026-01-06 13:16:22,7,17,258,13.1%,76,NORMAL,225.0,0.0,8.4,False
1767685583.37,2026-01-06 13:16:23,6,17,258,13.0%,76,NORMAL,225.0,0.0,8.4,False
1767685584.51,2026-01-06 13:16:24,9,17,259,13.0%,76,NORMAL,226.0,0.0,8.3,False
1767685585.72,2026-01-06 13:16:25,8,17,259,13.1%,76,NORMAL,226.0,0.0,8.3,False
1767685586.78,2026-01-06 13:16:26,8,17,260,13.1%,76,NORMAL,224.0,0.0,8.2,False
1767685588.05,2026-01-06 13:16:28,8,17,260,13.0%,76,NORMAL,223.0,0.0,8.2,False
1767685589.06,2026-01-06 13:16:29,8,17,260,13.1%,76,NORMAL,222.0,0.0,8.1,False
1767685590.22,2026-01-06 13:16:30,7,17,260,12.8%,76,NORMAL,221.0,0.0,8.0,False
1767685591.23,2026-01-06 13:16:31,7,17,261,12.7%,76,NORMAL,221.0,0.0,8.0,False
1767685592.23,2026-01-06 13:16:32,8,17,261,12.5%,76,NORMAL,221.0,0.0,7.9,False
1767685593.34,2026-01-06 13:16:33,8,17,261,12.4%,76,NORMAL,216.0,0.0,8.0,False
1767685594.53,2026-01-06 13:16:34,8,17,261,12.4%,76,NORMAL,216.0,0.0,8.0,False
1767685595.68,2026-01-06 13:16:35,9,17,261,12.3%,76,NORMAL,215.0,0.0,8.0,False
1767685596.72,2026-01-06 13:16:36,8,17,262,12.3%,76,NORMAL,216.0,0.0,8.1,False
1767685597.73,2026-01-06 13:16:37,7,17,262,12.2%,76,NORMAL,216.0,0.0,8.2,False
1767685598.90,2026-01-06 13:16:38,9,17,263,12.3%,76,NORMAL,216.0,0.0,8.3,False
1767685600.16,2026-01-06 13:16:40,7,17,263,12.2%,76,NORMAL,216.0,0.0,8.3,False
1767685601.24,2026-01-06 13:16:41,7,17,263,12.1%,76,NORMAL,216.0,0.0,8.3,False
1767685602.39,2026-01-06 13:16:42,8,17,263,12.0%,76,NORMAL,215.0,0.0,8.3,False
1767685603.48,2026-01-06 13:16:43,7,17,263,11.9%,76,NORMAL,214.0,0.0,8.2,False
1767685604.77,2026-01-06 13:16:44,8,17,264,12.0%,76,NORMAL,215.0,0.0,8.2,False
1767685605.89,2026-01-06 13:16:45,8,17,264,12.0%,76,NORMAL,214.0,0.0,8.1,False
1767685607.00,2026-01-06 13:16:47,7,17,265,12.0%,76,NORMAL,214.0,0.0,8.1,False
1767685608.42,2026-01-06 13:16:48,7,17,265,12.0%,76,NORMAL,211.0,0.0,8.1,False
1767685609.87,2026-01-06 13:16:49,7,17,265,12.0%,76,NORMAL,210.0,0.0,8.0,False
1767685611.34,2026-01-06 13:16:51,7,17,265,11.9%,76,NORMAL,210.0,0.0,8.0,False
1767685612.83,2026-01-06 13:16:52,7,17,265,11.8%,76,NORMAL,210.0,0.0,7.9,False
1767685614.34,2026-01-06 13:16:54,7,17,265,11.8%,76,NORMAL,209.0,0.0,7.8,False
1767685615.76,2026-01-06 13:16:55,7,17,265,11.8%,76,NORMAL,209.0,0.0,7.7,False
1767685617.29,2026-01-06 13:16:57,9,17,265,11.9%,76,NORMAL,209.0,0.0,7.6,False
1767685618.80,2026-01-06 13:16:58,9,17,266,12.0%,76,NORMAL,209.0,0.0,7.4,False
1767685620.14,2026-01-06 13:17:00,7,17,266,12.0%,76,NORMAL,206.0,0.0,7.3,False
1767685621.66,2026-01-06 13:17:01,9,17,267,12.0%,76,NORMAL,206.0,0.0,7.2,False
1767685623.14,2026-01-06 13:17:03,9,17,269,12.1%,76,NORMAL,208.0,0.0,7.1,False
1767685624.15,2026-01-06 13:17:04,10,17,271,12.2%,76,NORMAL,207.0,0.0,7.0,False
1767685625.18,2026-01-06 13:17:05,9,17,271,12.2%,76,NORMAL,207.0,0.0,7.0,False
1767685626.35,2026-01-06 13:17:06,10,17,272,12.3%,76,NORMAL,207.0,0.0,6.9,False
1767685627.82,2026-01-06 13:17:07,9,17,272,12.4%,76,NORMAL,207.0,0.0,6.8,False
1767685629.28,2026-01-06 13:17:09,9,17,273,12.5%,76,NORMAL,206.0,0.0,6.7,False
1767685630.78,2026-01-06 13:17:10,10,17,273,12.6%,76,NORMAL,204.0,0.0,6.7,False
1767685632.40,2026-01-06 13:17:12,11,17,274,12.8%,76,NORMAL,204.0,0.0,6.7,False
1767685634.04,2026-01-06 13:17:14,11,17,274,12.9%,76,NORMAL,202.0,0.0,6.7,False
1767685635.05,2026-01-06 13:17:15,12,17,274,13.1%,76,NORMAL,202.0,0.0,6.6,False
1767685636.14,2026-01-06 13:17:16,11,17,275,13.2%,76,NORMAL,203.0,0.0,6.7,False
1767685637.27,2026-01-06 13:17:17,12,17,276,13.5%,76,NORMAL,203.0,0.0,6.7,False
1767685638.37,2026-01-06 13:17:18,11,17,276,13.6%,76,NORMAL,202.0,0.0,6.7,False
1767685639.57,2026-01-06 13:17:19,11,17,276,13.8%,76,NORMAL,202.0,0.0,6.7,False
1767685640.83,2026-01-06 13:17:20,12,17,276,14.0%,76,NORMAL,199.0,0.0,6.8,False
1767685642.12,2026-01-06 13:17:22,12,17,276,14.2%,76,NORMAL,199.0,0.0,6.9,False
1767685643.19,2026-01-06 13:17:23,10,17,277,14.3%,76,NORMAL,200.0,0.0,7.0,False
1767685644.28,2026-01-06 13:17:24,9,17,277,14.4%,76,NORMAL,200.0,0.0,7.2,False
1767685645.47,2026-01-06 13:17:25,10,17,278,14.5%,76,NORMAL,198.0,0.0,7.3,False
1767685646.66,2026-01-06 13:17:26,12,17,279,14.7%,76,NORMAL,198.0,0.0,7.5,False
1767685647.83,2026-01-06 13:17:27,10,17,279,14.9%,76,NORMAL,197.0,0.0,7.6,False
1767685649.17,2026-01-06 13:17:29,12,17,282,15.1%,76,NORMAL,198.0,0.0,7.8,False
1767685650.73,2026-01-06 13:17:30,13,17,283,15.4%,76,NORMAL,199.0,0.0,7.9,False
1767685651.82,2026-01-06 13:17:31,11,17,283,15.6%,76,NORMAL,199.0,0.0,8.0,False
1767685652.97,2026-01-06 13:17:32,11,17,283,15.8%,76,NORMAL,198.0,0.0,8.1,False
1767685654.09,2026-01-06 13:17:34,12,17,284,16.1%,76,NORMAL,198.0,0.0,8.2,False
1767685655.23,2026-01-06 13:17:35,11,17,284,16.2%,76,NORMAL,196.0,0.0,8.3,False
1767685656.42,2026-01-06 13:17:36,12,17,286,16.3%,76,NORMAL,197.0,0.0,8.4,False
1767685657.65,2026-01-06 13:17:37,13,17,286,16.6%,76,NORMAL,197.0,0.0,8.5,False
1767685658.87,2026-01-06 13:17:38,13,17,286,16.8%,76,NORMAL,197.0,0.0,8.6,False
1767685660.23,2026-01-06 13:17:40,15,17,286,17.1%,76,NORMAL,196.0,0.0,8.7,False
1767685661.50,2026-01-06 13:17:41,14,17,286,17.3%,76,NORMAL,194.0,0.0,8.8,False
1767685662.59,2026-01-06 13:17:42,10,17,286,17.3%,76,NORMAL,194.0,0.0,8.9,False
1767685664.07,2026-01-06 13:17:44,11,17,287,17.4%,76,NORMAL,195.0,0.0,9.0,False
1767685665.62,2026-01-06 13:17:45,11,17,287,17.5%,76,NORMAL,195.0,0.0,8.9,False
1767685666.82,2026-01-06 13:17:46,9,17,287,17.5%,76,NORMAL,193.0,0.0,8.9,False
1767685668.21,2026-01-06 13:17:48,9,17,287,17.4%,76,NORMAL,191.0,0.0,8.8,False
1767685669.50,2026-01-06 13:17:49,9,17,288,17.3%,76,NORMAL,192.0,0.0,8.7,False
1767685670.79,2026-01-06 13:17:50,10,17,288,17.3%,76,NORMAL,192.0,0.0,8.6,False
1767685672.06,2026-01-06 13:17:52,10,17,288,17.2%,76,NORMAL,190.0,0.0,8.6,False
1767685673.19,2026-01-06 13:17:53,9,17,288,17.1%,76,NORMAL,190.0,0.0,8.5,False
1767685674.38,2026-01-06 13:17:54,7,17,288,16.8%,76,NORMAL,188.0,0.0,8.5,False
1767685675.70,2026-01-06 13:17:55,9,17,288,16.7%,76,NORMAL,188.0,0.0,8.6,False
1767685676.74,2026-01-06 13:17:56,9,17,288,16.6%,76,NORMAL,187.0,0.0,8.6,False
1767685677.81,2026-01-06 13:17:57,9,17,288,16.5%,76,NORMAL,186.0,0.0,8.5,False
1767685678.87,2026-01-06 13:17:58,9,17,289,16.3%,76,NORMAL,186.0,0.0,8.5,False
1767685679.90,2026-01-06 13:17:59,9,17,289,16.3%,76,NORMAL,186.0,0.0,8.5,False
1767685681.06,2026-01-06 13:18:01,8,17,289,16.2%,76,NORMAL,186.0,0.0,8.4,False
1767685682.21,2026-01-06 13:18:02,9,17,289,16.2%,76,NORMAL,184.0,0.0,8.4,False
1767685683.23,2026-01-06 13:18:03,8,17,289,16.0%,76,NORMAL,184.0,0.0,8.3,False
1767685684.33,2026-01-06 13:18:04,8,17,289,15.9%,76,NORMAL,182.0,0.0,8.3,False
1767685685.47,2026-01-06 13:18:05,8,17,289,15.7%,76,NORMAL,181.0,0.0,8.3,False
1767685686.74,2026-01-06 13:18:06,8,17,290,15.5%,76,NORMAL,181.0,0.0,8.3,False
1767685688.00,2026-01-06 13:18:08,9,17,291,15.4%,76,NORMAL,182.0,0.0,8.3,False
1767685689.16,2026-01-06 13:18:09,9,17,292,15.3%,76,NORMAL,181.0,0.0,8.3,False
1767685690.32,2026-01-06 13:18:10,9,17,292,15.1%,76,NORMAL,181.0,0.0,8.4,False
1767685691.52,2026-01-06 13:18:11,10,17,292,15.1%,76,NORMAL,181.0,0.0,8.4,False
1767685692.62,2026-01-06 13:18:12,9,17,292,14.9%,76,NORMAL,178.0,0.0,8.4,False
1767685693.67,2026-01-06 13:18:13,7,17,292,14.6%,76,NORMAL,178.0,0.0,8.5,False
1767685694.76,2026-01-06 13:18:14,7,17,293,14.3%,76,NORMAL,179.0,0.0,8.5,False
1767685696.12,2026-01-06 13:18:16,8,17,293,14.0%,76,NORMAL,179.0,0.0,8.5,False
1767685697.28,2026-01-06 13:18:17,9,17,293,13.8%,76,NORMAL,178.0,0.0,8.4,False
1767685698.44,2026-01-06 13:18:18,6,17,293,13.6%,76,NORMAL,175.0,0.0,8.4,False
1767685699.51,2026-01-06 13:18:19,7,17,294,13.4%,76,NORMAL,176.0,0.0,8.4,False
1767685700.51,2026-01-06 13:18:20,8,17,294,13.2%,76,NORMAL,176.0,0.0,8.4,False
1767685701.64,2026-01-06 13:18:21,8,17,296,13.2%,76,NORMAL,178.0,0.0,8.4,False
1767685702.73,2026-01-06 13:18:22,8,17,297,13.1%,76,NORMAL,178.0,0.0,8.3,False
1767685703.85,2026-01-06 13:18:23,8,17,297,13.1%,76,NORMAL,177.0,0.0,8.3,False
1767685705.00,2026-01-06 13:18:24,8,17,297,13.0%,76,NORMAL,177.0,0.0,8.3,False
1767685706.02,2026-01-06 13:18:26,7,17,297,12.8%,76,NORMAL,176.0,0.0,8.3,False
1767685707.17,2026-01-06 13:18:27,7,17,297,12.7%,76,NORMAL,176.0,0.0,8.3,False
1767685708.21,2026-01-06 13:18:28,8,17,298,12.8%,76,NORMAL,177.0,0.0,8.3,False
1767685709.31,2026-01-06 13:18:29,7,17,298,12.7%,76,NORMAL,177.0,0.0,8.3,False
1767685710.62,2026-01-06 13:18:30,8,17,298,12.6%,76,NORMAL,177.0,0.0,8.3,False
1767685711.89,2026-01-06 13:18:31,10,17,299,12.7%,76,NORMAL,177.0,0.0,8.3,False
1767685713.13,2026-01-06 13:18:33,8,17,299,12.6%,76,NORMAL,177.0,0.0,8.3,False
1767685714.32,2026-01-06 13:18:34,9,17,299,12.6%,76,NORMAL,176.0,0.0,8.2,False
1767685715.43,2026-01-06 13:18:35,8,17,299,12.6%,76,NORMAL,176.0,0.0,8.2,False
1767685716.58,2026-01-06 13:18:36,9,17,300,12.6%,76,NORMAL,177.0,0.0,8.1,False
1767685717.80,2026-01-06 13:18:37,9,17,301,12.7%,76,NORMAL,177.0,0.0,8.2,False
1767685718.91,2026-01-06 13:18:38,9,17,301,12.7%,76,NORMAL,177.0,0.0,8.2,False
1767685719.95,2026-01-06 13:18:39,7,17,301,12.7%,76,NORMAL,176.0,0.0,8.2,False
1767685721.12,2026-01-06 13:18:41,9,17,301,12.7%,76,NORMAL,176.0,0.0,8.3,False
1767685722.31,2026-01-06 13:18:42,9,17,301,12.7%,76,NORMAL,176.0,0.0,8.4,False
1767685723.51,2026-01-06 13:18:43,9,17,302,12.7%,76,NORMAL,176.0,0.0,8.5,False
1767685724.72,2026-01-06 13:18:44,9,17,303,12.7%,76,NORMAL,177.0,0.0,8.5,False
1767685725.91,2026-01-06 13:18:45,9,17,303,12.7%,76,NORMAL,177.0,0.0,8.5,False
1767685727.32,2026-01-06 13:18:47,9,17,303,12.7%,76,NORMAL,177.0,0.0,8.5,False
1767685728.61,2026-01-06 13:18:48,9,17,303,12.8%,76,NORMAL,176.0,0.0,8.5,False
1767685729.72,2026-01-06 13:18:49,8,17,303,12.8%,76,NORMAL,175.0,0.0,8.4,False
1767685731.15,2026-01-06 13:18:51,10,17,304,12.9%,76,NORMAL,176.0,0.0,8.4,False
1767685732.47,2026-01-06 13:18:52,9,17,306,12.9%,76,NORMAL,178.0,0.0,8.3,False
1767685733.69,2026-01-06 13:18:53,9,17,306,13.1%,76,NORMAL,178.0,0.0,8.3,False
1767685735.06,2026-01-06 13:18:55,9,17,307,13.2%,76,NORMAL,179.0,0.0,8.3,False
1767685736.37,2026-01-06 13:18:56,10,17,308,13.3%,76,NORMAL,180.0,0.0,8.3,False
1767685737.85,2026-01-06 13:18:57,11,17,308,13.4%,76,NORMAL,179.0,0.0,8.3,False
1767685739.06,2026-01-06 13:18:59,9,17,309,13.5%,76,NORMAL,178.0,0.0,8.2,False
1767685740.28,2026-01-06 13:19:00,10,17,310,13.6%,76,NORMAL,179.0,0.0,8.2,False
1767685741.49,2026-01-06 13:19:01,9,17,311,13.6%,76,NORMAL,179.0,0.0,8.2,False
1767685742.99,2026-01-06 13:19:02,12,17,314,13.9%,76,NORMAL,182.0,0.0,8.1,False
1767685744.29,2026-01-06 13:19:04,9,17,314,14.0%,76,NORMAL,181.0,0.0,8.0,False
1767685745.53,2026-01-06 13:19:05,11,17,314,14.1%,76,NORMAL,180.0,0.0,8.0,False
1767685746.70,2026-01-06 13:19:06,10,17,314,14.3%,76,NORMAL,180.0,0.0,8.0,False
1767685748.03,2026-01-06 13:19:08,10,17,315,14.4%,76,NORMAL,181.0,0.0,8.0,False
1767685749.22,2026-01-06 13:19:09,9,17,316,14.3%,76,NORMAL,180.0,0.0,8.0,False
1767685750.52,2026-01-06 13:19:10,11,17,317,14.5%,76,NORMAL,181.0,0.0,8.0,False
1767685751.91,2026-01-06 13:19:11,8,17,318,14.4%,76,NORMAL,182.0,0.0,8.0,False
1767685753.02,2026-01-06 13:19:13,9,17,319,14.5%,76,NORMAL,183.0,0.0,8.0,False
1767685754.25,2026-01-06 13:19:14,6,17,319,14.3%,76,NORMAL,182.0,0.0,8.0,False
1767685755.60,2026-01-06 13:19:15,7,17,321,14.2%,76,NORMAL,183.0,0.0,8.1,False
1767685756.72,2026-01-06 13:19:16,7,17,322,14.1%,76,NORMAL,184.0,0.0,8.1,False
1767685758.04,2026-01-06 13:19:18,10,17,325,14.3%,76,NORMAL,187.0,0.0,8.1,False
1767685759.37,2026-01-06 13:19:19,10,17,327,14.3%,76,NORMAL,189.0,0.0,8.0,False
1767685760.72,2026-01-06 13:19:20,9,17,329,14.3%,76,NORMAL,191.0,0.0,8.0,False
1767685761.97,2026-01-06 13:19:21,9,17,329,14.3%,76,NORMAL,190.0,0.0,8.1,False
1767685763.18,2026-01-06 13:19:23,9,17,330,14.3%,76,NORMAL,191.0,0.0,8.1,False
1767685764.36,2026-01-06 13:19:24,8,17,330,14.3%,76,NORMAL,190.0,0.0,8.1,False
1767685765.51,2026-01-06 13:19:25,7,17,330,14.2%,76,NORMAL,189.0,0.0,8.1,False
1767685766.98,2026-01-06 13:19:26,11,17,332,14.3%,76,NORMAL,189.0,0.0,8.1,False
1767685768.21,2026-01-06 13:19:28,10,17,333,14.4%,76,NORMAL,189.0,0.0,8.2,False
1767685769.41,2026-01-06 13:19:29,9,17,333,14.3%,76,NORMAL,189.0,0.0,8.1,False
1767685770.83,2026-01-06 13:19:30,11,17,335,14.4%,76,NORMAL,191.0,0.0,8.1,False
1767685772.04,2026-01-06 13:19:32,10,17,335,14.4%,76,NORMAL,191.0,0.0,8.1,False
1767685773.33,2026-01-06 13:19:33,9,17,335,14.4%,76,NORMAL,189.0,0.0,8.1,False
1767685774.62,2026-01-06 13:19:34,8,17,336,14.4%,76,NORMAL,190.0,0.0,8.1,False
1767685775.88,2026-01-06 13:19:35,8,17,337,14.2%,76,NORMAL,190.0,0.0,8.1,False
1767685777.02,2026-01-06 13:19:37,8,17,338,14.2%,76,NORMAL,191.0,0.0,8.1,False
1767685778.32,2026-01-06 13:19:38,10,17,338,14.2%,76,NORMAL,191.0,0.0,8.1,False
1767685779.48,2026-01-06 13:19:39,9,17,338,14.2%,76,NORMAL,191.0,0.0,8.2,False
1767685780.59,2026-01-06 13:19:40,9,17,339,14.0%,76,NORMAL,192.0,0.0,8.2,False
1767685781.74,2026-01-06 13:19:41,8,17,340,14.0%,76,NORMAL,193.0,0.0,8.3,False
1767685782.93,2026-01-06 13:19:42,8,17,341,13.8%,76,NORMAL,194.0,0.0,8.3,False
1767685784.24,2026-01-06 13:19:44,10,17,343,13.8%,76,NORMAL,195.0,0.0,8.4,False
1767685785.26,2026-01-06 13:19:45,9,17,343,13.8%,76,NORMAL,195.0,0.0,8.4,False
1767685786.27,2026-01-06 13:19:46,10,17,343,13.8%,76,NORMAL,195.0,0.0,8.4,False
1767685787.33,2026-01-06 13:19:47,9,17,343,13.7%,76,NORMAL,195.0,0.0,8.4,False
1767685788.44,2026-01-06 13:19:48,10,17,344,13.8%,76,NORMAL,195.0,0.0,8.3,False
1767685789.59,2026-01-06 13:19:49,10,17,345,13.9%,76,NORMAL,196.0,0.0,8.3,False
1767685790.64,2026-01-06 13:19:50,11,17,345,14.1%,76,NORMAL,196.0,0.0,8.3,False
1767685791.69,2026-01-06 13:19:51,11,17,345,14.3%,76,NORMAL,196.0,0.0,8.3,False
1767685792.92,2026-01-06 13:19:52,10,17,346,14.5%,76,NORMAL,197.0,0.0,8.3,False
1767685794.01,2026-01-06 13:19:54,9,17,347,14.4%,76,NORMAL,198.0,0.0,8.4,False
1767685795.18,2026-01-06 13:19:55,9,17,347,14.4%,76,NORMAL,198.0,0.0,8.4,False
1767685796.22,2026-01-06 13:19:56,8,17,347,14.3%,76,NORMAL,198.0,0.0,8.5,False
1767685797.29,2026-01-06 13:19:57,7,17,347,14.2%,76,NORMAL,198.0,0.0,8.6,False
1767685798.30,2026-01-06 13:19:58,7,17,347,14.1%,76,NORMAL,198.0,0.0,8.6,False
1767685799.42,2026-01-06 13:19:59,6,17,348,14.0%,76,NORMAL,199.0,0.0,8.7,False
1767685800.52,2026-01-06 13:20:00,9,17,349,14.1%,76,NORMAL,200.0,0.0,8.7,False
1767685801.71,2026-01-06 13:20:01,9,17,349,14.0%,76,NORMAL,200.0,0.0,8.8,False
1767685802.84,2026-01-06 13:20:02,9,17,350,14.0%,76,NORMAL,201.0,0.0,8.8,False
1767685804.01,2026-01-06 13:20:04,10,17,351,14.0%,76,NORMAL,202.0,0.0,8.8,False
1767685805.22,2026-01-06 13:20:05,12,17,352,14.1%,76,NORMAL,203.0,0.0,8.8,False
1767685806.40,2026-01-06 13:20:06,11,17,352,14.1%,76,NORMAL,202.0,0.0,8.8,False
1767685807.46,2026-01-06 13:20:07,8,17,352,14.1%,76,NORMAL,202.0,0.0,8.8,False
1767685808.93,2026-01-06 13:20:08,8,17,352,14.1%,76,NORMAL,202.0,0.0,8.9,False
1767685810.09,2026-01-06 13:20:10,9,17,353,14.1%,76,NORMAL,203.0,0.0,8.9,False
1767685811.33,2026-01-06 13:20:11,11,17,353,14.3%,76,NORMAL,203.0,0.0,8.9,False
1767685812.79,2026-01-06 13:20:12,11,17,354,14.3%,76,NORMAL,203.0,0.0,9.0,False
1767685814.57,2026-01-06 13:20:14,11,17,355,14.4%,76,NORMAL,204.0,0.0,8.9,False
1767685816.00,2026-01-06 13:20:16,9,17,355,14.4%,76,NORMAL,203.0,0.0,8.8,False
1767685817.15,2026-01-06 13:20:17,9,17,356,14.4%,76,NORMAL,203.0,0.0,8.8,False
1767685818.49,2026-01-06 13:20:18,9,17,356,14.5%,76,NORMAL,203.0,0.0,8.7,False
1767685819.63,2026-01-06 13:20:19,8,17,356,14.4%,76,NORMAL,203.0,0.0,8.6,False
1767685820.74,2026-01-06 13:20:20,7,17,357,14.3%,76,NORMAL,204.0,0.0,8.5,False
1767685821.88,2026-01-06 13:20:21,7,17,358,14.2%,76,NORMAL,205.0,0.0,8.4,False
1767685823.21,2026-01-06 13:20:23,7,17,358,14.1%,76,NORMAL,204.0,0.0,8.4,False
1767685824.29,2026-01-06 13:20:24,7,17,358,13.9%,76,NORMAL,204.0,0.0,8.3,False
1767685825.40,2026-01-06 13:20:25,8,17,360,13.8%,76,NORMAL,206.0,0.0,8.3,False
1767685826.46,2026-01-06 13:20:26,8,17,360,13.7%,76,NORMAL,205.0,0.0,8.3,False
1767685827.54,2026-01-06 13:20:27,9,17,361,13.6%,76,NORMAL,206.0,0.0,8.3,False
1767685828.79,2026-01-06 13:20:28,10,17,361,13.6%,76,NORMAL,205.0,0.0,8.2,False
1767685829.87,2026-01-06 13:20:29,12,17,364,13.7%,76,NORMAL,208.0,0.0,8.2,False
1767685830.98,2026-01-06 13:20:30,10,17,364,13.8%,76,NORMAL,208.0,0.0,8.2,False
1767685832.72,2026-01-06 13:20:32,10,17,364,13.9%,76,NORMAL,207.0,0.0,8.2,False
1767685833.96,2026-01-06 13:20:33,11,17,364,14.1%,76,NORMAL,206.0,0.0,8.1,False
1767685835.16,2026-01-06 13:20:35,10,17,364,14.2%,76,NORMAL,206.0,0.0,8.0,False
1767685836.27,2026-01-06 13:20:36,9,17,364,14.4%,76,NORMAL,206.0,0.0,7.9,False
1767685837.68,2026-01-06 13:20:37,11,17,364,14.4%,76,NORMAL,205.0,0.0,7.9,False
1767685838.84,2026-01-06 13:20:38,10,17,365,14.5%,76,NORMAL,206.0,0.0,7.9,False
1767685840.12,2026-01-06 13:20:40,12,17,366,14.6%,76,NORMAL,207.0,0.0,7.9,False
1767685841.29,2026-01-06 13:20:41,11,17,367,14.7%,76,NORMAL,207.0,0.0,7.9,False
1767685842.55,2026-01-06 13:20:42,8,17,367,14.5%,76,NORMAL,206.0,0.0,8.0,False
1767685843.83,2026-01-06 13:20:43,10,17,370,14.4%,76,NORMAL,207.0,0.0,8.0,False
1767685844.95,2026-01-06 13:20:44,10,17,370,14.5%,76,NORMAL,205.0,0.0,8.1,False
1767685846.15,2026-01-06 13:20:46,10,17,370,14.6%,76,NORMAL,205.0,0.0,8.1,False
1767685847.31,2026-01-06 13:20:47,11,17,371,14.7%,76,NORMAL,206.0,0.0,8.1,False
1767685848.43,2026-01-06 13:20:48,13,17,373,14.8%,76,NORMAL,207.0,0.0,8.1,False
1767685849.47,2026-01-06 13:20:49,10,17,373,14.8%,76,NORMAL,207.0,0.0,8.0,False
1767685850.50,2026-01-06 13:20:50,11,17,373,14.8%,76,NORMAL,207.0,0.0,8.0,False
1767685851.52,2026-01-06 13:20:51,10,17,374,14.8%,76,NORMAL,208.0,0.0,7.9,False
1767685852.84,2026-01-06 13:20:52,11,17,375,14.9%,76,NORMAL,209.0,0.0,7.9,False
1767685854.01,2026-01-06 13:20:54,11,17,376,15.0%,76,NORMAL,210.0,0.0,7.9,False
1767685855.28,2026-01-06 13:20:55,11,17,376,15.2%,76,NORMAL,210.0,0.0,8.0,False
1767685856.39,2026-01-06 13:20:56,10,17,377,15.3%,76,NORMAL,211.0,0.0,8.1,False
1767685857.80,2026-01-06 13:20:57,11,17,378,15.5%,76,NORMAL,212.0,0.0,8.1,False
1767685859.05,2026-01-06 13:20:59,11,17,379,15.7%,76,NORMAL,213.0,0.0,8.2,False
1767685860.27,2026-01-06 13:21:00,11,17,379,15.9%,76,NORMAL,212.0,0.0,8.3,False
1767685861.49,2026-01-06 13:21:01,12,17,380,16.1%,76,NORMAL,213.0,0.0,8.3,False
1767685862.67,2026-01-06 13:21:02,12,17,381,16.3%,76,NORMAL,214.0,0.0,8.4,False
1767685863.91,2026-01-06 13:21:03,11,17,381,16.4%,76,NORMAL,213.0,0.0,8.4,False
1767685865.14,2026-01-06 13:21:05,13,17,381,16.5%,76,NORMAL,212.0,0.0,8.4,False
1767685866.33,2026-01-06 13:21:06,11,17,381,16.5%,76,NORMAL,211.0,0.0,8.4,False
1767685867.52,2026-01-06 13:21:07,10,17,381,16.5%,76,NORMAL,210.0,0.0,8.4,False
1767685868.69,2026-01-06 13:21:08,11,17,382,16.5%,76,NORMAL,211.0,0.0,8.5,False
1767685869.84,2026-01-06 13:21:09,9,17,382,16.4%,76,NORMAL,210.0,0.0,8.5,False
1767685870.86,2026-01-06 13:21:10,11,17,383,16.5%,76,NORMAL,210.0,0.0,8.5,False
1767685871.96,2026-01-06 13:21:11,11,17,383,16.6%,76,NORMAL,209.0,0.0,8.6,False
1767685873.05,2026-01-06 13:21:13,9,17,383,16.5%,76,NORMAL,209.0,0.0,8.6,False
1767685874.36,2026-01-06 13:21:14,7,17,383,16.3%,76,NORMAL,208.0,0.0,8.5,False
1767685875.39,2026-01-06 13:21:15,9,17,383,16.2%,76,NORMAL,208.0,0.0,8.5,False
1767685876.95,2026-01-06 13:21:16,9,17,383,16.1%,76,NORMAL,206.0,0.0,8.5,False
1767685878.18,2026-01-06 13:21:18,4,17,383,15.9%,76,NORMAL,206.0,0.0,8.4,False
1767685879.69,2026-01-06 13:21:19,5,17,385,15.7%,76,NORMAL,207.0,0.0,8.3,False
1767685881.03,2026-01-06 13:21:21,7,17,387,15.5%,76,NORMAL,209.0,0.0,8.1,False
1767685882.27,2026-01-06 13:21:22,9,17,388,15.5%,76,NORMAL,210.0,0.0,8.1,False
1767685883.42,2026-01-06 13:21:23,7,17,388,15.3%,76,NORMAL,210.0,0.0,8.0,False
1767685884.43,2026-01-06 13:21:24,8,17,390,15.0%,76,NORMAL,212.0,0.0,7.9,False
1767685885.48,2026-01-06 13:21:25,9,17,392,15.0%,76,NORMAL,214.0,0.0,7.8,False
1767685887.10,2026-01-06 13:21:27,12,17,393,15.0%,76,NORMAL,215.0,0.0,7.7,False
1767685888.71,2026-01-06 13:21:28,10,17,393,15.0%,76,NORMAL,214.0,0.0,7.6,False
1767685890.47,2026-01-06 13:21:30,10,17,395,15.0%,76,NORMAL,214.0,0.0,7.4,False
1767685891.64,2026-01-06 13:21:31,11,17,395,15.0%,76,NORMAL,211.0,0.0,7.3,False
1767685892.80,2026-01-06 13:21:32,11,17,396,15.0%,76,NORMAL,212.0,0.0,7.3,False
1767685894.24,2026-01-06 13:21:34,10,17,396,15.0%,76,NORMAL,212.0,0.0,7.2,False
1767685896.06,2026-01-06 13:21:36,10,17,396,14.9%,76,NORMAL,211.0,0.0,7.0,False
1767685897.29,2026-01-06 13:21:37,10,17,396,14.9%,76,NORMAL,209.0,0.0,6.8,False
1767685898.43,2026-01-06 13:21:38,10,17,397,14.8%,76,NORMAL,210.0,0.0,6.7,False
1767685899.47,2026-01-06 13:21:39,9,17,398,14.7%,76,NORMAL,211.0,0.0,6.6,False
1767685900.49,2026-01-06 13:21:40,9,17,399,14.5%,76,NORMAL,212.0,0.0,6.6,False
1767685901.54,2026-01-06 13:21:41,9,17,399,14.4%,76,NORMAL,212.0,0.0,6.6,False
1767685902.71,2026-01-06 13:21:42,10,17,400,14.3%,76,NORMAL,213.0,0.0,6.7,False
1767685903.84,2026-01-06 13:21:43,11,17,401,14.3%,76,NORMAL,214.0,0.0,6.9,False
1767685904.92,2026-01-06 13:21:44,11,17,401,14.3%,76,NORMAL,213.0,0.0,7.0,False
1767685906.04,2026-01-06 13:21:46,11,17,402,14.3%,76,NORMAL,213.0,0.0,7.2,False
1767685907.22,2026-01-06 13:21:47,11,17,404,14.4%,76,NORMAL,215.0,0.0,7.4,False
1767685908.43,2026-01-06 13:21:48,13,17,407,14.5%,76,NORMAL,218.0,0.0,7.5,False
1767685909.57,2026-01-06 13:21:49,10,17,407,14.5%,76,NORMAL,216.0,0.0,7.7,False
1767685910.72,2026-01-06 13:21:50,12,17,407,14.6%,76,NORMAL,216.0,0.0,7.9,False
1767685911.80,2026-01-06 13:21:51,10,17,407,14.8%,76,NORMAL,215.0,0.0,8.1,False
1767685912.92,2026-01-06 13:21:52,10,17,407,14.8%,76,NORMAL,214.0,0.0,8.3,False
1767685914.14,2026-01-06 13:21:54,11,17,409,14.9%,76,NORMAL,216.0,0.0,8.5,False
1767685915.40,2026-01-06 13:21:55,11,17,409,15.3%,76,NORMAL,215.0,0.0,8.6,False
1767685916.48,2026-01-06 13:21:56,10,17,409,15.5%,76,NORMAL,215.0,0.0,8.8,False
1767685917.61,2026-01-06 13:21:57,9,17,409,15.6%,76,NORMAL,215.0,0.0,8.9,False
1767685918.73,2026-01-06 13:21:58,10,17,410,15.7%,76,NORMAL,215.0,0.0,9.1,False
1767685919.94,2026-01-06 13:21:59,12,17,411,15.9%,76,NORMAL,215.0,0.0,9.2,False
1767685921.15,2026-01-06 13:22:01,11,17,413,16.1%,76,NORMAL,216.0,0.0,9.3,False
1767685922.25,2026-01-06 13:22:02,10,17,413,16.1%,76,NORMAL,215.0,0.0,9.3,False
1767685923.49,2026-01-06 13:22:03,12,17,414,16.1%,76,NORMAL,216.0,0.0,9.3,False
1767685924.80,2026-01-06 13:22:04,15,17,415,16.3%,76,NORMAL,217.0,0.0,9.3,False
1767685926.14,2026-01-06 13:22:06,15,17,415,16.6%,76,NORMAL,216.0,0.0,9.3,False
1767685927.55,2026-01-06 13:22:07,15,17,418,16.8%,76,NORMAL,219.0,0.0,9.3,False
1767685928.85,2026-01-06 13:22:08,14,17,418,16.9%,76,NORMAL,219.0,0.0,9.3,False
1767685930.24,2026-01-06 13:22:10,15,17,419,17.1%,76,NORMAL,218.0,0.0,9.3,False
1767685931.60,2026-01-06 13:22:11,13,17,419,17.3%,76,NORMAL,217.0,0.0,9.3,False
1767685932.99,2026-01-06 13:22:12,14,17,419,17.5%,76,NORMAL,215.0,0.0,9.3,False
1767685934.58,2026-01-06 13:22:14,15,17,420,17.7%,76,NORMAL,216.0,0.0,9.3,False
1767685935.98,2026-01-06 13:22:15,15,17,420,18.0%,76,NORMAL,216.0,0.0,9.3,False
1767685937.43,2026-01-06 13:22:17,15,17,420,18.3%,76,NORMAL,213.0,0.0,9.2,False
1767685939.05,2026-01-06 13:22:19,16,17,421,18.6%,76,NORMAL,213.0,0.0,9.2,False
1767685940.36,2026-01-06 13:22:20,14,17,421,18.8%,76,NORMAL,212.0,0.0,9.2,False
1767685941.80,2026-01-06 13:22:21,16,17,424,19.0%,76,NORMAL,214.0,0.0,9.2,False
1767685943.28,2026-01-06 13:22:23,16,17,424,19.3%,76,NORMAL,212.0,0.0,9.2,False
1767685944.65,2026-01-06 13:22:24,16,18,425,19.5%,76,NORMAL,213.0,0.0,9.2,False
1767685946.24,2026-01-06 13:22:26,15,18,425,19.7%,76,NORMAL,212.0,0.0,9.1,False
1767685947.60,2026-01-06 13:22:27,15,18,425,19.8%,76,NORMAL,212.0,0.0,9.1,False
1767685949.06,2026-01-06 13:22:29,14,18,426,20.0%,76,NORMAL,212.0,0.0,9.1,False
1767685950.46,2026-01-06 13:22:30,13,18,426,20.0%,76,NORMAL,212.0,0.0,9.0,False
1767685951.91,2026-01-06 13:22:31,11,18,426,20.1%,76,NORMAL,212.0,0.0,9.0,False
1767685953.32,2026-01-06 13:22:33,14,18,429,20.3%,76,NORMAL,214.0,0.0,8.9,False
1767685954.58,2026-01-06 13:22:34,13,18,429,20.4%,76,NORMAL,213.0,0.0,8.8,False
1767685955.93,2026-01-06 13:22:35,14,18,431,20.5%,76,NORMAL,214.0,0.0,8.8,False
1767685957.25,2026-01-06 13:22:37,14,18,431,20.7%,76,NORMAL,213.0,0.0,8.7,False
1767685958.48,2026-01-06 13:22:38,13,18,431,20.9%,76,NORMAL,210.0,0.0,8.7,False
1767685959.82,2026-01-06 13:22:39,12,18,431,21.0%,76,NORMAL,210.0,0.0,8.7,False
1767685960.93,2026-01-06 13:22:40,11,18,431,20.9%,76,NORMAL,209.0,0.0,8.7,False
1767685962.18,2026-01-06 13:22:42,12,18,431,21.0%,76,NORMAL,208.0,0.0,8.7,False
1767685963.38,2026-01-06 13:22:43,11,18,432,21.0%,76,NORMAL,208.0,0.0,8.7,False
1767685964.54,2026-01-06 13:22:44,11,18,432,21.0%,76,NORMAL,208.0,0.0,8.7,False
1767685965.58,2026-01-06 13:22:45,9,18,432,20.7%,76,NORMAL,207.0,0.0,8.7,False
1767685966.74,2026-01-06 13:22:46,10,18,432,20.5%,76,NORMAL,205.0,0.0,8.7,False
1767685967.80,2026-01-06 13:22:47,10,18,432,20.2%,76,NORMAL,203.0,0.0,8.7,False
1767685968.81,2026-01-06 13:22:48,10,18,432,20.0%,76,NORMAL,202.0,0.0,8.7,False
1767685969.83,2026-01-06 13:22:49,10,18,432,19.8%,76,NORMAL,202.0,0.0,8.6,False
1767685970.88,2026-01-06 13:22:50,10,18,433,19.7%,76,NORMAL,203.0,0.0,8.6,False
1767685971.95,2026-01-06 13:22:51,11,18,434,19.5%,76,NORMAL,203.0,0.0,8.6,False
1767685973.21,2026-01-06 13:22:53,11,18,434,19.3%,76,NORMAL,202.0,0.0,8.5,False
1767685974.48,2026-01-06 13:22:54,12,18,435,19.2%,76,NORMAL,202.0,0.0,8.5,False
1767685975.74,2026-01-06 13:22:55,13,18,436,19.1%,76,NORMAL,203.0,0.0,8.5,False
1767685976.91,2026-01-06 13:22:56,11,18,436,18.9%,76,NORMAL,203.0,0.0,8.5,False
1767685978.00,2026-01-06 13:22:57,10,18,436,18.7%,76,NORMAL,203.0,0.0,8.6,False
1767685979.07,2026-01-06 13:22:59,10,18,436,18.4%,76,NORMAL,202.0,0.0,8.6,False
1767685980.18,2026-01-06 13:23:00,10,18,436,18.1%,76,NORMAL,202.0,0.0,8.6,False
1767685981.25,2026-01-06 13:23:01,10,18,436,17.8%,76,NORMAL,202.0,0.0,8.6,False
1767685982.30,2026-01-06 13:23:02,10,18,436,17.6%,76,NORMAL,201.0,0.0,8.6,False
1767685983.44,2026-01-06 13:23:03,10,18,436,17.4%,76,NORMAL,201.0,0.0,8.6,False
1767685984.91,2026-01-06 13:23:04,10,18,436,17.2%,76,NORMAL,200.0,0.0,8.6,False
1767685986.55,2026-01-06 13:23:06,9,18,436,17.0%,76,NORMAL,199.0,0.0,8.6,False
1767685988.20,2026-01-06 13:23:08,10,18,437,16.9%,76,NORMAL,199.0,0.0,8.5,False
1767685989.77,2026-01-06 13:23:09,9,18,437,16.7%,76,NORMAL,198.0,0.0,8.5,False
1767685990.95,2026-01-06 13:23:10,8,18,437,16.4%,76,NORMAL,197.0,0.0,8.4,False
1767685992.10,2026-01-06 13:23:12,9,18,438,16.2%,76,NORMAL,198.0,0.0,8.4,False
1767685993.20,2026-01-06 13:23:13,9,18,438,16.0%,76,NORMAL,198.0,0.0,8.3,False
1767685994.27,2026-01-06 13:23:14,9,18,438,15.8%,76,NORMAL,198.0,0.0,8.3,False
1767685995.48,2026-01-06 13:23:15,9,18,438,15.6%,76,NORMAL,198.0,0.0,8.4,False
1767685996.95,2026-01-06 13:23:16,9,18,438,15.5%,76,NORMAL,197.0,0.0,8.4,False
1767685998.33,2026-01-06 13:23:18,9,18,439,15.4%,76,NORMAL,198.0,0.0,8.4,False
1767685999.76,2026-01-06 13:23:19,10,18,440,15.3%,76,NORMAL,198.0,0.0,8.3,False
1767686000.94,2026-01-06 13:23:20,10,18,440,15.3%,76,NORMAL,198.0,0.0,8.3,False
1767686002.07,2026-01-06 13:23:22,9,18,440,15.3%,76,NORMAL,198.0,0.0,8.2,False
1767686003.17,2026-01-06 13:23:23,9,18,441,15.2%,76,NORMAL,199.0,0.0,8.1,False
1767686004.31,2026-01-06 13:23:24,10,18,442,15.2%,76,NORMAL,200.0,0.0,8.1,False
1767686005.70,2026-01-06 13:23:25,11,18,443,15.3%,76,NORMAL,201.0,0.0,8.0,False
1767686006.92,2026-01-06 13:23:26,10,18,444,15.3%,76,NORMAL,202.0,0.0,7.9,False
1767686008.11,2026-01-06 13:23:28,9,18,444,15.2%,76,NORMAL,202.0,0.0,7.8,False
1767686009.36,2026-01-06 13:23:29,10,18,446,15.2%,76,NORMAL,204.0,0.0,7.8,False
1767686010.60,2026-01-06 13:23:30,9,18,446,15.1%,76,NORMAL,201.0,0.0,7.8,False
1767686011.81,2026-01-06 13:23:31,8,18,448,14.9%,76,NORMAL,203.0,0.0,7.9,False
1767686013.05,2026-01-06 13:23:33,9,18,449,14.7%,76,NORMAL,202.0,0.0,7.9,False
1767686014.36,2026-01-06 13:23:34,9,18,449,14.6%,76,NORMAL,202.0,0.0,8.0,False
1767686015.64,2026-01-06 13:23:35,9,18,449,14.6%,76,NORMAL,202.0,0.0,8.1,False
1767686017.03,2026-01-06 13:23:37,12,18,451,14.7%,76,NORMAL,203.0,0.0,8.1,False
1767686018.33,2026-01-06 13:23:38,12,18,451,14.8%,76,NORMAL,203.0,0.0,8.1,False
1767686019.54,2026-01-06 13:23:39,11,18,453,14.8%,76,NORMAL,203.0,0.0,8.2,False
1767686020.73,2026-01-06 13:23:40,10,18,453,14.8%,76,NORMAL,203.0,0.0,8.2,False
1767686021.90,2026-01-06 13:23:41,10,18,453,14.8%,76,NORMAL,202.0,0.0,8.2,False
1767686023.35,2026-01-06 13:23:43,10,18,453,14.8%,76,NORMAL,202.0,0.0,8.3,False
1767686024.66,2026-01-06 13:23:44,12,18,455,14.9%,76,NORMAL,204.0,0.0,8.3,False
1767686025.79,2026-01-06 13:23:45,10,18,455,14.9%,76,NORMAL,203.0,0.0,8.4,False
1767686027.02,2026-01-06 13:23:47,11,18,455,15.0%,76,NORMAL,201.0,0.0,8.4,False
1767686028.45,2026-01-06 13:23:48,11,18,456,15.2%,76,NORMAL,202.0,0.0,8.4,False
1767686029.63,2026-01-06 13:23:49,11,18,456,15.3%,76,NORMAL,202.0,0.0,8.4,False
1767686030.85,2026-01-06 13:23:50,12,18,457,15.4%,76,NORMAL,203.0,0.0,8.4,False
1767686032.38,2026-01-06 13:23:52,10,18,458,15.5%,76,NORMAL,204.0,0.0,8.4,False
1767686033.50,2026-01-06 13:23:53,9,18,458,15.5%,76,NORMAL,204.0,0.0,8.3,False
1767686034.56,2026-01-06 13:23:54,9,18,458,15.5%,76,NORMAL,201.0,0.0,8.3,False
1767686035.75,2026-01-06 13:23:55,10,18,460,15.5%,76,NORMAL,203.0,0.0,8.3,False
1767686036.99,2026-01-06 13:23:56,10,18,461,15.5%,76,NORMAL,204.0,0.0,8.3,False
1767686038.29,2026-01-06 13:23:58,12,18,462,15.6%,76,NORMAL,205.0,0.0,8.3,False
1767686039.58,2026-01-06 13:23:59,12,18,462,15.8%,76,NORMAL,204.0,0.0,8.3,False
1767686040.89,2026-01-06 13:24:00,12,18,462,15.9%,76,NORMAL,204.0,0.0,8.3,False
1767686042.08,2026-01-06 13:24:02,12,18,462,16.0%,76,NORMAL,204.0,0.0,8.3,False
1767686043.25,2026-01-06 13:24:03,11,18,462,16.0%,76,NORMAL,204.0,0.0,8.3,False
1767686044.38,2026-01-06 13:24:04,10,18,462,16.0%,76,NORMAL,202.0,0.0,8.3,False
1767686045.46,2026-01-06 13:24:05,9,18,462,16.0%,76,NORMAL,202.0,0.0,8.3,False
1767686046.52,2026-01-06 13:24:06,9,18,462,16.0%,76,NORMAL,202.0,0.0,8.4,False
1767686047.56,2026-01-06 13:24:07,8,18,462,15.9%,76,NORMAL,202.0,0.0,8.4,False
1767686048.73,2026-01-06 13:24:08,9,18,462,16.0%,76,NORMAL,202.0,0.0,8.4,False
1767686049.84,2026-01-06 13:24:09,9,18,463,16.0%,76,NORMAL,202.0,0.0,8.5,False
1767686051.05,2026-01-06 13:24:11,8,18,464,15.9%,76,NORMAL,203.0,0.0,8.5,False
1767686052.16,2026-01-06 13:24:12,7,18,465,15.8%,76,NORMAL,204.0,0.0,8.6,False
1767686053.21,2026-01-06 13:24:13,7,18,465,15.6%,76,NORMAL,204.0,0.0,8.6,False
1767686054.37,2026-01-06 13:24:14,8,18,466,15.4%,76,NORMAL,205.0,0.0,8.7,False
1767686055.54,2026-01-06 13:24:15,9,18,466,15.3%,76,NORMAL,204.0,0.0,8.7,False
1767686056.68,2026-01-06 13:24:16,8,18,467,15.2%,76,NORMAL,205.0,0.0,8.7,False
1767686058.10,2026-01-06 13:24:18,8,18,468,15.1%,76,NORMAL,205.0,0.0,8.7,False
1767686059.35,2026-01-06 13:24:19,9,18,469,15.0%,76,NORMAL,206.0,0.0,8.7,False
1767686060.76,2026-01-06 13:24:20,10,18,471,14.9%,76,NORMAL,208.0,0.0,8.7,False
1767686061.97,2026-01-06 13:24:21,10,18,471,14.9%,76,NORMAL,208.0,0.0,8.7,False
1767686063.44,2026-01-06 13:24:23,10,18,471,14.9%,76,NORMAL,208.0,0.0,8.6,False
1767686064.64,2026-01-06 13:24:24,10,18,471,14.8%,76,NORMAL,207.0,0.0,8.6,False
1767686066.09,2026-01-06 13:24:26,11,18,471,14.8%,76,NORMAL,207.0,0.0,8.5,False
1767686067.36,2026-01-06 13:24:27,10,18,471,14.7%,76,NORMAL,206.0,0.0,8.5,False
1767686068.86,2026-01-06 13:24:28,9,18,472,14.7%,76,NORMAL,207.0,0.0,8.4,False
1767686070.15,2026-01-06 13:24:30,8,18,472,14.6%,76,NORMAL,207.0,0.0,8.3,False
1767686071.31,2026-01-06 13:24:31,8,18,472,14.6%,76,NORMAL,207.0,0.0,8.3,False
1767686072.37,2026-01-06 13:24:32,9,18,472,14.5%,76,NORMAL,207.0,0.0,8.2,False
1767686073.50,2026-01-06 13:24:33,9,18,472,14.5%,76,NORMAL,207.0,0.0,8.2,False
1767686074.57,2026-01-06 13:24:34,9,18,472,14.4%,76,NORMAL,207.0,0.0,8.2,False
1767686076.17,2026-01-06 13:24:36,8,18,472,14.2%,76,NORMAL,207.0,0.0,8.2,False
1767686077.34,2026-01-06 13:24:37,11,18,474,14.1%,76,NORMAL,208.0,0.0,8.2,False
1767686078.51,2026-01-06 13:24:38,11,18,476,14.1%,76,NORMAL,210.0,0.0,8.2,False
1767686079.63,2026-01-06 13:24:39,10,18,477,14.0%,76,NORMAL,210.0,0.0,8.2,False
1767686081.17,2026-01-06 13:24:41,12,18,477,14.1%,76,NORMAL,207.0,0.0,8.2,False
1767686082.38,2026-01-06 13:24:42,12,18,477,14.3%,76,NORMAL,206.0,0.0,8.2,False
1767686083.52,2026-01-06 13:24:43,10,18,477,14.3%,76,NORMAL,205.0,0.0,8.2,False
1767686084.67,2026-01-06 13:24:44,10,18,478,14.4%,76,NORMAL,206.0,0.0,8.2,False
1767686086.30,2026-01-06 13:24:46,12,18,479,14.5%,76,NORMAL,207.0,0.0,8.1,False
1767686087.54,2026-01-06 13:24:47,11,18,480,14.6%,76,NORMAL,207.0,0.0,8.1,False
1767686088.72,2026-01-06 13:24:48,10,18,480,14.7%,76,NORMAL,207.0,0.0,8.1,False
1767686090.04,2026-01-06 13:24:50,8,18,480,14.8%,76,NORMAL,207.0,0.0,8.0,False
1767686091.44,2026-01-06 13:24:51,9,18,481,14.9%,76,NORMAL,207.0,0.0,7.9,False
1767686092.87,2026-01-06 13:24:52,12,18,481,15.1%,76,NORMAL,207.0,0.0,7.8,False
1767686094.19,2026-01-06 13:24:54,11,18,481,15.2%,76,NORMAL,206.0,0.0,7.8,False
1767686095.47,2026-01-06 13:24:55,11,18,481,15.3%,76,NORMAL,205.0,0.0,7.8,False
1767686096.71,2026-01-06 13:24:56,10,18,481,15.4%,76,NORMAL,205.0,0.0,7.8,False
1767686097.73,2026-01-06 13:24:57,10,18,482,15.5%,76,NORMAL,206.0,0.0,7.8,False
1767686098.88,2026-01-06 13:24:58,11,18,483,15.5%,76,NORMAL,207.0,0.0,7.8,False
1767686099.89,2026-01-06 13:24:59,11,18,484,15.6%,76,NORMAL,208.0,0.0,7.8,False
1767686101.26,2026-01-06 13:25:01,12,18,485,15.7%,76,NORMAL,209.0,0.0,7.8,False
1767686102.57,2026-01-06 13:25:02,12,18,486,15.8%,76,NORMAL,209.0,0.0,7.7,False
1767686103.84,2026-01-06 13:25:03,12,18,486,15.8%,76,NORMAL,209.0,0.0,7.7,False
1767686105.23,2026-01-06 13:25:05,14,18,488,16.0%,76,NORMAL,210.0,0.0,7.6,False
1767686106.60,2026-01-06 13:25:06,14,18,489,16.2%,76,NORMAL,210.0,0.0,7.6,False
1767686107.95,2026-01-06 13:25:07,14,18,489,16.5%,76,NORMAL,210.0,0.0,7.6,False
1767686109.32,2026-01-06 13:25:09,14,18,489,16.8%,76,NORMAL,207.0,0.0,7.6,False
1767686110.64,2026-01-06 13:25:10,12,18,489,17.0%,76,NORMAL,206.0,0.0,7.7,False
1767686112.02,2026-01-06 13:25:12,13,18,489,17.2%,76,NORMAL,206.0,0.0,7.8,False
1767686113.32,2026-01-06 13:25:13,11,18,489,17.3%,76,NORMAL,206.0,0.0,7.9,False
1767686114.47,2026-01-06 13:25:14,10,18,489,17.4%,76,NORMAL,205.0,0.0,8.0,False
1767686115.50,2026-01-06 13:25:15,11,18,489,17.4%,76,NORMAL,205.0,0.0,8.1,False
1767686116.60,2026-01-06 13:25:16,11,18,489,17.4%,76,NORMAL,203.0,0.0,8.2,False
1767686117.73,2026-01-06 13:25:17,11,18,490,17.4%,76,NORMAL,204.0,0.0,8.3,False
1767686118.82,2026-01-06 13:25:18,10,18,490,17.3%,76,NORMAL,204.0,0.0,8.4,False
1767686119.85,2026-01-06 13:25:19,9,18,490,17.2%,76,NORMAL,204.0,0.0,8.4,False
1767686120.89,2026-01-06 13:25:20,10,18,490,17.2%,76,NORMAL,204.0,0.0,8.5,False
1767686121.95,2026-01-06 13:25:21,9,18,490,17.1%,76,NORMAL,204.0,0.0,8.5,False
1767686122.97,2026-01-06 13:25:22,9,18,490,17.0%,76,NORMAL,203.0,0.0,8.6,False
1767686124.01,2026-01-06 13:25:24,9,18,490,16.9%,76,NORMAL,203.0,0.0,8.8,False
1767686125.12,2026-01-06 13:25:25,11,18,490,16.9%,76,NORMAL,203.0,0.0,8.9,False
1767686126.12,2026-01-06 13:25:26,12,18,491,17.1%,76,NORMAL,204.0,0.0,9.0,False
1767686127.27,2026-01-06 13:25:27,10,18,492,17.2%,76,NORMAL,204.0,0.0,9.0,False
1767686128.28,2026-01-06 13:25:28,11,18,492,17.1%,76,NORMAL,204.0,0.0,9.0,False
1767686129.37,2026-01-06 13:25:29,10,18,492,17.1%,76,NORMAL,204.0,0.0,9.0,False
1767686130.50,2026-01-06 13:25:30,10,18,492,17.0%,76,NORMAL,204.0,0.0,9.0,False
1767686131.53,2026-01-06 13:25:31,10,18,492,17.0%,76,NORMAL,204.0,0.0,9.0,False
1767686132.66,2026-01-06 13:25:32,10,18,492,17.0%,76,NORMAL,204.0,0.0,9.0,False
1767686134.22,2026-01-06 13:25:34,11,18,493,17.0%,76,NORMAL,205.0,0.0,9.0,False
1767686135.50,2026-01-06 13:25:35,8,18,494,16.9%,76,NORMAL,206.0,0.0,9.0,False
1767686136.74,2026-01-06 13:25:36,9,18,495,16.7%,76,NORMAL,207.0,0.0,8.9,False
1767686138.22,2026-01-06 13:25:38,10,18,495,16.6%,76,NORMAL,206.0,0.0,8.9,False
1767686139.42,2026-01-06 13:25:39,8,18,495,16.4%,76,NORMAL,206.0,0.0,8.8,False
1767686140.67,2026-01-06 13:25:40,9,18,496,16.2%,76,NORMAL,207.0,0.0,8.8,False
1767686141.88,2026-01-06 13:25:41,9,18,496,16.0%,76,NORMAL,207.0,0.0,8.7,False
1767686143.15,2026-01-06 13:25:43,9,18,496,15.7%,76,NORMAL,207.0,0.0,8.6,False
1767686144.64,2026-01-06 13:25:44,9,18,497,15.5%,76,NORMAL,208.0,0.0,8.6,False
1767686146.24,2026-01-06 13:25:46,9,18,497,15.3%,76,NORMAL,207.0,0.0,8.5,False
1767686147.72,2026-01-06 13:25:47,10,18,497,15.2%,76,NORMAL,206.0,0.0,8.4,False
1767686149.41,2026-01-06 13:25:49,10,18,498,15.1%,76,NORMAL,206.0,0.0,8.3,False
1767686150.87,2026-01-06 13:25:50,8,18,498,15.0%,76,NORMAL,206.0,0.0,8.2,False
1767686151.90,2026-01-06 13:25:51,8,18,498,14.9%,76,NORMAL,206.0,0.0,8.1,False
1767686153.04,2026-01-06 13:25:53,9,18,498,14.8%,76,NORMAL,206.0,0.0,8.0,False
1767686154.30,2026-01-06 13:25:54,10,18,499,14.8%,76,NORMAL,207.0,0.0,7.9,False
1767686155.77,2026-01-06 13:25:55,9,18,499,14.7%,76,NORMAL,207.0,0.0,7.8,False
1767686157.16,2026-01-06 13:25:57,8,18,499,14.7%,76,NORMAL,206.0,0.0,7.7,False
1767686158.59,2026-01-06 13:25:58,9,18,500,14.6%,76,NORMAL,207.0,0.0,7.5,False
1767686159.72,2026-01-06 13:25:59,7,18,500,14.5%,76,NORMAL,207.0,0.0,7.4,False
1767686160.82,2026-01-06 13:26:00,7,18,500,14.4%,76,NORMAL,206.0,0.0,7.4,False
1767686161.86,2026-01-06 13:26:01,9,18,502,14.4%,76,NORMAL,208.0,0.0,7.4,False
1767686163.07,2026-01-06 13:26:03,8,18,503,14.3%,76,NORMAL,207.0,0.0,7.4,False
1767686164.16,2026-01-06 13:26:04,8,18,503,14.1%,76,NORMAL,207.0,0.0,7.5,False
1767686165.25,2026-01-06 13:26:05,7,18,503,13.9%,76,NORMAL,206.0,0.0,7.5,False
1767686166.64,2026-01-06 13:26:06,7,18,503,13.7%,76,NORMAL,206.0,0.0,7.5,False
1767686167.93,2026-01-06 13:26:07,7,18,504,13.6%,76,NORMAL,207.0,0.0,7.4,False
1767686169.27,2026-01-06 13:26:09,7,18,505,13.4%,76,NORMAL,208.0,0.0,7.4,False
1767686170.53,2026-01-06 13:26:10,7,18,505,13.3%,76,NORMAL,207.0,0.0,7.3,False
1767686171.91,2026-01-06 13:26:11,7,18,506,13.1%,76,NORMAL,208.0,0.0,7.2,False
1767686173.23,2026-01-06 13:26:13,8,18,506,13.0%,76,NORMAL,208.0,0.0,7.2,False
1767686174.56,2026-01-06 13:26:14,8,18,507,13.0%,76,NORMAL,208.0,0.0,7.2,False
1767686175.81,2026-01-06 13:26:15,6,18,507,12.8%,76,NORMAL,208.0,0.0,7.2,False
1767686176.88,2026-01-06 13:26:16,7,18,508,12.7%,76,NORMAL,209.0,0.0,7.2,False
1767686177.96,2026-01-06 13:26:17,7,18,508,12.6%,76,NORMAL,209.0,0.0,7.2,False
1767686178.99,2026-01-06 13:26:18,8,18,508,12.6%,76,NORMAL,209.0,0.0,7.2,False
1767686180.36,2026-01-06 13:26:20,8,18,509,12.5%,76,NORMAL,209.0,0.0,7.2,False
1767686182.10,2026-01-06 13:26:22,10,18,510,12.6%,76,NORMAL,209.0,0.0,7.3,False
1767686183.72,2026-01-06 13:26:23,10,18,510,12.6%,76,NORMAL,209.0,0.0,7.3,False
1767686185.17,2026-01-06 13:26:25,8,18,512,12.6%,76,NORMAL,211.0,0.0,7.2,False
1767686186.54,2026-01-06 13:26:26,9,18,513,12.5%,76,NORMAL,212.0,0.0,7.2,False
1767686187.57,2026-01-06 13:26:27,9,18,513,12.5%,76,NORMAL,211.0,0.0,7.1,False
1767686188.64,2026-01-06 13:26:28,12,18,516,12.7%,76,NORMAL,213.0,0.0,7.1,False
1767686189.73,2026-01-06 13:26:29,10,18,516,12.8%,76,NORMAL,213.0,0.0,7.1,False
1767686190.79,2026-01-06 13:26:30,11,18,516,12.9%,76,NORMAL,213.0,0.0,7.2,False
1767686191.89,2026-01-06 13:26:31,9,18,517,12.8%,76,NORMAL,214.0,0.0,7.3,False
1767686192.97,2026-01-06 13:26:32,11,18,518,12.9%,76,NORMAL,215.0,0.0,7.4,False
1767686194.21,2026-01-06 13:26:34,11,18,518,13.1%,76,NORMAL,215.0,0.0,7.6,False
1767686195.41,2026-01-06 13:26:35,12,18,519,13.2%,76,NORMAL,215.0,0.0,7.7,False
1767686196.49,2026-01-06 13:26:36,10,18,519,13.4%,76,NORMAL,213.0,0.0,7.8,False
1767686197.57,2026-01-06 13:26:37,10,18,519,13.5%,76,NORMAL,213.0,0.0,7.9,False
1767686198.71,2026-01-06 13:26:38,11,18,521,13.6%,76,NORMAL,214.0,0.0,8.0,False
1767686199.93,2026-01-06 13:26:39,12,18,523,13.8%,76,NORMAL,215.0,0.0,8.1,False
1767686201.09,2026-01-06 13:26:41,10,18,523,13.9%,76,NORMAL,215.0,0.0,8.3,False
1767686202.25,2026-01-06 13:26:42,9,18,523,14.0%,76,NORMAL,214.0,0.0,8.4,False
1767686203.90,2026-01-06 13:26:43,11,18,523,14.2%,76,NORMAL,212.0,0.0,8.5,False
1767686204.91,2026-01-06 13:26:44,12,18,523,14.4%,76,NORMAL,212.0,0.0,8.5,False
1767686205.97,2026-01-06 13:26:45,13,18,523,14.7%,76,NORMAL,212.0,0.0,8.6,False
1767686207.56,2026-01-06 13:26:47,13,18,523,15.0%,76,NORMAL,209.0,0.0,8.6,False
1767686209.30,2026-01-06 13:26:49,12,18,523,15.3%,76,NORMAL,209.0,0.0,8.6,False
1767686211.14,2026-01-06 13:26:51,12,18,523,15.5%,76,NORMAL,209.0,0.0,8.6,False
1767686212.86,2026-01-06 13:26:52,11,18,523,15.6%,76,NORMAL,209.0,0.0,8.6,False
1767686214.51,2026-01-06 13:26:54,10,18,523,15.8%,76,NORMAL,208.0,0.0,8.5,False
1767686216.20,2026-01-06 13:26:56,12,18,524,16.1%,76,NORMAL,208.0,0.0,8.3,False
1767686217.82,2026-01-06 13:26:57,12,18,524,16.3%,76,NORMAL,207.0,0.0,8.2,False
1767686219.44,2026-01-06 13:26:59,12,18,524,16.5%,76,NORMAL,206.0,0.0,8.1,False
1767686221.03,2026-01-06 13:27:01,12,18,524,16.7%,76,NORMAL,205.0,0.0,7.9,False
1767686222.84,2026-01-06 13:27:02,12,18,525,16.8%,76,NORMAL,206.0,0.0,7.8,False
1767686224.56,2026-01-06 13:27:04,12,18,525,16.9%,76,NORMAL,203.0,0.0,7.7,False
1767686226.21,2026-01-06 13:27:06,11,18,525,17.0%,76,NORMAL,203.0,0.0,7.6,False
1767686227.80,2026-01-06 13:27:07,11,18,525,17.1%,76,NORMAL,200.0,0.0,7.5,False
1767686229.41,2026-01-06 13:27:09,12,18,526,17.3%,76,NORMAL,197.0,0.0,7.4,False
1767686230.89,2026-01-06 13:27:10,12,18,526,17.3%,76,NORMAL,197.0,0.0,7.3,False
1767686232.09,2026-01-06 13:27:12,11,18,526,17.3%,76,NORMAL,196.0,0.0,7.2,False
1767686233.40,2026-01-06 13:27:13,11,18,526,17.3%,76,NORMAL,196.0,0.0,7.1,False
1767686234.54,2026-01-06 13:27:14,10,18,526,17.4%,76,NORMAL,196.0,0.0,7.2,False
1767686235.69,2026-01-06 13:27:15,10,18,526,17.3%,76,NORMAL,196.0,0.0,7.2,False
1767686236.87,2026-01-06 13:27:16,9,18,527,17.2%,76,NORMAL,195.0,0.0,7.3,False
1767686238.12,2026-01-06 13:27:18,11,18,528,17.2%,76,NORMAL,195.0,0.0,7.4,False
1767686239.75,2026-01-06 13:27:19,12,18,530,17.3%,76,NORMAL,197.0,0.0,7.5,False
1767686241.47,2026-01-06 13:27:21,12,18,531,17.4%,76,NORMAL,196.0,0.0,7.6,False
1767686243.13,2026-01-06 13:27:23,11,18,531,17.4%,76,NORMAL,196.0,0.0,7.7,False
1767686244.90,2026-01-06 13:27:24,12,18,531,17.4%,76,NORMAL,195.0,0.0,7.8,False
1767686246.30,2026-01-06 13:27:26,12,18,532,17.5%,76,NORMAL,196.0,0.0,7.8,False
1767686247.86,2026-01-06 13:27:27,11,18,532,17.6%,76,NORMAL,195.0,0.0,7.8,False
1767686249.46,2026-01-06 13:27:29,12,18,533,17.6%,76,NORMAL,195.0,0.0,7.8,False
1767686251.03,2026-01-06 13:27:31,10,18,533,17.5%,76,NORMAL,195.0,0.0,7.8,False
1767686252.61,2026-01-06 13:27:32,10,18,534,17.4%,76,NORMAL,196.0,0.0,7.9,False
1767686254.12,2026-01-06 13:27:34,10,18,535,17.2%,76,NORMAL,196.0,0.0,7.9,False
1767686255.39,2026-01-06 13:27:35,11,18,536,17.2%,76,NORMAL,196.0,0.0,7.9,False
1767686256.80,2026-01-06 13:27:36,15,18,539,17.3%,76,NORMAL,197.0,0.0,7.9,False
1767686258.04,2026-01-06 13:27:38,12,18,539,17.4%,76,NORMAL,196.0,0.0,7.9,False
1767686259.15,2026-01-06 13:27:39,12,18,540,17.5%,76,NORMAL,197.0,0.0,7.9,False
1767686260.18,2026-01-06 13:27:40,11,18,540,17.4%,76,NORMAL,197.0,0.0,7.9,False
1767686261.28,2026-01-06 13:27:41,12,18,541,17.4%,76,NORMAL,197.0,0.0,7.9,False
1767686262.45,2026-01-06 13:27:42,12,18,541,17.4%,76,NORMAL,197.0,0.0,8.0,False
1767686263.55,2026-01-06 13:27:43,13,18,541,17.5%,76,NORMAL,196.0,0.0,8.0,False
1767686264.63,2026-01-06 13:27:44,12,18,541,17.5%,76,NORMAL,196.0,0.0,8.0,False
1767686265.69,2026-01-06 13:27:45,11,18,541,17.4%,76,NORMAL,195.0,0.0,8.1,False
1767686266.78,2026-01-06 13:27:46,10,18,542,17.4%,76,NORMAL,195.0,0.0,8.2,False
1767686267.92,2026-01-06 13:27:47,7,18,544,17.2%,76,NORMAL,197.0,0.0,8.3,False
1767686269.07,2026-01-06 13:27:49,10,18,546,17.1%,76,NORMAL,199.0,0.0,8.5,False
1767686270.26,2026-01-06 13:27:50,8,18,548,16.9%,76,NORMAL,201.0,0.0,8.5,False
1767686271.44,2026-01-06 13:27:51,11,18,549,16.9%,76,NORMAL,201.0,0.0,8.6,False
1767686272.53,2026-01-06 13:27:52,10,18,550,16.8%,76,NORMAL,201.0,0.0,8.7,False
1767686273.54,2026-01-06 13:27:53,13,18,551,17.0%,76,NORMAL,202.0,0.0,8.8,False
1767686274.68,2026-01-06 13:27:54,12,18,551,17.1%,76,NORMAL,201.0,0.0,8.9,False
1767686275.76,2026-01-06 13:27:55,12,18,551,17.2%,76,NORMAL,201.0,0.0,9.0,False
1767686276.89,2026-01-06 13:27:56,9,18,551,17.1%,76,NORMAL,200.0,0.0,9.2,False
1767686278.02,2026-01-06 13:27:58,10,18,551,17.0%,76,NORMAL,199.0,0.0,9.3,False
1767686279.03,2026-01-06 13:27:59,10,18,551,16.9%,76,NORMAL,199.0,0.0,9.4,False
1767686280.08,2026-01-06 13:28:00,12,18,551,17.0%,76,NORMAL,199.0,0.0,9.5,False
1767686281.17,2026-01-06 13:28:01,10,18,551,16.9%,76,NORMAL,199.0,0.0,9.5,False
1767686282.27,2026-01-06 13:28:02,9,18,551,16.7%,76,NORMAL,198.0,0.0,9.5,False
1767686283.34,2026-01-06 13:28:03,8,18,551,16.6%,76,NORMAL,197.0,0.0,9.5,False
1767686284.67,2026-01-06 13:28:04,8,18,552,16.4%,76,NORMAL,197.0,0.0,9.5,False
1767686285.68,2026-01-06 13:28:05,9,18,553,16.3%,76,NORMAL,198.0,0.0,9.5,False
1767686286.93,2026-01-06 13:28:06,9,18,553,16.3%,76,NORMAL,197.0,0.0,9.5,False
1767686288.05,2026-01-06 13:28:08,10,18,554,16.3%,76,NORMAL,198.0,0.0,9.5,False
1767686289.10,2026-01-06 13:28:09,11,18,556,16.3%,76,NORMAL,200.0,0.0,9.5,False
1767686290.27,2026-01-06 13:28:10,11,18,557,16.1%,76,NORMAL,199.0,0.0,9.5,False
1767686291.36,2026-01-06 13:28:11,9,18,557,16.0%,76,NORMAL,199.0,0.0,9.5,False
1767686292.45,2026-01-06 13:28:12,7,18,557,15.7%,76,NORMAL,199.0,0.0,9.5,False
1767686293.48,2026-01-06 13:28:13,6,18,557,15.5%,76,NORMAL,199.0,0.0,9.4,False
1767686294.55,2026-01-06 13:28:14,6,18,557,15.2%,76,NORMAL,197.0,0.0,9.4,False
1767686295.64,2026-01-06 13:28:15,6,18,558,14.9%,76,NORMAL,197.0,0.0,9.3,False
1767686296.89,2026-01-06 13:28:16,7,18,560,14.6%,76,NORMAL,198.0,0.0,9.3,False
1767686297.91,2026-01-06 13:28:17,7,18,561,14.3%,76,NORMAL,197.0,0.0,9.3,False
1767686299.29,2026-01-06 13:28:19,7,18,563,14.1%,76,NORMAL,199.0,0.0,9.3,False
1767686300.30,2026-01-06 13:28:20,7,18,563,14.0%,76,NORMAL,199.0,0.0,9.2,False
1767686301.47,2026-01-06 13:28:21,8,18,564,14.0%,76,NORMAL,200.0,0.0,9.1,False
1767686302.76,2026-01-06 13:28:22,7,18,564,13.9%,76,NORMAL,200.0,0.0,9.0,False
1767686303.78,2026-01-06 13:28:23,9,18,566,13.9%,76,NORMAL,201.0,0.0,9.0,False
1767686304.79,2026-01-06 13:28:24,10,18,567,13.9%,76,NORMAL,202.0,0.0,8.8,False
1767686305.87,2026-01-06 13:28:25,10,18,567,13.9%,76,NORMAL,201.0,0.0,8.7,False
1767686306.94,2026-01-06 13:28:26,9,18,567,13.7%,76,NORMAL,200.0,0.0,8.6,False
1767686307.94,2026-01-06 13:28:27,9,18,567,13.6%,76,NORMAL,199.0,0.0,8.6,False
1767686309.05,2026-01-06 13:28:29,7,18,567,13.3%,76,NORMAL,197.0,0.0,8.5,False
1767686310.08,2026-01-06 13:28:30,8,18,567,13.3%,76,NORMAL,197.0,0.0,8.6,False
1767686311.19,2026-01-06 13:28:31,8,18,567,13.2%,76,NORMAL,197.0,0.0,8.6,False
1767686312.19,2026-01-06 13:28:32,8,18,569,13.1%,76,NORMAL,196.0,0.0,8.7,False
1767686313.25,2026-01-06 13:28:33,7,18,570,12.8%,76,NORMAL,197.0,0.0,8.7,False
1767686314.40,2026-01-06 13:28:34,7,18,570,12.7%,76,NORMAL,196.0,0.0,8.7,False
1767686315.70,2026-01-06 13:28:35,8,18,571,12.6%,76,NORMAL,196.0,0.0,8.7,False
1767686316.88,2026-01-06 13:28:36,7,18,573,12.6%,76,NORMAL,197.0,0.0,8.6,False
1767686318.01,2026-01-06 13:28:38,8,18,574,12.6%,76,NORMAL,198.0,0.0,8.5,False
1767686319.09,2026-01-06 13:28:39,8,18,575,12.5%,76,NORMAL,198.0,0.0,8.5,False
1767686320.13,2026-01-06 13:28:40,6,18,575,12.4%,76,NORMAL,196.0,0.0,8.4,False
1767686321.26,2026-01-06 13:28:41,7,18,576,12.2%,76,NORMAL,197.0,0.0,8.4,False
1767686322.31,2026-01-06 13:28:42,9,18,577,12.1%,76,NORMAL,197.0,0.0,8.5,False
1767686323.42,2026-01-06 13:28:43,7,18,577,11.9%,76,NORMAL,197.0,0.0,8.6,False
1767686324.57,2026-01-06 13:28:44,6,18,577,11.8%,76,NORMAL,196.0,0.0,8.7,False
1767686325.69,2026-01-06 13:28:45,9,18,579,11.9%,76,NORMAL,198.0,0.0,8.8,False
1767686326.81,2026-01-06 13:28:46,8,18,581,12.0%,76,NORMAL,200.0,0.0,8.8,False
1767686327.92,2026-01-06 13:28:47,9,18,581,12.1%,76,NORMAL,200.0,0.0,8.8,False
1767686329.01,2026-01-06 13:28:49,8,18,581,12.2%,76,NORMAL,199.0,0.0,8.8,False
1767686330.10,2026-01-06 13:28:50,8,18,582,12.3%,76,NORMAL,199.0,0.0,8.8,False
1767686331.16,2026-01-06 13:28:51,7,18,583,12.3%,76,NORMAL,200.0,0.0,8.8,False
1767686332.16,2026-01-06 13:28:52,9,18,584,12.4%,76,NORMAL,201.0,0.0,8.7,False
1767686333.29,2026-01-06 13:28:53,9,18,585,12.5%,76,NORMAL,202.0,0.0,8.7,False
1767686334.44,2026-01-06 13:28:54,10,18,586,12.6%,76,NORMAL,203.0,0.0,8.7,False
1767686335.58,2026-01-06 13:28:55,9,18,586,12.7%,76,NORMAL,203.0,0.0,8.7,False
1767686336.67,2026-01-06 13:28:56,9,18,586,12.7%,76,NORMAL,201.0,0.0,8.7,False
1767686337.84,2026-01-06 13:28:57,12,18,588,12.8%,76,NORMAL,201.0,0.0,8.8,False
1767686338.89,2026-01-06 13:28:58,10,18,588,12.8%,76,NORMAL,200.0,0.0,8.8,False
1767686339.94,2026-01-06 13:28:59,12,18,589,12.9%,76,NORMAL,199.0,0.0,8.8,False
1767686341.22,2026-01-06 13:29:01,13,18,590,13.1%,76,NORMAL,198.0,0.0,8.8,False
1767686342.44,2026-01-06 13:29:02,12,18,590,13.4%,76,NORMAL,197.0,0.0,8.8,False
1767686343.81,2026-01-06 13:29:03,12,18,590,13.6%,76,NORMAL,197.0,0.0,8.7,False
1767686344.99,2026-01-06 13:29:04,12,18,590,13.7%,76,NORMAL,195.0,0.0,8.7,False
1767686346.45,2026-01-06 13:29:06,12,18,592,13.9%,76,NORMAL,196.0,0.0,8.6,False
1767686347.54,2026-01-06 13:29:07,10,18,592,14.1%,76,NORMAL,196.0,0.0,8.6,False
1767686348.77,2026-01-06 13:29:08,13,18,594,14.4%,76,NORMAL,198.0,0.0,8.5,False
1767686349.78,2026-01-06 13:29:09,15,18,595,14.7%,76,NORMAL,199.0,0.0,8.5,False
1767686350.83,2026-01-06 13:29:10,14,18,595,15.1%,76,NORMAL,198.0,0.0,8.4,False
1767686351.87,2026-01-06 13:29:11,13,18,595,15.3%,76,NORMAL,197.0,0.0,8.4,False
1767686353.14,2026-01-06 13:29:13,13,18,595,15.5%,76,NORMAL,197.0,0.0,8.3,False
1767686354.34,2026-01-06 13:29:14,13,18,597,15.9%,76,NORMAL,198.0,0.0,8.3,False
1767686355.68,2026-01-06 13:29:15,15,18,599,16.3%,76,NORMAL,199.0,0.0,8.3,False
1767686356.95,2026-01-06 13:29:16,13,18,600,16.5%,76,NORMAL,200.0,0.0,8.2,False
1767686358.43,2026-01-06 13:29:18,15,18,604,16.8%,76,NORMAL,203.0,0.0,8.2,False
1767686359.88,2026-01-06 13:29:19,15,18,604,17.3%,76,NORMAL,202.0,0.0,8.2,False
1767686361.22,2026-01-06 13:29:21,14,18,607,17.5%,76,NORMAL,205.0,0.0,8.2,False
1767686362.62,2026-01-06 13:29:22,16,18,607,17.9%,76,NORMAL,202.0,0.0,8.2,False
1767686363.82,2026-01-06 13:29:23,13,18,608,18.1%,76,NORMAL,201.0,0.0,8.3,False
1767686365.03,2026-01-06 13:29:25,13,18,608,18.3%,76,NORMAL,201.0,0.0,8.3,False
1767686366.20,2026-01-06 13:29:26,12,18,608,18.5%,76,NORMAL,201.0,0.0,8.3,False
1767686367.47,2026-01-06 13:29:27,12,18,608,18.8%,76,NORMAL,201.0,0.0,8.3,False
1767686368.84,2026-01-06 13:29:28,13,18,608,19.0%,76,NORMAL,201.0,0.0,8.4,False
1767686370.23,2026-01-06 13:29:30,13,18,608,19.2%,76,NORMAL,199.0,0.0,8.4,False
1767686371.69,2026-01-06 13:29:31,12,18,609,19.2%,76,NORMAL,200.0,0.0,8.5,False
1767686372.83,2026-01-06 13:29:32,12,18,609,19.4%,76,NORMAL,200.0,0.0,8.5,False
1767686373.95,2026-01-06 13:29:33,12,18,609,19.5%,76,NORMAL,200.0,0.0,8.5,False
1767686375.06,2026-01-06 13:29:35,11,18,610,19.5%,76,NORMAL,201.0,0.0,8.5,False
1767686376.27,2026-01-06 13:29:36,11,18,610,19.5%,76,NORMAL,200.0,0.0,8.4,False
1767686377.72,2026-01-06 13:29:37,13,18,612,19.6%,76,NORMAL,201.0,0.0,8.4,False
1767686379.12,2026-01-06 13:29:39,12,18,613,19.5%,76,NORMAL,200.0,0.0,8.3,False
1767686380.41,2026-01-06 13:29:40,12,18,613,19.5%,76,NORMAL,200.0,0.0,8.2,False
1767686381.77,2026-01-06 13:29:41,12,18,614,19.5%,76,NORMAL,200.0,0.0,8.2,False
1767686383.07,2026-01-06 13:29:43,11,18,614,19.5%,76,NORMAL,199.0,0.0,8.1,False
1767686384.41,2026-01-06 13:29:44,12,18,614,19.5%,76,NORMAL,199.0,0.0,8.1,False
1767686386.01,2026-01-06 13:29:46,12,18,615,19.6%,76,NORMAL,197.0,0.0,8.1,False
1767686387.60,2026-01-06 13:29:47,10,18,616,19.4%,76,NORMAL,198.0,0.0,8.1,False
1767686389.18,2026-01-06 13:29:49,13,18,618,19.3%,76,NORMAL,199.0,0.0,8.0,False
1767686390.41,2026-01-06 13:29:50,13,18,618,19.3%,76,NORMAL,199.0,0.0,7.9,False
1767686391.65,2026-01-06 13:29:51,14,18,620,19.3%,76,NORMAL,200.0,0.0,7.9,False
1767686392.86,2026-01-06 13:29:52,13,18,621,19.3%,76,NORMAL,201.0,0.0,7.8,False
1767686394.12,2026-01-06 13:29:54,13,18,621,19.3%,76,NORMAL,201.0,0.0,7.8,False
1767686395.38,2026-01-06 13:29:55,12,18,621,19.2%,76,NORMAL,201.0,0.0,7.8,False
1767686396.46,2026-01-06 13:29:56,12,18,621,19.2%,76,NORMAL,200.0,0.0,7.8,False
1767686397.46,2026-01-06 13:29:57,11,18,622,19.0%,76,NORMAL,201.0,0.0,7.8,False
1767686398.62,2026-01-06 13:29:58,10,18,623,18.7%,76,NORMAL,200.0,0.0,7.8,False
1767686399.64,2026-01-06 13:29:59,12,18,625,18.6%,76,NORMAL,201.0,0.0,7.8,False
1767686400.78,2026-01-06 13:30:00,13,18,625,18.5%,76,NORMAL,200.0,0.0,7.9,False
1767686401.79,2026-01-06 13:30:01,13,18,625,18.5%,76,NORMAL,200.0,0.0,7.9,False
1767686403.04,2026-01-06 13:30:03,12,18,625,18.5%,76,NORMAL,200.0,0.0,8.0,False
1767686404.47,2026-01-06 13:30:04,13,18,625,18.5%,76,NORMAL,199.0,0.0,8.1,False
1767686405.61,2026-01-06 13:30:05,13,18,625,18.6%,76,NORMAL,199.0,0.0,8.1,False
1767686406.79,2026-01-06 13:30:06,13,18,625,18.6%,76,NORMAL,199.0,0.0,8.2,False
1767686407.83,2026-01-06 13:30:07,11,18,625,18.5%,76,NORMAL,199.0,0.0,8.2,False
1767686408.91,2026-01-06 13:30:08,11,18,625,18.4%,76,NORMAL,196.0,0.0,8.2,False
1767686410.01,2026-01-06 13:30:10,11,18,627,18.4%,76,NORMAL,198.0,0.0,8.3,False
1767686411.21,2026-01-06 13:30:11,12,18,628,18.4%,76,NORMAL,197.0,0.0,8.4,False
1767686412.39,2026-01-06 13:30:12,12,18,628,18.4%,76,NORMAL,197.0,0.0,8.5,False
1767686413.45,2026-01-06 13:30:13,14,18,630,18.6%,76,NORMAL,199.0,0.0,8.5,False
1767686414.51,2026-01-06 13:30:14,14,18,631,18.6%,76,NORMAL,200.0,0.0,8.6,False
1767686415.60,2026-01-06 13:30:15,14,18,632,18.7%,76,NORMAL,201.0,0.0,8.6,False
1767686416.72,2026-01-06 13:30:16,13,18,633,18.7%,76,NORMAL,202.0,0.0,8.6,False
1767686418.16,2026-01-06 13:30:18,12,18,634,18.7%,76,NORMAL,203.0,0.0,8.6,False
1767686419.41,2026-01-06 13:30:19,13,18,634,18.8%,76,NORMAL,202.0,0.0,8.6,False
1767686420.71,2026-01-06 13:30:20,13,18,635,18.9%,76,NORMAL,203.0,0.0,8.6,False
1767686421.90,2026-01-06 13:30:21,11,18,636,18.8%,76,NORMAL,204.0,0.0,8.7,False
1767686423.29,2026-01-06 13:30:23,11,18,637,18.9%,76,NORMAL,205.0,0.0,8.7,False
1767686424.74,2026-01-06 13:30:24,11,18,638,18.8%,76,NORMAL,206.0,0.0,8.8,False
1767686426.05,2026-01-06 13:30:26,9,18,638,18.6%,76,NORMAL,206.0,0.0,8.8,False
1767686427.43,2026-01-06 13:30:27,11,18,640,18.5%,76,NORMAL,207.0,0.0,8.8,False
1767686428.61,2026-01-06 13:30:28,10,18,640,18.3%,76,NORMAL,206.0,0.0,8.7,False
1767686429.75,2026-01-06 13:30:29,11,18,643,18.2%,76,NORMAL,209.0,0.0,8.7,False
1767686431.08,2026-01-06 13:30:31,10,18,643,18.1%,76,NORMAL,208.0,0.0,8.6,False
1767686432.33,2026-01-06 13:30:32,12,18,644,18.1%,76,NORMAL,208.0,0.0,8.6,False
1767686433.60,2026-01-06 13:30:33,10,18,645,18.1%,76,NORMAL,209.0,0.0,8.6,False
1767686434.90,2026-01-06 13:30:34,12,18,647,18.2%,76,NORMAL,211.0,0.0,8.5,False
1767686436.13,2026-01-06 13:30:36,12,18,647,18.2%,76,NORMAL,211.0,0.0,8.5,False
1767686437.35,2026-01-06 13:30:37,11,18,647,18.1%,76,NORMAL,211.0,0.0,8.4,False
1767686438.49,2026-01-06 13:30:38,11,18,649,18.0%,76,NORMAL,213.0,0.0,8.4,False
1767686439.71,2026-01-06 13:30:39,13,18,651,18.0%,76,NORMAL,215.0,0.0,8.3,False
1767686441.14,2026-01-06 13:30:41,13,18,651,18.0%,76,NORMAL,215.0,0.0,8.2,False
1767686442.59,2026-01-06 13:30:42,14,18,652,18.1%,76,NORMAL,216.0,0.0,8.1,False
1767686443.97,2026-01-06 13:30:43,12,18,652,18.0%,76,NORMAL,216.0,0.0,8.0,False
1767686445.31,2026-01-06 13:30:45,13,18,653,18.1%,76,NORMAL,217.0,0.0,8.0,False
1767686446.75,2026-01-06 13:30:46,14,18,654,18.3%,76,NORMAL,217.0,0.0,7.9,False
1767686448.27,2026-01-06 13:30:48,15,18,656,18.4%,76,NORMAL,219.0,0.0,7.9,False
1767686449.45,2026-01-06 13:30:49,12,18,656,18.4%,76,NORMAL,219.0,0.0,7.9,False
1767686450.62,2026-01-06 13:30:50,11,18,656,18.4%,76,NORMAL,218.0,0.0,7.9,False
1767686451.76,2026-01-06 13:30:51,11,18,656,18.3%,76,NORMAL,218.0,0.0,8.0,False
1767686452.83,2026-01-06 13:30:52,11,18,656,18.1%,76,NORMAL,218.0,0.0,8.0,False
1767686453.94,2026-01-06 13:30:53,10,18,656,17.9%,76,NORMAL,218.0,0.0,8.1,False
1767686454.94,2026-01-06 13:30:54,11,18,657,17.8%,76,NORMAL,219.0,0.0,8.2,False
1767686456.10,2026-01-06 13:30:56,11,18,657,17.8%,76,NORMAL,218.0,0.0,8.2,False
1767686457.14,2026-01-06 13:30:57,11,18,659,17.7%,76,NORMAL,219.0,0.0,8.2,False
1767686458.28,2026-01-06 13:30:58,9,18,660,17.5%,76,NORMAL,220.0,0.0,8.2,False
1767686459.43,2026-01-06 13:30:59,12,18,661,17.5%,76,NORMAL,221.0,0.0,8.2,False
1767686460.47,2026-01-06 13:31:00,12,18,662,17.6%,76,NORMAL,221.0,0.0,8.3,False
1767686461.56,2026-01-06 13:31:01,10,18,663,17.5%,76,NORMAL,222.0,0.0,8.4,False
1767686462.65,2026-01-06 13:31:02,9,18,663,17.5%,76,NORMAL,221.0,0.0,8.5,False
1767686463.68,2026-01-06 13:31:03,9,18,664,17.4%,76,NORMAL,221.0,0.0,8.5,False
1767686464.73,2026-01-06 13:31:04,10,18,664,17.4%,76,NORMAL,220.0,0.0,8.5,False
1767686465.78,2026-01-06 13:31:05,9,18,665,17.4%,76,NORMAL,221.0,0.0,8.6,False
1767686467.08,2026-01-06 13:31:07,9,18,665,17.3%,76,NORMAL,220.0,0.0,8.6,False
1767686468.83,2026-01-06 13:31:08,10,18,667,17.2%,76,NORMAL,221.0,0.0,8.6,False
1767686470.11,2026-01-06 13:31:10,9,18,667,17.2%,76,NORMAL,220.0,0.0,8.5,False
1767686471.29,2026-01-06 13:31:11,9,18,667,17.0%,76,NORMAL,219.0,0.0,8.4,False
1767686472.40,2026-01-06 13:31:12,8,18,667,16.8%,76,NORMAL,218.0,0.0,8.3,False
1767686473.54,2026-01-06 13:31:13,8,18,667,16.7%,76,NORMAL,218.0,0.0,8.3,False
1767686474.67,2026-01-06 13:31:14,8,18,667,16.5%,76,NORMAL,218.0,0.0,8.2,False
1767686475.78,2026-01-06 13:31:15,8,18,668,16.3%,76,NORMAL,217.0,0.0,8.2,False
1767686476.92,2026-01-06 13:31:16,8,18,668,16.0%,76,NORMAL,217.0,0.0,8.2,False
1767686478.39,2026-01-06 13:31:18,9,18,669,15.8%,76,NORMAL,216.0,0.0,8.2,False
1767686479.68,2026-01-06 13:31:19,10,18,670,15.7%,76,NORMAL,217.0,0.0,8.1,False
1767686480.86,2026-01-06 13:31:20,8,18,670,15.5%,76,NORMAL,217.0,0.0,8.1,False
1767686481.94,2026-01-06 13:31:21,7,18,670,15.1%,76,NORMAL,216.0,0.0,8.1,False
1767686483.00,2026-01-06 13:31:22,7,18,670,14.7%,76,NORMAL,215.0,0.0,8.0,False
1767686484.08,2026-01-06 13:31:24,7,18,670,14.5%,76,NORMAL,215.0,0.0,8.0,False
1767686485.17,2026-01-06 13:31:25,7,18,670,14.3%,76,NORMAL,215.0,0.0,7.9,False
1767686486.31,2026-01-06 13:31:26,7,18,670,14.1%,76,NORMAL,214.0,0.0,8.0,False
1767686487.52,2026-01-06 13:31:27,9,18,671,14.0%,76,NORMAL,215.0,0.0,8.0,False
1767686488.67,2026-01-06 13:31:28,8,18,671,13.9%,76,NORMAL,214.0,0.0,8.1,False
1767686489.82,2026-01-06 13:31:29,9,18,672,13.8%,76,NORMAL,214.0,0.0,8.2,False
1767686490.94,2026-01-06 13:31:30,7,18,672,13.6%,76,NORMAL,214.0,0.0,8.3,False
1767686492.05,2026-01-06 13:31:32,8,18,672,13.5%,76,NORMAL,213.0,0.0,8.4,False
1767686493.17,2026-01-06 13:31:33,8,18,673,13.4%,76,NORMAL,213.0,0.0,8.5,False
1767686494.54,2026-01-06 13:31:34,8,18,673,13.2%,76,NORMAL,212.0,0.0,8.5,False
1767686495.71,2026-01-06 13:31:35,7,18,673,13.0%,76,NORMAL,211.0,0.0,8.5,False
1767686496.77,2026-01-06 13:31:36,7,18,673,12.8%,76,NORMAL,211.0,0.0,8.5,False
1767686498.07,2026-01-06 13:31:38,7,18,673,12.7%,76,NORMAL,211.0,0.0,8.5,False
1767686499.15,2026-01-06 13:31:39,8,18,673,12.7%,76,NORMAL,211.0,0.0,8.5,False
1767686500.28,2026-01-06 13:31:40,7,18,673,12.5%,76,NORMAL,211.0,0.0,8.5,False
1767686501.39,2026-01-06 13:31:41,7,18,674,12.4%,76,NORMAL,212.0,0.0,8.5,False
1767686502.44,2026-01-06 13:31:42,8,18,674,12.4%,76,NORMAL,212.0,0.0,8.5,False
1767686503.49,2026-01-06 13:31:43,7,18,674,12.2%,76,NORMAL,212.0,0.0,8.6,False
1767686504.66,2026-01-06 13:31:44,7,18,674,12.1%,76,NORMAL,212.0,0.0,8.6,False
1767686505.80,2026-01-06 13:31:45,7,18,674,12.0%,76,NORMAL,212.0,0.0,8.6,False
1767686506.99,2026-01-06 13:31:46,8,18,675,12.0%,76,NORMAL,212.0,0.0,8.6,False
1767686508.22,2026-01-06 13:31:48,8,18,675,12.0%,76,NORMAL,210.0,0.0,8.7,False
1767686509.27,2026-01-06 13:31:49,7,18,675,12.0%,76,NORMAL,210.0,0.0,8.7,False
1767686510.36,2026-01-06 13:31:50,7,18,675,11.9%,76,NORMAL,209.0,0.0,8.7,False
1767686511.52,2026-01-06 13:31:51,7,18,675,11.9%,76,NORMAL,209.0,0.0,8.7,False
1767686512.55,2026-01-06 13:31:52,6,18,675,11.7%,76,NORMAL,209.0,0.0,8.7,False
1767686513.65,2026-01-06 13:31:53,7,18,676,11.6%,76,NORMAL,209.0,0.0,8.7,False
1767686514.88,2026-01-06 13:31:54,7,18,677,11.5%,76,NORMAL,209.0,0.0,8.7,False
1767686515.99,2026-01-06 13:31:55,6,18,678,11.5%,76,NORMAL,208.0,0.0,8.7,False
1767686517.12,2026-01-06 13:31:57,6,18,678,11.4%,76,NORMAL,207.0,0.0,8.8,False
1767686518.15,2026-01-06 13:31:58,6,18,678,11.4%,76,NORMAL,207.0,0.0,8.8,False
1767686519.23,2026-01-06 13:31:59,8,18,680,11.4%,76,NORMAL,209.0,0.0,8.9,False
1767686520.24,2026-01-06 13:32:00,6,18,680,11.4%,76,NORMAL,209.0,0.0,8.9,False
1767686521.29,2026-01-06 13:32:01,6,18,682,11.2%,76,NORMAL,211.0,0.0,9.0,False
1767686522.53,2026-01-06 13:32:02,7,18,682,11.2%,76,NORMAL,211.0,0.0,9.0,False
1767686523.63,2026-01-06 13:32:03,6,18,682,11.0%,76,NORMAL,210.0,0.0,9.0,False
1767686524.99,2026-01-06 13:32:04,7,18,682,11.0%,76,NORMAL,210.0,0.0,8.9,False
1767686526.01,2026-01-06 13:32:06,6,18,682,10.9%,76,NORMAL,210.0,0.0,8.9,False
1767686527.08,2026-01-06 13:32:07,5,18,682,10.8%,76,NORMAL,210.0,0.0,8.9,False
1767686528.20,2026-01-06 13:32:08,5,18,683,10.6%,76,NORMAL,211.0,0.0,8.8,False
1767686529.31,2026-01-06 13:32:09,5,18,683,10.5%,76,NORMAL,211.0,0.0,8.7,False
1767686530.40,2026-01-06 13:32:10,5,18,683,10.4%,76,NORMAL,209.0,0.0,8.7,False
1767686531.45,2026-01-06 13:32:11,5,18,683,10.3%,76,NORMAL,207.0,0.0,8.7,False
1767686532.47,2026-01-06 13:32:12,5,18,683,10.2%,76,NORMAL,206.0,0.0,8.6,False
1767686533.55,2026-01-06 13:32:13,5,18,683,10.1%,76,NORMAL,206.0,0.0,8.5,False
1767686534.59,2026-01-06 13:32:14,5,18,683,10.0%,76,NORMAL,206.0,0.0,8.5,False
1767686535.90,2026-01-06 13:32:15,5,18,683,9.8%,76,NORMAL,205.0,0.0,8.4,False
1767686537.01,2026-01-06 13:32:17,5,18,683,9.7%,76,NORMAL,204.0,0.0,8.3,False
1767686538.10,2026-01-06 13:32:18,5,18,683,9.6%,76,NORMAL,203.0,0.0,8.3,False
1767686539.29,2026-01-06 13:32:19,5,18,683,9.5%,76,NORMAL,203.0,0.0,8.3,False
1767686540.42,2026-01-06 13:32:20,5,18,683,9.4%,76,NORMAL,202.0,0.0,8.3,False
1767686541.51,2026-01-06 13:32:21,5,18,683,9.2%,76,NORMAL,202.0,0.0,8.2,False
1767686542.54,2026-01-06 13:32:22,5,18,683,9.1%,76,NORMAL,202.0,0.0,8.2,False
1767686543.57,2026-01-06 13:32:23,5,18,683,9.0%,76,NORMAL,202.0,0.0,8.1,False
1767686544.70,2026-01-06 13:32:24,3,18,683,8.8%,76,NORMAL,201.0,0.0,8.0,False
1767686545.92,2026-01-06 13:32:25,3,18,683,8.6%,76,NORMAL,199.0,0.0,8.0,False
1767686547.04,2026-01-06 13:32:27,4,18,683,8.5%,76,NORMAL,197.0,0.0,8.1,False
1767686548.18,2026-01-06 13:32:28,3,18,683,8.3%,76,NORMAL,197.0,0.0,8.1,False
1767686549.30,2026-01-06 13:32:29,3,18,683,8.1%,76,NORMAL,195.0,0.0,8.2,False
1767686550.41,2026-01-06 13:32:30,3,18,683,8.0%,76,NORMAL,194.0,0.0,8.3,False
1767686551.55,2026-01-06 13:32:31,3,18,683,7.8%,76,NORMAL,194.0,0.0,8.4,False
1767686552.63,2026-01-06 13:32:32,3,18,683,7.6%,76,NORMAL,194.0,0.0,8.5,False
1767686553.85,2026-01-06 13:32:33,2,18,683,7.4%,76,NORMAL,194.0,0.0,8.5,False
1767686555.08,2026-01-06 13:32:35,2,18,683,7.1%,76,NORMAL,194.0,0.0,8.4,False
1767686556.10,2026-01-06 13:32:36,2,18,683,6.9%,76,NORMAL,194.0,0.0,8.3,False
1767686557.14,2026-01-06 13:32:37,2,18,683,6.7%,76,NORMAL,194.0,0.0,8.2,False
1767686558.56,2026-01-06 13:32:38,2,18,683,6.4%,76,NORMAL,193.0,0.0,8.1,False
1767686559.67,2026-01-06 13:32:39,2,18,683,6.2%,76,NORMAL,193.0,0.0,8.0,False
1767686560.73,2026-01-06 13:32:40,3,18,683,6.1%,76,NORMAL,193.0,0.0,8.1,False
1767686561.91,2026-01-06 13:32:41,2,18,683,6.0%,76,NORMAL,193.0,0.0,8.2,False
1767686562.98,2026-01-06 13:32:42,4,18,684,5.9%,76,NORMAL,194.0,0.0,8.1,False
1767686564.14,2026-01-06 13:32:44,5,18,685,5.9%,76,NORMAL,195.0,0.0,8.1,False
1767686565.21,2026-01-06 13:32:45,5,18,685,5.9%,76,NORMAL,195.0,0.0,8.0,False
1767686566.40,2026-01-06 13:32:46,5,18,685,5.9%,76,NORMAL,193.0,0.0,7.9,False
1767686567.42,2026-01-06 13:32:47,5,18,685,5.9%,76,NORMAL,193.0,0.0,7.8,False
1767686568.50,2026-01-06 13:32:48,5,18,685,5.9%,76,NORMAL,193.0,0.0,7.6,False
1767686569.55,2026-01-06 13:32:49,4,18,685,5.8%,76,NORMAL,193.0,0.0,7.5,False
1767686570.78,2026-01-06 13:32:50,3,18,685,5.7%,76,NORMAL,193.0,0.0,7.5,False
1767686571.90,2026-01-06 13:32:51,4,18,685,5.7%,76,NORMAL,191.0,0.0,7.7,False
1767686572.92,2026-01-06 13:32:52,4,18,685,5.6%,76,NORMAL,190.0,0.0,7.7,False
1767686573.94,2026-01-06 13:32:53,5,18,685,5.6%,76,NORMAL,190.0,0.0,7.8,False
1767686574.96,2026-01-06 13:32:54,5,18,685,5.6%,76,NORMAL,190.0,0.0,7.8,False
1767686575.98,2026-01-06 13:32:55,5,18,685,5.6%,76,NORMAL,190.0,0.0,7.8,False
1767686577.12,2026-01-06 13:32:57,4,18,685,5.6%,76,NORMAL,189.0,0.0,7.9,False
1767686578.16,2026-01-06 13:32:58,5,18,685,5.7%,76,NORMAL,189.0,0.0,7.8,False
1767686579.18,2026-01-06 13:32:59,4,18,685,5.7%,76,NORMAL,188.0,0.0,7.8,False
1767686580.34,2026-01-06 13:33:00,4,18,685,5.7%,76,NORMAL,188.0,0.0,7.8,False
1767686581.46,2026-01-06 13:33:01,4,18,685,5.8%,76,NORMAL,187.0,0.0,7.9,False
1767686582.52,2026-01-06 13:33:02,4,18,685,5.9%,76,NORMAL,187.0,0.0,7.9,False
1767686583.75,2026-01-06 13:33:03,5,18,687,6.0%,76,NORMAL,189.0,0.0,7.9,False
1767686584.77,2026-01-06 13:33:04,5,18,687,6.1%,76,NORMAL,189.0,0.0,7.9,False
1767686585.92,2026-01-06 13:33:05,5,18,687,6.2%,76,NORMAL,188.0,0.0,7.9,False
1767686586.98,2026-01-06 13:33:06,5,18,687,6.3%,76,NORMAL,188.0,0.0,7.9,False
1767686587.99,2026-01-06 13:33:07,5,18,687,6.5%,76,NORMAL,188.0,0.0,7.9,False
1767686589.14,2026-01-06 13:33:09,7,18,687,6.7%,76,NORMAL,187.0,0.0,8.0,False
1767686590.17,2026-01-06 13:33:10,6,18,687,6.9%,76,NORMAL,187.0,0.0,8.0,False
1767686591.17,2026-01-06 13:33:11,5,18,687,7.1%,76,NORMAL,187.0,0.0,8.0,False
1767686592.18,2026-01-06 13:33:12,7,18,688,7.4%,76,NORMAL,186.0,0.0,8.0,False
1767686593.37,2026-01-06 13:33:13,6,18,688,7.5%,76,NORMAL,186.0,0.0,8.0,False
1767686594.47,2026-01-06 13:33:14,5,18,688,7.7%,76,NORMAL,185.0,0.0,8.0,False
1767686595.84,2026-01-06 13:33:15,7,18,689,7.8%,76,NORMAL,186.0,0.0,8.0,False
1767686597.24,2026-01-06 13:33:17,6,18,689,7.9%,76,NORMAL,185.0,0.0,8.0,False
1767686598.31,2026-01-06 13:33:18,6,18,689,7.9%,76,NORMAL,184.0,0.0,8.0,False
1767686599.32,2026-01-06 13:33:19,6,18,689,8.0%,76,NORMAL,184.0,0.0,7.9,False
1767686600.45,2026-01-06 13:33:20,5,18,689,8.0%,76,NORMAL,183.0,0.0,7.9,False
1767686601.59,2026-01-06 13:33:21,6,18,691,8.0%,76,NORMAL,185.0,0.0,7.9,False
1767686602.63,2026-01-06 13:33:22,5,18,691,8.1%,76,NORMAL,184.0,0.0,8.0,False
1767686603.64,2026-01-06 13:33:23,5,18,692,8.2%,76,NORMAL,185.0,0.0,8.0,False
1767686604.71,2026-01-06 13:33:24,5,18,693,8.2%,76,NORMAL,186.0,0.0,8.1,False
1767686605.80,2026-01-06 13:33:25,5,18,693,8.3%,76,NORMAL,185.0,0.0,8.1,False
1767686606.95,2026-01-06 13:33:26,7,18,694,8.4%,76,NORMAL,186.0,0.0,8.2,False
1767686608.21,2026-01-06 13:33:28,8,18,696,8.5%,76,NORMAL,187.0,0.0,8.2,False
1767686609.25,2026-01-06 13:33:29,8,18,696,8.7%,76,NORMAL,186.0,0.0,8.2,False
1767686610.37,2026-01-06 13:33:30,6,18,696,8.8%,76,NORMAL,184.0,0.0,8.2,False
1767686611.37,2026-01-06 13:33:31,7,18,697,8.9%,76,NORMAL,185.0,0.0,8.2,False
1767686612.52,2026-01-06 13:33:32,8,18,697,9.1%,76,NORMAL,184.0,0.0,8.3,False
1767686613.67,2026-01-06 13:33:33,7,18,697,9.3%,76,NORMAL,181.0,0.0,8.4,False
1767686614.68,2026-01-06 13:33:34,7,18,697,9.4%,76,NORMAL,181.0,0.0,8.5,False
1767686615.72,2026-01-06 13:33:35,8,18,697,9.6%,76,NORMAL,181.0,0.0,8.6,False
1767686616.76,2026-01-06 13:33:36,7,18,697,9.7%,76,NORMAL,180.0,0.0,8.7,False
1767686617.92,2026-01-06 13:33:37,7,18,697,9.8%,76,NORMAL,180.0,0.0,8.7,False
1767686618.93,2026-01-06 13:33:38,8,18,698,10.0%,76,NORMAL,180.0,0.0,8.8,False
1767686620.04,2026-01-06 13:33:40,7,18,698,10.1%,76,NORMAL,180.0,0.0,8.8,False
1767686621.05,2026-01-06 13:33:41,7,18,698,10.2%,76,NORMAL,179.0,0.0,8.8,False
1767686622.13,2026-01-06 13:33:42,7,18,699,10.2%,76,NORMAL,180.0,0.0,8.8,False
1767686623.17,2026-01-06 13:33:43,7,18,699,10.2%,76,NORMAL,178.0,0.0,8.8,False
1767686624.28,2026-01-06 13:33:44,7,18,699,10.3%,76,NORMAL,177.0,0.0,8.8,False
1767686625.34,2026-01-06 13:33:45,7,18,699,10.3%,76,NORMAL,176.0,0.0,8.8,False
1767686626.37,2026-01-06 13:33:46,6,18,699,10.3%,76,NORMAL,176.0,0.0,8.9,False
1767686627.53,2026-01-06 13:33:47,6,18,699,10.4%,76,NORMAL,176.0,0.0,8.9,False
1767686628.68,2026-01-06 13:33:48,6,18,699,10.3%,76,NORMAL,176.0,0.0,8.9,False
1767686629.69,2026-01-06 13:33:49,6,18,699,10.3%,76,NORMAL,176.0,0.0,8.9,False
1767686630.81,2026-01-06 13:33:50,6,18,699,10.3%,76,NORMAL,176.0,0.0,8.9,False
1767686631.87,2026-01-06 13:33:51,6,18,699,10.3%,76,NORMAL,176.0,0.0,8.9,False
1767686632.95,2026-01-06 13:33:52,5,18,699,10.3%,76,NORMAL,176.0,0.0,8.8,False
1767686634.11,2026-01-06 13:33:54,4,18,699,10.2%,76,NORMAL,176.0,0.0,8.8,False
1767686635.12,2026-01-06 13:33:55,5,18,700,10.2%,76,NORMAL,177.0,0.0,8.7,False
1767686636.17,2026-01-06 13:33:56,5,18,700,10.2%,76,NORMAL,176.0,0.0,8.6,False
1767686637.20,2026-01-06 13:33:57,5,18,700,10.2%,76,NORMAL,176.0,0.0,8.6,False
1767686638.38,2026-01-06 13:33:58,5,18,700,10.2%,76,NORMAL,175.0,0.0,8.6,False
1767686639.51,2026-01-06 13:33:59,5,18,700,10.1%,76,NORMAL,175.0,0.0,8.6,False
1767686640.63,2026-01-06 13:34:00,3,18,700,9.9%,76,NORMAL,175.0,0.0,8.6,False
1767686641.81,2026-01-06 13:34:01,3,18,700,9.6%,76,NORMAL,175.0,0.0,8.7,False
1767686642.82,2026-01-06 13:34:02,4,18,701,9.5%,76,NORMAL,175.0,0.0,8.7,False
1767686644.02,2026-01-06 13:34:04,4,18,701,9.4%,76,NORMAL,175.0,0.0,8.6,False
1767686645.14,2026-01-06 13:34:05,4,18,701,9.1%,76,NORMAL,175.0,0.0,8.5,False
1767686646.25,2026-01-06 13:34:06,4,18,701,9.0%,76,NORMAL,175.0,0.0,8.5,False
1767686647.31,2026-01-06 13:34:07,5,18,702,8.9%,76,NORMAL,176.0,0.0,8.4,False
1767686648.32,2026-01-06 13:34:08,5,18,702,8.7%,76,NORMAL,175.0,0.0,8.4,False
1767686649.70,2026-01-06 13:34:09,5,18,702,8.6%,76,NORMAL,174.0,0.0,8.3,False
1767686650.87,2026-01-06 13:34:10,5,18,702,8.5%,76,NORMAL,172.0,0.0,8.3,False
1767686651.95,2026-01-06 13:34:11,5,18,703,8.4%,76,NORMAL,172.0,0.0,8.3,False
1767686653.00,2026-01-06 13:34:12,5,18,703,8.3%,76,NORMAL,172.0,0.0,8.3,False
1767686654.06,2026-01-06 13:34:14,5,18,703,8.2%,76,NORMAL,171.0,0.0,8.2,False
1767686655.13,2026-01-06 13:34:15,5,18,703,8.1%,76,NORMAL,171.0,0.0,8.3,False
1767686656.50,2026-01-06 13:34:16,5,18,703,8.0%,76,NORMAL,170.0,0.0,8.3,False
1767686658.07,2026-01-06 13:34:18,6,18,704,7.9%,76,NORMAL,170.0,0.0,8.3,False
1767686659.07,2026-01-06 13:34:19,6,18,704,7.9%,76,NORMAL,170.0,0.0,8.2,False
1767686660.38,2026-01-06 13:34:20,6,18,704,7.9%,76,NORMAL,169.0,0.0,8.1,False
1767686661.45,2026-01-06 13:34:21,6,18,704,7.9%,76,NORMAL,166.0,0.0,8.0,False
1767686662.55,2026-01-06 13:34:22,6,18,704,7.9%,76,NORMAL,165.0,0.0,7.9,False
1767686663.84,2026-01-06 13:34:23,6,18,704,7.9%,76,NORMAL,164.0,0.0,7.9,False
1767686664.95,2026-01-06 13:34:24,6,18,704,7.9%,76,NORMAL,163.0,0.0,8.0,False
1767686665.98,2026-01-06 13:34:25,7,18,705,7.9%,76,NORMAL,164.0,0.0,8.1,False
1767686667.00,2026-01-06 13:34:27,6,18,705,8.0%,76,NORMAL,164.0,0.0,8.3,False
1767686668.13,2026-01-06 13:34:28,6,18,705,8.1%,76,NORMAL,164.0,0.0,8.5,False
1767686669.15,2026-01-06 13:34:29,6,18,705,8.1%,76,NORMAL,164.0,0.0,8.6,False
1767686670.29,2026-01-06 13:34:30,5,18,705,8.1%,76,NORMAL,163.0,0.0,8.7,False
1767686671.33,2026-01-06 13:34:31,6,18,706,8.2%,76,NORMAL,161.0,0.0,8.8,False
1767686672.45,2026-01-06 13:34:32,6,18,706,8.2%,76,NORMAL,160.0,0.0,8.9,False
1767686673.48,2026-01-06 13:34:33,6,18,706,8.3%,76,NORMAL,157.0,0.0,8.9,False
1767686674.61,2026-01-06 13:34:34,6,18,706,8.4%,76,NORMAL,156.0,0.0,8.8,False
1767686675.65,2026-01-06 13:34:35,6,18,706,8.6%,76,NORMAL,155.0,0.0,8.9,False
1767686676.73,2026-01-06 13:34:36,6,18,706,8.7%,76,NORMAL,155.0,0.0,8.9,False
1767686677.98,2026-01-06 13:34:37,6,18,706,8.8%,76,NORMAL,155.0,0.0,8.9,False
1767686678.99,2026-01-06 13:34:38,6,18,706,8.9%,76,NORMAL,155.0,0.0,8.9,False
1767686680.28,2026-01-06 13:34:40,6,18,706,9.0%,76,NORMAL,155.0,0.0,8.9,False
1767686681.34,2026-01-06 13:34:41,6,18,707,9.1%,76,NORMAL,156.0,0.0,8.8,False
1767686682.51,2026-01-06 13:34:42,6,18,707,9.1%,76,NORMAL,156.0,0.0,8.6,False
1767686683.52,2026-01-06 13:34:43,6,18,707,9.2%,76,NORMAL,156.0,0.0,8.5,False
1767686684.73,2026-01-06 13:34:44,6,18,707,9.2%,76,NORMAL,156.0,0.0,8.4,False
1767686685.88,2026-01-06 13:34:45,7,18,708,9.3%,76,NORMAL,157.0,0.0,8.2,False
1767686687.04,2026-01-06 13:34:47,7,18,708,9.4%,76,NORMAL,157.0,0.0,8.2,False
1767686688.16,2026-01-06 13:34:48,8,18,709,9.6%,76,NORMAL,157.0,0.0,8.0,False
1767686689.36,2026-01-06 13:34:49,9,18,710,9.8%,76,NORMAL,157.0,0.0,7.9,False
1767686690.49,2026-01-06 13:34:50,8,18,710,9.9%,76,NORMAL,157.0,0.0,7.8,False
1767686691.83,2026-01-06 13:34:51,6,18,710,9.9%,76,NORMAL,155.0,0.0,7.7,False
1767686692.94,2026-01-06 13:34:52,7,18,710,10.0%,76,NORMAL,154.0,0.0,7.6,False
1767686694.01,2026-01-06 13:34:54,7,18,711,10.0%,76,NORMAL,154.0,0.0,7.6,False
1767686695.02,2026-01-06 13:34:55,6,18,711,10.0%,76,NORMAL,154.0,0.0,7.5,False
1767686696.16,2026-01-06 13:34:56,6,18,711,10.0%,76,NORMAL,154.0,0.0,7.5,False
1767686697.46,2026-01-06 13:34:57,6,18,711,10.0%,76,NORMAL,154.0,0.0,7.6,False
1767686698.55,2026-01-06 13:34:58,6,18,711,10.0%,76,NORMAL,154.0,0.0,7.6,False
1767686699.62,2026-01-06 13:34:59,6,18,711,10.0%,76,NORMAL,154.0,0.0,7.7,False
1767686700.76,2026-01-06 13:35:00,6,18,711,10.0%,76,NORMAL,152.0,0.0,7.8,False
1767686701.83,2026-01-06 13:35:01,6,18,711,10.0%,76,NORMAL,150.0,0.0,7.9,False
1767686702.99,2026-01-06 13:35:02,6,18,712,10.0%,76,NORMAL,151.0,0.0,7.9,False
1767686704.13,2026-01-06 13:35:04,5,18,712,10.0%,76,NORMAL,149.0,0.0,8.0,False
1767686705.28,2026-01-06 13:35:05,5,18,712,9.9%,76,NORMAL,148.0,0.0,8.1,False
1767686706.30,2026-01-06 13:35:06,6,18,712,9.9%,76,NORMAL,148.0,0.0,8.1,False
1767686707.40,2026-01-06 13:35:07,5,18,712,9.9%,76,NORMAL,146.0,0.0,8.2,False
1767686708.47,2026-01-06 13:35:08,4,18,712,9.8%,76,NORMAL,145.0,0.0,8.2,False
1767686709.60,2026-01-06 13:35:09,4,18,712,9.7%,76,NORMAL,145.0,0.0,8.2,False
1767686710.68,2026-01-06 13:35:10,5,18,713,9.6%,76,NORMAL,146.0,0.0,8.2,False
1767686711.71,2026-01-06 13:35:11,5,18,713,9.6%,76,NORMAL,146.0,0.0,8.2,False
1767686712.74,2026-01-06 13:35:12,4,18,713,9.5%,76,NORMAL,146.0,0.0,8.2,False
1767686713.85,2026-01-06 13:35:13,4,18,713,9.4%,76,NORMAL,146.0,0.0,8.2,False
1767686714.89,2026-01-06 13:35:14,4,18,713,9.3%,76,NORMAL,146.0,0.0,8.2,False
1767686716.03,2026-01-06 13:35:16,4,18,713,9.2%,76,NORMAL,146.0,0.0,8.2,False
1767686717.07,2026-01-06 13:35:17,6,18,716,9.2%,76,NORMAL,146.0,0.0,8.1,False
1767686718.12,2026-01-06 13:35:18,5,18,716,9.1%,76,NORMAL,146.0,0.0,8.1,False
1767686719.14,2026-01-06 13:35:19,5,18,716,9.0%,76,NORMAL,146.0,0.0,8.1,False
1767686720.19,2026-01-06 13:35:20,5,18,716,8.9%,76,NORMAL,145.0,0.0,8.1,False
1767686721.24,2026-01-06 13:35:21,5,18,716,8.7%,76,NORMAL,143.0,0.0,8.0,False
1767686722.37,2026-01-06 13:35:22,5,18,716,8.5%,76,NORMAL,142.0,0.0,8.0,False
1767686723.39,2026-01-06 13:35:23,5,18,716,8.4%,76,NORMAL,142.0,0.0,8.0,False
1767686724.40,2026-01-06 13:35:24,4,18,716,8.3%,76,NORMAL,141.0,0.0,7.9,False
1767686725.68,2026-01-06 13:35:25,4,18,716,8.1%,76,NORMAL,140.0,0.0,7.9,False
1767686726.68,2026-01-06 13:35:26,4,18,716,8.0%,76,NORMAL,140.0,0.0,7.9,False
1767686727.94,2026-01-06 13:35:27,4,18,717,7.9%,76,NORMAL,140.0,0.0,7.9,False
1767686729.07,2026-01-06 13:35:29,5,18,717,7.8%,76,NORMAL,140.0,0.0,7.9,False
1767686730.12,2026-01-06 13:35:30,4,18,717,7.7%,76,NORMAL,139.0,0.0,7.9,False
1767686731.20,2026-01-06 13:35:31,4,18,717,7.6%,76,NORMAL,137.0,0.0,7.9,False
1767686732.26,2026-01-06 13:35:32,3,18,717,7.5%,76,NORMAL,136.0,0.0,7.9,False
1767686733.29,2026-01-06 13:35:33,2,18,717,7.3%,76,NORMAL,136.0,0.0,7.9,False
1767686734.31,2026-01-06 13:35:34,4,18,718,7.2%,76,NORMAL,135.0,0.0,7.9,False
1767686735.32,2026-01-06 13:35:35,5,18,719,7.1%,76,NORMAL,135.0,0.0,8.0,False
1767686736.66,2026-01-06 13:35:36,5,18,719,7.1%,76,NORMAL,135.0,0.0,8.0,False
1767686737.93,2026-01-06 13:35:37,5,18,719,7.1%,76,NORMAL,133.0,0.0,8.0,False
1767686739.07,2026-01-06 13:35:39,5,18,719,7.1%,76,NORMAL,133.0,0.0,8.1,False
1767686740.22,2026-01-06 13:35:40,6,18,720,7.1%,76,NORMAL,134.0,0.0,8.1,False
1767686741.25,2026-01-06 13:35:41,6,18,720,7.2%,76,NORMAL,132.0,0.0,8.1,False
1767686742.36,2026-01-06 13:35:42,6,18,720,7.3%,76,NORMAL,131.0,0.0,8.1,False
1767686743.37,2026-01-06 13:35:43,6,18,720,7.4%,76,NORMAL,130.0,0.0,8.1,False
1767686744.43,2026-01-06 13:35:44,6,18,720,7.4%,76,NORMAL,130.0,0.0,8.1,False
1767686745.55,2026-01-06 13:35:45,6,18,721,7.5%,76,NORMAL,131.0,0.0,8.1,False
1767686746.57,2026-01-06 13:35:46,6,18,721,7.6%,76,NORMAL,131.0,0.0,8.1,False
1767686747.61,2026-01-06 13:35:47,5,18,721,7.7%,76,NORMAL,129.0,0.0,8.1,False
1767686748.64,2026-01-06 13:35:48,5,18,721,7.7%,76,NORMAL,129.0,0.0,8.1,False
1767686749.75,2026-01-06 13:35:49,5,18,721,7.7%,76,NORMAL,127.0,0.0,8.2,False
1767686750.76,2026-01-06 13:35:50,5,18,721,7.7%,76,NORMAL,126.0,0.0,8.3,False
1767686751.77,2026-01-06 13:35:51,5,18,721,7.7%,76,NORMAL,126.0,0.0,8.3,False
1767686752.78,2026-01-06 13:35:52,6,18,721,7.7%,76,NORMAL,126.0,0.0,8.3,False
1767686753.91,2026-01-06 13:35:53,6,18,721,7.8%,76,NORMAL,124.0,0.0,8.3,False
1767686755.15,2026-01-06 13:35:55,6,18,721,7.8%,76,NORMAL,122.0,0.0,8.3,False
1767686756.52,2026-01-06 13:35:56,6,18,721,7.9%,76,NORMAL,121.0,0.0,8.2,False
1767686757.57,2026-01-06 13:35:57,6,18,721,8.0%,76,NORMAL,117.0,0.0,8.2,False
1767686758.63,2026-01-06 13:35:58,6,18,721,8.1%,76,NORMAL,117.0,0.0,8.2,False
1767686759.70,2026-01-06 13:35:59,7,18,722,8.2%,76,NORMAL,115.0,0.0,8.2,False
1767686760.83,2026-01-06 13:36:00,8,18,723,8.4%,76,NORMAL,116.0,0.0,8.2,False
1767686761.89,2026-01-06 13:36:01,8,18,724,8.6%,76,NORMAL,116.0,0.0,8.3,False
1767686762.97,2026-01-06 13:36:02,7,18,724,8.7%,76,NORMAL,116.0,0.0,8.3,False
1767686764.12,2026-01-06 13:36:04,7,18,724,8.9%,76,NORMAL,116.0,0.0,8.3,False
1767686765.23,2026-01-06 13:36:05,7,18,724,9.1%,76,NORMAL,116.0,0.0,8.3,False
1767686766.34,2026-01-06 13:36:06,6,18,724,9.3%,76,NORMAL,116.0,0.0,8.3,False
1767686767.65,2026-01-06 13:36:07,7,18,725,9.5%,76,NORMAL,116.0,0.0,8.3,False
1767686768.70,2026-01-06 13:36:08,7,18,725,9.6%,76,NORMAL,116.0,0.0,8.3,False
1767686769.70,2026-01-06 13:36:09,5,18,725,9.6%,76,NORMAL,116.0,0.0,8.2,False
1767686770.75,2026-01-06 13:36:10,6,18,726,9.6%,76,NORMAL,116.0,0.0,8.2,False
1767686771.77,2026-01-06 13:36:11,6,18,726,9.7%,76,NORMAL,114.0,0.0,8.2,False
1767686772.84,2026-01-06 13:36:12,6,18,726,9.7%,76,NORMAL,114.0,0.0,8.1,False
1767686773.86,2026-01-06 13:36:13,6,18,726,9.7%,76,NORMAL,113.0,0.0,8.1,False
1767686775.00,2026-01-06 13:36:14,7,18,727,9.7%,76,NORMAL,113.0,0.0,8.0,False
1767686776.04,2026-01-06 13:36:16,7,18,728,9.8%,76,NORMAL,114.0,0.0,8.0,False
1767686777.11,2026-01-06 13:36:17,8,18,729,9.9%,76,NORMAL,115.0,0.0,8.0,False
1767686778.21,2026-01-06 13:36:18,8,18,729,10.0%,76,NORMAL,115.0,0.0,7.9,False
1767686779.48,2026-01-06 13:36:19,7,18,729,10.0%,76,NORMAL,113.0,0.0,7.9,False
1767686780.62,2026-01-06 13:36:20,6,18,729,10.1%,76,NORMAL,111.0,0.0,7.9,False
1767686781.75,2026-01-06 13:36:21,5,18,730,10.1%,76,NORMAL,112.0,0.0,7.8,False
1767686782.87,2026-01-06 13:36:22,4,18,730,10.0%,76,NORMAL,110.0,0.0,7.8,False
1767686783.92,2026-01-06 13:36:23,5,18,730,10.0%,76,NORMAL,109.0,0.0,7.8,False
1767686785.06,2026-01-06 13:36:25,5,18,730,10.0%,76,NORMAL,109.0,0.0,7.8,False
1767686786.25,2026-01-06 13:36:26,5,18,731,10.0%,76,NORMAL,110.0,0.0,7.7,False
1767686787.27,2026-01-06 13:36:27,5,18,731,9.9%,76,NORMAL,109.0,0.0,7.7,False
1767686788.39,2026-01-06 13:36:28,2,18,731,9.7%,76,NORMAL,108.0,0.0,7.6,False
1767686789.51,2026-01-06 13:36:29,3,18,731,9.6%,76,NORMAL,106.0,0.0,7.6,False
1767686790.88,2026-01-06 13:36:30,4,18,731,9.5%,76,NORMAL,106.0,0.0,7.5,False
1767686791.96,2026-01-06 13:36:31,4,18,731,9.3%,76,NORMAL,106.0,0.0,7.5,False
1767686793.19,2026-01-06 13:36:33,4,18,731,9.2%,76,NORMAL,106.0,0.0,7.5,False
1767686794.29,2026-01-06 13:36:34,4,18,731,9.0%,76,NORMAL,106.0,0.0,7.5,False
1767686795.46,2026-01-06 13:36:35,4,18,731,8.8%,76,NORMAL,106.0,0.0,7.5,False
1767686796.56,2026-01-06 13:36:36,4,18,731,8.6%,76,NORMAL,106.0,0.0,7.4,False
1767686797.63,2026-01-06 13:36:37,4,18,731,8.5%,76,NORMAL,106.0,0.0,7.4,False
1767686798.82,2026-01-06 13:36:38,5,18,732,8.4%,76,NORMAL,107.0,0.0,7.3,False
1767686799.93,2026-01-06 13:36:39,5,18,732,8.3%,76,NORMAL,104.0,0.0,7.2,False
1767686800.98,2026-01-06 13:36:40,4,18,732,8.2%,76,NORMAL,104.0,0.0,7.3,False
1767686802.21,2026-01-06 13:36:42,5,18,733,8.1%,76,NORMAL,103.0,0.0,7.3,False
1767686803.40,2026-01-06 13:36:43,6,18,733,8.1%,76,NORMAL,101.0,0.0,7.4,False
1767686804.53,2026-01-06 13:36:44,5,18,733,8.1%,76,NORMAL,100.0,0.0,7.5,False
1767686805.57,2026-01-06 13:36:45,5,18,733,8.0%,76,NORMAL,99.0,0.0,7.6,False
1767686806.59,2026-01-06 13:36:46,6,18,733,8.0%,76,NORMAL,98.0,0.0,7.6,False
1767686807.59,2026-01-06 13:36:47,6,18,733,8.0%,76,NORMAL,98.0,0.0,7.7,False
1767686808.94,2026-01-06 13:36:48,6,18,733,8.0%,76,NORMAL,97.0,0.0,7.7,False
1767686810.31,2026-01-06 13:36:50,6,18,733,7.9%,76,NORMAL,95.0,0.0,7.8,False
1767686811.43,2026-01-06 13:36:51,6,18,733,7.8%,76,NORMAL,95.0,0.0,7.8,False
1767686812.50,2026-01-06 13:36:52,6,18,733,7.7%,76,NORMAL,94.0,0.0,7.9,False
1767686813.85,2026-01-06 13:36:53,7,18,734,7.7%,76,NORMAL,94.0,0.0,8.0,False
1767686814.90,2026-01-06 13:36:54,6,18,734,7.7%,76,NORMAL,94.0,0.0,8.0,False
1767686816.11,2026-01-06 13:36:56,6,18,734,7.8%,76,NORMAL,91.0,0.0,8.1,False
1767686817.26,2026-01-06 13:36:57,5,18,734,7.8%,76,NORMAL,90.0,0.0,8.1,False
1767686818.33,2026-01-06 13:36:58,5,18,734,7.8%,76,NORMAL,89.0,0.0,8.2,False
1767686819.47,2026-01-06 13:36:59,5,18,734,7.8%,76,NORMAL,89.0,0.0,8.2,False
1767686820.50,2026-01-06 13:37:00,5,18,734,7.8%,76,NORMAL,87.0,0.0,8.2,False
1767686821.53,2026-01-06 13:37:01,4,18,734,7.8%,76,NORMAL,87.0,0.0,8.1,False
1767686822.56,2026-01-06 13:37:02,3,18,734,7.8%,76,NORMAL,85.0,0.0,8.0,False
1767686823.61,2026-01-06 13:37:03,3,18,734,7.8%,76,NORMAL,83.0,0.0,8.0,False
1767686824.63,2026-01-06 13:37:04,3,18,734,7.8%,76,NORMAL,83.0,0.0,7.9,False
1767686825.73,2026-01-06 13:37:05,3,18,734,7.7%,76,NORMAL,82.0,0.0,7.8,False
1767686826.78,2026-01-06 13:37:06,3,18,734,7.7%,76,NORMAL,82.0,0.0,7.6,False
1767686828.01,2026-01-06 13:37:08,4,18,734,7.7%,76,NORMAL,81.0,0.0,7.5,False
1767686829.34,2026-01-06 13:37:09,4,18,734,7.7%,76,NORMAL,80.0,0.0,7.4,False
1767686830.47,2026-01-06 13:37:10,4,18,734,7.7%,76,NORMAL,78.0,0.0,7.3,False
1767686831.78,2026-01-06 13:37:11,4,18,734,7.7%,76,NORMAL,78.0,0.0,7.3,False
1767686832.83,2026-01-06 13:37:12,4,18,734,7.6%,76,NORMAL,78.0,0.0,7.2,False
1767686834.01,2026-01-06 13:37:14,5,18,735,7.6%,76,NORMAL,79.0,0.0,7.1,False
1767686835.25,2026-01-06 13:37:15,5,18,735,7.7%,76,NORMAL,79.0,0.0,7.1,False
1767686836.26,2026-01-06 13:37:16,5,18,735,7.7%,76,NORMAL,79.0,0.0,7.1,False
1767686837.29,2026-01-06 13:37:17,5,18,735,7.6%,76,NORMAL,76.0,0.0,7.1,False
1767686838.58,2026-01-06 13:37:18,6,18,736,7.7%,76,NORMAL,76.0,0.0,7.2,False
1767686839.64,2026-01-06 13:37:19,7,18,737,7.8%,76,NORMAL,76.0,0.0,7.3,False
1767686840.86,2026-01-06 13:37:20,7,18,737,7.8%,76,NORMAL,75.0,0.0,7.3,False
1767686841.96,2026-01-06 13:37:21,6,18,737,7.8%,76,NORMAL,74.0,0.0,7.3,False
1767686843.06,2026-01-06 13:37:23,6,18,737,7.8%,76,NORMAL,73.0,0.0,7.4,False
1767686844.17,2026-01-06 13:37:24,5,18,737,7.8%,76,NORMAL,73.0,0.0,7.4,False
1767686845.21,2026-01-06 13:37:25,6,18,738,7.8%,76,NORMAL,73.0,0.0,7.4,False
1767686846.23,2026-01-06 13:37:26,6,18,738,7.8%,76,NORMAL,71.0,0.0,7.5,False
1767686847.27,2026-01-06 13:37:27,6,18,739,7.7%,76,NORMAL,72.0,0.0,7.6,False
1767686848.54,2026-01-06 13:37:28,7,18,741,7.8%,76,NORMAL,74.0,0.0,7.7,False
1767686850.10,2026-01-06 13:37:30,7,18,741,7.8%,76,NORMAL,74.0,0.0,7.8,False
1767686851.34,2026-01-06 13:37:31,7,18,741,7.9%,76,NORMAL,74.0,0.0,7.9,False
1767686852.45,2026-01-06 13:37:32,7,18,741,8.0%,76,NORMAL,74.0,0.0,8.0,False
1767686853.63,2026-01-06 13:37:33,7,18,741,8.1%,76,NORMAL,73.0,0.0,8.0,False
1767686854.83,2026-01-06 13:37:34,7,18,741,8.2%,76,NORMAL,73.0,0.0,8.1,False
1767686856.17,2026-01-06 13:37:36,8,18,742,8.4%,76,NORMAL,73.0,0.0,8.1,False
1767686857.36,2026-01-06 13:37:37,8,18,742,8.7%,76,NORMAL,72.0,0.0,8.1,False
1767686858.57,2026-01-06 13:37:38,8,18,742,8.9%,76,NORMAL,72.0,0.0,8.0,False
1767686859.78,2026-01-06 13:37:39,7,18,742,9.1%,76,NORMAL,72.0,0.0,8.0,False
1767686860.89,2026-01-06 13:37:40,9,18,743,9.5%,76,NORMAL,73.0,0.0,8.0,False
1767686862.06,2026-01-06 13:37:42,11,18,745,9.9%,76,NORMAL,75.0,0.0,8.0,False
1767686863.19,2026-01-06 13:37:43,10,18,746,10.2%,76,NORMAL,76.0,0.0,8.1,False
1767686864.26,2026-01-06 13:37:44,9,18,747,10.4%,76,NORMAL,76.0,0.0,8.2,False
1767686865.71,2026-01-06 13:37:45,9,18,747,10.7%,76,NORMAL,76.0,0.0,8.3,False
1767686866.88,2026-01-06 13:37:46,11,18,748,11.0%,76,NORMAL,77.0,0.0,8.4,False
1767686868.10,2026-01-06 13:37:48,10,18,748,11.3%,76,NORMAL,76.0,0.0,8.4,False
1767686869.19,2026-01-06 13:37:49,10,18,748,11.6%,76,NORMAL,76.0,0.0,8.5,False
1767686870.29,2026-01-06 13:37:50,9,18,748,11.8%,76,NORMAL,76.0,0.0,8.5,False
1767686871.45,2026-01-06 13:37:51,10,18,750,12.0%,76,NORMAL,77.0,0.0,8.5,False
1767686872.58,2026-01-06 13:37:52,10,18,751,12.3%,76,NORMAL,78.0,0.0,8.6,False
1767686873.75,2026-01-06 13:37:53,10,18,752,12.5%,76,NORMAL,79.0,0.0,8.6,False
1767686875.11,2026-01-06 13:37:55,10,18,752,12.6%,76,NORMAL,79.0,0.0,8.7,False
1767686876.21,2026-01-06 13:37:56,10,18,752,12.8%,76,NORMAL,79.0,0.0,8.8,False
1767686877.41,2026-01-06 13:37:57,8,18,752,12.9%,76,NORMAL,79.0,0.0,8.9,False
1767686878.63,2026-01-06 13:37:58,8,18,752,13.0%,76,NORMAL,79.0,0.0,8.9,False
1767686879.67,2026-01-06 13:37:59,7,18,753,13.1%,76,NORMAL,79.0,0.0,8.9,False
1767686880.75,2026-01-06 13:38:00,7,18,753,13.1%,76,NORMAL,79.0,0.0,8.9,False
1767686881.82,2026-01-06 13:38:01,7,18,754,13.2%,76,NORMAL,80.0,0.0,8.8,False
1767686882.94,2026-01-06 13:38:02,6,18,754,13.2%,76,NORMAL,80.0,0.0,8.8,False
1767686883.97,2026-01-06 13:38:03,6,18,754,13.1%,76,NORMAL,80.0,0.0,8.6,False
1767686885.02,2026-01-06 13:38:05,6,18,754,13.1%,76,NORMAL,79.0,0.0,8.5,False
1767686886.05,2026-01-06 13:38:06,7,18,754,13.1%,76,NORMAL,79.0,0.0,8.4,False
1767686887.10,2026-01-06 13:38:07,8,18,755,13.1%,76,NORMAL,80.0,0.0,8.3,False
1767686888.24,2026-01-06 13:38:08,8,18,756,13.2%,76,NORMAL,81.0,0.0,8.3,False
1767686889.27,2026-01-06 13:38:09,8,18,756,13.2%,76,NORMAL,81.0,0.0,8.2,False
1767686890.48,2026-01-06 13:38:10,9,18,757,13.3%,76,NORMAL,82.0,0.0,8.1,False
1767686891.51,2026-01-06 13:38:11,8,18,757,13.3%,76,NORMAL,82.0,0.0,8.1,False
1767686892.54,2026-01-06 13:38:12,7,18,757,13.2%,76,NORMAL,80.0,0.0,8.0,False
1767686893.63,2026-01-06 13:38:13,7,18,757,13.2%,76,NORMAL,80.0,0.0,8.0,False
1767686894.83,2026-01-06 13:38:14,9,18,759,13.2%,76,NORMAL,81.0,0.0,8.0,False
1767686896.10,2026-01-06 13:38:16,9,18,760,13.1%,76,NORMAL,82.0,0.0,7.9,False
1767686897.41,2026-01-06 13:38:17,10,18,762,13.1%,76,NORMAL,84.0,0.0,7.9,False
1767686898.49,2026-01-06 13:38:18,10,18,765,13.2%,76,NORMAL,85.0,0.0,7.8,False
1767686899.60,2026-01-06 13:38:19,10,18,765,13.2%,76,NORMAL,85.0,0.0,7.8,False
1767686900.66,2026-01-06 13:38:20,11,18,767,13.2%,76,NORMAL,85.0,0.0,7.8,False
1767686901.91,2026-01-06 13:38:21,12,18,767,13.3%,76,NORMAL,85.0,0.0,7.8,False
1767686902.93,2026-01-06 13:38:22,13,18,768,13.5%,76,NORMAL,86.0,0.0,7.8,False
1767686904.07,2026-01-06 13:38:24,14,18,769,13.7%,76,NORMAL,87.0,0.0,7.9,False
1767686905.08,2026-01-06 13:38:25,13,18,769,13.8%,76,NORMAL,87.0,0.0,7.9,False
1767686906.27,2026-01-06 13:38:26,13,18,769,14.0%,76,NORMAL,87.0,0.0,8.0,False
1767686907.40,2026-01-06 13:38:27,13,18,770,14.1%,76,NORMAL,87.0,0.0,8.1,False
1767686908.61,2026-01-06 13:38:28,13,18,770,14.3%,76,NORMAL,87.0,0.0,8.2,False
1767686909.82,2026-01-06 13:38:29,14,18,770,14.5%,76,NORMAL,87.0,0.0,8.3,False
1767686911.17,2026-01-06 13:38:31,15,18,770,14.8%,76,NORMAL,87.0,0.0,8.4,False
1767686912.25,2026-01-06 13:38:32,13,18,770,15.0%,76,NORMAL,87.0,0.0,8.5,False
1767686913.76,2026-01-06 13:38:33,11,18,770,15.2%,76,NORMAL,87.0,0.0,8.5,False
1767686914.77,2026-01-06 13:38:34,10,18,771,15.4%,76,NORMAL,88.0,0.0,8.5,False
1767686915.86,2026-01-06 13:38:35,12,18,771,15.6%,76,NORMAL,88.0,0.0,8.5,False
1767686916.92,2026-01-06 13:38:36,10,18,771,15.8%,76,NORMAL,88.0,0.0,8.5,False
1767686918.31,2026-01-06 13:38:38,9,18,771,16.0%,76,NORMAL,88.0,0.0,8.4,False
1767686919.38,2026-01-06 13:38:39,10,18,773,16.2%,76,NORMAL,90.0,0.0,8.3,False
1767686920.49,2026-01-06 13:38:40,5,18,773,16.1%,76,NORMAL,90.0,0.0,8.3,False
1767686921.52,2026-01-06 13:38:41,4,18,773,15.9%,76,NORMAL,90.0,0.0,8.3,False
1767686922.63,2026-01-06 13:38:42,5,18,773,15.7%,76,NORMAL,90.0,0.0,8.2,False
1767686923.73,2026-01-06 13:38:43,5,18,776,15.6%,76,NORMAL,93.0,0.0,8.3,False
1767686925.29,2026-01-06 13:38:45,7,18,777,15.5%,76,NORMAL,94.0,0.0,8.3,False
1767686926.41,2026-01-06 13:38:46,10,18,779,15.6%,76,NORMAL,96.0,0.0,8.3,False
1767686927.54,2026-01-06 13:38:47,10,18,781,15.7%,76,NORMAL,98.0,0.0,8.3,False
1767686928.88,2026-01-06 13:38:48,9,18,781,15.8%,76,NORMAL,98.0,0.0,8.3,False
1767686929.93,2026-01-06 13:38:49,7,18,781,15.7%,76,NORMAL,98.0,0.0,8.2,False
1767686931.27,2026-01-06 13:38:51,8,18,783,15.7%,76,NORMAL,100.0,0.0,8.1,False
1767686932.34,2026-01-06 13:38:52,8,18,784,15.6%,76,NORMAL,101.0,0.0,8.1,False
1767686933.46,2026-01-06 13:38:53,7,18,784,15.4%,76,NORMAL,101.0,0.0,8.0,False
1767686934.59,2026-01-06 13:38:54,9,18,784,15.4%,76,NORMAL,101.0,0.0,8.1,False
1767686935.60,2026-01-06 13:38:55,8,18,785,15.2%,76,NORMAL,102.0,0.0,8.1,False
1767686936.72,2026-01-06 13:38:56,8,18,785,15.0%,76,NORMAL,102.0,0.0,8.2,False
1767686937.72,2026-01-06 13:38:57,9,18,786,14.8%,76,NORMAL,103.0,0.0,8.2,False
1767686939.08,2026-01-06 13:38:59,8,18,786,14.5%,76,NORMAL,103.0,0.0,8.3,False
1767686940.23,2026-01-06 13:39:00,7,18,786,14.3%,76,NORMAL,103.0,0.0,8.3,False
1767686941.23,2026-01-06 13:39:01,7,18,786,14.0%,76,NORMAL,103.0,0.0,8.4,False
1767686942.30,2026-01-06 13:39:02,8,18,786,13.7%,76,NORMAL,103.0,0.0,8.4,False
1767686943.33,2026-01-06 13:39:03,9,18,786,13.5%,76,NORMAL,103.0,0.0,8.4,False
1767686944.39,2026-01-06 13:39:04,10,18,787,13.3%,76,NORMAL,104.0,0.0,8.4,False
1767686945.52,2026-01-06 13:39:05,9,18,787,13.1%,76,NORMAL,104.0,0.0,8.4,False
1767686946.61,2026-01-06 13:39:06,9,18,788,12.9%,76,NORMAL,105.0,0.0,8.4,False
1767686947.68,2026-01-06 13:39:07,8,18,788,12.7%,76,NORMAL,105.0,0.0,8.4,False
1767686948.78,2026-01-06 13:39:08,8,18,788,12.6%,76,NORMAL,105.0,0.0,8.3,False
1767686949.85,2026-01-06 13:39:09,6,18,788,12.3%,76,NORMAL,103.0,0.0,8.4,False
1767686950.89,2026-01-06 13:39:10,6,18,788,12.1%,76,NORMAL,103.0,0.0,8.5,False
1767686952.03,2026-01-06 13:39:12,6,18,788,12.0%,76,NORMAL,103.0,0.0,8.5,False
1767686953.15,2026-01-06 13:39:13,6,18,788,11.8%,76,NORMAL,103.0,0.0,8.5,False
1767686954.28,2026-01-06 13:39:14,6,18,789,11.8%,76,NORMAL,104.0,0.0,8.6,False
1767686955.34,2026-01-06 13:39:15,5,18,789,11.9%,76,NORMAL,104.0,0.0,8.6,False
1767686956.57,2026-01-06 13:39:16,7,18,789,12.0%,76,NORMAL,104.0,0.0,8.6,False
1767686957.72,2026-01-06 13:39:17,5,18,789,12.0%,76,NORMAL,104.0,0.0,8.6,False
1767686958.84,2026-01-06 13:39:18,6,18,789,11.9%,76,NORMAL,104.0,0.0,8.6,False
1767686959.93,2026-01-06 13:39:19,5,18,789,11.7%,76,NORMAL,104.0,0.0,8.5,False
1767686961.10,2026-01-06 13:39:21,5,18,789,11.4%,76,NORMAL,104.0,0.0,8.5,False
1767686962.36,2026-01-06 13:39:22,6,18,790,11.3%,76,NORMAL,105.0,0.0,8.5,False
1767686963.68,2026-01-06 13:39:23,6,18,790,11.2%,76,NORMAL,105.0,0.0,8.4,False
1767686964.69,2026-01-06 13:39:24,6,18,790,11.1%,76,NORMAL,105.0,0.0,8.4,False
1767686965.77,2026-01-06 13:39:25,6,18,790,11.0%,76,NORMAL,105.0,0.0,8.3,False
1767686967.03,2026-01-06 13:39:27,6,18,790,11.0%,76,NORMAL,105.0,0.0,8.3,False
1767686968.47,2026-01-06 13:39:28,6,18,790,10.8%,76,NORMAL,105.0,0.0,8.2,False
1767686969.86,2026-01-06 13:39:29,6,18,790,10.7%,76,NORMAL,105.0,0.0,8.1,False
1767686970.98,2026-01-06 13:39:30,6,18,791,10.6%,76,NORMAL,106.0,0.0,8.0,False
1767686972.02,2026-01-06 13:39:32,7,18,792,10.5%,76,NORMAL,107.0,0.0,7.9,False
1767686973.21,2026-01-06 13:39:33,8,18,792,10.5%,76,NORMAL,107.0,0.0,7.9,False
1767686974.60,2026-01-06 13:39:34,7,18,792,10.5%,76,NORMAL,107.0,0.0,7.7,False
1767686975.61,2026-01-06 13:39:35,8,18,792,10.6%,76,NORMAL,107.0,0.0,7.6,False
1767686976.69,2026-01-06 13:39:36,8,18,793,10.6%,76,NORMAL,107.0,0.0,7.5,False
1767686977.97,2026-01-06 13:39:37,8,18,794,10.5%,76,NORMAL,107.0,0.0,7.4,False
1767686979.25,2026-01-06 13:39:39,8,18,794,10.4%,76,NORMAL,107.0,0.0,7.3,False
1767686980.72,2026-01-06 13:39:40,8,18,794,10.4%,76,NORMAL,107.0,0.0,7.2,False
1767686981.78,2026-01-06 13:39:41,8,18,794,10.3%,76,NORMAL,107.0,0.0,7.1,False
1767686982.80,2026-01-06 13:39:42,8,18,794,10.3%,76,NORMAL,107.0,0.0,7.0,False
1767686983.85,2026-01-06 13:39:43,8,18,794,10.3%,76,NORMAL,107.0,0.0,7.0,False
1767686984.93,2026-01-06 13:39:44,7,18,794,10.4%,76,NORMAL,107.0,0.0,6.9,False
1767686986.04,2026-01-06 13:39:46,7,18,794,10.4%,76,NORMAL,107.0,0.0,6.9,False
1767686987.06,2026-01-06 13:39:47,8,18,794,10.5%,76,NORMAL,106.0,0.0,6.9,False
1767686988.09,2026-01-06 13:39:48,7,18,794,10.6%,76,NORMAL,106.0,0.0,7.0,False
1767686989.22,2026-01-06 13:39:49,8,18,794,10.7%,76,NORMAL,106.0,0.0,7.0,False
1767686990.32,2026-01-06 13:39:50,8,18,794,10.8%,76,NORMAL,106.0,0.0,7.1,False
1767686991.74,2026-01-06 13:39:51,8,18,795,10.9%,76,NORMAL,106.0,0.0,7.1,False
1767686993.18,2026-01-06 13:39:53,8,18,795,11.0%,76,NORMAL,106.0,0.0,7.2,False
1767686994.57,2026-01-06 13:39:54,8,18,795,11.1%,76,NORMAL,106.0,0.0,7.2,False
1767686996.04,2026-01-06 13:39:56,8,18,795,11.3%,76,NORMAL,106.0,0.0,7.3,False
1767686997.45,2026-01-06 13:39:57,8,18,795,11.4%,76,NORMAL,106.0,0.0,7.4,False
1767686998.89,2026-01-06 13:39:58,7,18,795,11.5%,76,NORMAL,105.0,0.0,7.4,False
1767687000.05,2026-01-06 13:40:00,8,18,796,11.6%,76,NORMAL,105.0,0.0,7.5,False
1767687001.18,2026-01-06 13:40:01,9,18,797,11.7%,76,NORMAL,106.0,0.0,7.5,False
1767687002.28,2026-01-06 13:40:02,9,18,797,11.9%,76,NORMAL,105.0,0.0,7.5,False
1767687003.66,2026-01-06 13:40:03,8,18,798,12.0%,76,NORMAL,105.0,0.0,7.5,False
1767687004.77,2026-01-06 13:40:04,8,18,798,12.1%,76,NORMAL,105.0,0.0,7.5,False
1767687005.98,2026-01-06 13:40:05,10,18,799,12.3%,76,NORMAL,105.0,0.0,7.5,False
1767687007.27,2026-01-06 13:40:07,9,18,799,12.4%,76,NORMAL,103.0,0.0,7.4,False
1767687008.34,2026-01-06 13:40:08,8,18,799,12.5%,76,NORMAL,103.0,0.0,7.4,False
1767687009.83,2026-01-06 13:40:09,8,18,799,12.5%,76,NORMAL,103.0,0.0,7.4,False
1767687011.38,2026-01-06 13:40:11,9,18,801,12.6%,76,NORMAL,105.0,0.0,7.4,False
1767687012.45,2026-01-06 13:40:12,9,18,801,12.6%,76,NORMAL,104.0,0.0,7.4,False
1767687013.53,2026-01-06 13:40:13,9,18,801,12.7%,76,NORMAL,104.0,0.0,7.4,False
1767687014.59,2026-01-06 13:40:14,8,18,801,12.7%,76,NORMAL,104.0,0.0,7.3,False
1767687015.68,2026-01-06 13:40:15,9,18,802,12.7%,76,NORMAL,105.0,0.0,7.3,False
1767687016.68,2026-01-06 13:40:16,9,18,802,12.8%,76,NORMAL,105.0,0.0,7.3,False
1767687017.70,2026-01-06 13:40:17,9,18,803,12.8%,76,NORMAL,106.0,0.0,7.3,False
1767687018.77,2026-01-06 13:40:18,9,18,804,12.9%,76,NORMAL,107.0,0.0,7.4,False
1767687019.81,2026-01-06 13:40:19,9,18,804,12.9%,76,NORMAL,107.0,0.0,7.5,False
1767687020.86,2026-01-06 13:40:20,9,18,805,13.0%,76,NORMAL,107.0,0.0,7.6,False
1767687021.98,2026-01-06 13:40:21,10,18,806,13.2%,76,NORMAL,108.0,0.0,7.8,False
1767687023.06,2026-01-06 13:40:23,10,18,806,13.3%,76,NORMAL,108.0,0.0,7.9,False
1767687024.11,2026-01-06 13:40:24,8,18,806,13.3%,76,NORMAL,107.0,0.0,8.2,False
1767687025.13,2026-01-06 13:40:25,7,18,806,13.3%,76,NORMAL,107.0,0.0,8.3,False
1767687026.17,2026-01-06 13:40:26,8,18,806,13.3%,76,NORMAL,107.0,0.0,8.4,False
1767687027.22,2026-01-06 13:40:27,9,18,808,13.3%,76,NORMAL,109.0,0.0,8.6,False
1767687028.24,2026-01-06 13:40:28,9,18,808,13.4%,76,NORMAL,109.0,0.0,8.7,False
1767687029.27,2026-01-06 13:40:29,9,18,808,13.4%,76,NORMAL,109.0,0.0,8.9,False
1767687030.30,2026-01-06 13:40:30,9,18,808,13.5%,76,NORMAL,109.0,0.0,9.0,False
1767687031.60,2026-01-06 13:40:31,8,18,808,13.5%,76,NORMAL,109.0,0.0,9.1,False
1767687032.72,2026-01-06 13:40:32,9,18,809,13.6%,76,NORMAL,110.0,0.0,9.2,False
1767687033.73,2026-01-06 13:40:33,8,18,809,13.6%,76,NORMAL,110.0,0.0,9.3,False
1767687034.84,2026-01-06 13:40:34,8,18,809,13.5%,76,NORMAL,110.0,0.0,9.3,False
1767687035.95,2026-01-06 13:40:35,10,18,809,13.6%,76,NORMAL,110.0,0.0,9.4,False
1767687037.07,2026-01-06 13:40:37,9,18,809,13.6%,76,NORMAL,109.0,0.0,9.4,False
1767687038.10,2026-01-06 13:40:38,8,18,810,13.6%,76,NORMAL,110.0,0.0,9.4,False
1767687039.21,2026-01-06 13:40:39,9,18,810,13.6%,76,NORMAL,110.0,0.0,9.3,False
1767687040.35,2026-01-06 13:40:40,9,18,810,13.6%,76,NORMAL,110.0,0.0,9.2,False
1767687041.40,2026-01-06 13:40:41,10,18,811,13.7%,76,NORMAL,111.0,0.0,9.2,False
1767687042.46,2026-01-06 13:40:42,10,18,811,13.8%,76,NORMAL,111.0,0.0,9.1,False
1767687043.60,2026-01-06 13:40:43,12,18,813,13.9%,76,NORMAL,113.0,0.0,9.0,False
1767687044.61,2026-01-06 13:40:44,11,18,813,14.0%,76,NORMAL,113.0,0.0,9.0,False
1767687045.75,2026-01-06 13:40:45,10,18,813,14.1%,76,NORMAL,112.0,0.0,9.0,False
1767687046.76,2026-01-06 13:40:46,10,18,814,14.2%,76,NORMAL,113.0,0.0,9.1,False
1767687047.91,2026-01-06 13:40:47,9,18,814,14.2%,76,NORMAL,113.0,0.0,9.1,False
1767687049.21,2026-01-06 13:40:49,9,18,814,14.2%,76,NORMAL,113.0,0.0,9.1,False
1767687050.35,2026-01-06 13:40:50,8,18,814,14.1%,76,NORMAL,113.0,0.0,9.0,False
1767687051.45,2026-01-06 13:40:51,10,18,815,14.2%,76,NORMAL,113.0,0.0,9.0,False
1767687052.61,2026-01-06 13:40:52,9,18,815,14.2%,76,NORMAL,113.0,0.0,9.0,False
1767687053.65,2026-01-06 13:40:53,10,18,816,14.2%,76,NORMAL,114.0,0.0,9.0,False
1767687054.90,2026-01-06 13:40:54,12,18,818,14.3%,76,NORMAL,116.0,0.0,8.9,False
1767687056.10,2026-01-06 13:40:56,11,18,818,14.4%,76,NORMAL,115.0,0.0,8.9,False
1767687057.19,2026-01-06 13:40:57,11,18,819,14.5%,76,NORMAL,116.0,0.0,8.9,False
1767687058.30,2026-01-06 13:40:58,11,18,819,14.7%,76,NORMAL,116.0,0.0,8.9,False
1767687059.47,2026-01-06 13:40:59,10,18,819,14.8%,76,NORMAL,116.0,0.0,8.9,False
1767687060.56,2026-01-06 13:41:00,9,18,819,14.8%,76,NORMAL,116.0,0.0,9.0,False
1767687061.61,2026-01-06 13:41:01,8,18,819,14.7%,76,NORMAL,116.0,0.0,9.0,False
1767687062.77,2026-01-06 13:41:02,11,18,821,14.8%,76,NORMAL,118.0,0.0,9.0,False
1767687063.83,2026-01-06 13:41:03,10,18,821,14.9%,76,NORMAL,117.0,0.0,9.1,False
1767687064.98,2026-01-06 13:41:04,11,18,821,15.0%,76,NORMAL,117.0,0.0,9.1,False
1767687066.38,2026-01-06 13:41:06,11,18,822,15.1%,76,NORMAL,118.0,0.0,9.1,False
1767687067.55,2026-01-06 13:41:07,12,18,824,15.3%,76,NORMAL,120.0,0.0,9.1,False
1767687068.71,2026-01-06 13:41:08,12,18,824,15.5%,76,NORMAL,120.0,0.0,9.1,False
1767687069.79,2026-01-06 13:41:09,11,18,824,15.6%,76,NORMAL,120.0,0.0,9.1,False
1767687071.11,2026-01-06 13:41:11,12,18,826,15.7%,76,NORMAL,122.0,0.0,9.1,False
1767687072.28,2026-01-06 13:41:12,11,18,826,15.9%,76,NORMAL,122.0,0.0,9.2,False
1767687073.46,2026-01-06 13:41:13,12,18,826,16.0%,76,NORMAL,122.0,0.0,9.2,False
1767687074.66,2026-01-06 13:41:14,13,18,827,16.2%,76,NORMAL,122.0,0.0,9.3,False
1767687075.83,2026-01-06 13:41:15,12,18,827,16.3%,76,NORMAL,122.0,0.0,9.4,False
1767687077.32,2026-01-06 13:41:17,13,18,829,16.4%,76,NORMAL,124.0,0.0,9.4,False
1767687078.51,2026-01-06 13:41:18,12,18,829,16.4%,76,NORMAL,124.0,0.0,9.5,False
1767687079.75,2026-01-06 13:41:19,12,18,830,16.5%,76,NORMAL,125.0,0.0,9.5,False
1767687080.98,2026-01-06 13:41:20,11,18,830,16.5%,76,NORMAL,124.0,0.0,9.5,False
1767687082.19,2026-01-06 13:41:22,10,18,830,16.5%,76,NORMAL,124.0,0.0,9.5,False
1767687083.48,2026-01-06 13:41:23,10,18,831,16.6%,76,NORMAL,125.0,0.0,9.5,False
1767687084.71,2026-01-06 13:41:24,10,18,831,16.6%,76,NORMAL,125.0,0.0,9.4,False
1767687085.84,2026-01-06 13:41:25,12,18,833,16.8%,76,NORMAL,127.0,0.0,9.4,False
1767687086.89,2026-01-06 13:41:26,13,18,835,17.0%,76,NORMAL,129.0,0.0,9.3,False
1767687088.06,2026-01-06 13:41:28,15,18,836,17.3%,76,NORMAL,130.0,0.0,9.2,False
1767687089.22,2026-01-06 13:41:29,17,18,836,17.6%,76,NORMAL,130.0,0.0,9.2,False
1767687090.62,2026-01-06 13:41:30,14,18,837,17.7%,76,NORMAL,131.0,0.0,9.1,False
1767687091.99,2026-01-06 13:41:31,15,18,838,17.9%,76,NORMAL,132.0,0.0,9.0,False
1767687093.09,2026-01-06 13:41:33,14,18,838,18.0%,76,NORMAL,132.0,0.0,8.9,False
1767687094.24,2026-01-06 13:41:34,15,18,840,18.2%,76,NORMAL,133.0,0.0,8.8,False
1767687095.38,2026-01-06 13:41:35,15,18,842,18.4%,76,NORMAL,135.0,0.0,8.7,False
1767687096.39,2026-01-06 13:41:36,15,18,842,18.7%,76,NORMAL,135.0,0.0,8.7,False
1767687097.61,2026-01-06 13:41:37,13,18,842,19.0%,76,NORMAL,135.0,0.0,8.6,False
1767687098.97,2026-01-06 13:41:38,17,18,844,19.2%,76,NORMAL,137.0,0.0,8.5,False
1767687100.16,2026-01-06 13:41:40,13,18,844,19.4%,76,NORMAL,136.0,0.0,8.4,False
1767687101.44,2026-01-06 13:41:41,15,18,845,19.6%,76,NORMAL,137.0,0.0,8.4,False
1767687102.74,2026-01-06 13:41:42,14,18,846,19.7%,76,NORMAL,137.0,0.0,8.4,False
1767687103.94,2026-01-06 13:41:43,13,18,846,19.8%,76,NORMAL,136.0,0.0,8.4,False
1767687105.17,2026-01-06 13:41:45,12,18,847,19.8%,76,NORMAL,137.0,0.0,8.4,False
1767687106.43,2026-01-06 13:41:46,13,18,847,19.9%,76,NORMAL,137.0,0.0,8.4,False
1767687107.61,2026-01-06 13:41:47,11,18,847,19.8%,76,NORMAL,137.0,0.0,8.4,False
1767687108.93,2026-01-06 13:41:48,12,18,849,19.9%,76,NORMAL,138.0,0.0,8.5,False
1767687110.40,2026-01-06 13:41:50,13,18,850,19.9%,76,NORMAL,139.0,0.0,8.5,False
1767687111.72,2026-01-06 13:41:51,15,18,852,20.0%,76,NORMAL,141.0,0.0,8.6,False
1767687113.02,2026-01-06 13:41:53,14,18,853,20.1%,76,NORMAL,142.0,0.0,8.6,False
1767687114.03,2026-01-06 13:41:54,14,18,853,20.1%,76,NORMAL,142.0,0.0,8.7,False
1767687115.06,2026-01-06 13:41:55,15,18,854,20.3%,76,NORMAL,143.0,0.0,8.7,False
1767687116.27,2026-01-06 13:41:56,17,18,855,20.5%,76,NORMAL,144.0,0.0,8.7,False
1767687117.65,2026-01-06 13:41:57,15,18,855,20.7%,76,NORMAL,144.0,0.0,8.7,False
1767687119.05,2026-01-06 13:41:59,17,18,856,21.0%,76,NORMAL,145.0,0.0,8.7,False
1767687120.39,2026-01-06 13:42:00,16,18,858,21.3%,76,NORMAL,147.0,0.0,8.7,False
1767687121.70,2026-01-06 13:42:01,15,18,859,21.5%,76,NORMAL,147.0,0.0,8.8,False
1767687123.03,2026-01-06 13:42:03,16,18,861,21.7%,76,NORMAL,149.0,0.0,8.8,False
1767687124.37,2026-01-06 13:42:04,16,18,861,21.9%,76,NORMAL,149.0,0.0,8.9,False
1767687125.71,2026-01-06 13:42:05,15,18,863,21.9%,76,NORMAL,151.0,0.0,8.9,False
1767687126.94,2026-01-06 13:42:06,14,18,863,21.7%,76,NORMAL,151.0,0.0,8.9,False
1767687128.35,2026-01-06 13:42:08,15,18,865,21.8%,76,NORMAL,153.0,0.0,8.8,False
1767687129.90,2026-01-06 13:42:09,13,18,865,21.7%,76,NORMAL,152.0,0.0,8.8,False
1767687131.93,2026-01-06 13:42:11,16,18,868,21.8%,76,NORMAL,155.0,0.0,8.7,False
1767687133.27,2026-01-06 13:42:13,16,18,870,21.8%,76,NORMAL,157.0,0.0,8.7,False
1767687134.73,2026-01-06 13:42:14,15,18,870,21.8%,76,NORMAL,157.0,0.0,8.6,False
1767687136.08,2026-01-06 13:42:16,15,18,871,21.8%,76,NORMAL,158.0,0.0,8.6,False
1767687137.44,2026-01-06 13:42:17,15,18,872,21.9%,76,NORMAL,159.0,0.0,8.5,False
1767687138.80,2026-01-06 13:42:18,14,18,872,21.8%,76,NORMAL,157.0,0.0,8.5,False
1767687140.26,2026-01-06 13:42:20,15,18,874,21.9%,76,NORMAL,158.0,0.0,8.5,False
1767687141.87,2026-01-06 13:42:21,14,18,874,21.8%,76,NORMAL,158.0,0.0,8.5,False
1767687143.41,2026-01-06 13:42:23,13,18,874,21.8%,76,NORMAL,158.0,0.0,8.5,False
1767687144.80,2026-01-06 13:42:24,13,18,875,21.8%,76,NORMAL,159.0,0.0,8.5,False
1767687146.18,2026-01-06 13:42:26,14,18,877,21.9%,76,NORMAL,161.0,0.0,8.5,False
1767687147.80,2026-01-06 13:42:27,14,18,878,21.9%,76,NORMAL,162.0,0.0,8.5,False
1767687149.14,2026-01-06 13:42:29,14,18,879,22.0%,76,NORMAL,163.0,0.0,8.4,False
1767687150.52,2026-01-06 13:42:30,14,18,880,22.1%,76,NORMAL,164.0,0.0,8.3,False
1767687151.86,2026-01-06 13:42:31,13,18,880,22.1%,76,NORMAL,164.0,0.0,8.3,False
1767687153.37,2026-01-06 13:42:33,14,18,882,22.1%,76,NORMAL,166.0,0.0,8.2,False
1767687154.40,2026-01-06 13:42:34,16,18,885,22.2%,76,NORMAL,168.0,0.0,8.2,False
1767687155.53,2026-01-06 13:42:35,16,18,886,22.3%,76,NORMAL,169.0,0.0,8.1,False
1767687156.60,2026-01-06 13:42:36,11,18,886,22.1%,76,NORMAL,169.0,0.0,8.1,False
1767687157.76,2026-01-06 13:42:37,14,18,886,22.0%,76,NORMAL,169.0,0.0,8.1,False
1767687159.05,2026-01-06 13:42:39,14,18,887,21.9%,76,NORMAL,170.0,0.0,8.1,False
1767687160.24,2026-01-06 13:42:40,11,18,887,21.6%,76,NORMAL,170.0,0.0,8.1,False
1767687161.49,2026-01-06 13:42:41,12,18,887,21.4%,76,NORMAL,170.0,0.0,8.1,False
1767687162.71,2026-01-06 13:42:42,14,18,889,21.4%,76,NORMAL,172.0,0.0,8.2,False
1767687164.09,2026-01-06 13:42:44,15,18,891,21.4%,76,NORMAL,173.0,0.0,8.2,False
1767687165.50,2026-01-06 13:42:45,15,18,892,21.3%,76,NORMAL,173.0,0.0,8.2,False
1767687166.81,2026-01-06 13:42:46,13,18,894,21.2%,76,NORMAL,175.0,0.0,8.2,False
1767687168.13,2026-01-06 13:42:48,13,18,895,21.2%,76,NORMAL,176.0,0.0,8.3,False
1767687169.36,2026-01-06 13:42:49,13,18,895,21.1%,76,NORMAL,176.0,0.0,8.4,False
1767687170.64,2026-01-06 13:42:50,12,18,895,21.0%,76,NORMAL,176.0,0.0,8.4,False
1767687171.76,2026-01-06 13:42:51,11,18,895,20.8%,76,NORMAL,175.0,0.0,8.5,False
1767687173.14,2026-01-06 13:42:53,12,18,896,20.6%,76,NORMAL,176.0,0.0,8.6,False
1767687174.30,2026-01-06 13:42:54,11,18,896,20.4%,76,NORMAL,176.0,0.0,8.6,False
1767687175.35,2026-01-06 13:42:55,9,18,896,20.1%,76,NORMAL,176.0,0.0,8.6,False
1767687176.61,2026-01-06 13:42:56,8,18,897,19.8%,76,NORMAL,176.0,0.0,8.6,False
1767687177.69,2026-01-06 13:42:57,8,18,897,19.5%,76,NORMAL,176.0,0.0,8.6,False
1767687178.73,2026-01-06 13:42:58,12,18,898,19.4%,76,NORMAL,177.0,0.0,8.6,False
1767687179.74,2026-01-06 13:42:59,9,18,899,19.1%,76,NORMAL,178.0,0.0,8.6,False
1767687180.78,2026-01-06 13:43:00,7,18,899,18.8%,76,NORMAL,178.0,0.0,8.6,False
1767687181.84,2026-01-06 13:43:01,9,18,901,18.7%,76,NORMAL,180.0,0.0,8.6,False
1767687182.91,2026-01-06 13:43:02,9,18,902,18.4%,76,NORMAL,181.0,0.0,8.5,False
1767687183.91,2026-01-06 13:43:03,9,18,902,18.2%,76,NORMAL,181.0,0.0,8.5,False
1767687185.04,2026-01-06 13:43:05,9,18,902,17.9%,76,NORMAL,181.0,0.0,8.5,False
1767687186.24,2026-01-06 13:43:06,11,18,905,17.8%,76,NORMAL,184.0,0.0,8.4,False
1767687187.32,2026-01-06 13:43:07,10,18,905,17.7%,76,NORMAL,184.0,0.0,8.3,False
1767687188.48,2026-01-06 13:43:08,9,18,905,17.4%,76,NORMAL,184.0,0.0,8.3,False
1767687189.58,2026-01-06 13:43:09,9,18,905,17.1%,76,NORMAL,184.0,0.0,8.3,False
1767687190.65,2026-01-06 13:43:10,8,18,905,16.7%,76,NORMAL,184.0,0.0,8.3,False
1767687191.74,2026-01-06 13:43:11,9,18,906,16.6%,76,NORMAL,185.0,0.0,8.2,False
1767687192.75,2026-01-06 13:43:12,7,18,906,16.3%,76,NORMAL,184.0,0.0,8.2,False
1767687193.78,2026-01-06 13:43:13,7,18,906,15.9%,76,NORMAL,183.0,0.0,8.3,False
1767687194.85,2026-01-06 13:43:14,8,18,906,15.8%,76,NORMAL,182.0,0.0,8.3,False
1767687196.17,2026-01-06 13:43:16,10,18,907,15.7%,76,NORMAL,183.0,0.0,8.2,False
1767687197.27,2026-01-06 13:43:17,11,18,907,15.5%,76,NORMAL,183.0,0.0,8.2,False
1767687198.37,2026-01-06 13:43:18,10,18,907,15.3%,76,NORMAL,183.0,0.0,8.2,False
1767687199.46,2026-01-06 13:43:19,10,18,907,15.1%,76,NORMAL,183.0,0.0,8.1,False
1767687200.54,2026-01-06 13:43:20,9,18,908,14.9%,76,NORMAL,184.0,0.0,8.1,False
1767687201.88,2026-01-06 13:43:21,9,18,908,14.7%,76,NORMAL,183.0,0.0,8.1,False
1767687202.98,2026-01-06 13:43:22,8,18,908,14.4%,76,NORMAL,183.0,0.0,8.2,False
1767687204.03,2026-01-06 13:43:24,8,18,908,14.3%,76,NORMAL,182.0,0.0,8.2,False
1767687205.16,2026-01-06 13:43:25,8,18,908,14.1%,76,NORMAL,182.0,0.0,8.2,False
1767687206.21,2026-01-06 13:43:26,8,18,909,13.9%,76,NORMAL,183.0,0.0,8.3,False
1767687207.28,2026-01-06 13:43:27,9,18,909,13.8%,76,NORMAL,183.0,0.0,8.3,False
1767687208.58,2026-01-06 13:43:28,8,18,909,13.8%,76,NORMAL,183.0,0.0,8.2,False
1767687209.70,2026-01-06 13:43:29,10,18,911,13.9%,76,NORMAL,184.0,0.0,8.2,False
1767687210.82,2026-01-06 13:43:30,9,18,911,13.9%,76,NORMAL,183.0,0.0,8.1,False
1767687211.88,2026-01-06 13:43:31,9,18,911,13.8%,76,NORMAL,182.0,0.0,8.1,False
1767687212.99,2026-01-06 13:43:32,9,18,911,13.8%,76,NORMAL,182.0,0.0,8.0,False
1767687214.08,2026-01-06 13:43:34,8,18,911,13.8%,76,NORMAL,182.0,0.0,8.0,False
1767687215.30,2026-01-06 13:43:35,8,18,911,13.8%,76,NORMAL,182.0,0.0,8.0,False
1767687216.42,2026-01-06 13:43:36,9,18,913,13.8%,76,NORMAL,184.0,0.0,8.1,False
1767687217.44,2026-01-06 13:43:37,8,18,913,13.7%,76,NORMAL,183.0,0.0,8.2,False
1767687218.46,2026-01-06 13:43:38,7,18,913,13.6%,76,NORMAL,183.0,0.0,8.3,False
1767687219.59,2026-01-06 13:43:39,7,18,913,13.4%,76,NORMAL,183.0,0.0,8.4,False
1767687220.62,2026-01-06 13:43:40,7,18,913,13.3%,76,NORMAL,183.0,0.0,8.6,False
1767687221.73,2026-01-06 13:43:41,7,18,914,13.2%,76,NORMAL,183.0,0.0,8.7,False
1767687222.80,2026-01-06 13:43:42,8,18,915,13.1%,76,NORMAL,184.0,0.0,8.8,False
1767687223.92,2026-01-06 13:43:43,8,18,915,13.1%,76,NORMAL,184.0,0.0,8.8,False
1767687225.02,2026-01-06 13:43:45,7,18,915,13.0%,76,NORMAL,184.0,0.0,8.9,False
1767687226.05,2026-01-06 13:43:46,8,18,916,13.1%,76,NORMAL,185.0,0.0,9.0,False
