timestamp,datetime,current_occupancy,peak_occupancy,unique_people,utilization_pct,est_capacity,capacity_status,flow_rate_per_min,avg_dwell_time_sec,processing_fps,alert_active
1767682102.47,2026-01-06 12:18:22,0,0,0,0.0%,78,NORMAL,0.0,0.0,1.1,False
1767682106.08,2026-01-06 12:18:26,6,6,6,4.7%,78,NORMAL,0.0,0.0,1.6,False
1767682107.15,2026-01-06 12:18:27,4,6,6,5.2%,78,NORMAL,0.0,0.0,4.1,False
1767682108.25,2026-01-06 12:18:28,6,6,7,6.2%,78,NORMAL,0.0,0.0,5.2,False
1767682109.32,2026-01-06 12:18:29,7,7,9,7.1%,78,NORMAL,0.0,0.0,6.0,False
1767682110.38,2026-01-06 12:18:30,4,7,9,7.0%,78,NORMAL,540.0,0.0,6.7,False
1767682111.65,2026-01-06 12:18:31,7,7,12,7.5%,78,NORMAL,600.0,0.0,7.5,False
1767682112.75,2026-01-06 12:18:32,5,8,14,7.6%,78,NORMAL,586.0,0.0,8.2,False
1767682113.80,2026-01-06 12:18:33,6,8,15,7.8%,78,NORMAL,562.5,0.0,8.6,False
1767682114.87,2026-01-06 12:18:34,5,8,15,7.8%,78,NORMAL,500.0,0.0,8.9,False
1767682116.16,2026-01-06 12:18:36,5,8,16,7.8%,78,NORMAL,472.1,0.0,9.3,False
1767682117.25,2026-01-06 12:18:37,6,8,17,7.9%,78,NORMAL,450.0,0.0,9.5,False
1767682118.30,2026-01-06 12:18:38,6,8,19,8.0%,78,NORMAL,462.2,0.0,9.7,False
1767682119.71,2026-01-06 12:18:39,7,8,20,8.2%,78,NORMAL,444.4,0.0,9.8,False
1767682120.73,2026-01-06 12:18:40,7,8,20,8.4%,78,NORMAL,413.8,0.0,10.0,False
1767682121.77,2026-01-06 12:18:41,6,8,21,8.4%,78,NORMAL,406.5,0.0,10.4,False
1767682122.82,2026-01-06 12:18:42,6,8,22,8.5%,78,NORMAL,400.0,0.0,10.9,False
1767682123.90,2026-01-06 12:18:43,7,8,23,8.6%,78,NORMAL,398.1,0.0,11.1,False
1767682124.94,2026-01-06 12:18:44,8,8,25,8.8%,78,NORMAL,412.8,0.0,11.4,False
1767682126.05,2026-01-06 12:18:46,7,9,27,8.9%,78,NORMAL,426.3,0.0,11.5,False
1767682127.10,2026-01-06 12:18:47,10,10,28,9.2%,78,NORMAL,427.1,0.0,11.7,False
1767682128.12,2026-01-06 12:18:48,12,12,31,9.6%,78,NORMAL,461.2,0.0,11.7,False
1767682129.45,2026-01-06 12:18:49,10,12,31,9.8%,78,NORMAL,442.9,0.0,11.7,False
1767682130.66,2026-01-06 12:18:50,8,12,33,9.9%,78,NORMAL,453.4,0.0,11.7,False
1767682131.79,2026-01-06 12:18:51,8,12,34,10.0%,78,NORMAL,450.0,0.0,11.7,False
1767682132.79,2026-01-06 12:18:52,7,12,34,10.1%,78,NORMAL,434.0,0.0,11.7,False
1767682133.86,2026-01-06 12:18:53,8,12,35,10.2%,78,NORMAL,431.5,0.0,11.6,False
1767682134.97,2026-01-06 12:18:54,6,12,36,10.1%,78,NORMAL,429.1,0.0,11.6,False
1767682136.25,2026-01-06 12:18:56,8,12,39,10.2%,78,NORMAL,450.0,0.0,11.6,False
1767682137.34,2026-01-06 12:18:57,8,12,40,10.3%,78,NORMAL,447.2,0.0,11.6,False
1767682138.72,2026-01-06 12:18:58,10,12,42,10.8%,78,NORMAL,455.4,0.0,11.6,False
1767682139.98,2026-01-06 12:18:59,11,12,42,11.0%,78,NORMAL,442.1,0.0,11.5,False
1767682141.67,2026-01-06 12:19:01,12,13,44,11.4%,78,NORMAL,450.0,0.0,11.5,False
1767682143.36,2026-01-06 12:19:03,11,13,44,11.7%,78,NORMAL,437.6,0.0,11.5,False
1767682144.98,2026-01-06 12:19:04,11,13,44,11.8%,78,NORMAL,425.8,0.0,11.4,False
1767682146.62,2026-01-06 12:19:06,11,13,45,12.2%,78,NORMAL,424.1,0.0,11.4,False
1767682148.09,2026-01-06 12:19:08,9,13,45,12.3%,78,NORMAL,413.3,0.0,11.4,False
1767682149.47,2026-01-06 12:19:09,10,13,46,12.5%,78,NORMAL,411.9,0.0,11.3,False
1767682150.83,2026-01-06 12:19:10,11,13,47,12.8%,78,NORMAL,410.7,0.0,11.3,False
1767682152.29,2026-01-06 12:19:12,12,13,47,13.1%,78,NORMAL,400.9,0.0,11.3,False
1767682153.72,2026-01-06 12:19:13,13,13,49,13.5%,78,NORMAL,408.3,0.0,11.2,False
1767682155.01,2026-01-06 12:19:15,11,15,50,13.7%,78,NORMAL,407.2,0.0,11.2,False
1767682156.20,2026-01-06 12:19:16,11,15,51,14.0%,78,NORMAL,406.2,0.0,11.1,False
1767682157.41,2026-01-06 12:19:17,12,15,52,14.2%,78,NORMAL,405.2,0.0,11.1,False
1767682158.48,2026-01-06 12:19:18,10,15,52,14.4%,78,NORMAL,396.6,0.0,11.0,False
1767682159.76,2026-01-06 12:19:19,10,15,53,14.6%,78,NORMAL,395.9,0.0,11.0,False
1767682161.35,2026-01-06 12:19:21,13,15,54,14.9%,78,NORMAL,395.1,0.0,11.0,False
1767682162.79,2026-01-06 12:19:22,14,15,58,15.2%,78,NORMAL,415.9,0.0,11.0,False
1767682164.33,2026-01-06 12:19:24,13,17,58,15.5%,78,NORMAL,407.8,0.0,10.9,False
1767682165.65,2026-01-06 12:19:25,14,17,58,15.8%,78,NORMAL,400.0,0.0,10.9,False
1767682167.26,2026-01-06 12:19:27,13,17,61,16.0%,78,NORMAL,412.8,0.0,10.9,False
1767682168.84,2026-01-06 12:19:28,15,17,62,16.1%,78,NORMAL,411.8,0.0,10.9,False
1767682170.22,2026-01-06 12:19:30,13,17,62,16.2%,78,NORMAL,404.3,0.0,10.8,False
1767682171.52,2026-01-06 12:19:31,12,17,62,16.4%,78,NORMAL,397.2,0.0,10.8,False
1767682172.84,2026-01-06 12:19:32,12,17,62,16.6%,78,NORMAL,390.2,0.0,10.8,False
1767682174.25,2026-01-06 12:19:34,14,17,63,17.0%,78,NORMAL,389.7,0.0,10.8,False
1767682175.55,2026-01-06 12:19:35,12,17,63,17.1%,78,NORMAL,383.1,0.0,10.8,False
1767682176.83,2026-01-06 12:19:36,12,17,63,17.4%,78,NORMAL,376.7,0.0,10.8,False
1767682178.43,2026-01-06 12:19:38,16,17,66,17.8%,78,NORMAL,388.2,0.0,10.8,False
1767682179.91,2026-01-06 12:19:39,15,17,67,18.1%,78,NORMAL,387.8,0.0,10.8,False
1767682181.66,2026-01-06 12:19:41,16,18,68,18.4%,78,NORMAL,387.3,0.0,10.8,False
1767682183.08,2026-01-06 12:19:43,11,18,68,18.4%,78,NORMAL,381.3,0.0,10.8,False
1767682184.33,2026-01-06 12:19:44,12,18,71,18.4%,78,NORMAL,392.0,0.0,10.8,False
1767682185.68,2026-01-06 12:19:45,11,18,73,18.4%,78,NORMAL,397.0,0.0,10.8,False
1767682187.21,2026-01-06 12:19:47,14,18,74,18.6%,78,NORMAL,396.4,0.0,10.8,False
1767682188.64,2026-01-06 12:19:48,13,18,77,18.6%,78,NORMAL,406.5,0.0,10.8,False
1767682190.12,2026-01-06 12:19:50,13,18,77,18.8%,78,NORMAL,400.6,0.0,10.8,False
1767682191.35,2026-01-06 12:19:51,12,18,79,18.9%,78,NORMAL,405.1,0.0,10.8,False
1767682192.96,2026-01-06 12:19:52,14,18,80,19.1%,78,NORMAL,404.5,0.0,10.8,False
1767682194.37,2026-01-06 12:19:54,14,18,81,19.2%,78,NORMAL,403.9,0.0,10.7,False
1767682195.81,2026-01-06 12:19:55,13,18,82,19.2%,78,NORMAL,403.3,0.0,10.7,False
1767682197.60,2026-01-06 12:19:57,13,18,84,19.3%,78,NORMAL,407.5,0.0,10.7,False
1767682199.02,2026-01-06 12:19:59,11,18,84,19.3%,78,NORMAL,402.1,0.0,10.7,False
1767682200.35,2026-01-06 12:20:00,11,18,85,19.2%,78,NORMAL,401.6,0.0,10.6,False
1767682201.59,2026-01-06 12:20:01,9,18,87,19.2%,78,NORMAL,405.7,0.0,10.6,False
1767682203.01,2026-01-06 12:20:03,10,18,90,19.2%,78,NORMAL,414.3,0.0,10.6,False
1767682204.03,2026-01-06 12:20:04,8,18,90,18.9%,78,NORMAL,409.1,0.0,10.6,False
1767682205.59,2026-01-06 12:20:05,11,18,91,18.8%,78,NORMAL,408.5,0.0,10.5,False
1767682206.88,2026-01-06 12:20:06,11,18,91,18.7%,78,NORMAL,403.4,0.0,10.5,False
1767682208.22,2026-01-06 12:20:08,11,18,91,18.6%,78,NORMAL,398.5,0.0,10.5,False
1767682209.58,2026-01-06 12:20:09,13,18,92,18.6%,78,NORMAL,398.1,0.0,10.5,False
1767682210.89,2026-01-06 12:20:10,11,18,93,18.4%,78,NORMAL,397.6,0.0,10.5,False
1767682212.28,2026-01-06 12:20:12,12,18,95,18.3%,78,NORMAL,401.4,0.0,10.5,False
1767682213.50,2026-01-06 12:20:13,9,18,96,18.2%,78,NORMAL,400.9,0.0,10.5,False
1767682214.65,2026-01-06 12:20:14,8,18,97,18.0%,78,NORMAL,400.5,0.0,10.5,False
1767682215.84,2026-01-06 12:20:15,9,18,97,17.7%,78,NORMAL,395.9,0.0,10.5,False
1767682217.00,2026-01-06 12:20:17,10,18,99,17.7%,78,NORMAL,399.6,0.0,10.5,False
1767682218.32,2026-01-06 12:20:18,11,18,100,17.6%,78,NORMAL,399.1,0.0,10.5,False
1767682219.56,2026-01-06 12:20:19,11,18,101,17.4%,78,NORMAL,398.7,0.0,10.5,False
1767682220.76,2026-01-06 12:20:20,8,18,101,17.0%,78,NORMAL,394.4,0.0,10.5,False
1767682222.05,2026-01-06 12:20:22,9,18,101,16.7%,78,NORMAL,390.1,0.0,10.5,False
1767682223.38,2026-01-06 12:20:23,11,18,101,16.7%,78,NORMAL,386.0,0.0,10.5,False
1767682224.68,2026-01-06 12:20:24,10,18,102,16.6%,78,NORMAL,385.7,0.0,10.5,False
1767682226.09,2026-01-06 12:20:26,12,18,104,16.7%,78,NORMAL,389.2,0.0,10.5,False
1767682227.35,2026-01-06 12:20:27,11,18,104,16.5%,78,NORMAL,385.2,0.0,10.5,False
1767682228.57,2026-01-06 12:20:28,11,18,104,16.4%,78,NORMAL,381.3,0.0,10.5,False
1767682229.72,2026-01-06 12:20:29,10,18,104,16.3%,78,NORMAL,377.4,0.0,10.6,False
1767682230.90,2026-01-06 12:20:30,9,18,104,16.2%,78,NORMAL,373.7,0.0,10.6,False
1767682232.21,2026-01-06 12:20:32,11,18,104,16.0%,78,NORMAL,370.0,0.0,10.6,False
1767682233.39,2026-01-06 12:20:33,11,18,104,15.9%,78,NORMAL,366.3,0.0,10.5,False
1767682234.61,2026-01-06 12:20:34,11,18,105,15.8%,78,NORMAL,366.3,0.0,10.5,False
1767682235.70,2026-01-06 12:20:35,10,18,105,15.6%,78,NORMAL,362.8,0.0,10.5,False
1767682236.79,2026-01-06 12:20:36,9,18,105,15.5%,78,NORMAL,359.3,0.0,10.5,False
1767682237.84,2026-01-06 12:20:37,8,18,105,15.4%,78,NORMAL,355.9,0.0,10.5,False
1767682239.11,2026-01-06 12:20:39,10,18,106,15.5%,78,NORMAL,356.0,0.0,10.5,False
1767682240.21,2026-01-06 12:20:40,11,18,109,15.5%,78,NORMAL,362.7,0.0,10.5,False
1767682241.30,2026-01-06 12:20:41,10,18,110,15.6%,78,NORMAL,362.6,0.0,10.5,False
1767682242.81,2026-01-06 12:20:42,10,18,110,15.5%,78,NORMAL,359.3,0.0,10.5,False
1767682244.61,2026-01-06 12:20:44,12,18,112,15.6%,78,NORMAL,362.6,0.0,10.5,False
1767682246.39,2026-01-06 12:20:46,13,18,113,15.7%,78,NORMAL,362.6,0.0,10.4,False
1767682248.13,2026-01-06 12:20:48,13,18,114,15.7%,78,NORMAL,362.5,0.0,10.3,False
1767682249.94,2026-01-06 12:20:49,12,18,115,15.7%,78,NORMAL,362.5,0.0,10.2,False
1767682251.10,2026-01-06 12:20:51,11,18,115,15.7%,78,NORMAL,359.4,0.0,10.0,False
1767682252.19,2026-01-06 12:20:52,10,18,116,15.7%,78,NORMAL,359.4,0.0,9.9,False
1767682253.22,2026-01-06 12:20:53,8,18,117,15.7%,78,NORMAL,359.4,0.0,9.8,False
1767682254.62,2026-01-06 12:20:54,11,18,120,15.8%,78,NORMAL,365.5,0.0,9.8,False
1767682255.79,2026-01-06 12:20:55,11,18,121,15.9%,78,NORMAL,365.4,0.0,9.7,False
1767682257.24,2026-01-06 12:20:57,14,18,122,16.0%,78,NORMAL,365.4,0.0,9.7,False
1767682258.62,2026-01-06 12:20:58,13,18,123,16.1%,78,NORMAL,365.3,0.0,9.7,False
1767682259.92,2026-01-06 12:20:59,13,18,123,16.4%,78,NORMAL,362.4,0.0,9.7,False
1767682261.12,2026-01-06 12:21:01,12,18,123,16.5%,78,NORMAL,359.4,0.0,9.7,False
1767682262.35,2026-01-06 12:21:02,11,18,125,16.5%,78,NORMAL,362.3,0.0,9.7,False
1767682263.61,2026-01-06 12:21:03,10,18,127,16.5%,78,NORMAL,365.2,0.0,9.7,False
1767682264.77,2026-01-06 12:21:04,11,18,127,16.4%,78,NORMAL,362.3,0.0,9.7,False
1767682265.98,2026-01-06 12:21:05,12,18,128,16.5%,78,NORMAL,362.3,0.0,9.7,False
1767682267.32,2026-01-06 12:21:07,13,18,128,16.6%,78,NORMAL,359.4,0.0,9.7,False
1767682268.54,2026-01-06 12:21:08,11,18,128,16.6%,78,NORMAL,356.7,0.0,9.7,False
1767682269.81,2026-01-06 12:21:09,12,18,129,16.8%,78,NORMAL,356.7,0.0,9.8,False
1767682271.21,2026-01-06 12:21:11,14,18,132,16.9%,78,NORMAL,362.2,0.0,9.9,False
1767682272.52,2026-01-06 12:21:12,12,18,133,17.0%,78,NORMAL,362.2,0.0,10.1,False
1767682273.77,2026-01-06 12:21:13,10,18,133,16.9%,78,NORMAL,359.5,0.0,10.2,False
1767682274.95,2026-01-06 12:21:14,11,18,135,17.0%,78,NORMAL,362.1,0.0,10.3,False
1767682276.48,2026-01-06 12:21:16,13,18,137,17.2%,78,NORMAL,364.8,0.0,10.4,False
1767682278.03,2026-01-06 12:21:18,15,18,140,17.5%,78,NORMAL,370.0,0.0,10.4,False
1767682279.48,2026-01-06 12:21:19,16,18,141,17.8%,78,NORMAL,370.0,0.0,10.5,False
1767682281.09,2026-01-06 12:21:21,14,18,143,17.9%,78,NORMAL,372.5,0.0,10.5,False
1767682282.73,2026-01-06 12:21:22,13,18,144,18.0%,78,NORMAL,372.4,0.0,10.5,False
1767682284.24,2026-01-06 12:21:24,11,18,144,18.1%,78,NORMAL,369.8,0.0,10.5,False
1767682285.98,2026-01-06 12:21:25,12,18,146,18.1%,78,NORMAL,372.2,0.0,10.5,False
1767682288.00,2026-01-06 12:21:28,15,18,147,18.2%,78,NORMAL,372.2,0.0,10.5,False
1767682290.02,2026-01-06 12:21:30,15,18,149,18.3%,78,NORMAL,374.6,0.0,10.4,False
1767682291.93,2026-01-06 12:21:31,15,18,149,18.4%,78,NORMAL,372.0,0.0,10.3,False
1767682293.39,2026-01-06 12:21:33,12,18,150,18.5%,78,NORMAL,371.9,0.0,10.3,False
1767682295.37,2026-01-06 12:21:35,16,18,152,18.7%,78,NORMAL,374.3,0.0,10.2,False
1767682297.27,2026-01-06 12:21:37,15,18,153,19.1%,78,NORMAL,374.2,0.0,10.1,False
1767682298.93,2026-01-06 12:21:38,13,18,153,19.2%,78,NORMAL,371.7,0.0,10.0,False
1767682300.43,2026-01-06 12:21:40,11,18,154,19.2%,78,NORMAL,371.6,0.0,9.9,False
1767682302.12,2026-01-06 12:21:42,12,18,156,19.1%,78,NORMAL,373.9,0.0,9.8,False
1767682303.65,2026-01-06 12:21:43,12,18,157,19.0%,78,NORMAL,373.8,0.0,9.7,False
1767682305.14,2026-01-06 12:21:45,13,18,160,19.0%,78,NORMAL,378.4,0.0,9.7,False
1767682306.82,2026-01-06 12:21:46,15,18,162,19.2%,78,NORMAL,380.7,0.0,9.6,False
1767682308.46,2026-01-06 12:21:48,14,18,162,19.3%,78,NORMAL,378.2,0.0,9.6,False
1767682309.92,2026-01-06 12:21:49,11,18,162,19.3%,78,NORMAL,375.8,0.0,9.5,False
1767682311.31,2026-01-06 12:21:51,11,18,162,19.3%,78,NORMAL,373.4,0.0,9.5,False
1767682312.83,2026-01-06 12:21:52,10,18,163,19.2%,78,NORMAL,373.3,0.0,9.5,False
1767682314.27,2026-01-06 12:21:54,10,18,164,19.1%,78,NORMAL,373.2,0.0,9.5,False
1767682315.57,2026-01-06 12:21:55,9,18,165,19.0%,78,NORMAL,373.1,0.0,9.5,False
1767682316.83,2026-01-06 12:21:56,10,18,167,18.9%,78,NORMAL,375.3,0.0,9.5,False
1767682318.15,2026-01-06 12:21:58,11,18,167,18.8%,78,NORMAL,373.0,0.0,9.6,False
1767682319.45,2026-01-06 12:21:59,11,18,169,18.7%,78,NORMAL,375.1,0.0,9.6,False
1767682320.66,2026-01-06 12:22:00,10,18,169,18.7%,78,NORMAL,372.8,0.0,9.7,False
1767682321.80,2026-01-06 12:22:01,8,18,170,18.6%,78,NORMAL,372.3,0.0,9.8,False
1767682322.81,2026-01-06 12:22:02,8,18,170,18.3%,78,NORMAL,370.5,0.0,9.8,False
1767682323.99,2026-01-06 12:22:03,8,18,171,18.0%,78,NORMAL,370.4,0.0,9.9,False
1767682325.15,2026-01-06 12:22:05,10,18,172,17.7%,78,NORMAL,370.3,0.0,10.0,False
1767682326.21,2026-01-06 12:22:06,8,18,172,17.5%,78,NORMAL,367.7,0.0,10.1,False
1767682327.28,2026-01-06 12:22:07,9,18,174,17.3%,78,NORMAL,369.8,0.0,10.2,False
1767682328.53,2026-01-06 12:22:08,11,18,177,17.3%,78,NORMAL,374.4,0.0,10.2,False
1767682330.04,2026-01-06 12:22:10,10,18,178,17.2%,78,NORMAL,374.3,0.0,10.3,False
1767682331.35,2026-01-06 12:22:11,11,18,178,17.0%,78,NORMAL,372.1,0.0,10.3,False
1767682332.64,2026-01-06 12:22:12,11,18,178,16.8%,78,NORMAL,370.0,0.0,10.4,False
1767682333.76,2026-01-06 12:22:13,10,18,178,16.6%,78,NORMAL,367.9,0.0,10.4,False
1767682334.87,2026-01-06 12:22:14,9,18,178,16.4%,78,NORMAL,365.8,0.0,10.4,False
1767682336.00,2026-01-06 12:22:16,9,18,178,16.1%,78,NORMAL,363.7,0.0,10.4,False
1767682337.42,2026-01-06 12:22:17,11,18,179,15.9%,78,NORMAL,363.7,0.0,10.3,False
1767682338.71,2026-01-06 12:22:18,9,18,180,15.7%,78,NORMAL,363.6,0.0,10.3,False
1767682339.98,2026-01-06 12:22:19,10,18,181,15.7%,78,NORMAL,363.6,0.0,10.3,False
1767682341.30,2026-01-06 12:22:21,9,18,182,15.5%,78,NORMAL,363.6,0.0,10.3,False
1767682342.61,2026-01-06 12:22:22,11,18,183,15.5%,78,NORMAL,363.6,0.0,10.3,False
1767682343.90,2026-01-06 12:22:23,10,18,183,15.4%,78,NORMAL,361.6,0.0,10.3,False
1767682345.09,2026-01-06 12:22:25,9,18,183,15.1%,78,NORMAL,359.6,0.0,10.3,False
1767682346.59,2026-01-06 12:22:26,10,18,185,14.9%,78,NORMAL,361.6,0.0,10.3,False
1767682348.12,2026-01-06 12:22:28,11,18,186,14.9%,78,NORMAL,361.6,0.0,10.2,False
1767682349.44,2026-01-06 12:22:29,10,18,186,14.8%,78,NORMAL,359.6,0.0,10.2,False
1767682350.99,2026-01-06 12:22:30,11,18,186,14.9%,78,NORMAL,357.7,0.0,10.2,False
1767682352.50,2026-01-06 12:22:32,11,18,187,14.9%,78,NORMAL,357.7,0.0,10.1,False
1767682353.68,2026-01-06 12:22:33,8,18,187,14.9%,78,NORMAL,355.8,0.0,10.1,False
1767682355.08,2026-01-06 12:22:35,9,18,187,14.8%,78,NORMAL,353.9,0.0,10.1,False
1767682356.34,2026-01-06 12:22:36,8,18,187,14.7%,78,NORMAL,352.1,0.0,10.1,False
1767682357.53,2026-01-06 12:22:37,7,18,187,14.5%,78,NORMAL,350.3,0.0,10.0,False
1767682358.74,2026-01-06 12:22:38,7,18,188,14.4%,78,NORMAL,350.3,0.0,10.0,False
1767682360.19,2026-01-06 12:22:40,9,18,190,14.4%,78,NORMAL,352.2,0.0,10.0,False
1767682361.71,2026-01-06 12:22:41,10,18,192,14.5%,78,NORMAL,354.1,0.0,10.0,False
1767682363.02,2026-01-06 12:22:43,9,18,192,14.5%,78,NORMAL,352.3,0.0,10.0,False
1767682364.49,2026-01-06 12:22:44,9,18,192,14.5%,78,NORMAL,350.5,0.0,10.0,False
1767682365.88,2026-01-06 12:22:45,9,18,192,14.5%,78,NORMAL,348.7,0.0,10.0,False
1767682367.16,2026-01-06 12:22:47,8,18,192,14.5%,78,NORMAL,347.0,0.0,10.0,False
1767682368.55,2026-01-06 12:22:48,9,18,193,14.4%,78,NORMAL,347.1,0.0,10.0,False
1767682369.86,2026-01-06 12:22:49,9,18,193,14.4%,78,NORMAL,345.3,0.0,10.0,False
1767682371.27,2026-01-06 12:22:51,10,18,193,14.3%,78,NORMAL,343.6,0.0,10.0,False
1767682372.77,2026-01-06 12:22:52,11,18,195,14.3%,78,NORMAL,345.5,0.0,9.9,False
1767682374.29,2026-01-06 12:22:54,11,18,197,14.4%,78,NORMAL,347.3,0.0,9.9,False
1767682375.89,2026-01-06 12:22:55,10,18,198,14.4%,78,NORMAL,347.4,0.0,9.9,False
1767682377.33,2026-01-06 12:22:57,11,18,198,14.5%,78,NORMAL,345.7,0.0,9.9,False
1767682378.87,2026-01-06 12:22:58,12,18,200,14.5%,78,NORMAL,347.5,0.0,9.9,False
1767682380.25,2026-01-06 12:23:00,12,18,200,14.7%,78,NORMAL,345.8,0.0,9.9,False
1767682381.56,2026-01-06 12:23:01,13,18,202,14.8%,78,NORMAL,347.6,0.0,9.9,False
1767682383.18,2026-01-06 12:23:03,12,18,202,15.0%,78,NORMAL,346.0,0.0,9.9,False
1767682384.56,2026-01-06 12:23:04,11,18,202,15.0%,78,NORMAL,344.3,0.0,9.9,False
1767682386.02,2026-01-06 12:23:06,13,18,204,15.1%,78,NORMAL,346.1,0.0,9.9,False
1767682387.32,2026-01-06 12:23:07,11,18,204,15.2%,78,NORMAL,344.5,0.0,9.9,False
1767682388.61,2026-01-06 12:23:08,11,18,205,15.3%,78,NORMAL,344.5,0.0,10.0,False
1767682389.86,2026-01-06 12:23:09,10,18,205,15.2%,78,NORMAL,342.9,0.0,10.0,False
1767682391.33,2026-01-06 12:23:11,12,18,206,15.3%,78,NORMAL,343.0,0.0,10.0,False
1767682392.55,2026-01-06 12:23:12,11,18,207,15.3%,78,NORMAL,343.1,0.0,10.0,False
1767682394.12,2026-01-06 12:23:14,11,18,211,15.3%,78,NORMAL,348.1,0.0,10.0,False
1767682395.37,2026-01-06 12:23:15,10,18,211,15.4%,78,NORMAL,346.5,0.0,10.0,False
1767682396.80,2026-01-06 12:23:16,12,18,213,15.5%,78,NORMAL,348.2,0.0,10.1,False
1767682398.07,2026-01-06 12:23:18,11,18,214,15.7%,78,NORMAL,348.3,0.0,10.1,False
1767682399.32,2026-01-06 12:23:19,10,18,214,15.8%,78,NORMAL,346.7,0.0,10.1,False
1767682400.37,2026-01-06 12:23:20,7,18,215,15.8%,78,NORMAL,346.8,0.0,10.2,False
1767682401.58,2026-01-06 12:23:21,10,18,216,15.9%,78,NORMAL,346.8,0.0,10.2,False
1767682402.78,2026-01-06 12:23:22,10,18,216,15.9%,78,NORMAL,345.3,0.0,10.2,False
1767682404.14,2026-01-06 12:23:24,11,18,219,16.0%,78,NORMAL,348.5,0.0,10.3,False
1767682405.45,2026-01-06 12:23:25,10,18,221,16.0%,78,NORMAL,350.2,0.0,10.3,False
1767682406.77,2026-01-06 12:23:26,11,18,221,16.1%,78,NORMAL,348.6,0.0,10.3,False
1767682408.28,2026-01-06 12:23:28,12,18,222,16.3%,78,NORMAL,348.7,0.0,10.3,False
1767682409.83,2026-01-06 12:23:29,11,18,223,16.4%,78,NORMAL,348.7,0.0,10.3,False
1767682411.69,2026-01-06 12:23:31,13,18,225,16.6%,78,NORMAL,350.3,0.0,10.3,False
1767682413.87,2026-01-06 12:23:33,17,18,230,16.9%,78,NORMAL,356.6,0.0,10.3,False
1767682415.93,2026-01-06 12:23:35,17,18,231,17.2%,78,NORMAL,356.6,0.0,10.3,False
1767682417.88,2026-01-06 12:23:37,14,18,232,17.3%,78,NORMAL,356.6,0.0,10.2,False
1767682418.95,2026-01-06 12:23:38,17,19,235,17.7%,78,NORMAL,360.3,0.0,10.2,False
1767682420.27,2026-01-06 12:23:40,15,19,235,17.8%,78,NORMAL,359.7,0.0,10.2,False
1767682422.17,2026-01-06 12:23:42,15,19,236,18.0%,78,NORMAL,359.7,0.0,10.1,False
1767682423.94,2026-01-06 12:23:43,17,19,238,18.2%,78,NORMAL,361.2,0.0,10.0,False
1767682425.61,2026-01-06 12:23:45,15,19,238,18.3%,78,NORMAL,359.7,0.0,10.0,False
1767682427.86,2026-01-06 12:23:47,15,19,240,18.4%,78,NORMAL,361.2,0.0,9.9,False
1767682429.67,2026-01-06 12:23:49,14,19,241,18.6%,78,NORMAL,361.2,0.0,9.9,False
1767682431.36,2026-01-06 12:23:51,12,19,242,18.5%,78,NORMAL,361.2,0.0,9.8,False
1767682433.10,2026-01-06 12:23:53,12,19,243,18.6%,78,NORMAL,361.2,0.0,9.8,False
1767682434.78,2026-01-06 12:23:54,11,19,244,18.6%,78,NORMAL,361.2,0.0,9.7,False
1767682436.30,2026-01-06 12:23:56,11,19,244,18.6%,78,NORMAL,359.7,0.0,9.6,False
1767682438.00,2026-01-06 12:23:58,12,19,245,18.6%,78,NORMAL,359.7,0.0,9.5,False
1767682439.33,2026-01-06 12:23:59,10,19,245,18.6%,78,NORMAL,358.2,0.0,9.5,False
1767682440.92,2026-01-06 12:24:00,13,19,245,18.7%,78,NORMAL,356.8,0.0,9.4,False
1767682442.29,2026-01-06 12:24:02,11,19,245,18.7%,78,NORMAL,355.4,0.0,9.4,False
1767682443.78,2026-01-06 12:24:03,10,19,245,18.6%,78,NORMAL,353.9,0.0,9.4,False
1767682445.23,2026-01-06 12:24:05,8,19,246,18.5%,78,NORMAL,354.0,0.0,9.4,False
1767682446.72,2026-01-06 12:24:06,9,19,247,18.4%,78,NORMAL,354.0,0.0,9.4,False
1767682448.00,2026-01-06 12:24:08,9,19,247,18.5%,78,NORMAL,352.6,0.0,9.4,False
1767682449.19,2026-01-06 12:24:09,8,19,248,18.4%,78,NORMAL,352.6,0.0,9.4,False
1767682450.69,2026-01-06 12:24:10,10,19,249,18.4%,78,NORMAL,352.6,0.0,9.4,False
1767682452.01,2026-01-06 12:24:12,10,19,250,18.4%,78,NORMAL,352.7,0.0,9.4,False
1767682453.23,2026-01-06 12:24:13,9,19,251,18.3%,78,NORMAL,352.7,0.0,9.4,False
1767682454.73,2026-01-06 12:24:14,12,19,252,18.4%,78,NORMAL,352.7,0.0,9.5,False
1767682456.04,2026-01-06 12:24:16,11,19,253,18.3%,78,NORMAL,352.7,0.0,9.5,False
1767682457.38,2026-01-06 12:24:17,11,19,253,18.3%,78,NORMAL,351.4,0.0,9.5,False
1767682458.79,2026-01-06 12:24:18,11,19,253,18.2%,78,NORMAL,350.0,0.0,9.6,False
1767682460.22,2026-01-06 12:24:20,13,19,254,18.1%,78,NORMAL,350.1,0.0,9.7,False
1767682461.50,2026-01-06 12:24:21,11,19,254,17.8%,78,NORMAL,348.7,0.0,9.8,False
1767682462.62,2026-01-06 12:24:22,9,19,255,17.5%,78,NORMAL,348.8,0.0,9.9,False
1767682463.98,2026-01-06 12:24:23,9,19,256,17.2%,78,NORMAL,348.8,0.0,10.0,False
1767682465.06,2026-01-06 12:24:25,9,19,258,16.9%,78,NORMAL,350.2,0.0,10.1,False
1767682466.23,2026-01-06 12:24:26,10,19,260,16.7%,78,NORMAL,351.6,0.0,10.2,False
1767682467.43,2026-01-06 12:24:27,10,19,260,16.3%,78,NORMAL,350.3,0.0,10.3,False
1767682468.55,2026-01-06 12:24:28,9,19,260,16.1%,78,NORMAL,349.0,0.0,10.4,False
1767682469.80,2026-01-06 12:24:29,12,19,261,15.9%,78,NORMAL,349.0,0.0,10.4,False
1767682471.12,2026-01-06 12:24:31,10,19,263,15.7%,78,NORMAL,350.4,0.0,10.5,False
1767682474.43,2026-01-06 12:24:34,13,19,265,15.8%,78,NORMAL,351.8,0.0,10.6,False
1767682475.87,2026-01-06 12:24:35,14,19,268,15.9%,78,NORMAL,354.4,0.0,10.6,False
1767682477.58,2026-01-06 12:24:37,13,19,269,16.0%,78,NORMAL,354.5,0.0,10.7,False
1767682479.13,2026-01-06 12:24:39,14,19,270,16.1%,78,NORMAL,354.5,0.0,10.7,False
1767682480.36,2026-01-06 12:24:40,12,19,270,16.1%,78,NORMAL,353.2,0.0,10.8,False
1767682481.62,2026-01-06 12:24:41,11,19,270,16.2%,78,NORMAL,351.9,0.0,10.8,False
1767682482.82,2026-01-06 12:24:42,10,19,270,16.0%,78,NORMAL,350.6,0.0,10.8,False
1767682484.15,2026-01-06 12:24:44,11,19,272,16.0%,78,NORMAL,352.0,0.0,10.8,False
1767682485.47,2026-01-06 12:24:45,11,19,272,16.1%,78,NORMAL,350.7,0.0,10.8,False
1767682486.82,2026-01-06 12:24:46,10,19,272,16.2%,78,NORMAL,349.5,0.0,10.8,False
1767682488.07,2026-01-06 12:24:48,8,19,272,16.1%,78,NORMAL,348.2,0.0,10.8,False
1767682489.30,2026-01-06 12:24:49,7,19,272,16.0%,78,NORMAL,347.0,0.0,10.7,False
1767682490.54,2026-01-06 12:24:50,7,19,272,16.0%,78,NORMAL,345.8,0.0,10.7,False
1767682491.79,2026-01-06 12:24:51,7,19,273,15.8%,78,NORMAL,345.8,0.0,10.6,False
1767682493.05,2026-01-06 12:24:53,8,19,274,15.7%,78,NORMAL,345.9,0.0,10.6,False
1767682494.45,2026-01-06 12:24:54,10,19,276,15.8%,78,NORMAL,347.2,0.0,10.6,False
1767682495.66,2026-01-06 12:24:55,9,19,277,15.6%,78,NORMAL,347.2,0.0,10.6,False
1767682497.02,2026-01-06 12:24:57,9,19,277,15.5%,78,NORMAL,346.0,0.0,10.5,False
1767682498.57,2026-01-06 12:24:58,11,19,278,15.5%,78,NORMAL,346.1,0.0,10.5,False
1767682500.17,2026-01-06 12:25:00,11,19,280,15.5%,78,NORMAL,347.3,0.0,10.5,False
1767682501.86,2026-01-06 12:25:01,14,19,282,15.6%,78,NORMAL,348.6,0.0,10.4,False
1767682503.46,2026-01-06 12:25:03,13,19,282,15.7%,78,NORMAL,347.4,0.0,10.3,False
1767682505.08,2026-01-06 12:25:05,13,19,284,15.9%,78,NORMAL,348.7,0.0,10.3,False
1767682506.63,2026-01-06 12:25:06,13,19,284,16.0%,78,NORMAL,347.5,0.0,10.2,False
1767682508.14,2026-01-06 12:25:08,12,19,285,16.2%,78,NORMAL,347.6,0.0,10.2,False
1767682509.60,2026-01-06 12:25:09,10,19,286,16.2%,78,NORMAL,347.6,0.0,10.1,False
1767682511.27,2026-01-06 12:25:11,11,19,288,16.2%,78,NORMAL,348.9,0.0,10.1,False
1767682512.57,2026-01-06 12:25:12,10,19,288,16.3%,78,NORMAL,347.7,0.0,10.0,False
1767682514.01,2026-01-06 12:25:14,11,19,288,16.2%,78,NORMAL,346.5,0.0,10.0,False
1767682515.37,2026-01-06 12:25:15,3,19,288,15.9%,78,NORMAL,345.4,0.0,10.0,False
1767682516.39,2026-01-06 12:25:16,8,19,291,15.7%,78,NORMAL,348.0,0.0,9.9,False
1767682517.44,2026-01-06 12:25:17,9,19,292,15.4%,78,NORMAL,348.3,0.0,9.9,False
1767682518.45,2026-01-06 12:25:18,11,19,294,15.3%,78,NORMAL,350.0,0.0,9.9,False
1767682519.71,2026-01-06 12:25:19,12,19,295,15.2%,78,NORMAL,350.3,0.0,9.8,False
1767682520.99,2026-01-06 12:25:20,9,19,295,15.1%,78,NORMAL,349.1,0.0,9.8,False
1767682522.23,2026-01-06 12:25:22,9,19,296,15.0%,78,NORMAL,349.1,0.0,9.7,False
1767682523.38,2026-01-06 12:25:23,9,19,297,14.9%,78,NORMAL,349.2,0.0,9.7,False
1767682524.43,2026-01-06 12:25:24,8,19,297,14.8%,78,NORMAL,348.0,0.0,9.7,False
1767682526.20,2026-01-06 12:25:26,10,19,300,14.8%,78,NORMAL,350.4,0.0,9.7,False
1767682527.64,2026-01-06 12:25:27,9,19,303,14.7%,78,NORMAL,352.8,0.0,9.7,False
1767682528.79,2026-01-06 12:25:28,9,19,303,14.8%,78,NORMAL,351.6,0.0,9.7,False
1767682529.98,2026-01-06 12:25:29,9,19,304,14.9%,78,NORMAL,351.7,0.0,9.8,False
1767682531.26,2026-01-06 12:25:31,10,19,304,15.0%,78,NORMAL,350.5,0.0,9.8,False
1767682532.49,2026-01-06 12:25:32,10,19,304,15.1%,78,NORMAL,349.4,0.0,9.9,False
1767682533.61,2026-01-06 12:25:33,9,19,304,15.2%,78,NORMAL,348.3,0.0,9.9,False
1767682534.84,2026-01-06 12:25:34,11,19,304,15.2%,78,NORMAL,347.2,0.0,10.0,False
1767682536.13,2026-01-06 12:25:36,11,19,304,15.3%,78,NORMAL,346.1,0.0,10.1,False
1767682537.45,2026-01-06 12:25:37,12,19,306,15.5%,78,NORMAL,347.3,0.0,10.1,False
1767682538.84,2026-01-06 12:25:38,11,19,306,15.5%,78,NORMAL,346.2,0.0,10.2,False
1767682540.11,2026-01-06 12:25:40,11,19,307,15.5%,78,NORMAL,346.2,0.0,10.3,False
1767682541.23,2026-01-06 12:25:41,9,19,307,15.2%,78,NORMAL,345.2,0.0,10.3,False
1767682542.51,2026-01-06 12:25:42,10,19,307,15.1%,78,NORMAL,344.1,0.0,10.4,False
1767682543.58,2026-01-06 12:25:43,8,19,307,14.9%,78,NORMAL,343.0,0.0,10.5,False
1767682544.74,2026-01-06 12:25:44,7,19,307,14.6%,78,NORMAL,342.0,0.0,10.5,False
1767682545.96,2026-01-06 12:25:45,6,19,308,14.3%,78,NORMAL,342.0,0.0,10.6,False
1767682547.45,2026-01-06 12:25:47,9,19,311,14.2%,78,NORMAL,344.3,0.0,10.6,False
1767682548.96,2026-01-06 12:25:48,11,19,314,14.2%,78,NORMAL,346.5,0.0,10.6,False
1767682550.39,2026-01-06 12:25:50,11,19,315,14.3%,78,NORMAL,346.6,0.0,10.6,False
1767682551.73,2026-01-06 12:25:51,9,19,315,14.2%,78,NORMAL,345.5,0.0,10.6,False
1767682553.05,2026-01-06 12:25:53,9,19,316,14.5%,78,NORMAL,345.6,0.0,10.5,False
1767682554.28,2026-01-06 12:25:54,10,19,317,14.6%,78,NORMAL,345.6,0.0,10.5,False
1767682555.48,2026-01-06 12:25:55,9,19,317,14.6%,78,NORMAL,344.6,0.0,10.5,False
1767682556.78,2026-01-06 12:25:56,8,19,317,14.4%,78,NORMAL,343.5,0.0,10.4,False
1767682558.08,2026-01-06 12:25:58,7,19,318,14.2%,78,NORMAL,343.6,0.0,10.4,False
1767682559.43,2026-01-06 12:25:59,8,19,318,14.2%,78,NORMAL,342.5,0.0,10.4,False
1767682560.61,2026-01-06 12:26:00,9,19,319,14.2%,78,NORMAL,342.6,0.0,10.3,False
1767682561.72,2026-01-06 12:26:01,7,19,319,14.1%,78,NORMAL,341.6,0.0,10.3,False
1767682562.88,2026-01-06 12:26:02,8,19,321,14.1%,78,NORMAL,342.7,0.0,10.3,False
1767682564.18,2026-01-06 12:26:04,9,19,322,14.0%,78,NORMAL,342.8,0.0,10.3,False
1767682565.34,2026-01-06 12:26:05,9,19,322,14.0%,78,NORMAL,341.7,0.0,10.3,False
1767682566.44,2026-01-06 12:26:06,10,19,323,14.1%,78,NORMAL,341.8,0.0,10.3,False
1767682567.58,2026-01-06 12:26:07,10,19,324,14.1%,78,NORMAL,341.9,0.0,10.3,False
1767682568.81,2026-01-06 12:26:08,11,19,324,14.2%,78,NORMAL,340.9,0.0,10.3,False
1767682570.00,2026-01-06 12:26:09,9,19,324,14.1%,78,NORMAL,339.9,0.0,10.3,False
1767682571.10,2026-01-06 12:26:11,8,19,324,14.1%,78,NORMAL,338.9,0.0,10.3,False
1767682572.31,2026-01-06 12:26:12,9,19,326,14.0%,78,NORMAL,340.0,0.0,10.3,False
1767682573.53,2026-01-06 12:26:13,10,19,326,13.9%,78,NORMAL,339.0,0.0,10.3,False
1767682574.69,2026-01-06 12:26:14,9,19,327,13.8%,78,NORMAL,339.1,0.0,10.4,False
1767682575.96,2026-01-06 12:26:15,11,19,328,13.8%,78,NORMAL,339.1,0.0,10.4,False
1767682577.20,2026-01-06 12:26:17,10,19,328,13.7%,78,NORMAL,338.1,0.0,10.4,False
1767682578.61,2026-01-06 12:26:18,12,19,329,13.9%,78,NORMAL,338.2,0.0,10.5,False
1767682579.86,2026-01-06 12:26:19,10,19,329,13.9%,78,NORMAL,337.2,0.0,10.5,False
1767682580.93,2026-01-06 12:26:20,10,19,331,14.0%,78,NORMAL,338.3,0.0,10.5,False
1767682582.15,2026-01-06 12:26:22,9,19,332,14.1%,78,NORMAL,338.4,0.0,10.5,False
1767682583.48,2026-01-06 12:26:23,11,19,334,14.3%,78,NORMAL,339.5,0.0,10.5,False
1767682584.75,2026-01-06 12:26:24,12,19,335,14.4%,78,NORMAL,339.5,0.0,10.5,False
1767682586.37,2026-01-06 12:26:26,13,19,338,14.5%,78,NORMAL,341.6,0.0,10.5,False
1767682587.75,2026-01-06 12:26:27,11,19,340,14.5%,78,NORMAL,342.7,0.0,10.6,False
1767682589.22,2026-01-06 12:26:29,12,19,341,14.7%,78,NORMAL,342.7,0.0,10.6,False
1767682590.63,2026-01-06 12:26:30,12,19,343,14.8%,78,NORMAL,343.8,0.0,10.6,False
1767682592.06,2026-01-06 12:26:32,13,19,345,15.0%,78,NORMAL,339.0,0.0,10.6,False
1767682593.29,2026-01-06 12:26:33,10,19,345,15.0%,78,NORMAL,339.0,0.0,10.6,False
1767682594.67,2026-01-06 12:26:34,10,19,345,15.1%,78,NORMAL,339.0,0.0,10.5,False
1767682596.04,2026-01-06 12:26:36,12,19,345,15.4%,78,NORMAL,337.0,0.0,10.5,False
1767682597.40,2026-01-06 12:26:37,11,19,347,15.5%,78,NORMAL,338.0,0.0,10.5,False
1767682598.53,2026-01-06 12:26:38,10,19,347,15.5%,78,NORMAL,338.0,0.0,10.5,False
1767682599.77,2026-01-06 12:26:39,11,19,348,15.7%,78,NORMAL,338.0,0.0,10.5,False
1767682600.86,2026-01-06 12:26:40,10,19,348,15.8%,78,NORMAL,336.0,0.0,10.5,False
1767682602.13,2026-01-06 12:26:42,10,19,349,15.9%,78,NORMAL,335.0,0.0,10.6,False
1767682603.32,2026-01-06 12:26:43,10,19,351,15.9%,78,NORMAL,336.0,0.0,10.6,False
1767682604.40,2026-01-06 12:26:44,9,19,351,15.9%,78,NORMAL,336.0,0.0,10.7,False
1767682605.62,2026-01-06 12:26:45,12,19,354,16.0%,78,NORMAL,339.0,0.0,10.7,False
1767682606.79,2026-01-06 12:26:46,11,19,354,16.0%,78,NORMAL,338.0,0.0,10.8,False
1767682607.86,2026-01-06 12:26:47,9,19,355,16.0%,78,NORMAL,338.0,0.0,10.8,False
1767682609.17,2026-01-06 12:26:49,8,19,357,16.0%,78,NORMAL,338.0,0.0,10.8,False
1767682610.42,2026-01-06 12:26:50,8,19,359,15.9%,78,NORMAL,340.0,0.0,10.8,False
1767682611.69,2026-01-06 12:26:51,11,19,361,16.0%,78,NORMAL,341.0,0.0,10.8,False
1767682613.00,2026-01-06 12:26:52,13,19,363,16.2%,78,NORMAL,343.0,0.0,10.8,False
1767682614.28,2026-01-06 12:26:54,12,19,363,16.2%,78,NORMAL,342.0,0.0,10.8,False
1767682615.61,2026-01-06 12:26:55,12,19,364,16.3%,78,NORMAL,342.0,0.0,10.9,False
1767682617.28,2026-01-06 12:26:57,15,19,368,16.4%,78,NORMAL,345.0,0.0,10.9,False
1767682619.23,2026-01-06 12:26:59,15,19,370,16.7%,78,NORMAL,347.0,0.0,11.0,False
1767682620.86,2026-01-06 12:27:00,12,19,373,16.8%,78,NORMAL,346.0,0.0,11.0,False
1767682622.50,2026-01-06 12:27:02,9,19,375,16.8%,78,NORMAL,348.0,0.0,11.0,False
1767682624.12,2026-01-06 12:27:04,12,19,375,16.8%,78,NORMAL,344.0,0.0,11.0,False
1767682625.85,2026-01-06 12:27:05,12,19,377,16.8%,78,NORMAL,345.0,0.0,10.9,False
1767682627.28,2026-01-06 12:27:07,13,19,378,16.8%,78,NORMAL,345.0,0.0,10.9,False
1767682628.94,2026-01-06 12:27:08,14,19,381,17.0%,78,NORMAL,347.0,0.0,10.8,False
1767682630.58,2026-01-06 12:27:10,14,19,381,17.1%,78,NORMAL,347.0,0.0,10.7,False
1767682632.33,2026-01-06 12:27:12,13,19,382,17.1%,78,NORMAL,347.0,0.0,10.7,False
1767682633.92,2026-01-06 12:27:13,12,19,382,17.1%,78,NORMAL,346.0,0.0,10.6,False
1767682635.57,2026-01-06 12:27:15,10,19,384,17.1%,78,NORMAL,345.0,0.0,10.6,False
1767682636.99,2026-01-06 12:27:16,11,19,385,17.1%,78,NORMAL,345.0,0.0,10.5,False
1767682638.33,2026-01-06 12:27:18,10,19,385,17.0%,78,NORMAL,343.0,0.0,10.5,False
1767682639.89,2026-01-06 12:27:19,12,19,386,17.1%,78,NORMAL,344.0,0.0,10.4,False
1767682641.53,2026-01-06 12:27:21,14,19,390,17.2%,78,NORMAL,346.0,0.0,10.4,False
1767682642.87,2026-01-06 12:27:22,12,19,391,17.3%,78,NORMAL,347.0,0.0,10.4,False
1767682644.32,2026-01-06 12:27:24,13,19,393,17.4%,78,NORMAL,349.0,0.0,10.3,False
1767682645.90,2026-01-06 12:27:25,12,19,395,17.5%,78,NORMAL,350.0,0.0,10.3,False
1767682647.45,2026-01-06 12:27:27,14,19,397,17.7%,78,NORMAL,352.0,0.0,10.3,False
1767682649.12,2026-01-06 12:27:29,12,19,397,17.9%,78,NORMAL,351.0,0.0,10.3,False
1767682650.84,2026-01-06 12:27:30,12,19,397,17.9%,78,NORMAL,350.0,0.0,10.3,False
1767682652.41,2026-01-06 12:27:32,10,19,397,17.8%,78,NORMAL,350.0,0.0,10.3,False
1767682654.00,2026-01-06 12:27:33,11,19,399,17.9%,78,NORMAL,350.0,0.0,10.3,False
1767682655.43,2026-01-06 12:27:35,9,19,400,17.9%,78,NORMAL,350.0,0.0,10.3,False
1767682657.38,2026-01-06 12:27:37,13,19,404,18.2%,78,NORMAL,353.0,0.0,10.3,False
1767682658.42,2026-01-06 12:27:38,15,19,406,18.4%,78,NORMAL,354.0,0.0,10.3,False
1767682659.66,2026-01-06 12:27:39,14,19,406,18.4%,78,NORMAL,354.0,0.0,10.3,False
1767682661.28,2026-01-06 12:27:41,15,19,410,18.6%,78,NORMAL,358.0,0.0,10.3,False
1767682662.95,2026-01-06 12:27:42,15,19,410,18.7%,78,NORMAL,357.0,0.0,10.3,False
1767682664.58,2026-01-06 12:27:44,14,19,410,18.6%,78,NORMAL,355.0,0.0,10.3,False
1767682666.27,2026-01-06 12:27:46,14,19,412,18.6%,78,NORMAL,354.0,0.0,10.3,False
1767682668.10,2026-01-06 12:27:48,12,19,416,18.6%,78,NORMAL,358.0,0.0,10.3,False
1767682669.70,2026-01-06 12:27:49,12,19,417,18.7%,78,NORMAL,359.0,0.0,10.3,False
1767682671.28,2026-01-06 12:27:51,12,19,419,18.7%,78,NORMAL,358.0,0.0,10.2,False
1767682672.94,2026-01-06 12:27:52,11,19,420,18.7%,78,NORMAL,358.0,0.0,10.2,False
1767682674.75,2026-01-06 12:27:54,11,19,421,18.6%,78,NORMAL,359.0,0.0,10.1,False
1767682676.64,2026-01-06 12:27:56,14,19,423,18.6%,78,NORMAL,361.0,0.0,10.1,False
1767682678.58,2026-01-06 12:27:58,13,19,423,18.6%,78,NORMAL,360.0,0.0,10.0,False
1767682680.41,2026-01-06 12:28:00,14,19,426,18.6%,78,NORMAL,363.0,0.0,10.0,False
1767682681.98,2026-01-06 12:28:01,14,19,428,18.7%,78,NORMAL,365.0,0.0,9.9,False
1767682683.89,2026-01-06 12:28:03,16,19,431,19.0%,78,NORMAL,368.0,0.0,9.8,False
1767682685.52,2026-01-06 12:28:05,13,19,432,19.1%,78,NORMAL,365.0,0.0,9.8,False
1767682687.29,2026-01-06 12:28:07,12,19,435,19.2%,78,NORMAL,368.0,0.0,9.7,False
1767682688.81,2026-01-06 12:28:08,12,19,437,19.2%,78,NORMAL,369.0,0.0,9.7,False
1767682690.52,2026-01-06 12:28:10,12,19,439,19.1%,78,NORMAL,370.0,0.0,9.7,False
1767682692.17,2026-01-06 12:28:12,15,19,439,19.2%,78,NORMAL,368.0,0.0,9.6,False
1767682693.41,2026-01-06 12:28:13,10,19,440,19.1%,78,NORMAL,367.0,0.0,9.6,False
1767682694.90,2026-01-06 12:28:14,12,19,440,19.1%,78,NORMAL,365.0,0.0,9.6,False
1767682696.55,2026-01-06 12:28:16,13,19,442,19.0%,78,NORMAL,365.0,0.0,9.6,False
1767682698.15,2026-01-06 12:28:18,15,19,442,19.2%,78,NORMAL,365.0,0.0,9.6,False
1767682699.73,2026-01-06 12:28:19,13,19,442,19.2%,78,NORMAL,363.0,0.0,9.6,False
1767682701.07,2026-01-06 12:28:21,10,19,442,19.2%,78,NORMAL,362.0,0.0,9.6,False
1767682702.45,2026-01-06 12:28:22,11,19,442,19.2%,78,NORMAL,361.0,0.0,9.7,False
1767682704.08,2026-01-06 12:28:24,12,19,445,19.3%,78,NORMAL,362.0,0.0,9.7,False
1767682705.73,2026-01-06 12:28:25,12,19,445,19.3%,78,NORMAL,361.0,0.0,9.7,False
1767682707.17,2026-01-06 12:28:27,11,19,445,19.1%,78,NORMAL,360.0,0.0,9.8,False
1767682708.76,2026-01-06 12:28:28,12,19,445,19.0%,78,NORMAL,359.0,0.0,9.8,False
1767682710.74,2026-01-06 12:28:30,13,19,446,18.9%,78,NORMAL,358.0,0.0,9.9,False
1767682712.74,2026-01-06 12:28:32,16,19,449,19.0%,78,NORMAL,359.0,0.0,9.9,False
1767682714.41,2026-01-06 12:28:34,14,19,449,19.0%,78,NORMAL,358.0,0.0,10.0,False
1767682716.40,2026-01-06 12:28:36,15,19,449,19.0%,78,NORMAL,358.0,0.0,10.0,False
1767682718.15,2026-01-06 12:28:38,14,19,450,19.1%,78,NORMAL,359.0,0.0,10.0,False
1767682719.79,2026-01-06 12:28:39,13,19,453,19.2%,78,NORMAL,361.0,0.0,10.0,False
1767682721.35,2026-01-06 12:28:41,14,19,456,19.3%,78,NORMAL,364.0,0.0,10.0,False
1767682722.73,2026-01-06 12:28:42,13,19,456,19.3%,78,NORMAL,362.0,0.0,9.9,False
1767682724.23,2026-01-06 12:28:44,13,19,457,19.4%,78,NORMAL,362.0,0.0,9.9,False
1767682725.75,2026-01-06 12:28:45,14,19,459,19.4%,78,NORMAL,363.0,0.0,9.9,False
1767682727.45,2026-01-06 12:28:47,16,19,459,19.6%,78,NORMAL,362.0,0.0,9.9,False
1767682729.19,2026-01-06 12:28:49,15,19,460,19.6%,78,NORMAL,363.0,0.0,9.9,False
1767682730.83,2026-01-06 12:28:50,16,19,462,19.7%,78,NORMAL,363.0,0.0,9.9,False
1767682732.38,2026-01-06 12:28:52,14,19,463,19.6%,78,NORMAL,363.0,0.0,9.8,False
1767682733.78,2026-01-06 12:28:53,13,19,463,19.6%,78,NORMAL,362.0,0.0,9.8,False
1767682735.30,2026-01-06 12:28:55,15,19,465,19.8%,78,NORMAL,364.0,0.0,9.8,False
1767682736.90,2026-01-06 12:28:56,15,19,466,19.9%,78,NORMAL,365.0,0.0,9.8,False
1767682738.70,2026-01-06 12:28:58,16,19,469,20.1%,78,NORMAL,368.0,0.0,9.8,False
1767682740.22,2026-01-06 12:29:00,13,19,470,20.0%,78,NORMAL,368.0,0.0,9.8,False
1767682741.88,2026-01-06 12:29:01,15,19,471,20.2%,78,NORMAL,367.0,0.0,9.7,False
1767682743.76,2026-01-06 12:29:03,15,19,474,20.4%,78,NORMAL,370.0,0.0,9.7,False
1767682745.39,2026-01-06 12:29:05,14,19,475,20.4%,78,NORMAL,371.0,0.0,9.7,False
1767682746.86,2026-01-06 12:29:06,13,19,476,20.3%,78,NORMAL,372.0,0.0,9.7,False
1767682748.29,2026-01-06 12:29:08,13,19,477,20.3%,78,NORMAL,373.0,0.0,9.7,False
1767682749.79,2026-01-06 12:29:09,14,19,478,20.5%,78,NORMAL,374.0,0.0,9.7,False
1767682751.31,2026-01-06 12:29:11,14,19,478,20.6%,78,NORMAL,374.0,0.0,9.7,False
1767682752.88,2026-01-06 12:29:12,17,19,481,20.9%,78,NORMAL,376.0,0.0,9.7,False
1767682754.43,2026-01-06 12:29:14,14,19,482,21.0%,78,NORMAL,377.0,0.0,9.7,False
1767682756.08,2026-01-06 12:29:16,15,19,484,21.1%,78,NORMAL,379.0,0.0,9.7,False
1767682757.66,2026-01-06 12:29:17,15,19,485,21.3%,78,NORMAL,380.0,0.0,9.7,False
1767682759.18,2026-01-06 12:29:19,15,19,485,21.4%,78,NORMAL,379.0,0.0,9.7,False
1767682760.97,2026-01-06 12:29:20,15,19,487,21.3%,78,NORMAL,378.0,0.0,9.7,False
1767682762.48,2026-01-06 12:29:22,14,19,487,21.3%,78,NORMAL,377.0,0.0,9.7,False
1767682764.06,2026-01-06 12:29:24,15,19,488,21.3%,78,NORMAL,378.0,0.0,9.7,False
1767682765.61,2026-01-06 12:29:25,12,19,488,21.2%,78,NORMAL,376.0,0.0,9.7,False
1767682767.25,2026-01-06 12:29:27,12,19,490,21.2%,78,NORMAL,377.0,0.0,9.7,False
1767682768.49,2026-01-06 12:29:28,11,19,490,21.1%,78,NORMAL,376.0,0.0,9.8,False
1767682769.77,2026-01-06 12:29:29,10,19,491,20.9%,78,NORMAL,376.0,0.0,9.8,False
1767682771.22,2026-01-06 12:29:31,11,19,492,20.8%,78,NORMAL,377.0,0.0,9.8,False
1767682772.65,2026-01-06 12:29:32,12,19,492,20.7%,78,NORMAL,376.0,0.0,9.8,False
1767682774.09,2026-01-06 12:29:34,12,19,493,20.5%,78,NORMAL,376.0,0.0,9.8,False
1767682775.39,2026-01-06 12:29:35,11,19,493,20.4%,78,NORMAL,373.0,0.0,9.9,False
1767682776.80,2026-01-06 12:29:36,14,19,494,20.3%,78,NORMAL,373.0,0.0,9.9,False
1767682778.42,2026-01-06 12:29:38,14,19,494,20.3%,78,NORMAL,371.0,0.0,9.9,False
1767682779.95,2026-01-06 12:29:39,15,19,494,20.4%,78,NORMAL,371.0,0.0,9.9,False
1767682781.17,2026-01-06 12:29:41,11,19,494,20.2%,78,NORMAL,371.0,0.0,9.9,False
1767682782.48,2026-01-06 12:29:42,11,19,494,20.0%,78,NORMAL,369.0,0.0,10.0,False
1767682783.71,2026-01-06 12:29:43,10,19,494,19.7%,78,NORMAL,367.0,0.0,10.0,False
1767682785.03,2026-01-06 12:29:45,10,19,495,19.6%,78,NORMAL,368.0,0.0,10.0,False
1767682786.19,2026-01-06 12:29:46,9,19,495,19.3%,78,NORMAL,368.0,0.0,10.0,False
1767682787.42,2026-01-06 12:29:47,10,19,495,19.1%,78,NORMAL,367.0,0.0,10.1,False
1767682788.70,2026-01-06 12:29:48,10,19,496,18.9%,78,NORMAL,368.0,0.0,10.1,False
1767682789.94,2026-01-06 12:29:49,12,19,498,18.8%,78,NORMAL,370.0,0.0,10.1,False
1767682791.17,2026-01-06 12:29:51,12,19,498,18.8%,78,NORMAL,369.0,0.0,10.2,False
1767682792.43,2026-01-06 12:29:52,12,19,499,18.7%,78,NORMAL,367.0,0.0,10.2,False
1767682793.76,2026-01-06 12:29:53,14,19,501,18.7%,78,NORMAL,368.0,0.0,10.2,False
1767682795.06,2026-01-06 12:29:55,13,19,501,18.5%,78,NORMAL,367.0,0.0,10.3,False
1767682796.42,2026-01-06 12:29:56,13,19,503,18.5%,78,NORMAL,368.0,0.0,10.3,False
1767682797.76,2026-01-06 12:29:57,13,19,503,18.4%,78,NORMAL,366.0,0.0,10.4,False
1767682799.11,2026-01-06 12:29:59,13,19,503,18.3%,78,NORMAL,363.0,0.0,10.4,False
1767682800.61,2026-01-06 12:30:00,16,19,504,18.3%,78,NORMAL,363.0,0.0,10.5,False
1767682802.14,2026-01-06 12:30:02,15,19,504,18.3%,78,NORMAL,360.0,0.0,10.5,False
1767682803.41,2026-01-06 12:30:03,11,19,504,18.2%,78,NORMAL,360.0,0.0,10.6,False
1767682804.74,2026-01-06 12:30:04,12,19,504,18.0%,78,NORMAL,360.0,0.0,10.6,False
1767682806.03,2026-01-06 12:30:06,10,19,506,17.9%,78,NORMAL,360.0,0.0,10.6,False
1767682807.71,2026-01-06 12:30:07,12,19,508,17.9%,78,NORMAL,360.0,0.0,10.6,False
1767682809.35,2026-01-06 12:30:09,12,19,511,18.0%,78,NORMAL,362.0,0.0,10.6,False
1767682810.96,2026-01-06 12:30:10,12,19,512,18.1%,78,NORMAL,363.0,0.0,10.6,False
1767682812.60,2026-01-06 12:30:12,11,19,513,18.1%,78,NORMAL,363.0,0.0,10.6,False
1767682814.19,2026-01-06 12:30:14,11,19,513,18.0%,78,NORMAL,360.0,0.0,10.5,False
1767682815.88,2026-01-06 12:30:15,12,19,515,18.0%,78,NORMAL,362.0,0.0,10.5,False
1767682817.32,2026-01-06 12:30:17,11,19,516,18.0%,78,NORMAL,362.0,0.0,10.4,False
1767682818.73,2026-01-06 12:30:18,12,19,518,17.9%,78,NORMAL,364.0,0.0,10.4,False
1767682820.31,2026-01-06 12:30:20,13,19,518,17.9%,78,NORMAL,362.0,0.0,10.3,False
1767682821.66,2026-01-06 12:30:21,12,19,519,17.8%,78,NORMAL,362.0,0.0,10.3,False
1767682823.18,2026-01-06 12:30:23,11,19,521,17.8%,78,NORMAL,361.0,0.0,10.2,False
1767682824.32,2026-01-06 12:30:24,9,19,521,17.7%,78,NORMAL,359.0,0.0,10.2,False
1767682825.64,2026-01-06 12:30:25,11,19,522,17.7%,78,NORMAL,360.0,0.0,10.2,False
1767682827.20,2026-01-06 12:30:27,12,19,524,17.8%,78,NORMAL,362.0,0.0,10.1,False
1767682828.67,2026-01-06 12:30:28,11,19,525,17.9%,78,NORMAL,362.0,0.0,10.1,False
1767682830.14,2026-01-06 12:30:30,12,19,526,18.0%,78,NORMAL,363.0,0.0,10.1,False
1767682831.73,2026-01-06 12:30:31,12,19,527,18.1%,78,NORMAL,363.0,0.0,10.1,False
1767682833.25,2026-01-06 12:30:33,14,19,527,18.2%,78,NORMAL,362.0,0.0,10.1,False
1767682834.98,2026-01-06 12:30:34,13,19,529,18.2%,78,NORMAL,362.0,0.0,10.1,False
1767682836.58,2026-01-06 12:30:36,15,19,531,18.4%,78,NORMAL,364.0,0.0,10.1,False
1767682838.28,2026-01-06 12:30:38,15,19,533,18.4%,78,NORMAL,364.0,0.0,10.1,False
1767682840.08,2026-01-06 12:30:40,13,19,534,18.4%,78,NORMAL,365.0,0.0,10.1,False
1767682841.52,2026-01-06 12:30:41,11,19,534,18.3%,78,NORMAL,364.0,0.0,10.1,False
1767682842.91,2026-01-06 12:30:42,11,19,534,18.2%,78,NORMAL,364.0,0.0,10.2,False
1767682844.41,2026-01-06 12:30:44,12,19,535,18.2%,78,NORMAL,364.0,0.0,10.2,False
1767682846.28,2026-01-06 12:30:46,14,19,535,18.1%,78,NORMAL,363.0,0.0,10.3,False
1767682847.98,2026-01-06 12:30:47,11,19,536,17.9%,78,NORMAL,364.0,0.0,10.3,False
1767682849.49,2026-01-06 12:30:49,12,19,538,18.0%,78,NORMAL,364.0,0.0,10.3,False
1767682851.01,2026-01-06 12:30:51,12,19,538,18.0%,78,NORMAL,361.0,0.0,10.2,False
1767682852.36,2026-01-06 12:30:52,8,19,539,17.9%,78,NORMAL,361.0,0.0,10.2,False
1767682853.90,2026-01-06 12:30:53,11,19,542,17.8%,78,NORMAL,364.0,0.0,10.1,False
1767682855.38,2026-01-06 12:30:55,12,19,543,17.8%,78,NORMAL,365.0,0.0,10.1,False
1767682857.06,2026-01-06 12:30:57,13,19,545,17.9%,78,NORMAL,367.0,0.0,10.0,False
1767682858.71,2026-01-06 12:30:58,14,19,547,18.0%,78,NORMAL,369.0,0.0,10.0,False
1767682860.20,2026-01-06 12:31:00,11,19,547,18.0%,78,NORMAL,369.0,0.0,10.0,False
1767682861.68,2026-01-06 12:31:01,12,19,547,18.0%,78,NORMAL,368.0,0.0,9.9,False
1767682863.24,2026-01-06 12:31:03,10,19,549,18.0%,78,NORMAL,368.0,0.0,9.9,False
1767682865.59,2026-01-06 12:31:05,17,19,552,18.2%,78,NORMAL,371.0,0.0,9.8,False
1767682867.81,2026-01-06 12:31:07,12,19,553,18.1%,78,NORMAL,371.0,0.0,9.7,False
1767682868.88,2026-01-06 12:31:08,10,19,553,18.0%,78,NORMAL,370.0,0.0,9.7,False
1767682869.97,2026-01-06 12:31:09,11,19,553,18.0%,78,NORMAL,370.0,0.0,9.6,False
1767682871.22,2026-01-06 12:31:11,10,19,553,18.1%,78,NORMAL,370.0,0.0,9.5,False
1767682872.76,2026-01-06 12:31:12,11,19,553,18.1%,78,NORMAL,369.0,0.0,9.4,False
1767682874.30,2026-01-06 12:31:14,11,19,554,18.0%,78,NORMAL,369.0,0.0,9.2,False
1767682875.87,2026-01-06 12:31:15,12,19,554,18.1%,78,NORMAL,368.0,0.0,9.1,False
1767682877.30,2026-01-06 12:31:17,11,19,554,18.0%,78,NORMAL,368.0,0.0,9.0,False
1767682878.66,2026-01-06 12:31:18,10,19,554,17.9%,78,NORMAL,368.0,0.0,9.0,False
1767682879.82,2026-01-06 12:31:19,10,19,554,17.8%,78,NORMAL,367.0,0.0,9.0,False
1767682880.95,2026-01-06 12:31:20,11,19,555,17.7%,78,NORMAL,368.0,0.0,9.0,False
1767682882.30,2026-01-06 12:31:22,10,19,555,17.4%,78,NORMAL,368.0,0.0,8.9,False
1767682883.48,2026-01-06 12:31:23,11,19,557,17.2%,78,NORMAL,370.0,0.0,8.9,False
1767682884.59,2026-01-06 12:31:24,10,19,557,17.1%,78,NORMAL,370.0,0.0,8.9,False
1767682885.93,2026-01-06 12:31:25,11,19,559,17.1%,78,NORMAL,370.0,0.0,9.0,False
1767682886.98,2026-01-06 12:31:26,9,19,559,17.0%,78,NORMAL,369.0,0.0,9.0,False
1767682888.04,2026-01-06 12:31:28,9,19,559,16.9%,78,NORMAL,367.0,0.0,9.0,False
1767682889.17,2026-01-06 12:31:29,10,19,560,16.7%,78,NORMAL,368.0,0.0,9.0,False
1767682890.36,2026-01-06 12:31:30,11,19,561,16.7%,78,NORMAL,369.0,0.0,9.1,False
1767682891.54,2026-01-06 12:31:31,10,19,561,16.6%,78,NORMAL,369.0,0.0,9.2,False
1767682892.60,2026-01-06 12:31:32,9,19,561,16.4%,78,NORMAL,369.0,0.0,9.3,False
1767682893.79,2026-01-06 12:31:33,10,19,561,16.5%,78,NORMAL,368.0,0.0,9.5,False
1767682894.99,2026-01-06 12:31:34,11,19,562,16.5%,78,NORMAL,369.0,0.0,9.6,False
1767682896.15,2026-01-06 12:31:36,10,19,562,16.4%,78,NORMAL,369.0,0.0,9.8,False
1767682897.31,2026-01-06 12:31:37,9,19,562,16.3%,78,NORMAL,367.0,0.0,9.9,False
1767682898.58,2026-01-06 12:31:38,10,19,562,16.1%,78,NORMAL,364.0,0.0,10.1,False
1767682899.84,2026-01-06 12:31:39,9,19,563,16.0%,78,NORMAL,365.0,0.0,10.2,False
1767682901.39,2026-01-06 12:31:41,9,19,564,15.8%,78,NORMAL,364.0,0.0,10.2,False
1767682902.68,2026-01-06 12:31:42,10,19,566,15.8%,78,NORMAL,366.0,0.0,10.3,False
1767682904.19,2026-01-06 12:31:44,11,19,567,15.6%,78,NORMAL,367.0,0.0,10.3,False
1767682905.84,2026-01-06 12:31:45,13,19,569,15.6%,78,NORMAL,367.0,0.0,10.3,False
1767682907.36,2026-01-06 12:31:47,11,19,569,15.6%,78,NORMAL,367.0,0.0,10.3,False
1767682908.73,2026-01-06 12:31:48,9,19,569,15.6%,78,NORMAL,367.0,0.0,10.3,False
1767682910.06,2026-01-06 12:31:50,8,19,569,15.5%,78,NORMAL,365.0,0.0,10.3,False
1767682911.46,2026-01-06 12:31:51,11,19,573,15.5%,78,NORMAL,369.0,0.0,10.2,False
1767682912.69,2026-01-06 12:31:52,9,19,574,15.4%,78,NORMAL,369.0,0.0,10.2,False
1767682913.97,2026-01-06 12:31:53,11,19,575,15.3%,78,NORMAL,370.0,0.0,10.1,False
1767682915.22,2026-01-06 12:31:55,10,19,575,15.3%,78,NORMAL,368.0,0.0,10.1,False
1767682916.47,2026-01-06 12:31:56,10,19,575,15.3%,78,NORMAL,368.0,0.0,10.1,False
1767682917.85,2026-01-06 12:31:57,11,19,576,15.3%,78,NORMAL,365.0,0.0,10.0,False
1767682919.23,2026-01-06 12:31:59,13,19,579,15.4%,78,NORMAL,367.0,0.0,10.0,False
1767682920.68,2026-01-06 12:32:00,12,19,580,15.5%,78,NORMAL,367.0,0.0,10.0,False
1767682922.46,2026-01-06 12:32:02,13,19,581,15.6%,78,NORMAL,367.0,0.0,10.0,False
1767682924.11,2026-01-06 12:32:04,14,19,581,15.8%,78,NORMAL,367.0,0.0,9.9,False
1767682925.94,2026-01-06 12:32:05,12,19,581,15.8%,78,NORMAL,366.0,0.0,9.9,False
1767682927.60,2026-01-06 12:32:07,10,19,581,15.9%,78,NORMAL,365.0,0.0,9.8,False
1767682929.45,2026-01-06 12:32:09,13,19,583,16.1%,78,NORMAL,367.0,0.0,9.8,False
1767682930.81,2026-01-06 12:32:10,14,19,583,16.3%,78,NORMAL,365.0,0.0,9.8,False
1767682932.05,2026-01-06 12:32:12,14,19,583,16.4%,78,NORMAL,365.0,0.0,9.7,False
1767682933.54,2026-01-06 12:32:13,14,19,583,16.6%,78,NORMAL,364.0,0.0,9.7,False
1767682934.78,2026-01-06 12:32:14,13,19,583,16.8%,78,NORMAL,363.0,0.0,9.6,False
1767682936.07,2026-01-06 12:32:16,13,19,583,16.9%,78,NORMAL,362.0,0.0,9.6,False
1767682937.24,2026-01-06 12:32:17,12,19,583,17.0%,78,NORMAL,362.0,0.0,9.6,False
1767682938.44,2026-01-06 12:32:18,13,19,583,17.1%,78,NORMAL,362.0,0.0,9.5,False
1767682939.58,2026-01-06 12:32:19,14,19,583,17.3%,78,NORMAL,362.0,0.0,9.4,False
1767682940.65,2026-01-06 12:32:20,12,19,583,17.4%,78,NORMAL,362.0,0.0,9.4,False
1767682941.74,2026-01-06 12:32:21,13,19,583,17.6%,78,NORMAL,361.0,0.0,9.3,False
1767682942.78,2026-01-06 12:32:22,11,19,583,17.7%,78,NORMAL,361.0,0.0,9.3,False
1767682944.01,2026-01-06 12:32:24,13,19,583,17.9%,78,NORMAL,360.0,0.0,9.2,False
1767682945.24,2026-01-06 12:32:25,12,19,583,17.9%,78,NORMAL,359.0,0.0,9.2,False
1767682946.27,2026-01-06 12:32:26,10,19,583,17.8%,78,NORMAL,358.0,0.0,9.1,False
1767682947.52,2026-01-06 12:32:27,1,19,583,17.3%,78,NORMAL,357.0,0.0,9.0,False
1767682948.73,2026-01-06 12:32:28,12,19,588,17.4%,78,NORMAL,359.0,0.0,9.0,False
1767682949.75,2026-01-06 12:32:29,12,19,588,17.6%,78,NORMAL,357.0,0.0,8.9,False
1767682951.26,2026-01-06 12:32:31,11,19,589,17.6%,78,NORMAL,358.0,0.0,8.8,False
1767682953.03,2026-01-06 12:32:33,11,19,591,17.7%,78,NORMAL,359.0,0.0,8.7,False
1767682954.68,2026-01-06 12:32:34,12,19,592,17.7%,78,NORMAL,357.0,0.0,8.6,False
1767682955.81,2026-01-06 12:32:35,12,19,593,17.8%,78,NORMAL,357.0,0.0,8.6,False
1767682956.93,2026-01-06 12:32:36,9,19,593,17.8%,78,NORMAL,356.0,0.0,8.5,False
1767682957.97,2026-01-06 12:32:37,8,19,593,17.6%,78,NORMAL,355.0,0.0,8.5,False
1767682959.21,2026-01-06 12:32:39,7,19,593,17.4%,78,NORMAL,355.0,0.0,8.5,False
1767682960.79,2026-01-06 12:32:40,9,19,594,17.2%,78,NORMAL,353.0,0.0,8.4,False
1767682962.34,2026-01-06 12:32:42,9,19,595,17.0%,78,NORMAL,354.0,0.0,8.4,False
1767682964.05,2026-01-06 12:32:44,8,19,596,16.7%,78,NORMAL,354.0,0.0,8.3,False
1767682965.61,2026-01-06 12:32:45,8,19,598,16.5%,78,NORMAL,355.0,0.0,8.3,False
1767682967.24,2026-01-06 12:32:47,8,19,598,16.4%,78,NORMAL,354.0,0.0,8.3,False
1767682968.59,2026-01-06 12:32:48,7,19,598,16.2%,78,NORMAL,354.0,0.0,8.3,False
1767682970.21,2026-01-06 12:32:50,11,19,600,16.0%,78,NORMAL,355.0,0.0,8.4,False
1767682971.89,2026-01-06 12:32:51,11,19,600,15.9%,78,NORMAL,355.0,0.0,8.4,False
1767682973.66,2026-01-06 12:32:53,12,19,600,15.8%,78,NORMAL,355.0,0.0,8.5,False
1767682975.26,2026-01-06 12:32:55,11,19,600,15.7%,78,NORMAL,355.0,0.0,8.6,False
1767682976.66,2026-01-06 12:32:56,9,19,600,15.5%,78,NORMAL,354.0,0.0,8.7,False
1767682978.07,2026-01-06 12:32:58,7,19,600,15.3%,78,NORMAL,354.0,0.0,8.8,False
1767682979.34,2026-01-06 12:32:59,7,19,600,15.0%,78,NORMAL,353.0,0.0,8.9,False
1767682980.82,2026-01-06 12:33:00,8,19,601,14.7%,78,NORMAL,354.0,0.0,8.9,False
1767682982.33,2026-01-06 12:33:02,9,19,603,14.6%,78,NORMAL,355.0,0.0,9.0,False
1767682983.83,2026-01-06 12:33:03,9,19,603,14.4%,78,NORMAL,353.0,0.0,9.0,False
1767682985.43,2026-01-06 12:33:05,11,19,603,14.4%,78,NORMAL,353.0,0.0,9.0,False
1767682986.68,2026-01-06 12:33:06,8,19,603,14.1%,78,NORMAL,352.0,0.0,9.0,False
1767682987.87,2026-01-06 12:33:07,7,19,603,13.9%,78,NORMAL,351.0,0.0,9.0,False
1767682989.06,2026-01-06 12:33:09,7,19,603,13.7%,78,NORMAL,350.0,0.0,9.0,False
1767682990.26,2026-01-06 12:33:10,6,19,603,14.0%,78,NORMAL,350.0,0.0,9.0,False
1767682991.41,2026-01-06 12:33:11,6,19,603,13.7%,78,NORMAL,350.0,0.0,9.0,False
1767682992.94,2026-01-06 12:33:12,9,19,606,13.6%,78,NORMAL,352.0,0.0,9.0,False
1767682994.23,2026-01-06 12:33:14,8,19,608,13.4%,78,NORMAL,354.0,0.0,9.1,False
1767682995.48,2026-01-06 12:33:15,9,19,609,13.3%,78,NORMAL,354.0,0.0,9.1,False
1767682996.86,2026-01-06 12:33:16,7,19,609,13.1%,78,NORMAL,352.0,0.0,9.2,False
1767682998.26,2026-01-06 12:33:18,9,19,610,12.9%,78,NORMAL,351.0,0.0,9.3,False
1767682999.54,2026-01-06 12:33:19,9,19,611,12.9%,78,NORMAL,351.0,0.0,9.3,False
1767683000.89,2026-01-06 12:33:20,8,19,611,12.9%,78,NORMAL,351.0,0.0,9.4,False
1767683002.17,2026-01-06 12:33:22,8,19,612,13.0%,78,NORMAL,352.0,0.0,9.4,False
1767683003.45,2026-01-06 12:33:23,8,19,612,12.9%,78,NORMAL,351.0,0.0,9.5,False
1767683004.71,2026-01-06 12:33:24,8,19,613,12.9%,78,NORMAL,350.0,0.0,9.5,False
1767683006.07,2026-01-06 12:33:26,7,19,614,12.8%,78,NORMAL,348.0,0.0,9.5,False
1767683007.38,2026-01-06 12:33:27,8,19,614,12.8%,78,NORMAL,346.0,0.0,9.5,False
1767683008.52,2026-01-06 12:33:28,7,19,614,12.8%,78,NORMAL,344.0,0.0,9.6,False
1767683009.95,2026-01-06 12:33:29,11,19,615,13.0%,78,NORMAL,345.0,0.0,9.6,False
1767683011.42,2026-01-06 12:33:31,9,19,616,12.9%,78,NORMAL,346.0,0.0,9.6,False
1767683012.81,2026-01-06 12:33:32,9,19,616,12.8%,78,NORMAL,346.0,0.0,9.6,False
1767683014.11,2026-01-06 12:33:34,10,19,616,12.7%,78,NORMAL,346.0,0.0,9.7,False
1767683015.45,2026-01-06 12:33:35,11,19,616,12.7%,78,NORMAL,344.0,0.0,9.7,False
1767683016.79,2026-01-06 12:33:36,11,19,617,12.8%,78,NORMAL,345.0,0.0,9.7,False
1767683018.11,2026-01-06 12:33:38,10,19,617,12.9%,78,NORMAL,345.0,0.0,9.7,False
1767683019.52,2026-01-06 12:33:39,11,19,617,13.1%,78,NORMAL,345.0,0.0,9.7,False
1767683020.93,2026-01-06 12:33:40,10,19,617,13.2%,78,NORMAL,345.0,0.0,9.7,False
1767683022.79,2026-01-06 12:33:42,12,19,620,13.4%,78,NORMAL,348.0,0.0,9.7,False
1767683023.84,2026-01-06 12:33:43,15,19,622,13.7%,78,NORMAL,349.0,0.0,9.7,False
1767683024.88,2026-01-06 12:33:44,15,19,622,13.8%,78,NORMAL,349.0,0.0,9.7,False
1767683026.94,2026-01-06 12:33:46,14,19,622,14.1%,78,NORMAL,348.0,0.0,9.7,False
1767683028.72,2026-01-06 12:33:48,13,19,622,14.4%,78,NORMAL,346.0,0.0,9.6,False
1767683030.55,2026-01-06 12:33:50,11,19,622,14.6%,78,NORMAL,345.0,0.0,9.6,False
1767683032.17,2026-01-06 12:33:52,10,19,623,14.8%,78,NORMAL,346.0,0.0,9.6,False
1767683034.10,2026-01-06 12:33:54,12,19,623,15.1%,78,NORMAL,345.0,0.0,9.6,False
1767683035.87,2026-01-06 12:33:55,13,19,624,15.3%,78,NORMAL,344.0,0.0,9.5,False
1767683037.55,2026-01-06 12:33:57,11,19,624,15.4%,78,NORMAL,342.0,0.0,9.5,False
1767683039.18,2026-01-06 12:33:59,10,19,624,15.5%,78,NORMAL,341.0,0.0,9.5,False
1767683040.55,2026-01-06 12:34:00,9,19,624,15.6%,78,NORMAL,340.0,0.0,9.5,False
1767683042.13,2026-01-06 12:34:02,10,19,626,15.6%,78,NORMAL,342.0,0.0,9.5,False
1767683043.66,2026-01-06 12:34:03,10,19,627,15.7%,78,NORMAL,342.0,0.0,9.4,False
1767683045.40,2026-01-06 12:34:05,11,19,627,15.8%,78,NORMAL,340.0,0.0,9.3,False
1767683046.99,2026-01-06 12:34:06,11,19,629,16.0%,78,NORMAL,341.0,0.0,9.3,False
1767683048.65,2026-01-06 12:34:08,11,19,629,16.1%,78,NORMAL,341.0,0.0,9.2,False
1767683050.29,2026-01-06 12:34:10,11,19,629,16.2%,78,NORMAL,341.0,0.0,9.2,False
1767683052.04,2026-01-06 12:34:12,11,19,630,16.4%,78,NORMAL,341.0,0.0,9.2,False
1767683053.63,2026-01-06 12:34:13,10,19,630,16.5%,78,NORMAL,338.0,0.0,9.1,False
1767683055.43,2026-01-06 12:34:15,10,19,632,16.7%,78,NORMAL,338.0,0.0,9.1,False
1767683057.12,2026-01-06 12:34:17,10,19,634,16.6%,78,NORMAL,339.0,0.0,9.1,False
1767683058.73,2026-01-06 12:34:18,9,19,635,16.6%,78,NORMAL,340.0,0.0,9.1,False
1767683060.61,2026-01-06 12:34:20,11,19,636,16.7%,78,NORMAL,340.0,0.0,9.1,False
1767683062.39,2026-01-06 12:34:22,10,19,637,16.7%,78,NORMAL,340.0,0.0,9.1,False
1767683064.20,2026-01-06 12:34:24,10,19,637,16.7%,78,NORMAL,339.0,0.0,9.1,False
1767683066.22,2026-01-06 12:34:26,13,19,639,16.8%,78,NORMAL,337.0,0.0,9.1,False
1767683068.46,2026-01-06 12:34:28,13,19,640,16.9%,78,NORMAL,337.0,0.0,9.0,False
1767683070.54,2026-01-06 12:34:30,11,19,642,16.9%,78,NORMAL,339.0,0.0,9.0,False
1767683071.80,2026-01-06 12:34:31,10,19,644,16.9%,78,NORMAL,340.0,0.0,9.0,False
1767683072.97,2026-01-06 12:34:32,10,19,644,16.8%,78,NORMAL,340.0,0.0,9.0,False
1767683074.17,2026-01-06 12:34:34,12,19,646,16.7%,78,NORMAL,342.0,0.0,8.9,False
1767683075.48,2026-01-06 12:34:35,14,19,647,16.6%,78,NORMAL,343.0,0.0,8.9,False
1767683077.35,2026-01-06 12:34:37,13,19,649,16.6%,78,NORMAL,345.0,0.0,8.9,False
1767683079.30,2026-01-06 12:34:39,13,19,651,16.6%,78,NORMAL,347.0,0.0,8.8,False
1767683080.93,2026-01-06 12:34:40,9,19,651,16.5%,78,NORMAL,347.0,0.0,8.8,False
1767683081.95,2026-01-06 12:34:41,13,19,655,16.6%,78,NORMAL,351.0,0.0,8.8,False
1767683082.99,2026-01-06 12:34:42,13,19,655,16.7%,78,NORMAL,350.0,0.0,8.7,False
1767683084.60,2026-01-06 12:34:44,11,19,655,16.6%,78,NORMAL,349.0,0.0,8.7,False
1767683086.30,2026-01-06 12:34:46,12,19,655,16.6%,78,NORMAL,349.0,0.0,8.7,False
1767683088.19,2026-01-06 12:34:48,13,19,657,16.8%,78,NORMAL,350.0,0.0,8.7,False
1767683089.21,2026-01-06 12:34:49,12,19,658,16.9%,78,NORMAL,351.0,0.0,8.6,False
1767683090.23,2026-01-06 12:34:50,13,19,658,17.1%,78,NORMAL,351.0,0.0,8.6,False
1767683091.96,2026-01-06 12:34:51,12,19,658,17.2%,78,NORMAL,351.0,0.0,8.6,False
1767683093.08,2026-01-06 12:34:53,14,19,661,17.3%,78,NORMAL,354.0,0.0,8.6,False
1767683094.27,2026-01-06 12:34:54,14,19,662,17.4%,78,NORMAL,355.0,0.0,8.6,False
1767683095.58,2026-01-06 12:34:55,14,19,663,17.6%,78,NORMAL,356.0,0.0,8.6,False
1767683096.59,2026-01-06 12:34:56,13,19,663,17.7%,78,NORMAL,356.0,0.0,8.6,False
1767683098.50,2026-01-06 12:34:58,10,19,663,17.6%,78,NORMAL,355.0,0.0,8.6,False
1767683100.18,2026-01-06 12:35:00,10,19,665,17.6%,78,NORMAL,353.0,0.0,8.6,False
1767683101.70,2026-01-06 12:35:01,10,19,668,17.6%,78,NORMAL,354.0,0.0,8.6,False
1767683103.07,2026-01-06 12:35:03,8,19,669,17.5%,78,NORMAL,354.0,0.0,8.6,False
1767683104.54,2026-01-06 12:35:04,9,19,669,17.5%,78,NORMAL,354.0,0.0,8.6,False
1767683105.80,2026-01-06 12:35:05,7,19,670,17.3%,78,NORMAL,354.0,0.0,8.7,False
1767683107.21,2026-01-06 12:35:07,9,19,672,17.3%,78,NORMAL,355.0,0.0,8.7,False
1767683108.68,2026-01-06 12:35:08,9,19,672,17.2%,78,NORMAL,355.0,0.0,8.8,False
1767683110.24,2026-01-06 12:35:10,11,19,673,17.1%,78,NORMAL,356.0,0.0,8.9,False
1767683111.88,2026-01-06 12:35:11,9,19,674,17.0%,78,NORMAL,356.0,0.0,9.0,False
1767683113.32,2026-01-06 12:35:13,10,19,674,16.9%,78,NORMAL,356.0,0.0,9.1,False
1767683115.10,2026-01-06 12:35:15,12,19,674,17.0%,78,NORMAL,355.0,0.0,9.2,False
1767683116.26,2026-01-06 12:35:16,10,19,675,17.0%,78,NORMAL,356.0,0.0,9.3,False
1767683117.52,2026-01-06 12:35:17,12,19,676,17.0%,78,NORMAL,356.0,0.0,9.3,False
1767683118.92,2026-01-06 12:35:18,9,19,678,16.8%,78,NORMAL,357.0,0.0,9.3,False
1767683120.09,2026-01-06 12:35:20,7,19,678,16.5%,78,NORMAL,356.0,0.0,9.3,False
1767683121.30,2026-01-06 12:35:21,8,19,679,16.2%,78,NORMAL,357.0,0.0,9.4,False
1767683122.61,2026-01-06 12:35:22,9,19,681,16.2%,78,NORMAL,358.0,0.0,9.4,False
1767683124.04,2026-01-06 12:35:24,11,19,682,16.1%,78,NORMAL,358.0,0.0,9.4,False
1767683125.57,2026-01-06 12:35:25,11,19,684,16.1%,78,NORMAL,360.0,0.0,9.5,False
1767683127.19,2026-01-06 12:35:27,12,19,685,16.1%,78,NORMAL,361.0,0.0,9.5,False
1767683128.63,2026-01-06 12:35:28,10,19,686,16.0%,78,NORMAL,362.0,0.0,9.6,False
1767683130.22,2026-01-06 12:35:30,9,19,686,15.8%,78,NORMAL,360.0,0.0,9.6,False
1767683131.77,2026-01-06 12:35:31,9,19,686,15.7%,78,NORMAL,360.0,0.0,9.6,False
1767683132.90,2026-01-06 12:35:32,8,19,687,15.4%,78,NORMAL,360.0,0.0,9.6,False
1767683134.20,2026-01-06 12:35:34,9,19,687,15.3%,78,NORMAL,359.0,0.0,9.6,False
1767683135.31,2026-01-06 12:35:35,8,19,688,15.0%,78,NORMAL,360.0,0.0,9.6,False
1767683136.47,2026-01-06 12:35:36,9,19,689,14.8%,78,NORMAL,360.0,0.0,9.6,False
1767683137.76,2026-01-06 12:35:37,8,19,689,14.5%,78,NORMAL,360.0,0.0,9.6,False
1767683139.26,2026-01-06 12:35:39,10,19,691,14.3%,78,NORMAL,360.0,0.0,9.6,False
1767683140.62,2026-01-06 12:35:40,9,19,691,14.3%,78,NORMAL,358.0,0.0,9.6,False
1767683141.79,2026-01-06 12:35:41,8,19,691,14.2%,78,NORMAL,357.0,0.0,9.6,False
1767683143.00,2026-01-06 12:35:43,8,19,691,14.1%,78,NORMAL,354.0,0.0,9.7,False
1767683144.02,2026-01-06 12:35:44,7,19,691,14.1%,78,NORMAL,352.0,0.0,9.7,False
1767683145.23,2026-01-06 12:35:45,7,19,691,14.0%,78,NORMAL,351.0,0.0,9.7,False
1767683146.27,2026-01-06 12:35:46,8,19,691,14.0%,78,NORMAL,349.0,0.0,9.8,False
1767683147.35,2026-01-06 12:35:47,7,19,692,13.9%,78,NORMAL,348.0,0.0,9.8,False
1767683148.59,2026-01-06 12:35:48,8,19,693,13.9%,78,NORMAL,348.0,0.0,9.9,False
1767683149.79,2026-01-06 12:35:49,8,19,694,13.7%,78,NORMAL,349.0,0.0,9.9,False
1767683150.94,2026-01-06 12:35:50,7,19,694,13.6%,78,NORMAL,349.0,0.0,9.9,False
1767683152.13,2026-01-06 12:35:52,6,19,694,13.4%,78,NORMAL,348.0,0.0,9.9,False
1767683153.22,2026-01-06 12:35:53,6,19,695,13.1%,78,NORMAL,348.0,0.0,10.0,False
1767683154.28,2026-01-06 12:35:54,5,19,695,12.9%,78,NORMAL,347.0,0.0,10.0,False
1767683155.28,2026-01-06 12:35:55,6,19,696,12.6%,78,NORMAL,348.0,0.0,10.0,False
1767683156.33,2026-01-06 12:35:56,5,19,697,12.4%,78,NORMAL,348.0,0.0,10.1,False
1767683157.53,2026-01-06 12:35:57,5,19,697,12.3%,78,NORMAL,346.0,0.0,10.1,False
1767683158.63,2026-01-06 12:35:58,6,19,699,12.2%,78,NORMAL,347.0,0.0,10.2,False
1767683159.64,2026-01-06 12:35:59,7,19,699,12.1%,78,NORMAL,345.0,0.0,10.2,False
1767683160.71,2026-01-06 12:36:00,7,19,699,11.9%,78,NORMAL,345.0,0.0,10.2,False
1767683161.79,2026-01-06 12:36:01,8,19,700,11.8%,78,NORMAL,344.0,0.0,10.3,False
1767683162.80,2026-01-06 12:36:02,7,19,700,11.5%,78,NORMAL,341.0,0.0,10.3,False
1767683163.83,2026-01-06 12:36:03,7,19,702,11.4%,78,NORMAL,341.0,0.0,10.3,False
1767683164.84,2026-01-06 12:36:04,7,19,702,11.3%,78,NORMAL,340.0,0.0,10.3,False
1767683165.86,2026-01-06 12:36:05,7,19,702,11.2%,78,NORMAL,339.0,0.0,10.3,False
1767683166.89,2026-01-06 12:36:06,7,19,702,11.1%,78,NORMAL,338.0,0.0,10.3,False
1767683167.94,2026-01-06 12:36:07,6,19,702,11.0%,78,NORMAL,335.0,0.0,10.4,False
1767683169.08,2026-01-06 12:36:09,7,19,702,10.9%,78,NORMAL,333.0,0.0,10.4,False
1767683170.23,2026-01-06 12:36:10,5,19,702,10.7%,78,NORMAL,332.0,0.0,10.4,False
1767683171.26,2026-01-06 12:36:11,6,19,702,10.6%,78,NORMAL,328.0,0.0,10.4,False
1767683172.41,2026-01-06 12:36:12,5,19,702,10.4%,78,NORMAL,327.0,0.0,10.4,False
1767683173.57,2026-01-06 12:36:13,5,19,703,10.2%,78,NORMAL,327.0,0.0,10.4,False
1767683174.68,2026-01-06 12:36:14,4,19,703,10.0%,78,NORMAL,326.0,0.0,10.4,False
1767683175.91,2026-01-06 12:36:15,4,19,703,9.8%,78,NORMAL,322.0,0.0,10.3,False
1767683176.98,2026-01-06 12:36:16,6,19,705,9.7%,78,NORMAL,323.0,0.0,10.2,False
1767683178.05,2026-01-06 12:36:18,6,19,706,9.7%,78,NORMAL,324.0,0.0,10.2,False
1767683179.11,2026-01-06 12:36:19,4,19,706,9.5%,78,NORMAL,322.0,0.0,10.2,False
1767683180.23,2026-01-06 12:36:20,5,19,707,9.4%,78,NORMAL,323.0,0.0,10.2,False
1767683181.27,2026-01-06 12:36:21,6,19,708,9.3%,78,NORMAL,323.0,0.0,10.2,False
1767683182.30,2026-01-06 12:36:22,6,19,710,9.2%,78,NORMAL,324.0,0.0,10.1,False
1767683183.32,2026-01-06 12:36:23,6,19,710,9.1%,78,NORMAL,322.0,0.0,10.1,False
1767683184.46,2026-01-06 12:36:24,7,19,711,9.2%,78,NORMAL,320.0,0.0,10.1,False
1767683185.55,2026-01-06 12:36:25,7,19,711,9.2%,78,NORMAL,318.0,0.0,10.1,False
1767683186.66,2026-01-06 12:36:26,7,19,711,9.3%,78,NORMAL,316.0,0.0,10.1,False
1767683187.71,2026-01-06 12:36:27,8,19,712,9.4%,78,NORMAL,316.0,0.0,10.1,False
1767683188.81,2026-01-06 12:36:28,6,19,712,9.5%,78,NORMAL,315.0,0.0,10.1,False
1767683189.91,2026-01-06 12:36:29,7,19,712,9.6%,78,NORMAL,315.0,0.0,10.2,False
1767683191.04,2026-01-06 12:36:31,6,19,712,9.6%,78,NORMAL,315.0,0.0,10.2,False
1767683192.06,2026-01-06 12:36:32,7,19,712,9.6%,78,NORMAL,315.0,0.0,10.2,False
1767683193.12,2026-01-06 12:36:33,7,19,712,9.6%,78,NORMAL,313.0,0.0,10.3,False
1767683194.26,2026-01-06 12:36:34,5,19,712,9.4%,78,NORMAL,308.0,0.0,10.4,False
1767683195.37,2026-01-06 12:36:35,5,19,712,9.3%,78,NORMAL,306.0,0.0,10.5,False
1767683196.92,2026-01-06 12:36:36,6,19,713,9.3%,78,NORMAL,303.0,0.0,10.5,False
1767683198.01,2026-01-06 12:36:38,5,19,713,9.2%,78,NORMAL,303.0,0.0,10.6,False
1767683199.08,2026-01-06 12:36:39,5,19,714,9.1%,78,NORMAL,302.0,0.0,10.6,False
1767683200.09,2026-01-06 12:36:40,7,19,715,9.1%,78,NORMAL,300.0,0.0,10.7,False
1767683201.22,2026-01-06 12:36:41,6,19,716,9.1%,78,NORMAL,300.0,0.0,10.7,False
1767683202.26,2026-01-06 12:36:42,7,19,717,9.1%,78,NORMAL,300.0,0.0,10.7,False
1767683203.39,2026-01-06 12:36:43,8,19,718,9.2%,78,NORMAL,299.0,0.0,10.7,False
1767683204.67,2026-01-06 12:36:44,7,19,719,9.3%,78,NORMAL,299.0,0.0,10.7,False
1767683205.95,2026-01-06 12:36:45,6,19,720,9.3%,78,NORMAL,299.0,0.0,10.7,False
1767683207.03,2026-01-06 12:36:47,5,19,720,9.3%,78,NORMAL,297.0,0.0,10.6,False
1767683208.04,2026-01-06 12:36:48,6,19,721,9.4%,78,NORMAL,298.0,0.0,10.6,False
1767683209.24,2026-01-06 12:36:49,6,19,723,9.5%,78,NORMAL,297.0,0.0,10.5,False
1767683210.27,2026-01-06 12:36:50,6,19,723,9.5%,78,NORMAL,295.0,0.0,10.4,False
1767683211.44,2026-01-06 12:36:51,6,19,723,9.5%,78,NORMAL,292.0,0.0,10.4,False
1767683212.60,2026-01-06 12:36:52,7,19,723,9.7%,78,NORMAL,290.0,0.0,10.3,False
1767683213.83,2026-01-06 12:36:53,7,19,723,9.8%,78,NORMAL,288.0,0.0,10.3,False
1767683215.09,2026-01-06 12:36:55,7,19,723,9.8%,78,NORMAL,285.0,0.0,10.2,False
1767683216.19,2026-01-06 12:36:56,7,19,723,9.9%,78,NORMAL,284.0,0.0,10.0,False
1767683217.28,2026-01-06 12:36:57,6,19,723,9.9%,78,NORMAL,284.0,0.0,9.9,False
1767683218.39,2026-01-06 12:36:58,7,19,723,9.9%,78,NORMAL,283.0,0.0,9.8,False
1767683219.55,2026-01-06 12:36:59,7,19,723,9.9%,78,NORMAL,281.0,0.0,9.8,False
1767683220.75,2026-01-06 12:37:00,6,19,723,9.8%,78,NORMAL,281.0,0.0,9.7,False
1767683221.89,2026-01-06 12:37:01,7,19,723,9.8%,78,NORMAL,281.0,0.0,9.7,False
1767683222.92,2026-01-06 12:37:02,7,19,723,9.8%,78,NORMAL,281.0,0.0,9.7,False
1767683224.09,2026-01-06 12:37:04,7,19,724,9.8%,78,NORMAL,282.0,0.0,9.7,False
1767683225.20,2026-01-06 12:37:05,7,19,725,9.9%,78,NORMAL,282.0,0.0,9.7,False
1767683226.33,2026-01-06 12:37:06,7,19,725,9.9%,78,NORMAL,280.0,0.0,9.7,False
1767683227.44,2026-01-06 12:37:07,9,19,727,10.0%,78,NORMAL,282.0,0.0,9.7,False
1767683228.55,2026-01-06 12:37:08,9,19,727,10.2%,78,NORMAL,282.0,0.0,9.6,False
1767683229.60,2026-01-06 12:37:09,9,19,728,10.4%,78,NORMAL,283.0,0.0,9.6,False
1767683230.79,2026-01-06 12:37:10,9,19,729,10.5%,78,NORMAL,283.0,0.0,9.5,False
1767683231.86,2026-01-06 12:37:11,9,19,729,10.7%,78,NORMAL,282.0,0.0,9.5,False
1767683233.19,2026-01-06 12:37:13,10,19,729,11.0%,78,NORMAL,280.0,0.0,9.5,False
1767683234.50,2026-01-06 12:37:14,10,19,729,11.1%,78,NORMAL,280.0,0.0,9.5,False
1767683235.86,2026-01-06 12:37:15,10,19,729,11.3%,78,NORMAL,280.0,0.0,9.6,False
1767683237.32,2026-01-06 12:37:17,9,19,729,11.4%,78,NORMAL,279.0,0.0,9.6,False
1767683238.87,2026-01-06 12:37:18,8,19,729,11.4%,78,NORMAL,275.0,0.0,9.7,False
1767683240.17,2026-01-06 12:37:20,7,19,730,11.4%,78,NORMAL,274.0,0.0,9.7,False
1767683241.50,2026-01-06 12:37:21,6,19,731,11.4%,78,NORMAL,275.0,0.0,9.8,False
1767683243.07,2026-01-06 12:37:23,6,19,732,11.5%,78,NORMAL,275.0,0.0,9.8,False
1767683244.30,2026-01-06 12:37:24,7,19,734,11.5%,78,NORMAL,275.0,0.0,9.8,False
1767683245.60,2026-01-06 12:37:25,6,19,734,11.5%,78,NORMAL,275.0,0.0,9.8,False
1767683246.90,2026-01-06 12:37:26,7,19,734,11.6%,78,NORMAL,273.0,0.0,9.7,False
1767683248.30,2026-01-06 12:37:28,7,19,734,11.6%,78,NORMAL,272.0,0.0,9.7,False
1767683249.35,2026-01-06 12:37:29,7,19,735,11.6%,78,NORMAL,272.0,0.0,9.6,False
1767683250.86,2026-01-06 12:37:30,8,19,736,11.7%,78,NORMAL,272.0,0.0,9.7,False
1767683252.33,2026-01-06 12:37:32,7,19,737,11.7%,78,NORMAL,272.0,0.0,9.7,False
1767683253.67,2026-01-06 12:37:33,8,19,738,11.7%,78,NORMAL,272.0,0.0,9.7,False
1767683254.71,2026-01-06 12:37:34,7,19,738,11.8%,78,NORMAL,268.0,0.0,9.7,False
1767683255.81,2026-01-06 12:37:35,8,19,739,11.8%,78,NORMAL,269.0,0.0,9.8,False
1767683257.05,2026-01-06 12:37:37,7,19,739,11.8%,78,NORMAL,268.0,0.0,9.8,False
1767683258.13,2026-01-06 12:37:38,6,19,739,11.8%,78,NORMAL,265.0,0.0,9.9,False
1767683259.18,2026-01-06 12:37:39,5,19,739,11.7%,78,NORMAL,264.0,0.0,9.9,False
1767683260.25,2026-01-06 12:37:40,5,19,739,11.6%,78,NORMAL,263.0,0.0,9.9,False
1767683261.35,2026-01-06 12:37:41,6,19,739,11.6%,78,NORMAL,262.0,0.0,9.9,False
1767683262.49,2026-01-06 12:37:42,7,19,740,11.6%,78,NORMAL,262.0,0.0,9.9,False
1767683263.62,2026-01-06 12:37:43,7,19,740,11.6%,78,NORMAL,261.0,0.0,9.9,False
1767683264.74,2026-01-06 12:37:44,7,19,741,11.5%,78,NORMAL,259.0,0.0,9.9,False
1767683265.75,2026-01-06 12:37:45,7,19,741,11.4%,78,NORMAL,259.0,0.0,10.0,False
1767683266.98,2026-01-06 12:37:46,8,19,742,11.3%,78,NORMAL,257.0,0.0,10.0,False
1767683268.15,2026-01-06 12:37:48,8,19,742,11.3%,78,NORMAL,257.0,0.0,10.0,False
1767683269.29,2026-01-06 12:37:49,7,19,742,11.2%,78,NORMAL,257.0,0.0,10.0,False
1767683270.46,2026-01-06 12:37:50,7,19,742,11.0%,78,NORMAL,255.0,0.0,10.1,False
1767683271.75,2026-01-06 12:37:51,9,19,744,11.0%,78,NORMAL,256.0,0.0,10.1,False
1767683273.08,2026-01-06 12:37:53,8,19,744,10.9%,78,NORMAL,256.0,0.0,10.1,False
1767683274.57,2026-01-06 12:37:54,7,19,744,10.8%,78,NORMAL,255.0,0.0,10.1,False
1767683276.07,2026-01-06 12:37:56,9,19,744,10.8%,78,NORMAL,254.0,0.0,10.1,False
1767683277.42,2026-01-06 12:37:57,9,19,745,10.9%,78,NORMAL,255.0,0.0,10.1,False
1767683278.83,2026-01-06 12:37:58,10,19,746,11.1%,78,NORMAL,255.0,0.0,10.0,False
1767683280.48,2026-01-06 12:38:00,10,19,746,11.3%,78,NORMAL,254.0,0.0,9.9,False
1767683282.06,2026-01-06 12:38:02,9,19,747,11.4%,78,NORMAL,255.0,0.0,9.8,False
1767683283.63,2026-01-06 12:38:03,9,19,748,11.6%,78,NORMAL,255.0,0.0,9.8,False
1767683284.90,2026-01-06 12:38:04,8,19,748,11.6%,78,NORMAL,254.0,0.0,9.7,False
1767683286.18,2026-01-06 12:38:06,7,19,748,11.6%,78,NORMAL,254.0,0.0,9.7,False
1767683288.00,2026-01-06 12:38:07,8,19,748,11.7%,78,NORMAL,254.0,0.0,9.6,False
1767683289.19,2026-01-06 12:38:09,7,19,748,11.6%,78,NORMAL,254.0,0.0,9.6,False
1767683290.30,2026-01-06 12:38:10,6,19,748,11.6%,78,NORMAL,254.0,0.0,9.6,False
1767683291.41,2026-01-06 12:38:11,6,19,749,11.5%,78,NORMAL,255.0,0.0,9.6,False
1767683292.53,2026-01-06 12:38:12,7,19,750,11.5%,78,NORMAL,256.0,0.0,9.6,False
1767683293.59,2026-01-06 12:38:13,7,19,750,11.4%,78,NORMAL,255.0,0.0,9.6,False
1767683294.63,2026-01-06 12:38:14,7,19,750,11.4%,78,NORMAL,255.0,0.0,9.6,False
1767683295.75,2026-01-06 12:38:15,7,19,750,11.5%,78,NORMAL,254.0,0.0,9.6,False
1767683296.86,2026-01-06 12:38:16,7,19,750,11.6%,78,NORMAL,252.0,0.0,9.6,False
1767683297.92,2026-01-06 12:38:17,6,19,750,11.6%,78,NORMAL,252.0,0.0,9.6,False
1767683298.98,2026-01-06 12:38:18,7,19,750,11.7%,78,NORMAL,251.0,0.0,9.7,False
1767683300.11,2026-01-06 12:38:20,6,19,750,11.6%,78,NORMAL,251.0,0.0,9.8,False
1767683301.17,2026-01-06 12:38:21,5,19,750,11.5%,78,NORMAL,249.0,0.0,9.8,False
1767683302.19,2026-01-06 12:38:22,5,19,750,11.4%,78,NORMAL,248.0,0.0,9.9,False
1767683303.26,2026-01-06 12:38:23,4,19,751,11.3%,78,NORMAL,248.0,0.0,10.0,False
1767683304.45,2026-01-06 12:38:24,4,19,752,11.1%,78,NORMAL,249.0,0.0,10.0,False
1767683305.59,2026-01-06 12:38:25,4,19,752,10.9%,78,NORMAL,249.0,0.0,10.0,False
1767683306.64,2026-01-06 12:38:26,6,19,753,10.8%,78,NORMAL,249.0,0.0,10.0,False
1767683307.70,2026-01-06 12:38:27,5,19,753,10.7%,78,NORMAL,249.0,0.0,10.0,False
1767683308.70,2026-01-06 12:38:28,5,19,753,10.5%,78,NORMAL,249.0,0.0,10.0,False
1767683309.83,2026-01-06 12:38:29,6,19,754,10.4%,78,NORMAL,250.0,0.0,10.0,False
1767683311.08,2026-01-06 12:38:31,6,19,755,10.4%,78,NORMAL,249.0,0.0,10.0,False
1767683312.21,2026-01-06 12:38:32,11,19,758,10.5%,78,NORMAL,250.0,0.0,10.0,False
1767683313.31,2026-01-06 12:38:33,9,19,759,10.5%,78,NORMAL,250.0,0.0,10.0,False
1767683314.32,2026-01-06 12:38:34,9,19,759,10.4%,78,NORMAL,247.0,0.0,10.0,False
1767683315.67,2026-01-06 12:38:35,8,19,759,10.3%,78,NORMAL,247.0,0.0,10.0,False
1767683316.96,2026-01-06 12:38:36,6,19,760,10.2%,78,NORMAL,247.0,0.0,10.0,False
1767683318.35,2026-01-06 12:38:38,9,19,761,10.2%,78,NORMAL,248.0,0.0,10.0,False
1767683319.66,2026-01-06 12:38:39,7,19,762,10.1%,78,NORMAL,247.0,0.0,9.9,False
1767683320.90,2026-01-06 12:38:40,8,19,763,10.2%,78,NORMAL,246.0,0.0,9.9,False
1767683322.07,2026-01-06 12:38:42,7,19,763,10.1%,78,NORMAL,245.0,0.0,9.8,False
1767683323.30,2026-01-06 12:38:43,7,19,763,10.1%,78,NORMAL,245.0,0.0,9.8,False
1767683324.62,2026-01-06 12:38:44,6,19,765,10.1%,78,NORMAL,246.0,0.0,9.8,False
1767683326.32,2026-01-06 12:38:46,10,19,767,10.3%,78,NORMAL,246.0,0.0,9.7,False
1767683327.52,2026-01-06 12:38:47,9,19,767,10.4%,78,NORMAL,246.0,0.0,9.7,False
1767683328.70,2026-01-06 12:38:48,8,19,767,10.5%,78,NORMAL,245.0,0.0,9.7,False
1767683329.96,2026-01-06 12:38:49,10,19,769,10.6%,78,NORMAL,245.0,0.0,9.7,False
1767683331.11,2026-01-06 12:38:51,9,19,769,10.7%,78,NORMAL,244.0,0.0,9.7,False
1767683332.32,2026-01-06 12:38:52,9,19,769,10.8%,78,NORMAL,242.0,0.0,9.6,False
1767683333.73,2026-01-06 12:38:53,9,19,770,11.0%,78,NORMAL,243.0,0.0,9.6,False
1767683335.25,2026-01-06 12:38:55,9,19,770,11.1%,78,NORMAL,242.0,0.0,9.6,False
1767683336.28,2026-01-06 12:38:56,2,19,771,10.9%,78,NORMAL,242.0,0.0,9.6,False
1767683337.65,2026-01-06 12:38:57,9,19,771,11.1%,78,NORMAL,240.0,0.0,9.5,False
1767683338.80,2026-01-06 12:38:58,3,19,771,11.0%,78,NORMAL,240.0,0.0,9.5,False
1767683339.98,2026-01-06 12:38:59,10,19,771,11.3%,78,NORMAL,239.0,0.0,9.4,False
1767683341.00,2026-01-06 12:39:01,5,19,771,11.3%,78,NORMAL,237.0,0.0,9.4,False
1767683342.15,2026-01-06 12:39:02,4,19,771,11.3%,78,NORMAL,237.0,0.0,9.3,False
1767683343.54,2026-01-06 12:39:03,11,19,771,11.5%,78,NORMAL,237.0,0.0,9.2,False
1767683344.91,2026-01-06 12:39:04,11,19,771,11.8%,78,NORMAL,237.0,0.0,9.1,False
1767683346.29,2026-01-06 12:39:06,10,19,773,12.1%,78,NORMAL,239.0,0.0,9.0,False
1767683347.42,2026-01-06 12:39:07,9,19,773,12.2%,78,NORMAL,238.0,0.0,8.9,False
1767683348.53,2026-01-06 12:39:08,9,19,773,12.4%,78,NORMAL,238.0,0.0,8.8,False
1767683349.55,2026-01-06 12:39:09,9,19,773,12.3%,78,NORMAL,236.0,0.0,8.8,False
1767683350.56,2026-01-06 12:39:10,9,19,773,12.3%,78,NORMAL,235.0,0.0,8.7,False
1767683351.64,2026-01-06 12:39:11,10,19,774,12.3%,78,NORMAL,236.0,0.0,8.8,False
1767683352.70,2026-01-06 12:39:12,9,19,774,12.4%,78,NORMAL,234.0,0.0,8.8,False
1767683353.81,2026-01-06 12:39:13,7,19,774,12.4%,78,NORMAL,232.0,0.0,8.9,False
1767683354.92,2026-01-06 12:39:14,9,19,776,12.4%,78,NORMAL,232.0,0.0,8.9,False
1767683355.98,2026-01-06 12:39:15,8,19,776,12.5%,78,NORMAL,231.0,0.0,9.0,False
1767683357.18,2026-01-06 12:39:17,8,19,776,12.5%,78,NORMAL,229.0,0.0,9.0,False
1767683358.26,2026-01-06 12:39:18,7,19,777,12.5%,78,NORMAL,230.0,0.0,9.0,False
1767683359.30,2026-01-06 12:39:19,6,19,777,12.4%,78,NORMAL,230.0,0.0,9.1,False
1767683360.46,2026-01-06 12:39:20,7,19,777,12.5%,78,NORMAL,228.0,0.0,9.2,False
1767683361.48,2026-01-06 12:39:21,6,19,777,12.3%,78,NORMAL,225.0,0.0,9.3,False
1767683362.50,2026-01-06 12:39:22,5,19,777,12.1%,78,NORMAL,224.0,0.0,9.4,False
1767683363.52,2026-01-06 12:39:23,5,19,779,11.9%,78,NORMAL,226.0,0.0,9.6,False
1767683364.57,2026-01-06 12:39:24,5,19,779,11.7%,78,NORMAL,226.0,0.0,9.8,False
1767683365.65,2026-01-06 12:39:25,7,19,781,11.6%,78,NORMAL,227.0,0.0,9.9,False
1767683366.75,2026-01-06 12:39:26,9,19,782,11.6%,78,NORMAL,228.0,0.0,10.1,False
1767683367.87,2026-01-06 12:39:27,9,19,783,11.6%,78,NORMAL,229.0,0.0,10.1,False
1767683369.06,2026-01-06 12:39:29,10,19,783,11.6%,78,NORMAL,229.0,0.0,10.2,False
1767683370.18,2026-01-06 12:39:30,9,19,783,12.0%,78,NORMAL,229.0,0.0,10.2,False
1767683371.44,2026-01-06 12:39:31,9,19,784,12.0%,78,NORMAL,230.0,0.0,10.2,False
1767683372.82,2026-01-06 12:39:32,11,19,785,12.4%,78,NORMAL,230.0,0.0,10.2,False
1767683374.10,2026-01-06 12:39:34,10,19,785,12.4%,78,NORMAL,230.0,0.0,10.2,False
1767683375.48,2026-01-06 12:39:35,10,19,786,12.6%,78,NORMAL,229.0,0.0,10.1,False
1767683376.99,2026-01-06 12:39:36,12,19,786,13.0%,78,NORMAL,229.0,0.0,10.1,False
1767683378.40,2026-01-06 12:39:38,10,19,786,13.0%,78,NORMAL,227.0,0.0,10.0,False
1767683379.65,2026-01-06 12:39:39,9,19,786,12.9%,78,NORMAL,227.0,0.0,10.0,False
1767683381.10,2026-01-06 12:39:41,9,19,786,12.8%,78,NORMAL,227.0,0.0,9.9,False
1767683382.33,2026-01-06 12:39:42,9,19,786,12.8%,78,NORMAL,225.0,0.0,9.8,False
1767683383.70,2026-01-06 12:39:43,7,19,787,12.7%,78,NORMAL,226.0,0.0,9.7,False
1767683384.86,2026-01-06 12:39:44,7,19,787,12.6%,78,NORMAL,226.0,0.0,9.6,False
1767683386.29,2026-01-06 12:39:46,8,19,788,12.6%,78,NORMAL,227.0,0.0,9.6,False
1767683387.74,2026-01-06 12:39:47,8,19,788,12.5%,78,NORMAL,227.0,0.0,9.5,False
1767683389.19,2026-01-06 12:39:49,9,19,789,12.5%,78,NORMAL,227.0,0.0,9.4,False
1767683390.62,2026-01-06 12:39:50,7,19,789,12.5%,78,NORMAL,227.0,0.0,9.3,False
1767683392.21,2026-01-06 12:39:52,8,19,790,12.4%,78,NORMAL,228.0,0.0,9.3,False
1767683393.87,2026-01-06 12:39:53,10,19,791,12.5%,78,NORMAL,229.0,0.0,9.2,False
1767683395.56,2026-01-06 12:39:55,9,19,791,12.6%,78,NORMAL,228.0,0.0,9.2,False
1767683397.07,2026-01-06 12:39:57,9,19,791,12.7%,78,NORMAL,227.0,0.0,9.1,False
1767683398.63,2026-01-06 12:39:58,9,19,792,12.8%,78,NORMAL,226.0,0.0,9.0,False
1767683399.89,2026-01-06 12:39:59,7,19,792,12.8%,78,NORMAL,225.0,0.0,9.0,False
1767683401.21,2026-01-06 12:40:01,7,19,792,12.9%,78,NORMAL,223.0,0.0,8.9,False
1767683402.53,2026-01-06 12:40:02,7,19,792,13.0%,78,NORMAL,223.0,0.0,8.9,False
1767683404.05,2026-01-06 12:40:04,7,19,792,13.1%,78,NORMAL,223.0,0.0,8.8,False
1767683405.37,2026-01-06 12:40:05,7,19,792,13.2%,78,NORMAL,223.0,0.0,8.7,False
1767683406.73,2026-01-06 12:40:06,7,19,793,13.2%,78,NORMAL,220.0,0.0,8.7,False
1767683408.27,2026-01-06 12:40:08,9,19,794,13.2%,78,NORMAL,220.0,0.0,8.7,False
1767683409.75,2026-01-06 12:40:09,8,19,794,13.1%,78,NORMAL,219.0,0.0,8.6,False
1767683411.34,2026-01-06 12:40:11,7,19,794,13.0%,78,NORMAL,219.0,0.0,8.6,False
1767683413.37,2026-01-06 12:40:13,7,19,794,12.9%,78,NORMAL,219.0,0.0,8.6,False
1767683414.89,2026-01-06 12:40:14,6,19,795,12.7%,78,NORMAL,219.0,0.0,8.5,False
1767683416.42,2026-01-06 12:40:16,5,19,795,12.5%,78,NORMAL,215.0,0.0,8.5,False
1767683417.95,2026-01-06 12:40:17,5,19,795,12.2%,78,NORMAL,215.0,0.0,8.4,False
1767683419.50,2026-01-06 12:40:19,6,19,795,12.0%,78,NORMAL,214.0,0.0,8.3,False
1767683420.72,2026-01-06 12:40:20,4,19,795,11.6%,78,NORMAL,214.0,0.0,8.2,False
1767683421.94,2026-01-06 12:40:21,4,19,795,11.3%,78,NORMAL,214.0,0.0,8.1,False
1767683423.25,2026-01-06 12:40:23,3,19,796,11.0%,78,NORMAL,214.0,0.0,8.0,False
1767683424.26,2026-01-06 12:40:24,6,19,797,10.9%,78,NORMAL,214.0,0.0,7.9,False
1767683425.33,2026-01-06 12:40:25,5,19,797,10.7%,78,NORMAL,214.0,0.0,7.9,False
1767683426.38,2026-01-06 12:40:26,5,19,797,10.6%,78,NORMAL,214.0,0.0,7.8,False
1767683427.38,2026-01-06 12:40:27,5,19,797,10.5%,78,NORMAL,214.0,0.0,7.7,False
1767683428.49,2026-01-06 12:40:28,6,19,798,10.4%,78,NORMAL,215.0,0.0,7.7,False
1767683429.75,2026-01-06 12:40:29,5,19,798,10.2%,78,NORMAL,215.0,0.0,7.6,False
1767683430.97,2026-01-06 12:40:30,5,19,798,10.0%,78,NORMAL,215.0,0.0,7.6,False
1767683432.19,2026-01-06 12:40:32,5,19,798,9.9%,78,NORMAL,215.0,0.0,7.5,False
1767683433.39,2026-01-06 12:40:33,5,19,798,9.8%,78,NORMAL,210.0,0.0,7.5,False
1767683434.51,2026-01-06 12:40:34,4,19,799,9.5%,78,NORMAL,210.0,0.0,7.5,False
1767683435.66,2026-01-06 12:40:35,4,19,799,9.2%,78,NORMAL,208.0,0.0,7.4,False
1767683436.89,2026-01-06 12:40:36,3,19,799,8.9%,78,NORMAL,207.0,0.0,7.4,False
1767683438.01,2026-01-06 12:40:38,3,19,799,8.6%,78,NORMAL,206.0,0.0,7.4,False
1767683439.05,2026-01-06 12:40:39,3,19,799,8.4%,78,NORMAL,206.0,0.0,7.4,False
1767683440.21,2026-01-06 12:40:40,3,19,800,8.2%,78,NORMAL,207.0,0.0,7.4,False
1767683441.34,2026-01-06 12:40:41,4,19,801,8.1%,78,NORMAL,207.0,0.0,7.4,False
1767683442.95,2026-01-06 12:40:42,6,19,803,8.0%,78,NORMAL,208.0,0.0,7.4,False
1767683444.04,2026-01-06 12:40:44,5,19,804,7.9%,78,NORMAL,208.0,0.0,7.5,False
1767683445.17,2026-01-06 12:40:45,7,19,804,7.9%,78,NORMAL,208.0,0.0,7.5,False
1767683446.30,2026-01-06 12:40:46,8,19,805,7.9%,78,NORMAL,207.0,0.0,7.5,False
1767683447.87,2026-01-06 12:40:47,6,19,805,7.8%,78,NORMAL,207.0,0.0,7.5,False
1767683449.38,2026-01-06 12:40:49,6,19,805,7.7%,78,NORMAL,207.0,0.0,7.5,False
1767683451.11,2026-01-06 12:40:51,7,19,806,7.7%,78,NORMAL,206.0,0.0,7.5,False
1767683452.97,2026-01-06 12:40:52,8,19,808,7.8%,78,NORMAL,208.0,0.0,7.5,False
1767683454.60,2026-01-06 12:40:54,6,19,809,7.9%,78,NORMAL,209.0,0.0,7.5,False
1767683455.60,2026-01-06 12:40:55,8,19,809,8.0%,78,NORMAL,209.0,0.0,7.5,False
1767683456.67,2026-01-06 12:40:56,8,19,809,8.1%,78,NORMAL,209.0,0.0,7.5,False
1767683458.10,2026-01-06 12:40:58,7,19,809,8.3%,78,NORMAL,209.0,0.0,7.5,False
1767683459.36,2026-01-06 12:40:59,5,19,809,8.3%,78,NORMAL,209.0,0.0,7.5,False
1767683460.56,2026-01-06 12:41:00,6,19,809,8.5%,78,NORMAL,209.0,0.0,7.5,False
1767683461.63,2026-01-06 12:41:01,5,19,809,8.4%,78,NORMAL,208.0,0.0,7.5,False
1767683462.89,2026-01-06 12:41:02,5,19,809,8.4%,78,NORMAL,206.0,0.0,7.5,False
1767683464.15,2026-01-06 12:41:04,5,19,810,8.4%,78,NORMAL,207.0,0.0,7.5,False
1767683465.75,2026-01-06 12:41:05,7,19,811,8.5%,78,NORMAL,208.0,0.0,7.5,False
1767683467.15,2026-01-06 12:41:07,8,19,812,8.6%,78,NORMAL,209.0,0.0,7.5,False
1767683468.41,2026-01-06 12:41:08,6,19,812,8.7%,78,NORMAL,209.0,0.0,7.5,False
1767683469.86,2026-01-06 12:41:09,6,19,813,8.7%,78,NORMAL,210.0,0.0,7.5,False
1767683471.11,2026-01-06 12:41:11,5,19,813,8.7%,78,NORMAL,210.0,0.0,7.5,False
1767683472.30,2026-01-06 12:41:12,5,19,813,8.7%,78,NORMAL,210.0,0.0,7.5,False
1767683473.60,2026-01-06 12:41:13,6,19,814,8.8%,78,NORMAL,207.0,0.0,7.6,False
1767683474.74,2026-01-06 12:41:14,4,19,814,8.8%,78,NORMAL,206.0,0.0,7.6,False
1767683476.01,2026-01-06 12:41:16,5,19,815,8.9%,78,NORMAL,206.0,0.0,7.7,False
1767683477.38,2026-01-06 12:41:17,7,19,815,9.1%,78,NORMAL,206.0,0.0,7.7,False
1767683478.41,2026-01-06 12:41:18,6,19,816,9.3%,78,NORMAL,206.0,0.0,7.7,False
1767683479.52,2026-01-06 12:41:19,5,19,816,9.4%,78,NORMAL,206.0,0.0,7.8,False
1767683480.67,2026-01-06 12:41:20,5,19,816,9.4%,78,NORMAL,205.0,0.0,7.8,False
1767683481.84,2026-01-06 12:41:21,5,19,816,9.4%,78,NORMAL,204.0,0.0,7.9,False
1767683482.88,2026-01-06 12:41:22,6,19,816,9.4%,78,NORMAL,204.0,0.0,7.9,False
1767683484.05,2026-01-06 12:41:24,7,19,816,9.4%,78,NORMAL,204.0,0.0,7.9,False
1767683485.45,2026-01-06 12:41:25,8,19,816,9.4%,78,NORMAL,203.0,0.0,7.9,False
1767683486.77,2026-01-06 12:41:26,7,19,816,9.5%,78,NORMAL,202.0,0.0,7.9,False
1767683488.09,2026-01-06 12:41:28,7,19,816,9.5%,78,NORMAL,202.0,0.0,8.0,False
1767683489.48,2026-01-06 12:41:29,7,19,816,9.5%,78,NORMAL,202.0,0.0,8.0,False
1767683490.54,2026-01-06 12:41:30,6,19,816,9.4%,78,NORMAL,200.0,0.0,8.0,False
1767683491.61,2026-01-06 12:41:31,6,19,816,9.4%,78,NORMAL,200.0,0.0,8.0,False
1767683492.68,2026-01-06 12:41:32,7,19,816,9.4%,78,NORMAL,200.0,0.0,8.1,False
1767683493.73,2026-01-06 12:41:33,8,19,817,9.4%,78,NORMAL,201.0,0.0,8.2,False
1767683494.82,2026-01-06 12:41:34,8,19,817,9.4%,78,NORMAL,200.0,0.0,8.3,False
1767683495.93,2026-01-06 12:41:35,6,19,817,9.5%,78,NORMAL,200.0,0.0,8.5,False
1767683497.05,2026-01-06 12:41:37,10,19,819,9.7%,78,NORMAL,202.0,0.0,8.6,False
1767683498.12,2026-01-06 12:41:38,10,19,820,9.9%,78,NORMAL,203.0,0.0,8.7,False
1767683499.17,2026-01-06 12:41:39,9,19,820,10.1%,78,NORMAL,201.0,0.0,8.9,False
1767683500.26,2026-01-06 12:41:40,9,19,820,10.3%,78,NORMAL,199.0,0.0,9.0,False
1767683501.37,2026-01-06 12:41:41,7,19,820,10.3%,78,NORMAL,198.0,0.0,9.2,False
1767683502.46,2026-01-06 12:41:42,7,19,822,10.3%,78,NORMAL,200.0,0.0,9.3,False
1767683503.60,2026-01-06 12:41:43,8,19,823,10.4%,78,NORMAL,201.0,0.0,9.4,False
1767683504.60,2026-01-06 12:41:44,8,19,823,10.5%,78,NORMAL,201.0,0.0,9.5,False
1767683505.63,2026-01-06 12:41:45,6,19,823,10.5%,78,NORMAL,200.0,0.0,9.6,False
1767683506.67,2026-01-06 12:41:46,6,19,823,10.6%,78,NORMAL,199.0,0.0,9.8,False
1767683507.75,2026-01-06 12:41:47,6,19,824,10.6%,78,NORMAL,200.0,0.0,9.9,False
1767683508.84,2026-01-06 12:41:48,6,19,825,10.7%,78,NORMAL,201.0,0.0,10.1,False
1767683510.26,2026-01-06 12:41:50,6,19,826,10.7%,78,NORMAL,202.0,0.0,10.2,False
1767683511.35,2026-01-06 12:41:51,6,19,826,10.7%,78,NORMAL,200.0,0.0,10.4,False
1767683512.37,2026-01-06 12:41:52,7,19,827,10.7%,78,NORMAL,200.0,0.0,10.4,False
1767683513.43,2026-01-06 12:41:53,7,19,827,10.8%,78,NORMAL,200.0,0.0,10.5,False
1767683514.75,2026-01-06 12:41:54,7,19,827,10.9%,78,NORMAL,198.0,0.0,10.5,False
1767683515.89,2026-01-06 12:41:55,7,19,829,11.0%,78,NORMAL,200.0,0.0,10.4,False
1767683517.13,2026-01-06 12:41:57,8,19,829,11.1%,78,NORMAL,200.0,0.0,10.3,False
1767683518.36,2026-01-06 12:41:58,9,19,829,11.2%,78,NORMAL,199.0,0.0,10.3,False
1767683519.57,2026-01-06 12:41:59,9,19,829,11.3%,78,NORMAL,198.0,0.0,10.2,False
1767683520.92,2026-01-06 12:42:00,11,19,830,11.5%,78,NORMAL,198.0,0.0,10.1,False
1767683522.24,2026-01-06 12:42:02,9,19,830,11.6%,78,NORMAL,196.0,0.0,10.1,False
1767683523.57,2026-01-06 12:42:03,9,19,830,11.7%,78,NORMAL,194.0,0.0,10.1,False
1767683524.86,2026-01-06 12:42:04,8,19,830,11.8%,78,NORMAL,193.0,0.0,10.1,False
1767683526.12,2026-01-06 12:42:06,8,19,830,11.9%,78,NORMAL,193.0,0.0,10.1,False
1767683527.23,2026-01-06 12:42:07,7,19,830,11.9%,78,NORMAL,192.0,0.0,10.0,False
1767683528.28,2026-01-06 12:42:08,7,19,831,11.8%,78,NORMAL,192.0,0.0,10.0,False
1767683529.33,2026-01-06 12:42:09,7,19,831,11.8%,78,NORMAL,191.0,0.0,10.0,False
1767683530.33,2026-01-06 12:42:10,6,19,831,11.8%,78,NORMAL,188.0,0.0,9.9,False
1767683531.37,2026-01-06 12:42:11,7,19,832,11.6%,78,NORMAL,187.0,0.0,9.9,False
1767683532.40,2026-01-06 12:42:12,7,19,832,11.5%,78,NORMAL,185.0,0.0,9.9,False
1767683533.49,2026-01-06 12:42:13,7,19,832,11.4%,78,NORMAL,182.0,0.0,9.8,False
1767683534.60,2026-01-06 12:42:14,7,19,832,11.3%,78,NORMAL,181.0,0.0,9.8,False
1767683535.71,2026-01-06 12:42:15,7,19,832,11.3%,78,NORMAL,181.0,0.0,9.8,False
1767683536.78,2026-01-06 12:42:16,7,19,832,11.3%,78,NORMAL,177.0,0.0,9.8,False
1767683538.13,2026-01-06 12:42:18,7,19,832,11.2%,78,NORMAL,177.0,0.0,9.8,False
1767683539.27,2026-01-06 12:42:19,7,19,832,11.2%,78,NORMAL,177.0,0.0,9.8,False
1767683540.46,2026-01-06 12:42:20,7,19,832,11.2%,78,NORMAL,175.0,0.0,9.8,False
1767683541.69,2026-01-06 12:42:21,7,19,832,11.3%,78,NORMAL,174.0,0.0,9.8,False
1767683542.96,2026-01-06 12:42:22,7,19,832,11.3%,78,NORMAL,174.0,0.0,9.8,False
1767683544.05,2026-01-06 12:42:24,7,19,832,11.4%,78,NORMAL,170.0,0.0,9.8,False
1767683545.10,2026-01-06 12:42:25,6,19,832,11.4%,78,NORMAL,169.0,0.0,9.7,False
1767683546.22,2026-01-06 12:42:26,6,19,832,11.4%,78,NORMAL,169.0,0.0,9.7,False
1767683547.56,2026-01-06 12:42:27,5,19,832,11.3%,78,NORMAL,169.0,0.0,9.6,False
1767683549.00,2026-01-06 12:42:28,5,19,832,11.2%,78,NORMAL,167.0,0.0,9.5,False
1767683550.31,2026-01-06 12:42:30,5,19,832,11.1%,78,NORMAL,164.0,0.0,9.4,False
1767683551.93,2026-01-06 12:42:31,7,19,834,11.1%,78,NORMAL,165.0,0.0,9.3,False
1767683553.37,2026-01-06 12:42:33,7,19,835,11.0%,78,NORMAL,166.0,0.0,9.2,False
1767683554.55,2026-01-06 12:42:34,5,19,835,10.8%,78,NORMAL,164.0,0.0,9.1,False
1767683556.13,2026-01-06 12:42:36,5,19,835,10.6%,78,NORMAL,163.0,0.0,9.1,False
1767683557.38,2026-01-06 12:42:37,4,19,836,10.3%,78,NORMAL,164.0,0.0,9.0,False
1767683558.59,2026-01-06 12:42:38,4,19,836,10.0%,78,NORMAL,163.0,0.0,8.9,False
1767683559.80,2026-01-06 12:42:39,4,19,837,9.8%,78,NORMAL,163.0,0.0,8.8,False
1767683560.83,2026-01-06 12:42:40,3,19,837,9.5%,78,NORMAL,163.0,0.0,8.7,False
1767683562.15,2026-01-06 12:42:42,4,19,837,9.3%,78,NORMAL,162.0,0.0,8.6,False
1767683563.23,2026-01-06 12:42:43,4,19,837,9.2%,78,NORMAL,160.0,0.0,8.6,False
1767683564.30,2026-01-06 12:42:44,4,19,837,9.0%,78,NORMAL,159.0,0.0,8.5,False
1767683565.31,2026-01-06 12:42:45,3,19,839,8.8%,78,NORMAL,161.0,0.0,8.5,False
1767683566.42,2026-01-06 12:42:46,3,19,839,8.7%,78,NORMAL,158.0,0.0,8.5,False
1767683567.53,2026-01-06 12:42:47,3,19,839,8.5%,78,NORMAL,157.0,0.0,8.5,False
1767683568.68,2026-01-06 12:42:48,3,19,839,8.3%,78,NORMAL,157.0,0.0,8.6,False
1767683569.69,2026-01-06 12:42:49,2,19,839,8.0%,78,NORMAL,154.0,0.0,8.6,False
1767683570.79,2026-01-06 12:42:50,1,19,839,7.7%,78,NORMAL,153.0,0.0,8.7,False
1767683571.93,2026-01-06 12:42:51,1,19,840,7.4%,78,NORMAL,154.0,0.0,8.8,False
1767683573.03,2026-01-06 12:42:53,0,19,840,7.1%,78,NORMAL,153.0,0.0,8.9,False
1767683574.11,2026-01-06 12:42:54,0,19,840,6.7%,78,NORMAL,153.0,0.0,9.0,False
1767683575.26,2026-01-06 12:42:55,0,19,840,6.3%,78,NORMAL,151.0,0.0,9.0,False
1767683576.33,2026-01-06 12:42:56,0,19,840,6.0%,78,NORMAL,151.0,0.0,9.0,False
1767683577.38,2026-01-06 12:42:57,0,19,840,5.6%,78,NORMAL,149.0,0.0,9.0,False
1767683578.42,2026-01-06 12:42:58,0,19,840,5.3%,78,NORMAL,149.0,0.0,9.0,False
1767683579.53,2026-01-06 12:42:59,0,19,840,4.9%,78,NORMAL,149.0,0.0,8.9,False
1767683580.60,2026-01-06 12:43:00,0,19,840,4.6%,78,NORMAL,149.0,0.0,8.8,False
1767683581.74,2026-01-06 12:43:01,0,19,840,4.3%,78,NORMAL,149.0,0.0,8.7,False
1767683582.88,2026-01-06 12:43:02,0,19,840,4.0%,78,NORMAL,148.0,0.0,8.7,False
1767683583.99,2026-01-06 12:43:03,1,19,841,3.8%,78,NORMAL,147.0,0.0,8.7,False
1767683585.07,2026-01-06 12:43:05,1,19,841,3.6%,78,NORMAL,147.0,0.0,8.7,False
1767683586.21,2026-01-06 12:43:06,1,19,841,3.3%,78,NORMAL,146.0,0.0,8.8,False
1767683587.47,2026-01-06 12:43:07,1,19,841,3.0%,78,NORMAL,146.0,0.0,8.8,False
1767683588.48,2026-01-06 12:43:08,1,19,841,2.8%,78,NORMAL,144.0,0.0,8.8,False
1767683589.52,2026-01-06 12:43:09,1,19,841,2.6%,78,NORMAL,144.0,0.0,8.8,False
1767683590.57,2026-01-06 12:43:10,1,19,841,2.4%,78,NORMAL,142.0,0.0,8.8,False
1767683591.64,2026-01-06 12:43:11,1,19,841,2.3%,78,NORMAL,142.0,0.0,8.8,False
1767683592.73,2026-01-06 12:43:12,1,19,841,2.1%,78,NORMAL,141.0,0.0,9.0,False
1767683593.87,2026-01-06 12:43:13,1,19,841,2.0%,78,NORMAL,140.0,0.0,9.1,False
1767683594.91,2026-01-06 12:43:14,1,19,841,1.8%,78,NORMAL,139.0,0.0,9.2,False
1767683595.99,2026-01-06 12:43:15,2,19,842,1.7%,78,NORMAL,140.0,0.0,9.2,False
1767683597.13,2026-01-06 12:43:17,3,19,843,1.7%,78,NORMAL,141.0,0.0,9.2,False
1767683598.17,2026-01-06 12:43:18,3,19,843,1.7%,78,NORMAL,141.0,0.0,9.2,False
1767683599.20,2026-01-06 12:43:19,3,19,843,1.7%,78,NORMAL,141.0,0.0,9.2,False
1767683600.32,2026-01-06 12:43:20,2,19,843,1.6%,78,NORMAL,141.0,0.0,9.2,False
1767683601.51,2026-01-06 12:43:21,3,19,844,1.6%,78,NORMAL,142.0,0.0,9.2,False
1767683602.56,2026-01-06 12:43:22,4,19,844,1.7%,78,NORMAL,141.0,0.0,9.2,False
1767683603.67,2026-01-06 12:43:23,3,19,844,1.8%,78,NORMAL,141.0,0.0,9.3,False
1767683604.76,2026-01-06 12:43:24,3,19,844,1.9%,78,NORMAL,141.0,0.0,9.4,False
1767683606.06,2026-01-06 12:43:26,3,19,844,2.1%,78,NORMAL,139.0,0.0,9.5,False
1767683607.09,2026-01-06 12:43:27,3,19,844,2.3%,78,NORMAL,138.0,0.0,9.6,False
1767683608.46,2026-01-06 12:43:28,3,19,844,2.4%,78,NORMAL,138.0,0.0,9.6,False
1767683609.53,2026-01-06 12:43:29,3,19,844,2.6%,78,NORMAL,137.0,0.0,9.5,False
1767683610.96,2026-01-06 12:43:30,3,19,844,2.7%,78,NORMAL,136.0,0.0,9.5,False
1767683612.05,2026-01-06 12:43:32,3,19,844,2.9%,78,NORMAL,135.0,0.0,9.4,False
1767683613.26,2026-01-06 12:43:33,3,19,844,3.1%,78,NORMAL,134.0,0.0,9.3,False
1767683614.56,2026-01-06 12:43:34,3,19,844,3.2%,78,NORMAL,134.0,0.0,9.2,False
1767683615.71,2026-01-06 12:43:35,3,19,844,3.4%,78,NORMAL,133.0,0.0,9.1,False
1767683617.03,2026-01-06 12:43:37,3,19,844,3.5%,78,NORMAL,133.0,0.0,8.9,False
1767683618.11,2026-01-06 12:43:38,2,19,844,3.6%,78,NORMAL,132.0,0.0,8.8,False
1767683619.17,2026-01-06 12:43:39,1,19,844,3.6%,78,NORMAL,132.0,0.0,8.7,False
1767683620.21,2026-01-06 12:43:40,1,19,844,3.6%,78,NORMAL,132.0,0.0,8.5,False
1767683621.26,2026-01-06 12:43:41,1,19,844,3.6%,78,NORMAL,132.0,0.0,8.3,False
1767683622.30,2026-01-06 12:43:42,1,19,844,3.6%,78,NORMAL,132.0,0.0,8.2,False
1767683623.32,2026-01-06 12:43:43,1,19,844,3.6%,78,NORMAL,132.0,0.0,8.0,False
1767683624.40,2026-01-06 12:43:44,1,19,844,3.6%,78,NORMAL,132.0,0.0,7.9,False
1767683625.52,2026-01-06 12:43:45,1,19,844,3.6%,78,NORMAL,132.0,0.0,7.8,False
1767683626.55,2026-01-06 12:43:46,1,19,844,3.6%,78,NORMAL,131.0,0.0,7.7,False
1767683627.69,2026-01-06 12:43:47,1,19,844,3.6%,78,NORMAL,131.0,0.0,7.5,False
1767683628.75,2026-01-06 12:43:48,1,19,844,3.6%,78,NORMAL,131.0,0.0,7.4,False
1767683629.93,2026-01-06 12:43:49,1,19,844,3.5%,78,NORMAL,130.0,0.0,7.3,False
1767683631.12,2026-01-06 12:43:51,1,19,844,3.4%,78,NORMAL,128.0,0.0,7.3,False
1767683632.26,2026-01-06 12:43:52,1,19,844,3.3%,78,NORMAL,127.0,0.0,7.3,False
1767683633.62,2026-01-06 12:43:53,2,19,845,3.3%,78,NORMAL,127.0,0.0,7.3,False
1767683634.86,2026-01-06 12:43:54,2,19,845,3.3%,78,NORMAL,126.0,0.0,7.4,False
1767683635.90,2026-01-06 12:43:55,2,19,845,3.2%,78,NORMAL,125.0,0.0,7.4,False
1767683637.01,2026-01-06 12:43:57,3,19,846,3.2%,78,NORMAL,126.0,0.0,7.5,False
1767683638.15,2026-01-06 12:43:58,3,19,846,3.2%,78,NORMAL,123.0,0.0,7.6,False
1767683639.24,2026-01-06 12:43:59,3,19,846,3.2%,78,NORMAL,123.0,0.0,7.8,False
1767683640.51,2026-01-06 12:44:00,3,19,846,3.2%,78,NORMAL,123.0,0.0,7.9,False
1767683641.67,2026-01-06 12:44:01,3,19,846,3.2%,78,NORMAL,123.0,0.0,8.1,False
1767683642.79,2026-01-06 12:44:02,3,19,846,3.2%,78,NORMAL,123.0,0.0,8.2,False
1767683643.90,2026-01-06 12:44:03,3,19,846,3.2%,78,NORMAL,123.0,0.0,8.2,False
1767683645.43,2026-01-06 12:44:05,3,19,846,3.2%,78,NORMAL,123.0,0.0,8.3,False
1767683646.80,2026-01-06 12:44:06,3,19,847,3.2%,78,NORMAL,124.0,0.0,8.3,False
1767683648.36,2026-01-06 12:44:08,3,19,847,3.2%,78,NORMAL,124.0,0.0,8.3,False
1767683649.80,2026-01-06 12:44:09,3,19,847,3.2%,78,NORMAL,124.0,0.0,8.3,False
1767683651.16,2026-01-06 12:44:11,3,19,847,3.2%,78,NORMAL,124.0,0.0,8.2,False
1767683652.30,2026-01-06 12:44:12,2,19,847,3.1%,78,NORMAL,124.0,0.0,8.2,False
1767683653.45,2026-01-06 12:44:13,2,19,847,3.1%,78,NORMAL,123.0,0.0,8.1,False
1767683654.95,2026-01-06 12:44:14,3,19,847,3.2%,78,NORMAL,122.0,0.0,8.1,False
1767683656.16,2026-01-06 12:44:16,3,19,847,3.3%,78,NORMAL,121.0,0.0,8.1,False
1767683657.25,2026-01-06 12:44:17,3,19,847,3.4%,78,NORMAL,120.0,0.0,8.1,False
1767683658.29,2026-01-06 12:44:18,3,19,847,3.5%,78,NORMAL,119.0,0.0,8.1,False
1767683659.36,2026-01-06 12:44:19,3,19,847,3.6%,78,NORMAL,118.0,0.0,8.0,False
1767683660.42,2026-01-06 12:44:20,2,19,847,3.7%,78,NORMAL,118.0,0.0,8.0,False
1767683661.45,2026-01-06 12:44:21,1,19,847,3.7%,78,NORMAL,118.0,0.0,8.0,False
1767683662.49,2026-01-06 12:44:22,1,19,847,3.7%,78,NORMAL,118.0,0.0,8.1,False
1767683663.65,2026-01-06 12:44:23,1,19,847,3.7%,78,NORMAL,118.0,0.0,8.1,False
1767683664.74,2026-01-06 12:44:24,1,19,847,3.7%,78,NORMAL,117.0,0.0,8.1,False
1767683665.81,2026-01-06 12:44:25,1,19,847,3.7%,78,NORMAL,116.0,0.0,8.2,False
1767683666.98,2026-01-06 12:44:26,1,19,847,3.7%,78,NORMAL,115.0,0.0,8.3,False
1767683668.03,2026-01-06 12:44:28,1,19,847,3.7%,78,NORMAL,113.0,0.0,8.4,False
1767683669.12,2026-01-06 12:44:29,1,19,847,3.6%,78,NORMAL,113.0,0.0,8.6,False
1767683670.16,2026-01-06 12:44:30,2,19,848,3.6%,78,NORMAL,113.0,0.0,8.8,False
1767683671.23,2026-01-06 12:44:31,3,19,849,3.7%,78,NORMAL,113.0,0.0,8.9,False
1767683672.47,2026-01-06 12:44:32,3,19,849,3.7%,78,NORMAL,112.0,0.0,9.1,False
1767683673.53,2026-01-06 12:44:33,3,19,849,3.7%,78,NORMAL,111.0,0.0,9.2,False
1767683674.70,2026-01-06 12:44:34,3,19,849,3.7%,78,NORMAL,110.0,0.0,9.2,False
1767683675.93,2026-01-06 12:44:35,5,19,852,3.8%,78,NORMAL,113.0,0.0,9.3,False
1767683676.93,2026-01-06 12:44:36,5,19,852,3.9%,78,NORMAL,113.0,0.0,9.3,False
1767683678.05,2026-01-06 12:44:38,5,19,852,4.0%,78,NORMAL,113.0,0.0,9.3,False
1767683679.40,2026-01-06 12:44:39,5,19,852,4.1%,78,NORMAL,113.0,0.0,9.3,False
1767683680.45,2026-01-06 12:44:40,5,19,852,4.2%,78,NORMAL,112.0,0.0,9.4,False
1767683681.45,2026-01-06 12:44:41,6,19,853,4.3%,78,NORMAL,113.0,0.0,9.5,False
1767683682.58,2026-01-06 12:44:42,6,19,853,4.5%,78,NORMAL,112.0,0.0,9.7,False
1767683683.93,2026-01-06 12:44:43,6,19,853,4.7%,78,NORMAL,112.0,0.0,9.8,False
1767683684.98,2026-01-06 12:44:44,5,19,853,4.8%,78,NORMAL,111.0,0.0,9.8,False
1767683686.03,2026-01-06 12:44:46,6,19,854,5.0%,78,NORMAL,112.0,0.0,9.7,False
1767683687.24,2026-01-06 12:44:47,6,19,854,5.2%,78,NORMAL,112.0,0.0,9.7,False
1767683688.39,2026-01-06 12:44:48,5,19,854,5.3%,78,NORMAL,112.0,0.0,9.6,False
1767683689.50,2026-01-06 12:44:49,5,19,854,5.4%,78,NORMAL,110.0,0.0,9.5,False
1767683690.60,2026-01-06 12:44:50,5,19,855,5.5%,78,NORMAL,111.0,0.0,9.4,False
1767683691.61,2026-01-06 12:44:51,5,19,855,5.6%,78,NORMAL,111.0,0.0,9.3,False
1767683692.64,2026-01-06 12:44:52,5,19,855,5.7%,78,NORMAL,110.0,0.0,9.2,False
1767683693.72,2026-01-06 12:44:53,6,19,856,5.9%,78,NORMAL,110.0,0.0,9.1,False
1767683694.86,2026-01-06 12:44:54,7,19,858,6.2%,78,NORMAL,112.0,0.0,9.0,False
1767683695.95,2026-01-06 12:44:55,7,19,858,6.5%,78,NORMAL,111.0,0.0,8.9,False
1767683697.30,2026-01-06 12:44:57,6,19,858,6.8%,78,NORMAL,110.0,0.0,8.8,False
1767683698.39,2026-01-06 12:44:58,4,19,858,6.9%,78,NORMAL,110.0,0.0,8.7,False
1767683699.70,2026-01-06 12:44:59,5,19,859,7.1%,78,NORMAL,111.0,0.0,8.7,False
1767683700.71,2026-01-06 12:45:00,5,19,859,7.3%,78,NORMAL,111.0,0.0,8.6,False
1767683701.87,2026-01-06 12:45:01,6,19,860,7.6%,78,NORMAL,112.0,0.0,8.5,False
1767683702.94,2026-01-06 12:45:02,6,19,860,7.8%,78,NORMAL,112.0,0.0,8.4,False
1767683704.02,2026-01-06 12:45:04,6,19,860,8.0%,78,NORMAL,111.0,0.0,8.3,False
1767683705.04,2026-01-06 12:45:05,6,19,861,8.2%,78,NORMAL,112.0,0.0,8.4,False
1767683706.22,2026-01-06 12:45:06,5,19,861,8.3%,78,NORMAL,111.0,0.0,8.4,False
1767683707.26,2026-01-06 12:45:07,6,19,861,8.4%,78,NORMAL,111.0,0.0,8.5,False
1767683708.32,2026-01-06 12:45:08,6,19,862,8.6%,78,NORMAL,112.0,0.0,8.6,False
1767683709.38,2026-01-06 12:45:09,6,19,862,8.6%,78,NORMAL,112.0,0.0,8.7,False
1767683710.49,2026-01-06 12:45:10,7,19,862,8.7%,78,NORMAL,112.0,0.0,8.8,False
1767683711.59,2026-01-06 12:45:11,6,19,862,8.8%,78,NORMAL,112.0,0.0,8.9,False
1767683712.70,2026-01-06 12:45:12,6,19,862,8.8%,78,NORMAL,112.0,0.0,9.0,False
1767683713.89,2026-01-06 12:45:13,7,19,862,8.9%,78,NORMAL,112.0,0.0,9.1,False
1767683715.60,2026-01-06 12:45:15,8,19,863,9.0%,78,NORMAL,113.0,0.0,9.2,False
1767683717.03,2026-01-06 12:45:17,8,19,864,9.1%,78,NORMAL,114.0,0.0,9.2,False
1767683718.27,2026-01-06 12:45:18,6,19,864,9.1%,78,NORMAL,112.0,0.0,9.2,False
1767683719.57,2026-01-06 12:45:19,5,19,864,9.1%,78,NORMAL,112.0,0.0,9.2,False
1767683720.82,2026-01-06 12:45:20,5,19,864,9.1%,78,NORMAL,111.0,0.0,9.1,False
1767683721.90,2026-01-06 12:45:21,5,19,864,9.0%,78,NORMAL,111.0,0.0,9.1,False
1767683722.94,2026-01-06 12:45:22,6,19,865,9.1%,78,NORMAL,112.0,0.0,9.0,False
1767683723.96,2026-01-06 12:45:23,7,19,866,9.2%,78,NORMAL,112.0,0.0,9.0,False
1767683725.09,2026-01-06 12:45:25,6,19,866,9.2%,78,NORMAL,108.0,0.0,8.9,False
1767683726.16,2026-01-06 12:45:26,4,19,866,9.2%,78,NORMAL,107.0,0.0,9.0,False
1767683727.18,2026-01-06 12:45:27,4,19,866,9.1%,78,NORMAL,107.0,0.0,9.0,False
1767683728.20,2026-01-06 12:45:28,4,19,866,9.0%,78,NORMAL,106.0,0.0,9.0,False
1767683729.55,2026-01-06 12:45:29,5,19,867,8.9%,78,NORMAL,105.0,0.0,9.1,False
1767683730.67,2026-01-06 12:45:30,4,19,867,8.8%,78,NORMAL,105.0,0.0,9.1,False
1767683731.92,2026-01-06 12:45:31,5,19,868,8.7%,78,NORMAL,105.0,0.0,9.1,False
1767683732.97,2026-01-06 12:45:32,5,19,870,8.8%,78,NORMAL,107.0,0.0,9.0,False
1767683734.08,2026-01-06 12:45:34,5,19,871,8.8%,78,NORMAL,107.0,0.0,8.9,False
1767683735.19,2026-01-06 12:45:35,7,19,872,8.9%,78,NORMAL,106.0,0.0,8.9,False
1767683736.24,2026-01-06 12:45:36,6,19,872,8.9%,78,NORMAL,105.0,0.0,8.9,False
1767683737.45,2026-01-06 12:45:37,5,19,872,8.8%,78,NORMAL,105.0,0.0,8.9,False
1767683738.53,2026-01-06 12:45:38,5,19,872,8.8%,78,NORMAL,105.0,0.0,9.0,False
1767683739.65,2026-01-06 12:45:39,7,19,872,8.8%,78,NORMAL,103.0,0.0,9.0,False
1767683741.06,2026-01-06 12:45:41,7,19,872,8.9%,78,NORMAL,103.0,0.0,9.1,False
1767683742.20,2026-01-06 12:45:42,7,19,872,9.0%,78,NORMAL,103.0,0.0,9.1,False
1767683743.28,2026-01-06 12:45:43,8,19,874,9.1%,78,NORMAL,104.0,0.0,9.1,False
1767683744.32,2026-01-06 12:45:44,7,19,874,9.1%,78,NORMAL,104.0,0.0,9.0,False
1767683745.36,2026-01-06 12:45:45,7,19,875,9.1%,78,NORMAL,104.0,0.0,9.0,False
1767683746.38,2026-01-06 12:45:46,7,19,875,9.2%,78,NORMAL,104.0,0.0,8.9,False
1767683747.46,2026-01-06 12:45:47,5,19,875,9.1%,78,NORMAL,104.0,0.0,8.8,False
1767683748.58,2026-01-06 12:45:48,7,19,876,9.1%,78,NORMAL,105.0,0.0,8.7,False
1767683749.61,2026-01-06 12:45:49,5,19,876,9.0%,78,NORMAL,105.0,0.0,8.6,False
1767683750.75,2026-01-06 12:45:50,6,19,877,8.9%,78,NORMAL,106.0,0.0,8.5,False
1767683751.95,2026-01-06 12:45:51,5,19,877,8.8%,78,NORMAL,104.0,0.0,8.5,False
1767683753.12,2026-01-06 12:45:53,6,19,877,8.9%,78,NORMAL,104.0,0.0,8.5,False
1767683754.53,2026-01-06 12:45:54,5,19,878,8.9%,78,NORMAL,105.0,0.0,8.5,False
1767683755.68,2026-01-06 12:45:55,4,19,878,8.8%,78,NORMAL,105.0,0.0,8.4,False
1767683756.70,2026-01-06 12:45:56,4,19,878,8.7%,78,NORMAL,105.0,0.0,8.4,False
1767683757.78,2026-01-06 12:45:57,5,19,879,8.6%,78,NORMAL,106.0,0.0,8.4,False
1767683758.91,2026-01-06 12:45:58,4,19,880,8.5%,78,NORMAL,106.0,0.0,8.3,False
1767683760.01,2026-01-06 12:46:00,4,19,880,8.5%,78,NORMAL,105.0,0.0,8.3,False
1767683761.27,2026-01-06 12:46:01,6,19,883,8.6%,78,NORMAL,107.0,0.0,8.3,False
1767683762.35,2026-01-06 12:46:02,5,19,883,8.7%,78,NORMAL,107.0,0.0,8.3,False
1767683763.46,2026-01-06 12:46:03,5,19,884,8.7%,78,NORMAL,107.0,0.0,8.3,False
1767683764.58,2026-01-06 12:46:04,5,19,884,8.7%,78,NORMAL,107.0,0.0,8.3,False
1767683765.64,2026-01-06 12:46:05,3,19,885,8.6%,78,NORMAL,108.0,0.0,8.3,False
1767683766.68,2026-01-06 12:46:06,4,19,885,8.6%,78,NORMAL,108.0,0.0,8.3,False
1767683768.04,2026-01-06 12:46:08,4,19,886,8.5%,78,NORMAL,109.0,0.0,8.3,False
1767683769.32,2026-01-06 12:46:09,6,19,888,8.5%,78,NORMAL,109.0,0.0,8.3,False
1767683770.44,2026-01-06 12:46:10,6,19,888,8.5%,78,NORMAL,109.0,0.0,8.3,False
1767683771.53,2026-01-06 12:46:11,7,19,889,8.6%,78,NORMAL,108.0,0.0,8.4,False
1767683772.68,2026-01-06 12:46:12,6,19,889,8.6%,78,NORMAL,106.0,0.0,8.5,False
1767683774.07,2026-01-06 12:46:14,5,19,889,8.5%,78,NORMAL,106.0,0.0,8.6,False
1767683775.23,2026-01-06 12:46:15,6,19,889,8.5%,78,NORMAL,106.0,0.0,8.7,False
1767683776.63,2026-01-06 12:46:16,8,19,891,8.5%,78,NORMAL,107.0,0.0,8.7,False
1767683777.79,2026-01-06 12:46:17,6,19,891,8.4%,78,NORMAL,106.0,0.0,8.7,False
1767683778.79,2026-01-06 12:46:18,6,19,891,8.4%,78,NORMAL,106.0,0.0,8.7,False
1767683779.84,2026-01-06 12:46:19,6,19,891,8.3%,78,NORMAL,106.0,0.0,8.6,False
1767683780.91,2026-01-06 12:46:20,7,19,892,8.3%,78,NORMAL,106.0,0.0,8.6,False
1767683782.24,2026-01-06 12:46:22,7,19,892,8.4%,78,NORMAL,106.0,0.0,8.6,False
1767683783.52,2026-01-06 12:46:23,8,19,892,8.5%,78,NORMAL,106.0,0.0,8.5,False
1767683784.72,2026-01-06 12:46:24,8,19,892,8.6%,78,NORMAL,106.0,0.0,8.5,False
1767683786.05,2026-01-06 12:46:26,7,19,892,8.7%,78,NORMAL,106.0,0.0,8.6,False
1767683787.22,2026-01-06 12:46:27,6,19,892,8.7%,78,NORMAL,106.0,0.0,8.7,False
1767683788.68,2026-01-06 12:46:28,8,19,894,8.8%,78,NORMAL,107.0,0.0,8.7,False
1767683790.33,2026-01-06 12:46:30,9,19,897,9.0%,78,NORMAL,110.0,0.0,8.7,False
1767683791.63,2026-01-06 12:46:31,7,19,899,9.2%,78,NORMAL,111.0,0.0,8.7,False
1767683792.82,2026-01-06 12:46:32,6,19,900,9.3%,78,NORMAL,112.0,0.0,8.7,False
1767683794.36,2026-01-06 12:46:34,8,19,902,9.4%,78,NORMAL,113.0,0.0,8.7,False
1767683795.80,2026-01-06 12:46:35,9,19,902,9.7%,78,NORMAL,113.0,0.0,8.6,False
1767683796.93,2026-01-06 12:46:36,7,19,902,9.8%,78,NORMAL,112.0,0.0,8.5,False
1767683798.14,2026-01-06 12:46:38,8,19,902,9.9%,78,NORMAL,111.0,0.0,8.5,False
1767683799.33,2026-01-06 12:46:39,7,19,904,10.0%,78,NORMAL,113.0,0.0,8.5,False
1767683800.60,2026-01-06 12:46:40,7,19,904,10.1%,78,NORMAL,113.0,0.0,8.5,False
1767683801.68,2026-01-06 12:46:41,7,19,905,10.2%,78,NORMAL,113.0,0.0,8.5,False
1767683802.74,2026-01-06 12:46:42,6,19,905,10.4%,78,NORMAL,113.0,0.0,8.6,False
1767683803.77,2026-01-06 12:46:43,7,19,905,10.5%,78,NORMAL,113.0,0.0,8.6,False
1767683804.90,2026-01-06 12:46:44,5,19,906,10.6%,78,NORMAL,114.0,0.0,8.8,False
1767683805.92,2026-01-06 12:46:45,6,19,906,10.6%,78,NORMAL,114.0,0.0,8.8,False
1767683807.05,2026-01-06 12:46:47,5,19,906,10.5%,78,NORMAL,113.0,0.0,8.9,False
1767683808.07,2026-01-06 12:46:48,5,19,906,10.4%,78,NORMAL,113.0,0.0,8.9,False
1767683809.18,2026-01-06 12:46:49,4,19,906,10.3%,78,NORMAL,112.0,0.0,9.0,False
1767683810.27,2026-01-06 12:46:50,5,19,906,10.3%,78,NORMAL,112.0,0.0,9.0,False
1767683811.32,2026-01-06 12:46:51,6,19,907,10.3%,78,NORMAL,113.0,0.0,9.0,False
1767683812.61,2026-01-06 12:46:52,6,19,907,10.2%,78,NORMAL,113.0,0.0,9.0,False
1767683813.70,2026-01-06 12:46:53,6,19,907,10.2%,78,NORMAL,112.0,0.0,8.9,False
1767683814.79,2026-01-06 12:46:54,6,19,907,10.2%,78,NORMAL,112.0,0.0,8.9,False
1767683815.92,2026-01-06 12:46:55,6,19,907,10.2%,78,NORMAL,112.0,0.0,8.9,False
1767683816.94,2026-01-06 12:46:56,5,19,907,10.1%,78,NORMAL,112.0,0.0,8.9,False
1767683818.28,2026-01-06 12:46:58,5,19,907,10.0%,78,NORMAL,112.0,0.0,8.9,False
1767683819.30,2026-01-06 12:46:59,5,19,907,9.9%,78,NORMAL,111.0,0.0,8.8,False
1767683820.32,2026-01-06 12:47:00,5,19,907,9.7%,78,NORMAL,110.0,0.0,8.8,False
1767683821.54,2026-01-06 12:47:01,5,19,907,9.6%,78,NORMAL,110.0,0.0,8.8,False
1767683822.55,2026-01-06 12:47:02,5,19,907,9.6%,78,NORMAL,110.0,0.0,8.8,False
1767683823.73,2026-01-06 12:47:03,4,19,907,9.4%,78,NORMAL,109.0,0.0,8.7,False
1767683824.84,2026-01-06 12:47:04,4,19,907,9.1%,78,NORMAL,109.0,0.0,8.7,False
1767683826.04,2026-01-06 12:47:06,5,19,907,9.0%,78,NORMAL,109.0,0.0,8.6,False
1767683827.14,2026-01-06 12:47:07,6,19,908,9.0%,78,NORMAL,110.0,0.0,8.5,False
1767683828.19,2026-01-06 12:47:08,5,19,908,8.9%,78,NORMAL,110.0,0.0,8.4,False
1767683829.30,2026-01-06 12:47:09,5,19,908,8.7%,78,NORMAL,109.0,0.0,8.4,False
1767683830.33,2026-01-06 12:47:10,4,19,908,8.5%,78,NORMAL,109.0,0.0,8.4,False
1767683831.54,2026-01-06 12:47:11,4,19,908,8.3%,78,NORMAL,109.0,0.0,8.5,False
1767683832.59,2026-01-06 12:47:12,3,19,908,8.1%,78,NORMAL,108.0,0.0,8.6,False
1767683833.62,2026-01-06 12:47:13,4,19,908,8.0%,78,NORMAL,108.0,0.0,8.6,False
1767683834.69,2026-01-06 12:47:14,4,19,908,7.8%,78,NORMAL,107.0,0.0,8.6,False
1767683835.74,2026-01-06 12:47:15,6,19,910,7.8%,78,NORMAL,106.0,0.0,8.6,False
1767683836.86,2026-01-06 12:47:16,5,19,910,7.7%,78,NORMAL,106.0,0.0,8.6,False
1767683837.94,2026-01-06 12:47:17,6,19,910,7.8%,78,NORMAL,105.0,0.0,8.6,False
1767683838.97,2026-01-06 12:47:18,5,19,910,7.7%,78,NORMAL,105.0,0.0,8.5,False
1767683840.31,2026-01-06 12:47:20,6,19,911,7.8%,78,NORMAL,105.0,0.0,8.5,False
1767683841.65,2026-01-06 12:47:21,7,19,912,7.9%,78,NORMAL,104.0,0.0,8.6,False
1767683842.69,2026-01-06 12:47:22,6,19,912,8.0%,78,NORMAL,103.0,0.0,8.7,False
1767683844.02,2026-01-06 12:47:24,5,19,912,8.0%,78,NORMAL,103.0,0.0,8.8,False
1767683845.04,2026-01-06 12:47:25,6,19,912,8.0%,78,NORMAL,103.0,0.0,8.8,False
1767683846.05,2026-01-06 12:47:26,6,19,912,8.0%,78,NORMAL,103.0,0.0,8.8,False
1767683847.07,2026-01-06 12:47:27,6,19,912,8.0%,78,NORMAL,103.0,0.0,8.8,False
1767683848.21,2026-01-06 12:47:28,6,19,912,8.0%,78,NORMAL,103.0,0.0,8.8,False
1767683849.31,2026-01-06 12:47:29,6,19,912,8.0%,78,NORMAL,103.0,0.0,8.8,False
1767683850.44,2026-01-06 12:47:30,6,19,912,8.0%,78,NORMAL,101.0,0.0,8.7,False
1767683851.54,2026-01-06 12:47:31,6,19,912,8.1%,78,NORMAL,101.0,0.0,8.7,False
1767683852.63,2026-01-06 12:47:32,6,19,912,8.1%,78,NORMAL,100.0,0.0,8.7,False
1767683853.71,2026-01-06 12:47:33,6,19,912,8.2%,78,NORMAL,99.0,0.0,8.7,False
1767683854.74,2026-01-06 12:47:34,6,19,912,8.2%,78,NORMAL,99.0,0.0,8.7,False
1767683855.81,2026-01-06 12:47:35,5,19,912,8.2%,78,NORMAL,99.0,0.0,8.6,False
1767683856.84,2026-01-06 12:47:36,5,19,912,8.3%,78,NORMAL,98.0,0.0,8.6,False
1767683857.98,2026-01-06 12:47:37,5,19,912,8.3%,78,NORMAL,98.0,0.0,8.5,False
1767683858.99,2026-01-06 12:47:38,5,19,913,8.3%,78,NORMAL,98.0,0.0,8.5,False
1767683860.02,2026-01-06 12:47:40,6,19,913,8.3%,78,NORMAL,98.0,0.0,8.3,False
1767683861.27,2026-01-06 12:47:41,5,19,913,8.3%,78,NORMAL,97.0,0.0,8.2,False
1767683862.30,2026-01-06 12:47:42,5,19,913,8.3%,78,NORMAL,97.0,0.0,8.0,False
1767683863.69,2026-01-06 12:47:43,5,19,913,8.4%,78,NORMAL,97.0,0.0,7.9,False
1767683864.73,2026-01-06 12:47:44,4,19,913,8.4%,78,NORMAL,97.0,0.0,7.8,False
1767683866.02,2026-01-06 12:47:46,5,19,913,8.5%,78,NORMAL,97.0,0.0,7.8,False
1767683867.28,2026-01-06 12:47:47,4,19,913,8.5%,78,NORMAL,97.0,0.0,7.8,False
1767683868.34,2026-01-06 12:47:48,4,19,914,8.5%,78,NORMAL,98.0,0.0,7.7,False
1767683869.34,2026-01-06 12:47:49,4,19,914,8.4%,78,NORMAL,98.0,0.0,7.7,False
1767683870.40,2026-01-06 12:47:50,6,19,916,8.4%,78,NORMAL,100.0,0.0,7.5,False
1767683871.48,2026-01-06 12:47:51,7,19,916,8.5%,78,NORMAL,100.0,0.0,7.5,False
1767683872.57,2026-01-06 12:47:52,6,19,916,8.5%,78,NORMAL,100.0,0.0,7.5,False
1767683873.57,2026-01-06 12:47:53,5,19,916,8.5%,78,NORMAL,99.0,0.0,7.6,False
1767683874.73,2026-01-06 12:47:54,5,19,916,8.4%,78,NORMAL,99.0,0.0,7.7,False
1767683875.78,2026-01-06 12:47:55,5,19,916,8.3%,78,NORMAL,99.0,0.0,7.9,False
1767683877.01,2026-01-06 12:47:57,6,19,917,8.4%,78,NORMAL,98.0,0.0,8.1,False
1767683878.14,2026-01-06 12:47:58,6,19,917,8.4%,78,NORMAL,97.0,0.0,8.2,False
1767683879.24,2026-01-06 12:47:59,6,19,917,8.4%,78,NORMAL,97.0,0.0,8.3,False
1767683881.06,2026-01-06 12:48:01,6,19,917,8.4%,78,NORMAL,97.0,0.0,8.4,False
1767683882.17,2026-01-06 12:48:02,6,19,917,8.4%,78,NORMAL,97.0,0.0,8.4,False
1767683883.29,2026-01-06 12:48:03,6,19,917,8.4%,78,NORMAL,95.0,0.0,8.4,False
1767683884.43,2026-01-06 12:48:04,5,19,917,8.3%,78,NORMAL,94.0,0.0,8.4,False
1767683885.55,2026-01-06 12:48:05,4,19,917,8.2%,78,NORMAL,94.0,0.0,8.4,False
1767683886.58,2026-01-06 12:48:06,4,19,917,8.1%,78,NORMAL,94.0,0.0,8.3,False
1767683887.59,2026-01-06 12:48:07,4,19,917,8.0%,78,NORMAL,93.0,0.0,8.4,False
1767683888.93,2026-01-06 12:48:08,4,19,917,7.9%,78,NORMAL,93.0,0.0,8.5,False
1767683890.32,2026-01-06 12:48:10,5,19,917,7.9%,78,NORMAL,91.0,0.0,8.5,False
1767683891.33,2026-01-06 12:48:11,5,19,919,7.9%,78,NORMAL,93.0,0.0,8.5,False
1767683892.37,2026-01-06 12:48:12,5,19,919,7.9%,78,NORMAL,93.0,0.0,8.5,False
1767683893.51,2026-01-06 12:48:13,5,19,919,7.9%,78,NORMAL,92.0,0.0,8.5,False
1767683894.59,2026-01-06 12:48:14,4,19,919,7.8%,78,NORMAL,92.0,0.0,8.4,False
1767683895.67,2026-01-06 12:48:15,6,19,920,7.9%,78,NORMAL,93.0,0.0,8.4,False
1767683896.93,2026-01-06 12:48:16,4,19,920,7.8%,78,NORMAL,91.0,0.0,8.3,False
1767683898.11,2026-01-06 12:48:18,5,19,921,7.8%,78,NORMAL,92.0,0.0,8.4,False
1767683899.33,2026-01-06 12:48:19,5,19,922,7.9%,78,NORMAL,93.0,0.0,8.4,False
1767683900.44,2026-01-06 12:48:20,6,19,922,7.9%,78,NORMAL,93.0,0.0,8.3,False
1767683901.57,2026-01-06 12:48:21,6,19,923,8.0%,78,NORMAL,93.0,0.0,8.3,False
1767683902.59,2026-01-06 12:48:22,6,19,923,8.1%,78,NORMAL,93.0,0.0,8.4,False
1767683903.64,2026-01-06 12:48:23,6,19,923,8.2%,78,NORMAL,93.0,0.0,8.4,False
1767683904.66,2026-01-06 12:48:24,6,19,923,8.2%,78,NORMAL,93.0,0.0,8.4,False
1767683905.95,2026-01-06 12:48:25,4,19,923,8.1%,78,NORMAL,93.0,0.0,8.4,False
1767683906.99,2026-01-06 12:48:26,3,19,923,7.9%,78,NORMAL,93.0,0.0,8.4,False
1767683907.99,2026-01-06 12:48:27,3,19,924,7.8%,78,NORMAL,93.0,0.0,8.4,False
1767683909.09,2026-01-06 12:48:29,3,19,924,7.7%,78,NORMAL,93.0,0.0,8.4,False
1767683910.45,2026-01-06 12:48:30,4,19,924,7.7%,78,NORMAL,93.0,0.0,8.4,False
1767683911.60,2026-01-06 12:48:31,3,19,924,7.5%,78,NORMAL,92.0,0.0,8.4,False
1767683912.61,2026-01-06 12:48:32,3,19,924,7.4%,78,NORMAL,92.0,0.0,8.4,False
1767683913.97,2026-01-06 12:48:33,3,19,924,7.2%,78,NORMAL,92.0,0.0,8.3,False
1767683915.08,2026-01-06 12:48:35,3,19,924,7.1%,78,NORMAL,92.0,0.0,8.2,False
1767683916.12,2026-01-06 12:48:36,3,19,924,6.9%,78,NORMAL,92.0,0.0,8.1,False
1767683917.23,2026-01-06 12:48:37,3,19,924,6.8%,78,NORMAL,92.0,0.0,8.0,False
1767683918.57,2026-01-06 12:48:38,3,19,924,6.7%,78,NORMAL,92.0,0.0,7.8,False
1767683919.57,2026-01-06 12:48:39,3,19,924,6.6%,78,NORMAL,92.0,0.0,7.8,False
1767683920.59,2026-01-06 12:48:40,2,19,924,6.5%,78,NORMAL,92.0,0.0,7.9,False
1767683921.60,2026-01-06 12:48:41,1,19,925,6.4%,78,NORMAL,93.0,0.0,8.0,False
1767683922.66,2026-01-06 12:48:42,1,19,925,6.2%,78,NORMAL,93.0,0.0,8.2,False
1767683923.69,2026-01-06 12:48:43,0,19,925,5.9%,78,NORMAL,93.0,0.0,8.4,False
1767683924.79,2026-01-06 12:48:44,0,19,925,5.7%,78,NORMAL,93.0,0.0,8.5,False
1767683925.89,2026-01-06 12:48:45,0,19,925,5.4%,78,NORMAL,91.0,0.0,8.6,False
1767683926.97,2026-01-06 12:48:46,0,19,925,5.2%,78,NORMAL,90.0,0.0,8.6,False
1767683928.09,2026-01-06 12:48:48,0,19,925,5.0%,78,NORMAL,90.0,0.0,8.6,False
1767683929.13,2026-01-06 12:48:49,0,19,925,4.6%,78,NORMAL,89.0,0.0,8.5,False
1767683930.14,2026-01-06 12:48:50,0,19,925,4.4%,78,NORMAL,89.0,0.0,8.5,False
1767683931.17,2026-01-06 12:48:51,0,19,925,4.2%,78,NORMAL,88.0,0.0,8.5,False
1767683932.46,2026-01-06 12:48:52,0,19,925,3.9%,78,NORMAL,88.0,0.0,8.6,False
1767683933.57,2026-01-06 12:48:53,0,19,925,3.6%,78,NORMAL,88.0,0.0,8.5,False
1767683934.74,2026-01-06 12:48:54,0,19,925,3.3%,78,NORMAL,88.0,0.0,8.5,False
1767683935.83,2026-01-06 12:48:55,0,19,925,3.0%,78,NORMAL,86.0,0.0,8.3,False
1767683936.89,2026-01-06 12:48:56,0,19,925,2.7%,78,NORMAL,86.0,0.0,8.1,False
1767683937.98,2026-01-06 12:48:57,0,19,925,2.4%,78,NORMAL,86.0,0.0,7.7,False
1767683938.99,2026-01-06 12:48:58,0,19,925,2.2%,78,NORMAL,86.0,0.0,7.5,False
1767683940.07,2026-01-06 12:49:00,0,19,925,2.0%,78,NORMAL,85.0,0.0,7.5,False
1767683941.10,2026-01-06 12:49:01,0,19,925,1.8%,78,NORMAL,85.0,0.0,7.6,False
1767683942.27,2026-01-06 12:49:02,0,19,925,1.7%,78,NORMAL,85.0,0.0,7.7,False
1767683943.61,2026-01-06 12:49:03,0,19,925,1.5%,78,NORMAL,85.0,0.0,7.7,False
1767683944.88,2026-01-06 12:49:04,0,19,925,1.3%,78,NORMAL,85.0,0.0,7.7,False
1767683945.99,2026-01-06 12:49:05,0,19,925,1.2%,78,NORMAL,85.0,0.0,7.7,False
1767683947.02,2026-01-06 12:49:07,0,19,925,1.0%,78,NORMAL,85.0,0.0,7.6,False
1767683948.03,2026-01-06 12:49:08,0,19,925,0.8%,78,NORMAL,85.0,0.0,7.6,False
1767683949.05,2026-01-06 12:49:09,0,19,925,0.7%,78,NORMAL,85.0,0.0,7.5,False
1767683950.07,2026-01-06 12:49:10,0,19,925,0.5%,78,NORMAL,85.0,0.0,7.5,False
1767683951.10,2026-01-06 12:49:11,0,19,925,0.4%,78,NORMAL,85.0,0.0,7.5,False
1767683952.34,2026-01-06 12:49:12,0,19,925,0.2%,78,NORMAL,85.0,0.0,7.5,False
1767683953.50,2026-01-06 12:49:13,0,19,925,0.1%,78,NORMAL,85.0,0.0,7.5,False
1767683954.53,2026-01-06 12:49:14,0,19,925,0.1%,78,NORMAL,85.0,0.0,7.4,False
1767683955.72,2026-01-06 12:49:15,0,19,925,0.0%,78,NORMAL,85.0,0.0,7.3,False
1767683956.77,2026-01-06 12:49:16,0,19,925,0.0%,78,NORMAL,84.0,0.0,7.2,False
1767683957.86,2026-01-06 12:49:17,0,19,925,0.0%,78,NORMAL,84.0,0.0,7.0,False
1767683958.92,2026-01-06 12:49:18,0,19,925,0.0%,78,NORMAL,84.0,0.0,6.8,False
1767683960.11,2026-01-06 12:49:20,0,19,925,0.0%,78,NORMAL,84.0,0.0,6.7,False
1767683961.19,2026-01-06 12:49:21,0,19,925,0.0%,78,NORMAL,84.0,0.0,6.6,False
1767683962.25,2026-01-06 12:49:22,0,19,925,0.0%,78,NORMAL,84.0,0.0,6.6,False
1767683963.39,2026-01-06 12:49:23,0,19,925,0.0%,78,NORMAL,84.0,0.0,6.6,False
1767683964.58,2026-01-06 12:49:24,0,19,925,0.0%,78,NORMAL,84.0,0.0,6.6,False
1767683965.68,2026-01-06 12:49:25,0,19,925,0.0%,78,NORMAL,84.0,0.0,6.5,False
1767683966.77,2026-01-06 12:49:26,0,19,925,0.0%,78,NORMAL,84.0,0.0,6.5,False
1767683967.79,2026-01-06 12:49:27,1,19,926,0.1%,78,NORMAL,85.0,0.0,6.5,False
1767683968.88,2026-01-06 12:49:28,1,19,926,0.1%,78,NORMAL,85.0,0.0,6.6,False
1767683969.96,2026-01-06 12:49:29,1,19,926,0.2%,78,NORMAL,85.0,0.0,6.6,False
1767683971.08,2026-01-06 12:49:31,2,19,928,0.3%,78,NORMAL,87.0,0.0,6.8,False
1767683972.21,2026-01-06 12:49:32,3,19,929,0.4%,78,NORMAL,86.0,0.0,7.0,False
1767683973.47,2026-01-06 12:49:33,5,19,931,0.7%,78,NORMAL,88.0,0.0,7.1,False
1767683974.89,2026-01-06 12:49:34,4,19,931,0.9%,78,NORMAL,88.0,0.0,7.1,False
1767683976.02,2026-01-06 12:49:36,4,19,931,1.1%,78,NORMAL,88.0,0.0,7.2,False
1767683977.04,2026-01-06 12:49:37,1,19,931,1.2%,78,NORMAL,88.0,0.0,7.2,False
1767683978.39,2026-01-06 12:49:38,5,19,932,1.4%,78,NORMAL,88.0,0.0,7.2,False
1767683979.55,2026-01-06 12:49:39,5,19,932,1.7%,78,NORMAL,88.0,0.0,7.1,False
1767683980.72,2026-01-06 12:49:40,0,19,932,1.7%,78,NORMAL,88.0,0.0,7.1,False
1767683981.81,2026-01-06 12:49:41,5,19,932,1.9%,78,NORMAL,88.0,0.0,7.1,False
1767683982.94,2026-01-06 12:49:42,5,19,932,2.2%,78,NORMAL,88.0,0.0,7.0,False
1767683984.25,2026-01-06 12:49:44,5,19,932,2.5%,78,NORMAL,88.0,0.0,7.0,False
1767683985.60,2026-01-06 12:49:45,5,19,932,2.7%,78,NORMAL,88.0,0.0,7.0,False
1767683987.11,2026-01-06 12:49:47,7,19,935,3.1%,78,NORMAL,91.0,0.0,7.0,False
1767683988.18,2026-01-06 12:49:48,7,19,936,3.4%,78,NORMAL,92.0,0.0,7.0,False
1767683989.31,2026-01-06 12:49:49,7,19,937,3.8%,78,NORMAL,93.0,0.0,7.0,False
1767683990.37,2026-01-06 12:49:50,5,19,937,4.1%,78,NORMAL,93.0,0.0,7.1,False
1767683991.48,2026-01-06 12:49:51,6,19,938,4.4%,78,NORMAL,94.0,0.0,7.1,False
1767683992.71,2026-01-06 12:49:52,4,19,938,4.6%,78,NORMAL,94.0,0.0,7.1,False
1767683993.73,2026-01-06 12:49:53,4,19,938,4.8%,78,NORMAL,94.0,0.0,7.0,False
1767683994.81,2026-01-06 12:49:54,3,19,938,4.9%,78,NORMAL,94.0,0.0,7.0,False
1767683996.38,2026-01-06 12:49:56,4,19,938,5.1%,78,NORMAL,94.0,0.0,7.0,False
1767683997.72,2026-01-06 12:49:57,3,19,938,5.3%,78,NORMAL,94.0,0.0,6.9,False
1767683998.82,2026-01-06 12:49:58,6,19,940,5.6%,78,NORMAL,96.0,0.0,6.8,False
1767683999.96,2026-01-06 12:49:59,4,19,940,5.8%,78,NORMAL,96.0,0.0,6.8,False
1767684001.07,2026-01-06 12:50:01,4,19,940,6.0%,78,NORMAL,96.0,0.0,6.7,False
1767684002.25,2026-01-06 12:50:02,3,19,940,6.2%,78,NORMAL,96.0,0.0,6.7,False
1767684003.32,2026-01-06 12:50:03,3,19,940,6.3%,78,NORMAL,96.0,0.0,6.7,False
1767684004.43,2026-01-06 12:50:04,4,19,940,6.4%,78,NORMAL,96.0,0.0,6.8,False
1767684005.69,2026-01-06 12:50:05,4,19,941,6.6%,78,NORMAL,97.0,0.0,6.9,False
1767684006.79,2026-01-06 12:50:06,3,19,941,6.7%,78,NORMAL,97.0,0.0,7.1,False
1767684007.81,2026-01-06 12:50:07,4,19,941,6.7%,78,NORMAL,97.0,0.0,7.2,False
1767684009.38,2026-01-06 12:50:09,4,19,941,6.7%,78,NORMAL,97.0,0.0,7.3,False
1767684010.59,2026-01-06 12:50:10,4,19,941,6.7%,78,NORMAL,97.0,0.0,7.4,False
1767684011.66,2026-01-06 12:50:11,5,19,941,6.7%,78,NORMAL,97.0,0.0,7.5,False
1767684012.99,2026-01-06 12:50:12,5,19,941,6.9%,78,NORMAL,97.0,0.0,7.5,False
1767684014.04,2026-01-06 12:50:14,6,19,942,7.0%,78,NORMAL,98.0,0.0,7.5,False
1767684015.14,2026-01-06 12:50:15,5,19,942,7.0%,78,NORMAL,98.0,0.0,7.6,False
1767684016.17,2026-01-06 12:50:16,4,19,942,7.2%,78,NORMAL,98.0,0.0,7.6,False
1767684017.69,2026-01-06 12:50:17,5,19,942,7.2%,78,NORMAL,98.0,0.0,7.6,False
1767684019.29,2026-01-06 12:50:19,5,19,942,7.2%,78,NORMAL,98.0,0.0,7.6,False
1767684020.31,2026-01-06 12:50:20,5,19,942,7.2%,78,NORMAL,98.0,0.0,7.6,False
1767684021.33,2026-01-06 12:50:21,5,19,942,7.2%,78,NORMAL,98.0,0.0,7.7,False
1767684022.34,2026-01-06 12:50:22,4,19,943,7.0%,78,NORMAL,98.0,0.0,7.7,False
1767684023.45,2026-01-06 12:50:23,5,19,944,6.9%,78,NORMAL,99.0,0.0,7.7,False
1767684024.81,2026-01-06 12:50:24,5,19,945,6.8%,78,NORMAL,100.0,0.0,7.8,False
1767684025.82,2026-01-06 12:50:25,4,19,945,6.8%,78,NORMAL,99.0,0.0,7.8,False
1767684026.86,2026-01-06 12:50:26,5,19,945,6.7%,78,NORMAL,99.0,0.0,7.8,False
1767684027.88,2026-01-06 12:50:27,4,19,946,6.7%,78,NORMAL,100.0,0.0,7.8,False
1767684029.20,2026-01-06 12:50:29,3,19,946,6.7%,78,NORMAL,100.0,0.0,7.8,False
1767684030.40,2026-01-06 12:50:30,3,19,946,6.7%,78,NORMAL,100.0,0.0,7.8,False
1767684031.50,2026-01-06 12:50:31,4,19,946,6.7%,78,NORMAL,100.0,0.0,7.7,False
1767684032.82,2026-01-06 12:50:32,3,19,946,6.7%,78,NORMAL,100.0,0.0,7.6,False
1767684033.82,2026-01-06 12:50:33,1,19,946,6.4%,78,NORMAL,100.0,0.0,7.6,False
1767684034.90,2026-01-06 12:50:34,1,19,947,6.3%,78,NORMAL,101.0,0.0,7.6,False
1767684035.95,2026-01-06 12:50:35,1,19,947,6.1%,78,NORMAL,100.0,0.0,7.6,False
1767684037.04,2026-01-06 12:50:37,1,19,947,6.0%,78,NORMAL,100.0,0.0,7.7,False
1767684038.28,2026-01-06 12:50:38,2,19,947,5.9%,78,NORMAL,100.0,0.0,7.7,False
1767684039.40,2026-01-06 12:50:39,3,19,947,5.9%,78,NORMAL,100.0,0.0,7.7,False
1767684040.73,2026-01-06 12:50:40,3,19,947,5.8%,78,NORMAL,100.0,0.0,7.8,False
1767684041.76,2026-01-06 12:50:41,3,19,947,5.8%,78,NORMAL,100.0,0.0,7.8,False
1767684043.03,2026-01-06 12:50:43,3,19,947,5.8%,78,NORMAL,100.0,0.0,7.8,False
1767684044.04,2026-01-06 12:50:44,3,19,947,5.7%,78,NORMAL,100.0,0.0,7.8,False
1767684045.05,2026-01-06 12:50:45,3,19,947,5.7%,78,NORMAL,100.0,0.0,7.7,False
1767684046.10,2026-01-06 12:50:46,3,19,947,5.6%,78,NORMAL,100.0,0.0,7.7,False
1767684047.15,2026-01-06 12:50:47,3,19,947,5.5%,78,NORMAL,100.0,0.0,7.7,False
1767684048.16,2026-01-06 12:50:48,3,19,947,5.3%,78,NORMAL,100.0,0.0,7.7,False
1767684049.20,2026-01-06 12:50:49,3,19,947,5.2%,78,NORMAL,100.0,0.0,7.7,False
1767684050.28,2026-01-06 12:50:50,3,19,947,5.2%,78,NORMAL,100.0,0.0,7.7,False
1767684051.34,2026-01-06 12:50:51,3,19,947,5.1%,78,NORMAL,100.0,0.0,7.7,False
1767684052.41,2026-01-06 12:50:52,3,19,948,5.0%,78,NORMAL,101.0,0.0,7.8,False
1767684053.58,2026-01-06 12:50:53,3,19,948,4.9%,78,NORMAL,101.0,0.0,7.8,False
1767684054.61,2026-01-06 12:50:54,3,19,948,4.8%,78,NORMAL,101.0,0.0,7.9,False
1767684055.75,2026-01-06 12:50:55,4,19,949,4.8%,78,NORMAL,102.0,0.0,8.0,False
1767684056.75,2026-01-06 12:50:56,3,19,950,4.7%,78,NORMAL,103.0,0.0,8.1,False
1767684058.32,2026-01-06 12:50:58,4,19,950,4.6%,78,NORMAL,103.0,0.0,8.3,False
1767684059.42,2026-01-06 12:50:59,3,19,950,4.6%,78,NORMAL,102.0,0.0,8.4,False
1767684060.66,2026-01-06 12:51:00,3,19,950,4.5%,78,NORMAL,101.0,0.0,8.6,False
1767684061.73,2026-01-06 12:51:01,3,19,950,4.4%,78,NORMAL,101.0,0.0,8.6,False
1767684062.86,2026-01-06 12:51:02,4,19,951,4.5%,78,NORMAL,102.0,0.0,8.6,False
1767684064.00,2026-01-06 12:51:04,3,19,951,4.5%,78,NORMAL,102.0,0.0,8.6,False
1767684065.06,2026-01-06 12:51:05,3,19,952,4.4%,78,NORMAL,103.0,0.0,8.5,False
1767684066.17,2026-01-06 12:51:06,3,19,952,4.4%,78,NORMAL,100.0,0.0,8.5,False
1767684067.19,2026-01-06 12:51:07,2,19,952,4.5%,78,NORMAL,100.0,0.0,8.5,False
1767684068.20,2026-01-06 12:51:08,2,19,952,4.5%,78,NORMAL,100.0,0.0,8.5,False
1767684069.34,2026-01-06 12:51:09,2,19,952,4.6%,78,NORMAL,100.0,0.0,8.6,False
1767684070.34,2026-01-06 12:51:10,2,19,952,4.6%,78,NORMAL,100.0,0.0,8.5,False
1767684071.45,2026-01-06 12:51:11,2,19,952,4.6%,78,NORMAL,99.0,0.0,8.5,False
1767684072.46,2026-01-06 12:51:12,2,19,952,4.6%,78,NORMAL,99.0,0.0,8.4,False
1767684075.21,2026-01-06 12:51:15,3,19,953,4.6%,78,NORMAL,100.0,0.0,8.3,False
1767684076.25,2026-01-06 12:51:16,3,19,954,4.6%,78,NORMAL,101.0,0.0,8.2,False
1767684078.06,2026-01-06 12:51:18,3,19,954,4.6%,78,NORMAL,101.0,0.0,8.0,False
1767684079.17,2026-01-06 12:51:19,2,19,954,4.5%,78,NORMAL,100.0,0.0,7.8,False
1767684080.41,2026-01-06 12:51:20,2,19,954,4.5%,78,NORMAL,100.0,0.0,7.6,False
1767684081.44,2026-01-06 12:51:21,2,19,954,4.4%,78,NORMAL,100.0,0.0,7.5,False
1767684082.50,2026-01-06 12:51:22,2,19,954,4.4%,78,NORMAL,100.0,0.0,7.4,False
1767684083.71,2026-01-06 12:51:23,3,19,955,4.4%,78,NORMAL,100.0,0.0,7.4,False
1767684084.82,2026-01-06 12:51:24,5,19,957,4.5%,78,NORMAL,102.0,0.0,7.4,False
1767684085.88,2026-01-06 12:51:25,4,19,957,4.5%,78,NORMAL,100.0,0.0,7.4,False
1767684086.89,2026-01-06 12:51:26,4,19,957,4.6%,78,NORMAL,99.0,0.0,7.4,False
1767684087.98,2026-01-06 12:51:27,5,19,958,4.7%,78,NORMAL,100.0,0.0,7.3,False
1767684089.08,2026-01-06 12:51:29,5,19,958,4.8%,78,NORMAL,100.0,0.0,7.3,False
1767684090.15,2026-01-06 12:51:30,5,19,958,4.9%,78,NORMAL,100.0,0.0,7.2,False
1767684091.45,2026-01-06 12:51:31,5,19,958,4.9%,78,NORMAL,100.0,0.0,7.1,False
1767684092.71,2026-01-06 12:51:32,5,19,958,5.0%,78,NORMAL,99.0,0.0,7.1,False
