timestamp,datetime,current_occupancy,peak_occupancy,unique_people,utilization_pct,est_capacity,capacity_status,flow_rate_per_min,avg_dwell_time_sec,processing_fps,alert_active
1767687227.59,2026-01-06 13:43:47,3,3,3,2.4%,152,NORMAL,0.0,0.0,4.6,False
1767687228.69,2026-01-06 13:43:48,23,23,25,10.1%,152,NORMAL,0.0,0.0,5.8,False
1767687229.69,2026-01-06 13:43:49,28,28,30,13.8%,152,NORMAL,0.0,0.0,6.3,False
1767687231.09,2026-01-06 13:43:51,27,29,32,15.5%,152,NORMAL,0.0,0.0,6.9,False
1767687232.61,2026-01-06 13:43:52,25,29,34,16.3%,152,NORMAL,0.0,0.0,7.3,False
1767687234.21,2026-01-06 13:43:54,27,29,40,17.0%,152,NORMAL,0.0,0.0,7.5,False
1767687235.93,2026-01-06 13:43:55,27,29,43,17.5%,152,NORMAL,0.0,0.0,7.7,False
1767687237.58,2026-01-06 13:43:57,26,29,43,17.8%,152,NORMAL,2496.8,0.0,7.9,False
1767687239.28,2026-01-06 13:43:59,28,29,44,18.2%,152,NORMAL,2200.0,0.0,8.0,False
1767687240.88,2026-01-06 13:44:00,25,29,49,18.3%,152,NORMAL,2151.2,0.0,8.1,False
1767687242.63,2026-01-06 13:44:02,30,30,52,18.7%,152,NORMAL,2034.8,0.0,8.2,False
1767687243.68,2026-01-06 13:44:03,27,31,53,18.9%,152,NORMAL,1908.0,0.0,8.2,False
1767687244.77,2026-01-06 13:44:04,29,31,54,19.1%,152,NORMAL,1869.2,0.0,8.2,False
1767687246.25,2026-01-06 13:44:06,27,31,55,19.2%,152,NORMAL,1767.9,0.0,8.2,False
1767687247.30,2026-01-06 13:44:07,24,31,55,19.2%,152,NORMAL,1678.0,0.0,8.2,False
1767687248.30,2026-01-06 13:44:08,27,31,55,19.2%,152,NORMAL,1623.0,0.0,8.2,False
1767687249.96,2026-01-06 13:44:09,28,31,57,19.4%,152,NORMAL,1554.5,0.0,8.1,False
1767687251.23,2026-01-06 13:44:11,28,31,58,19.5%,152,NORMAL,1491.4,0.0,8.1,False
1767687252.40,2026-01-06 13:44:12,29,31,58,19.6%,152,NORMAL,1450.0,0.0,8.0,False
1767687253.93,2026-01-06 13:44:13,29,31,59,19.7%,152,NORMAL,1397.4,0.0,8.0,False
1767687255.89,2026-01-06 13:44:15,29,31,60,19.8%,152,NORMAL,1333.3,0.0,7.9,False
1767687256.97,2026-01-06 13:44:16,28,31,62,19.9%,152,NORMAL,1312.9,0.0,7.9,False
1767687258.03,2026-01-06 13:44:18,28,31,62,20.0%,152,NORMAL,1297.7,0.0,7.8,False
1767687259.31,2026-01-06 13:44:19,26,31,62,20.0%,152,NORMAL,1240.0,0.0,7.8,False
1767687260.57,2026-01-06 13:44:20,28,31,63,20.0%,152,NORMAL,1232.6,0.0,7.9,False
1767687262.38,2026-01-06 13:44:22,28,31,64,20.1%,152,NORMAL,1200.0,0.0,7.9,False
1767687263.43,2026-01-06 13:44:23,31,32,68,20.2%,152,NORMAL,1224.0,0.0,7.8,False
1767687264.49,2026-01-06 13:44:24,30,32,68,20.3%,152,NORMAL,1211.9,0.0,7.8,False
1767687265.63,2026-01-06 13:44:25,27,32,68,20.3%,152,NORMAL,1165.7,0.0,7.8,False
1767687266.78,2026-01-06 13:44:26,26,32,68,20.3%,152,NORMAL,1143.9,0.0,7.8,False
1767687268.27,2026-01-06 13:44:28,26,32,68,20.9%,152,NORMAL,1102.7,0.0,7.7,False
1767687269.79,2026-01-06 13:44:29,24,32,70,20.9%,152,NORMAL,1086.2,0.0,7.6,False
1767687271.47,2026-01-06 13:44:31,29,32,72,20.9%,152,NORMAL,1071.1,0.0,7.6,False
1767687272.94,2026-01-06 13:44:32,25,32,72,20.9%,152,NORMAL,1028.6,0.0,7.5,False
1767687274.64,2026-01-06 13:44:34,28,32,74,20.9%,152,NORMAL,1016.8,0.0,7.4,False
1767687276.34,2026-01-06 13:44:36,28,32,76,21.0%,152,NORMAL,1005.9,0.0,7.4,False
1767687277.91,2026-01-06 13:44:37,24,32,77,20.9%,152,NORMAL,983.0,0.0,7.4,False
1767687279.54,2026-01-06 13:44:39,24,32,79,20.8%,152,NORMAL,974.0,0.0,7.4,False
1767687281.33,2026-01-06 13:44:41,26,32,80,20.8%,152,NORMAL,953.6,0.0,7.5,False
1767687282.38,2026-01-06 13:44:42,26,32,81,20.8%,152,NORMAL,940.6,0.0,7.5,False
1767687283.48,2026-01-06 13:44:43,26,32,81,20.7%,152,NORMAL,928.7,0.0,7.5,False
1767687285.04,2026-01-06 13:44:45,27,32,83,20.7%,152,NORMAL,928.0,0.0,7.6,False
1767687286.57,2026-01-06 13:44:46,24,32,84,20.6%,152,NORMAL,910.8,0.0,7.7,False
1767687287.73,2026-01-06 13:44:47,22,32,84,20.5%,152,NORMAL,889.4,0.0,7.7,False
1767687288.92,2026-01-06 13:44:48,24,32,85,20.5%,152,NORMAL,884.4,0.0,7.7,False
1767687290.16,2026-01-06 13:44:50,25,32,87,20.4%,152,NORMAL,889.8,0.0,7.8,False
1767687291.81,2026-01-06 13:44:51,26,32,90,20.4%,152,NORMAL,895.0,0.0,7.8,False
1767687293.53,2026-01-06 13:44:53,25,32,93,20.3%,152,NORMAL,900.0,0.0,7.9,False
1767687295.65,2026-01-06 13:44:55,31,32,95,20.4%,152,NORMAL,895.3,0.0,7.9,False
1767687296.75,2026-01-06 13:44:56,26,32,96,20.3%,152,NORMAL,886.2,0.0,7.9,False
1767687297.79,2026-01-06 13:44:57,28,32,96,20.3%,152,NORMAL,881.6,0.0,7.9,False
1767687299.62,2026-01-06 13:44:59,26,32,96,20.2%,152,NORMAL,859.7,0.0,8.0,False
1767687301.32,2026-01-06 13:45:01,26,32,98,20.2%,152,NORMAL,856.3,0.0,8.0,False
1767687302.94,2026-01-06 13:45:02,24,32,98,20.1%,152,NORMAL,836.0,0.0,8.1,False
1767687304.55,2026-01-06 13:45:04,25,32,100,20.1%,152,NORMAL,833.3,0.0,8.1,False
1767687306.11,2026-01-06 13:45:06,25,32,102,20.0%,152,NORMAL,830.8,0.0,8.1,False
1767687307.65,2026-01-06 13:45:07,26,32,103,19.9%,152,NORMAL,820.4,0.0,8.1,False
1767687308.80,2026-01-06 13:45:08,26,32,104,19.8%,152,NORMAL,813.9,0.0,8.1,False
1767687309.92,2026-01-06 13:45:09,26,32,105,19.8%,152,NORMAL,811.2,0.0,8.1,False
1767687311.07,2026-01-06 13:45:11,26,32,106,19.8%,152,NORMAL,808.5,0.0,8.0,False
1767687312.70,2026-01-06 13:45:12,26,32,107,19.8%,152,NORMAL,799.2,0.0,8.0,False
1767687313.72,2026-01-06 13:45:13,26,32,109,19.8%,152,NORMAL,800.8,0.0,8.0,False
1767687314.88,2026-01-06 13:45:14,25,32,109,19.7%,152,NORMAL,791.1,0.0,8.0,False
1767687316.04,2026-01-06 13:45:16,25,32,109,19.7%,152,NORMAL,781.7,0.0,8.0,False
1767687317.53,2026-01-06 13:45:17,25,32,111,19.6%,152,NORMAL,780.5,0.0,8.0,False
1767687318.95,2026-01-06 13:45:18,24,32,111,19.5%,152,NORMAL,765.5,0.0,8.0,False
1767687320.38,2026-01-06 13:45:20,24,32,111,19.5%,152,NORMAL,751.1,0.0,8.0,False
1767687321.86,2026-01-06 13:45:21,23,32,113,19.5%,152,NORMAL,750.6,0.0,8.1,False
1767687323.44,2026-01-06 13:45:23,25,32,116,19.5%,152,NORMAL,756.5,0.0,8.1,False
1767687324.93,2026-01-06 13:45:24,23,32,116,19.4%,152,NORMAL,743.1,0.0,8.2,False
1767687326.39,2026-01-06 13:45:26,22,32,116,19.3%,152,NORMAL,730.1,0.0,8.3,False
1767687327.99,2026-01-06 13:45:27,22,32,116,19.2%,152,NORMAL,717.5,0.0,8.3,False
1767687329.42,2026-01-06 13:45:29,23,32,116,19.2%,152,NORMAL,705.4,0.0,8.4,False
1767687330.93,2026-01-06 13:45:30,22,32,118,19.2%,152,NORMAL,705.6,0.0,8.4,False
1767687331.95,2026-01-06 13:45:31,25,32,120,19.2%,152,NORMAL,708.2,0.0,8.4,False
1767687333.10,2026-01-06 13:45:33,24,32,120,19.2%,152,NORMAL,701.3,0.0,8.4,False
1767687334.28,2026-01-06 13:45:34,26,32,120,19.2%,152,NORMAL,694.5,0.0,8.4,False
1767687335.83,2026-01-06 13:45:35,24,32,121,19.2%,152,NORMAL,689.2,0.0,8.4,False
1767687337.66,2026-01-06 13:45:37,25,32,122,19.0%,152,NORMAL,684.1,0.0,8.4,False
1767687339.29,2026-01-06 13:45:39,25,32,123,19.0%,152,NORMAL,679.1,0.0,8.4,False
1767687340.69,2026-01-06 13:45:40,23,32,123,18.9%,152,NORMAL,668.9,0.0,8.4,False
1767687342.16,2026-01-06 13:45:42,22,32,124,18.8%,152,NORMAL,664.3,0.0,8.5,False
1767687343.65,2026-01-06 13:45:43,23,32,125,18.7%,152,NORMAL,659.8,0.0,8.5,False
1767687345.19,2026-01-06 13:45:45,22,32,125,18.7%,152,NORMAL,650.3,0.0,8.6,False
1767687346.85,2026-01-06 13:45:46,24,32,126,18.6%,152,NORMAL,646.2,0.0,8.6,False
1767687348.66,2026-01-06 13:45:48,25,32,131,18.6%,152,NORMAL,662.4,0.0,8.6,False
1767687349.66,2026-01-06 13:45:49,23,32,131,18.6%,152,NORMAL,655.0,0.0,8.6,False
1767687350.81,2026-01-06 13:45:50,24,32,132,18.5%,152,NORMAL,656.4,0.0,8.6,False
1767687352.43,2026-01-06 13:45:52,26,32,133,18.5%,152,NORMAL,654.1,0.0,8.5,False
1767687353.48,2026-01-06 13:45:53,26,32,134,18.5%,152,NORMAL,651.9,0.0,8.4,False
1767687354.67,2026-01-06 13:45:54,25,32,134,18.5%,152,NORMAL,648.4,0.0,8.4,False
1767687356.10,2026-01-06 13:45:56,23,32,134,18.4%,152,NORMAL,641.5,0.0,8.3,False
1767687357.69,2026-01-06 13:45:57,24,32,136,18.4%,152,NORMAL,642.5,0.0,8.2,False
1767687358.77,2026-01-06 13:45:58,25,32,137,18.4%,152,NORMAL,640.5,0.0,8.2,False
1767687359.91,2026-01-06 13:45:59,26,32,138,18.4%,152,NORMAL,641.9,0.0,8.1,False
1767687361.44,2026-01-06 13:46:01,26,32,138,18.5%,152,NORMAL,635.3,0.0,8.0,False
1767687362.45,2026-01-06 13:46:02,25,32,138,18.5%,152,NORMAL,628.9,0.0,8.0,False
1767687363.57,2026-01-06 13:46:03,24,32,138,18.5%,152,NORMAL,624.1,0.0,8.0,False
1767687364.74,2026-01-06 13:46:04,22,32,138,18.4%,152,NORMAL,619.5,0.0,7.9,False
1767687366.18,2026-01-06 13:46:06,23,32,139,18.4%,152,NORMAL,616.3,0.0,7.9,False
1767687367.53,2026-01-06 13:46:07,21,32,139,18.4%,152,NORMAL,608.8,0.0,7.9,False
1767687368.81,2026-01-06 13:46:08,19,32,139,18.3%,152,NORMAL,601.4,0.0,7.9,False
1767687370.26,2026-01-06 13:46:10,21,32,140,18.3%,152,NORMAL,598.6,0.0,7.9,False
1767687371.66,2026-01-06 13:46:11,20,32,140,18.3%,152,NORMAL,591.5,0.0,8.0,False
1767687373.03,2026-01-06 13:46:13,21,32,141,18.2%,152,NORMAL,588.9,0.0,8.0,False
1767687374.44,2026-01-06 13:46:14,20,32,141,18.1%,152,NORMAL,582.1,0.0,8.0,False
1767687375.84,2026-01-06 13:46:15,20,32,142,17.9%,152,NORMAL,579.6,0.0,8.0,False
1767687377.19,2026-01-06 13:46:17,21,32,144,17.8%,152,NORMAL,581.2,0.0,8.0,False
1767687378.52,2026-01-06 13:46:18,20,32,144,17.7%,152,NORMAL,574.7,0.0,8.1,False
1767687379.87,2026-01-06 13:46:19,21,32,145,17.6%,152,NORMAL,572.4,0.0,8.1,False
1767687381.18,2026-01-06 13:46:21,21,32,145,17.6%,152,NORMAL,566.2,0.0,8.2,False
1767687383.10,2026-01-06 13:46:23,21,32,147,17.6%,152,NORMAL,567.8,0.0,8.3,False
1767687384.19,2026-01-06 13:46:24,19,32,147,17.5%,152,NORMAL,563.0,0.0,8.3,False
1767687385.43,2026-01-06 13:46:25,18,32,147,17.4%,152,NORMAL,560.6,0.0,8.3,False
1767687387.06,2026-01-06 13:46:27,17,32,148,17.2%,152,NORMAL,559.7,0.0,8.4,False
1767687388.10,2026-01-06 13:46:28,17,32,149,17.0%,152,NORMAL,558.8,0.0,8.4,False
1767687389.30,2026-01-06 13:46:29,18,32,150,16.9%,152,NORMAL,560.2,0.0,8.4,False
1767687390.98,2026-01-06 13:46:30,19,32,152,16.7%,152,NORMAL,563.0,0.0,8.4,False
1767687392.02,2026-01-06 13:46:32,18,32,153,16.6%,152,NORMAL,562.0,0.0,8.3,False
1767687393.20,2026-01-06 13:46:33,20,32,153,16.4%,152,NORMAL,559.8,0.0,8.3,False
1767687394.96,2026-01-06 13:46:34,20,32,153,16.3%,152,NORMAL,555.2,0.0,8.2,False
1767687396.92,2026-01-06 13:46:36,20,32,154,16.2%,152,NORMAL,553.3,0.0,8.1,False
1767687397.92,2026-01-06 13:46:37,18,32,154,16.1%,152,NORMAL,548.9,0.0,8.0,False
1767687399.03,2026-01-06 13:46:39,17,32,154,15.9%,152,NORMAL,546.7,0.0,8.0,False
1767687400.54,2026-01-06 13:46:40,17,32,154,15.7%,152,NORMAL,542.5,0.0,7.9,False
1767687402.27,2026-01-06 13:46:42,17,32,155,15.4%,152,NORMAL,540.7,0.0,7.8,False
1767687404.11,2026-01-06 13:46:44,17,32,156,15.2%,152,NORMAL,539.0,0.0,7.6,False
1767687405.75,2026-01-06 13:46:45,17,32,157,15.1%,152,NORMAL,537.3,0.0,7.5,False
1767687406.75,2026-01-06 13:46:46,18,32,160,15.0%,152,NORMAL,543.4,0.0,7.4,False
1767687407.82,2026-01-06 13:46:47,20,32,162,14.9%,152,NORMAL,547.1,0.0,7.3,False
1767687408.99,2026-01-06 13:46:48,18,32,162,14.8%,152,NORMAL,544.0,0.0,7.3,False
1767687410.48,2026-01-06 13:46:50,19,32,163,14.8%,152,NORMAL,542.3,0.0,7.1,False
1767687411.78,2026-01-06 13:46:51,17,32,164,14.7%,152,NORMAL,540.7,0.0,7.1,False
1767687413.05,2026-01-06 13:46:53,20,32,165,14.7%,152,NORMAL,539.0,0.0,7.0,False
1767687414.43,2026-01-06 13:46:54,23,32,168,14.8%,152,NORMAL,543.9,0.0,6.9,False
1767687415.74,2026-01-06 13:46:55,23,32,169,14.8%,152,NORMAL,542.2,0.0,7.0,False
1767687417.11,2026-01-06 13:46:57,23,32,170,14.9%,152,NORMAL,540.6,0.0,7.0,False
1767687418.38,2026-01-06 13:46:58,20,32,170,14.9%,152,NORMAL,535.9,0.0,7.1,False
1767687419.60,2026-01-06 13:46:59,19,32,170,14.9%,152,NORMAL,531.3,0.0,7.3,False
1767687420.89,2026-01-06 13:47:00,20,32,170,14.8%,152,NORMAL,526.7,0.0,7.4,False
1767687422.19,2026-01-06 13:47:02,21,32,172,14.8%,152,NORMAL,528.3,0.0,7.6,False
1767687423.51,2026-01-06 13:47:03,22,32,174,14.9%,152,NORMAL,529.9,0.0,7.8,False
1767687424.82,2026-01-06 13:47:04,19,32,176,14.9%,152,NORMAL,531.5,0.0,7.9,False
1767687426.13,2026-01-06 13:47:06,19,32,178,14.9%,152,NORMAL,533.1,0.0,8.1,False
1767687427.41,2026-01-06 13:47:07,20,32,181,15.0%,152,NORMAL,537.6,0.0,8.3,False
1767687428.66,2026-01-06 13:47:08,21,32,181,15.1%,152,NORMAL,533.2,0.0,8.4,False
1767687429.90,2026-01-06 13:47:09,18,32,182,15.1%,152,NORMAL,531.8,0.0,8.6,False
1767687431.33,2026-01-06 13:47:11,23,32,184,15.2%,152,NORMAL,533.3,0.0,8.7,False
1767687432.81,2026-01-06 13:47:12,21,32,185,15.2%,152,NORMAL,531.9,0.0,8.9,False
1767687434.14,2026-01-06 13:47:14,16,32,185,15.1%,152,NORMAL,527.7,0.0,9.0,False
1767687435.49,2026-01-06 13:47:15,18,32,186,15.1%,152,NORMAL,526.4,0.0,9.1,False
1767687436.81,2026-01-06 13:47:16,20,32,188,15.1%,152,NORMAL,527.9,0.0,9.1,False
1767687438.20,2026-01-06 13:47:18,20,32,190,15.1%,152,NORMAL,529.4,0.0,9.2,False
1767687439.50,2026-01-06 13:47:19,18,32,191,15.2%,152,NORMAL,528.1,0.0,9.2,False
1767687441.01,2026-01-06 13:47:21,19,32,192,15.2%,152,NORMAL,526.8,0.0,9.2,False
1767687442.49,2026-01-06 13:47:22,22,32,194,15.3%,152,NORMAL,528.3,0.0,9.2,False
1767687443.86,2026-01-06 13:47:23,20,32,194,15.4%,152,NORMAL,524.3,0.0,9.1,False
1767687445.17,2026-01-06 13:47:25,18,32,195,15.4%,152,NORMAL,523.1,0.0,9.1,False
1767687446.47,2026-01-06 13:47:26,20,32,197,15.5%,152,NORMAL,524.6,0.0,9.0,False
1767687447.75,2026-01-06 13:47:27,20,32,198,15.5%,152,NORMAL,523.3,0.0,9.0,False
1767687449.07,2026-01-06 13:47:29,18,32,200,15.5%,152,NORMAL,524.8,0.0,8.9,False
1767687450.08,2026-01-06 13:47:30,21,32,203,15.5%,152,NORMAL,529.6,0.0,8.9,False
1767687451.25,2026-01-06 13:47:31,19,32,203,15.6%,152,NORMAL,526.5,0.0,8.9,False
1767687452.44,2026-01-06 13:47:32,20,32,206,15.6%,152,NORMAL,531.2,0.0,8.8,False
1767687453.61,2026-01-06 13:47:33,22,32,206,15.6%,152,NORMAL,529.0,0.0,8.8,False
1767687455.29,2026-01-06 13:47:35,22,32,206,15.5%,152,NORMAL,525.2,0.0,8.7,False
1767687456.65,2026-01-06 13:47:36,22,32,206,15.5%,152,NORMAL,521.5,0.0,8.6,False
1767687458.00,2026-01-06 13:47:37,22,32,207,15.6%,152,NORMAL,520.4,0.0,8.6,False
1767687459.41,2026-01-06 13:47:39,20,32,207,15.6%,152,NORMAL,516.8,0.0,8.6,False
1767687460.78,2026-01-06 13:47:40,19,32,208,15.6%,152,NORMAL,515.7,0.0,8.5,False
1767687462.04,2026-01-06 13:47:42,19,32,209,15.5%,152,NORMAL,514.6,0.0,8.5,False
1767687463.44,2026-01-06 13:47:43,20,32,210,15.5%,152,NORMAL,513.6,0.0,8.5,False
1767687465.38,2026-01-06 13:47:45,20,32,212,15.5%,152,NORMAL,515.0,0.0,8.5,False
1767687466.80,2026-01-06 13:47:46,22,32,213,15.6%,152,NORMAL,513.9,0.0,8.5,False
1767687468.22,2026-01-06 13:47:48,19,32,214,15.5%,152,NORMAL,512.9,0.0,8.4,False
1767687469.63,2026-01-06 13:47:49,20,32,217,15.5%,152,NORMAL,516.7,0.0,8.4,False
1767687471.12,2026-01-06 13:47:51,23,32,219,15.6%,152,NORMAL,518.0,0.0,8.4,False
1767687472.41,2026-01-06 13:47:52,20,32,219,15.6%,152,NORMAL,514.6,0.0,8.3,False
1767687473.84,2026-01-06 13:47:53,22,32,221,15.6%,152,NORMAL,516.0,0.0,8.3,False
1767687475.20,2026-01-06 13:47:55,22,32,221,15.7%,152,NORMAL,512.6,0.0,8.3,False
1767687476.26,2026-01-06 13:47:56,24,32,223,15.9%,152,NORMAL,514.6,0.0,8.3,False
1767687477.35,2026-01-06 13:47:57,24,32,224,16.0%,152,NORMAL,514.9,0.0,8.3,False
1767687478.44,2026-01-06 13:47:58,23,32,224,16.1%,152,NORMAL,513.0,0.0,8.4,False
1767687479.93,2026-01-06 13:47:59,22,32,224,16.1%,152,NORMAL,509.7,0.0,8.4,False
1767687481.45,2026-01-06 13:48:01,23,32,227,16.2%,152,NORMAL,513.3,0.0,8.4,False
1767687482.90,2026-01-06 13:48:02,23,32,227,16.3%,152,NORMAL,510.1,0.0,8.4,False
1767687484.42,2026-01-06 13:48:04,22,32,229,16.3%,152,NORMAL,511.4,0.0,8.4,False
1767687485.89,2026-01-06 13:48:05,22,32,231,16.4%,152,NORMAL,512.7,0.0,8.4,False
1767687487.26,2026-01-06 13:48:07,23,32,232,16.5%,152,NORMAL,511.8,0.0,8.5,False
1767687488.66,2026-01-06 13:48:08,23,32,233,16.6%,152,NORMAL,510.8,0.0,8.5,False
1767687490.11,2026-01-06 13:48:10,22,32,233,16.7%,152,NORMAL,507.7,0.0,8.5,False
1767687491.42,2026-01-06 13:48:11,19,32,234,16.6%,152,NORMAL,506.9,0.0,8.5,False
1767687492.93,2026-01-06 13:48:12,23,32,237,16.7%,152,NORMAL,510.3,0.0,8.6,False
1767687494.35,2026-01-06 13:48:14,24,32,238,16.8%,152,NORMAL,509.4,0.0,8.7,False
1767687495.82,2026-01-06 13:48:15,24,32,239,16.9%,152,NORMAL,508.5,0.0,8.7,False
1767687497.41,2026-01-06 13:48:17,23,32,239,16.9%,152,NORMAL,505.5,0.0,8.8,False
1767687498.67,2026-01-06 13:48:18,25,32,244,17.0%,152,NORMAL,513.7,0.0,8.8,False
1767687499.75,2026-01-06 13:48:19,26,32,244,17.0%,152,NORMAL,512.5,0.0,8.8,False
1767687501.71,2026-01-06 13:48:21,26,32,244,17.2%,152,NORMAL,510.1,0.0,8.8,False
1767687503.28,2026-01-06 13:48:23,24,32,244,17.3%,152,NORMAL,507.2,0.0,8.7,False
1767687504.77,2026-01-06 13:48:24,24,32,244,17.4%,152,NORMAL,504.2,0.0,8.7,False
1767687506.95,2026-01-06 13:48:26,25,32,246,17.6%,152,NORMAL,505.5,0.0,8.6,False
1767687508.84,2026-01-06 13:48:28,24,32,246,17.7%,152,NORMAL,502.6,0.0,8.5,False
1767687510.80,2026-01-06 13:48:30,25,32,248,17.7%,152,NORMAL,503.8,0.0,8.4,False
1767687512.64,2026-01-06 13:48:32,25,32,250,17.9%,152,NORMAL,505.1,0.0,8.3,False
1767687514.41,2026-01-06 13:48:34,23,32,250,17.9%,152,NORMAL,502.2,0.0,8.3,False
1767687516.29,2026-01-06 13:48:36,25,32,252,18.0%,152,NORMAL,503.4,0.0,8.2,False
1767687518.24,2026-01-06 13:48:38,25,32,254,18.1%,152,NORMAL,504.6,0.0,8.1,False
1767687519.39,2026-01-06 13:48:39,28,32,254,18.3%,152,NORMAL,502.4,0.0,8.0,False
1767687520.60,2026-01-06 13:48:40,26,32,255,18.3%,152,NORMAL,503.3,0.0,8.0,False
1767687522.45,2026-01-06 13:48:42,28,32,256,18.4%,152,NORMAL,503.1,0.0,7.9,False
1767687524.21,2026-01-06 13:48:44,25,32,256,18.5%,152,NORMAL,500.3,0.0,7.8,False
1767687525.96,2026-01-06 13:48:45,23,32,258,18.5%,152,NORMAL,501.5,0.0,7.6,False
1767687527.04,2026-01-06 13:48:47,26,32,260,18.6%,152,NORMAL,503.2,0.0,7.6,False
1767687528.17,2026-01-06 13:48:48,26,32,261,18.6%,152,NORMAL,504.1,0.0,7.5,False
1767687529.60,2026-01-06 13:48:49,23,32,261,18.6%,152,NORMAL,501.9,0.0,7.4,False
1767687531.26,2026-01-06 13:48:51,22,32,262,18.6%,152,NORMAL,501.2,0.0,7.4,False
1767687532.91,2026-01-06 13:48:52,22,32,264,18.6%,152,NORMAL,502.3,0.0,7.4,False
1767687534.65,2026-01-06 13:48:54,24,32,265,18.7%,152,NORMAL,501.6,0.0,7.4,False
1767687536.53,2026-01-06 13:48:56,27,32,267,18.8%,152,NORMAL,502.7,0.0,7.4,False
1767687538.48,2026-01-06 13:48:58,26,32,269,18.8%,152,NORMAL,503.9,0.0,7.4,False
1767687540.24,2026-01-06 13:49:00,24,32,269,19.0%,152,NORMAL,501.2,0.0,7.5,False
1767687541.97,2026-01-06 13:49:01,23,32,269,19.0%,152,NORMAL,498.7,0.0,7.5,False
1767687543.67,2026-01-06 13:49:03,23,32,269,18.9%,152,NORMAL,496.1,0.0,7.6,False
1767687545.34,2026-01-06 13:49:05,24,32,270,18.9%,152,NORMAL,495.4,0.0,7.6,False
1767687547.04,2026-01-06 13:49:07,24,32,271,19.0%,152,NORMAL,494.7,0.0,7.7,False
1767687549.01,2026-01-06 13:49:09,24,32,271,18.9%,152,NORMAL,492.2,0.0,7.7,False
1767687550.87,2026-01-06 13:49:10,27,32,273,19.0%,152,NORMAL,493.4,0.0,7.7,False
1767687552.68,2026-01-06 13:49:12,27,32,273,19.0%,152,NORMAL,490.9,0.0,7.8,False
1767687554.38,2026-01-06 13:49:14,24,32,274,19.0%,152,NORMAL,490.3,0.0,7.8,False
1767687556.03,2026-01-06 13:49:16,22,32,274,18.9%,152,NORMAL,487.8,0.0,7.9,False
1767687557.67,2026-01-06 13:49:17,23,32,276,18.9%,152,NORMAL,489.0,0.0,7.9,False
1767687559.27,2026-01-06 13:49:19,23,32,276,18.9%,152,NORMAL,486.6,0.0,7.9,False
1767687561.06,2026-01-06 13:49:21,25,32,277,18.9%,152,NORMAL,486.0,0.0,8.0,False
1767687562.25,2026-01-06 13:49:22,29,32,285,19.0%,152,NORMAL,498.1,0.0,8.0,False
1767687563.53,2026-01-06 13:49:23,29,32,286,19.1%,152,NORMAL,498.8,0.0,8.0,False
1767687565.29,2026-01-06 13:49:25,30,32,287,19.2%,152,NORMAL,498.6,0.0,8.0,False
1767687567.10,2026-01-06 13:49:27,29,32,287,19.3%,152,NORMAL,496.3,0.0,8.0,False
1767687568.90,2026-01-06 13:49:28,27,32,288,19.3%,152,NORMAL,495.6,0.0,8.0,False
1767687570.91,2026-01-06 13:49:30,29,32,289,19.4%,152,NORMAL,495.0,0.0,7.9,False
1767687572.80,2026-01-06 13:49:32,29,32,290,19.4%,152,NORMAL,494.3,0.0,7.9,False
1767687574.87,2026-01-06 13:49:34,30,32,290,19.5%,152,NORMAL,492.0,0.0,7.9,False
1767687576.85,2026-01-06 13:49:36,30,32,291,19.7%,152,NORMAL,491.4,0.0,7.9,False
1767687578.92,2026-01-06 13:49:38,31,32,293,19.8%,152,NORMAL,492.4,0.0,7.9,False
1767687580.98,2026-01-06 13:49:40,31,32,294,19.9%,152,NORMAL,491.8,0.0,7.9,False
1767687583.04,2026-01-06 13:49:43,31,32,297,20.1%,152,NORMAL,494.5,0.0,7.9,False
1767687585.01,2026-01-06 13:49:45,31,32,298,20.3%,152,NORMAL,493.9,0.0,7.9,False
1767687586.95,2026-01-06 13:49:46,31,32,299,20.5%,152,NORMAL,493.3,0.0,7.9,False
1767687588.06,2026-01-06 13:49:48,34,34,300,20.7%,152,NORMAL,493.2,0.0,7.9,False
1767687589.09,2026-01-06 13:49:49,34,34,300,20.9%,152,NORMAL,492.7,0.0,7.9,False
1767687591.27,2026-01-06 13:49:51,31,34,302,21.0%,152,NORMAL,493.7,0.0,7.9,False
1767687593.11,2026-01-06 13:49:53,27,34,302,21.1%,152,NORMAL,491.5,0.0,7.9,False
1767687595.03,2026-01-06 13:49:55,28,34,303,21.2%,152,NORMAL,490.9,0.0,7.9,False
1767687597.12,2026-01-06 13:49:57,29,34,303,21.4%,152,NORMAL,488.7,0.0,7.9,False
1767687598.32,2026-01-06 13:49:58,27,34,304,21.4%,152,NORMAL,488.6,0.0,7.9,False
1767687599.45,2026-01-06 13:49:59,27,34,304,21.5%,152,NORMAL,488.1,0.0,7.9,False
1767687601.21,2026-01-06 13:50:01,27,34,304,21.6%,152,NORMAL,486.0,0.0,7.9,False
1767687602.76,2026-01-06 13:50:02,25,34,305,21.5%,152,NORMAL,485.4,0.0,7.9,False
1767687604.21,2026-01-06 13:50:04,25,34,305,21.5%,152,NORMAL,483.3,0.0,8.0,False
1767687606.10,2026-01-06 13:50:06,26,34,305,21.5%,152,NORMAL,481.2,0.0,8.0,False
1767687607.59,2026-01-06 13:50:07,25,34,305,21.6%,152,NORMAL,479.1,0.0,8.0,False
1767687609.40,2026-01-06 13:50:09,25,34,307,21.6%,152,NORMAL,480.1,0.0,8.1,False
1767687611.13,2026-01-06 13:50:11,24,34,307,21.7%,152,NORMAL,478.0,0.0,8.1,False
1767687612.96,2026-01-06 13:50:12,24,34,309,21.6%,152,NORMAL,479.1,0.0,8.2,False
1767687614.77,2026-01-06 13:50:14,24,34,310,21.5%,152,NORMAL,478.6,0.0,8.2,False
1767687616.52,2026-01-06 13:50:16,25,34,310,21.4%,152,NORMAL,476.5,0.0,8.3,False
1767687617.55,2026-01-06 13:50:17,24,34,311,21.3%,152,NORMAL,476.4,0.0,8.3,False
1767687618.66,2026-01-06 13:50:18,25,34,311,21.2%,152,NORMAL,475.6,0.0,8.2,False
1767687620.34,2026-01-06 13:50:20,26,34,313,21.2%,152,NORMAL,477.1,0.0,8.2,False
1767687622.18,2026-01-06 13:50:22,26,34,314,21.1%,152,NORMAL,476.6,0.0,8.2,False
1767687623.83,2026-01-06 13:50:23,26,34,315,21.0%,152,NORMAL,476.1,0.0,8.2,False
1767687625.65,2026-01-06 13:50:25,28,34,317,21.0%,152,NORMAL,477.1,0.0,8.2,False
1767687627.49,2026-01-06 13:50:27,25,34,319,20.9%,152,NORMAL,478.1,0.0,8.2,False
1767687628.98,2026-01-06 13:50:28,25,34,320,20.7%,152,NORMAL,477.6,0.0,8.2,False
1767687630.53,2026-01-06 13:50:30,23,34,320,20.5%,152,NORMAL,475.6,0.0,8.2,False
1767687632.15,2026-01-06 13:50:32,24,34,320,20.4%,152,NORMAL,473.7,0.0,8.3,False
1767687633.54,2026-01-06 13:50:33,22,34,322,20.2%,152,NORMAL,474.7,0.0,8.3,False
1767687635.13,2026-01-06 13:50:35,26,34,326,20.0%,152,NORMAL,478.6,0.0,8.4,False
1767687636.64,2026-01-06 13:50:36,23,34,326,19.8%,152,NORMAL,476.7,0.0,8.4,False
1767687638.20,2026-01-06 13:50:38,25,34,328,19.6%,152,NORMAL,477.7,0.0,8.5,False
1767687639.64,2026-01-06 13:50:39,23,34,329,19.4%,152,NORMAL,477.2,0.0,8.5,False
1767687641.16,2026-01-06 13:50:41,25,34,331,19.4%,152,NORMAL,478.2,0.0,8.5,False
1767687642.66,2026-01-06 13:50:42,24,34,333,19.3%,152,NORMAL,479.1,0.0,8.5,False
1767687643.69,2026-01-06 13:50:43,26,34,333,19.2%,152,NORMAL,477.6,0.0,8.5,False
1767687644.83,2026-01-06 13:50:44,27,34,335,19.2%,152,NORMAL,479.3,0.0,8.5,False
1767687645.91,2026-01-06 13:50:45,25,34,335,19.1%,152,NORMAL,478.2,0.0,8.5,False
1767687647.38,2026-01-06 13:50:47,23,34,336,19.0%,152,NORMAL,477.7,0.0,8.5,False
1767687648.77,2026-01-06 13:50:48,23,34,337,19.0%,152,NORMAL,477.3,0.0,8.6,False
1767687650.26,2026-01-06 13:50:50,25,34,339,19.0%,152,NORMAL,478.2,0.0,8.6,False
1767687651.66,2026-01-06 13:50:51,22,34,339,18.9%,152,NORMAL,476.3,0.0,8.7,False
1767687653.11,2026-01-06 13:50:53,23,34,341,18.9%,152,NORMAL,477.3,0.0,8.7,False
1767687655.31,2026-01-06 13:50:55,23,34,342,18.8%,152,NORMAL,476.8,0.0,8.8,False
1767687656.42,2026-01-06 13:50:56,23,34,342,18.8%,152,NORMAL,475.4,0.0,8.8,False
1767687657.59,2026-01-06 13:50:57,24,34,343,18.8%,152,NORMAL,476.4,0.0,8.8,False
1767687658.66,2026-01-06 13:50:58,23,34,343,18.8%,152,NORMAL,474.9,0.0,8.7,False
1767687659.85,2026-01-06 13:50:59,24,34,343,18.7%,152,NORMAL,473.8,0.0,8.7,False
1767687661.00,2026-01-06 13:51:00,24,34,343,18.7%,152,NORMAL,472.7,0.0,8.6,False
1767687662.50,2026-01-06 13:51:02,23,34,344,18.7%,152,NORMAL,472.3,0.0,8.6,False
1767687664.20,2026-01-06 13:51:04,26,34,348,18.7%,152,NORMAL,476.0,0.0,8.5,False
1767687665.75,2026-01-06 13:51:05,24,34,348,18.6%,152,NORMAL,474.2,0.0,8.4,False
1767687667.23,2026-01-06 13:51:07,23,34,349,18.6%,152,NORMAL,473.8,0.0,8.4,False
1767687668.74,2026-01-06 13:51:08,23,34,350,18.4%,152,NORMAL,473.3,0.0,8.3,False
1767687670.22,2026-01-06 13:51:10,23,34,352,18.4%,152,NORMAL,474.3,0.0,8.3,False
1767687671.69,2026-01-06 13:51:11,24,34,353,18.4%,152,NORMAL,473.8,0.0,8.3,False
1767687673.14,2026-01-06 13:51:13,22,34,353,18.4%,152,NORMAL,472.1,0.0,8.3,False
1767687674.74,2026-01-06 13:51:14,24,34,355,18.4%,152,NORMAL,473.0,0.0,8.3,False
1767687676.23,2026-01-06 13:51:16,22,34,355,18.4%,152,NORMAL,471.2,0.0,8.4,False
1767687678.05,2026-01-06 13:51:18,27,34,359,18.4%,152,NORMAL,474.8,0.0,8.4,False
1767687679.21,2026-01-06 13:51:19,17,34,359,18.2%,152,NORMAL,473.8,0.0,8.4,False
1767687680.43,2026-01-06 13:51:20,18,34,359,18.1%,152,NORMAL,473.1,0.0,8.4,False
1767687681.76,2026-01-06 13:51:21,27,34,359,18.2%,152,NORMAL,472.0,0.0,8.3,False
1767687682.99,2026-01-06 13:51:22,27,34,360,18.2%,152,NORMAL,472.6,0.0,8.3,False
1767687684.03,2026-01-06 13:51:24,17,34,360,18.0%,152,NORMAL,471.6,0.0,8.3,False
1767687685.17,2026-01-06 13:51:25,15,34,360,17.8%,152,NORMAL,470.9,0.0,8.2,False
1767687686.42,2026-01-06 13:51:26,25,34,360,17.7%,152,NORMAL,469.9,0.0,8.2,False
1767687687.60,2026-01-06 13:51:27,27,34,360,17.8%,152,NORMAL,469.2,0.0,8.1,False
1767687689.05,2026-01-06 13:51:29,26,34,360,17.8%,152,NORMAL,467.9,0.0,8.0,False
1767687690.57,2026-01-06 13:51:30,25,34,360,17.9%,152,NORMAL,467.2,0.0,8.0,False
1767687691.59,2026-01-06 13:51:31,20,34,360,17.8%,152,NORMAL,466.2,0.0,8.0,False
1767687692.67,2026-01-06 13:51:32,24,34,360,17.8%,152,NORMAL,465.9,0.0,8.0,False
1767687693.91,2026-01-06 13:51:33,20,34,363,17.7%,152,NORMAL,468.4,0.0,7.9,False
1767687695.06,2026-01-06 13:51:35,23,34,364,17.7%,152,NORMAL,469.0,0.0,7.9,False
1767687696.53,2026-01-06 13:51:36,21,34,364,17.7%,152,NORMAL,467.7,0.0,7.8,False
1767687698.24,2026-01-06 13:51:38,24,34,366,17.7%,152,NORMAL,468.6,0.0,7.8,False
1767687700.11,2026-01-06 13:51:40,25,34,367,17.7%,152,NORMAL,468.2,0.0,7.7,False
1767687701.66,2026-01-06 13:51:41,24,34,368,17.7%,152,NORMAL,467.8,0.0,7.6,False
1767687703.15,2026-01-06 13:51:43,22,34,368,17.7%,152,NORMAL,466.2,0.0,7.6,False
1767687704.49,2026-01-06 13:51:44,21,34,368,17.6%,152,NORMAL,464.5,0.0,7.5,False
1767687706.11,2026-01-06 13:51:46,22,34,368,17.5%,152,NORMAL,462.9,0.0,7.5,False
1767687707.51,2026-01-06 13:51:47,21,34,372,17.5%,152,NORMAL,466.3,0.0,7.5,False
1767687709.09,2026-01-06 13:51:49,24,34,374,17.5%,152,NORMAL,467.2,0.0,7.4,False
1767687710.80,2026-01-06 13:51:50,26,34,378,17.6%,152,NORMAL,470.5,0.0,7.4,False
1767687712.37,2026-01-06 13:51:52,28,34,380,17.7%,152,NORMAL,471.4,0.0,7.4,False
1767687713.90,2026-01-06 13:51:53,28,34,382,17.8%,152,NORMAL,472.3,0.0,7.4,False
1767687715.60,2026-01-06 13:51:55,25,34,383,17.8%,152,NORMAL,471.9,0.0,7.4,False
1767687717.04,2026-01-06 13:51:57,23,34,383,17.8%,152,NORMAL,470.3,0.0,7.5,False
1767687718.46,2026-01-06 13:51:58,23,34,384,17.8%,152,NORMAL,469.9,0.0,7.5,False
1767687719.86,2026-01-06 13:51:59,22,34,384,17.7%,152,NORMAL,468.3,0.0,7.6,False
1767687721.34,2026-01-06 13:52:01,24,34,388,17.9%,152,NORMAL,471.6,0.0,7.8,False
1767687722.76,2026-01-06 13:52:02,24,34,388,18.0%,152,NORMAL,470.0,0.0,7.9,False
1767687724.23,2026-01-06 13:52:04,22,34,388,17.9%,152,NORMAL,468.4,0.0,8.0,False
1767687726.15,2026-01-06 13:52:06,22,34,389,17.8%,152,NORMAL,468.0,0.0,8.2,False
1767687727.36,2026-01-06 13:52:07,24,34,389,18.0%,152,NORMAL,466.8,0.0,8.3,False
1767687728.58,2026-01-06 13:52:08,24,34,390,18.2%,152,NORMAL,467.7,0.0,8.3,False
1767687729.73,2026-01-06 13:52:09,25,34,392,18.2%,152,NORMAL,469.1,0.0,8.3,False
1767687731.09,2026-01-06 13:52:11,24,34,393,18.1%,152,NORMAL,469.7,0.0,8.3,False
1767687732.87,2026-01-06 13:52:12,24,34,394,18.1%,152,NORMAL,469.4,0.0,8.3,False
1767687733.96,2026-01-06 13:52:13,24,34,395,18.1%,152,NORMAL,469.6,0.0,8.2,False
1767687735.27,2026-01-06 13:52:15,23,34,397,18.1%,152,NORMAL,471.4,0.0,8.2,False
1767687737.15,2026-01-06 13:52:17,23,34,397,18.1%,152,NORMAL,469.8,0.0,8.0,False
1767687738.45,2026-01-06 13:52:18,19,34,398,18.1%,152,NORMAL,469.5,0.0,7.9,False
1767687739.91,2026-01-06 13:52:19,22,34,399,18.1%,152,NORMAL,469.1,0.0,7.8,False
1767687741.27,2026-01-06 13:52:21,20,34,399,18.0%,152,NORMAL,467.6,0.0,7.8,False
1767687742.36,2026-01-06 13:52:22,22,34,400,18.0%,152,NORMAL,467.5,0.0,7.7,False
1767687743.39,2026-01-06 13:52:23,21,34,400,17.9%,152,NORMAL,466.6,0.0,7.7,False
1767687744.71,2026-01-06 13:52:24,21,34,401,17.8%,152,NORMAL,466.9,0.0,7.7,False
1767687746.26,2026-01-06 13:52:26,21,34,404,17.8%,152,NORMAL,468.9,0.0,7.7,False
1767687747.73,2026-01-06 13:52:27,19,34,404,17.7%,152,NORMAL,467.4,0.0,7.6,False
1767687749.22,2026-01-06 13:52:29,23,34,407,17.8%,152,NORMAL,469.3,0.0,7.6,False
1767687750.84,2026-01-06 13:52:30,25,34,408,17.9%,152,NORMAL,469.0,0.0,7.6,False
1767687752.30,2026-01-06 13:52:32,21,34,408,17.8%,152,NORMAL,467.5,0.0,7.5,False
1767687753.78,2026-01-06 13:52:33,19,34,408,17.6%,152,NORMAL,466.0,0.0,7.5,False
1767687755.57,2026-01-06 13:52:35,22,34,411,17.5%,152,NORMAL,467.9,0.0,7.5,False
1767687757.37,2026-01-06 13:52:37,25,34,414,17.4%,152,NORMAL,469.9,0.0,7.5,False
1767687758.41,2026-01-06 13:52:38,26,34,416,17.4%,152,NORMAL,470.9,0.0,7.4,False
1767687759.58,2026-01-06 13:52:39,27,34,417,17.5%,152,NORMAL,471.5,0.0,7.4,False
1767687761.30,2026-01-06 13:52:41,26,34,419,17.6%,152,NORMAL,472.6,0.0,7.5,False
1767687763.05,2026-01-06 13:52:43,25,34,421,17.7%,152,NORMAL,473.3,0.0,7.5,False
1767687764.79,2026-01-06 13:52:44,23,34,422,17.6%,152,NORMAL,473.0,0.0,7.6,False
1767687766.44,2026-01-06 13:52:46,24,34,422,17.6%,152,NORMAL,471.5,0.0,7.7,False
1767687767.99,2026-01-06 13:52:47,26,34,424,17.7%,152,NORMAL,472.3,0.0,7.8,False
1767687769.54,2026-01-06 13:52:49,25,34,426,17.8%,152,NORMAL,473.0,0.0,7.9,False
1767687771.23,2026-01-06 13:52:51,27,34,428,17.9%,152,NORMAL,473.8,0.0,7.9,False
1767687772.89,2026-01-06 13:52:52,27,34,431,18.0%,152,NORMAL,475.7,0.0,8.0,False
1767687774.57,2026-01-06 13:52:54,26,34,431,18.0%,152,NORMAL,474.2,0.0,8.0,False
1767687776.21,2026-01-06 13:52:56,21,34,431,17.9%,152,NORMAL,472.8,0.0,8.1,False
1767687777.23,2026-01-06 13:52:57,21,34,431,17.8%,152,NORMAL,471.6,0.0,8.1,False
1767687778.23,2026-01-06 13:52:58,20,34,432,17.7%,152,NORMAL,472.1,0.0,8.1,False
1767687779.57,2026-01-06 13:52:59,17,34,432,17.6%,152,NORMAL,471.0,0.0,8.2,False
1767687781.25,2026-01-06 13:53:01,19,34,434,17.5%,152,NORMAL,471.7,0.0,8.2,False
1767687782.25,2026-01-06 13:53:02,22,34,436,17.6%,152,NORMAL,472.8,0.0,8.2,False
1767687783.43,2026-01-06 13:53:03,21,34,436,17.5%,152,NORMAL,471.9,0.0,8.2,False
1767687784.58,2026-01-06 13:53:04,20,34,436,17.5%,152,NORMAL,471.1,0.0,8.2,False
1767687786.13,2026-01-06 13:53:06,21,34,437,17.5%,152,NORMAL,470.7,0.0,8.2,False
1767687787.79,2026-01-06 13:53:07,23,34,438,17.6%,152,NORMAL,470.4,0.0,8.1,False
1767687789.47,2026-01-06 13:53:09,23,34,439,17.6%,152,NORMAL,470.1,0.0,8.1,False
1767687791.21,2026-01-06 13:53:11,23,34,440,17.7%,152,NORMAL,469.8,0.0,8.1,False
1767687792.58,2026-01-06 13:53:12,19,34,440,17.7%,152,NORMAL,468.4,0.0,8.1,False
1767687794.22,2026-01-06 13:53:14,25,34,445,17.7%,152,NORMAL,472.3,0.0,8.2,False
1767687795.76,2026-01-06 13:53:15,26,34,447,17.7%,152,NORMAL,473.0,0.0,8.2,False
1767687796.81,2026-01-06 13:53:16,29,34,449,17.9%,152,NORMAL,474.0,0.0,8.2,False
1767687797.97,2026-01-06 13:53:17,25,34,449,18.1%,152,NORMAL,473.2,0.0,8.2,False
1767687799.12,2026-01-06 13:53:19,27,34,450,18.2%,152,NORMAL,473.4,0.0,8.2,False
1767687800.68,2026-01-06 13:53:20,27,34,452,18.2%,152,NORMAL,474.1,0.0,8.2,False
1767687802.24,2026-01-06 13:53:22,28,34,455,18.3%,152,NORMAL,475.9,0.0,8.2,False
1767687803.72,2026-01-06 13:53:23,25,34,456,18.2%,152,NORMAL,475.6,0.0,8.2,False
1767687805.29,2026-01-06 13:53:25,25,34,457,18.2%,152,NORMAL,475.2,0.0,8.2,False
1767687806.95,2026-01-06 13:53:26,26,34,457,18.2%,152,NORMAL,473.8,0.0,8.2,False
1767687808.44,2026-01-06 13:53:28,26,34,457,18.3%,152,NORMAL,472.5,0.0,8.2,False
1767687809.58,2026-01-06 13:53:29,25,34,466,18.3%,152,NORMAL,480.7,0.0,8.3,False
1767687810.71,2026-01-06 13:53:30,27,34,469,18.4%,152,NORMAL,483.2,0.0,8.3,False
1767687812.28,2026-01-06 13:53:32,29,34,472,18.5%,152,NORMAL,485.2,0.0,8.3,False
1767687813.89,2026-01-06 13:53:33,28,34,473,18.5%,152,NORMAL,484.9,0.0,8.4,False
1767687815.50,2026-01-06 13:53:35,28,34,473,18.5%,152,NORMAL,483.5,0.0,8.4,False
1767687817.14,2026-01-06 13:53:37,29,34,475,18.6%,152,NORMAL,484.1,0.0,8.5,False
1767687818.87,2026-01-06 13:53:38,30,34,476,18.8%,152,NORMAL,483.8,0.0,8.5,False
1767687820.51,2026-01-06 13:53:40,27,34,477,18.9%,152,NORMAL,483.4,0.0,8.5,False
1767687822.10,2026-01-06 13:53:42,25,34,478,19.0%,152,NORMAL,483.1,0.0,8.6,False
1767687823.74,2026-01-06 13:53:43,27,34,480,19.3%,152,NORMAL,483.8,0.0,8.6,False
1767687825.53,2026-01-06 13:53:45,27,34,480,19.5%,152,NORMAL,482.4,0.0,8.6,False
1767687826.58,2026-01-06 13:53:46,29,34,483,19.6%,152,NORMAL,484.3,0.0,8.6,False
1767687827.62,2026-01-06 13:53:47,28,34,483,19.8%,152,NORMAL,483.8,0.0,8.6,False
1767687829.09,2026-01-06 13:53:49,27,34,484,20.0%,152,NORMAL,481.0,0.0,8.7,False
1767687830.93,2026-01-06 13:53:50,30,34,484,20.2%,152,NORMAL,454.0,0.0,8.7,False
1767687832.78,2026-01-06 13:53:52,31,34,486,20.4%,152,NORMAL,454.0,0.0,8.7,False
1767687834.49,2026-01-06 13:53:54,29,34,486,20.5%,152,NORMAL,451.0,0.0,8.7,False
1767687836.30,2026-01-06 13:53:56,29,34,488,20.7%,152,NORMAL,447.0,0.0,8.7,False
1767687837.37,2026-01-06 13:53:57,27,34,489,20.9%,152,NORMAL,446.0,0.0,8.7,False
1767687838.37,2026-01-06 13:53:58,25,34,489,20.9%,152,NORMAL,446.0,0.0,8.6,False
1767687839.65,2026-01-06 13:53:59,25,34,492,20.8%,152,NORMAL,448.0,0.0,8.6,False
1767687841.12,2026-01-06 13:54:01,24,34,492,20.7%,152,NORMAL,448.0,0.0,8.6,False
1767687842.29,2026-01-06 13:54:02,26,34,493,20.7%,152,NORMAL,446.0,0.0,8.5,False
1767687843.30,2026-01-06 13:54:03,28,34,494,20.8%,152,NORMAL,445.0,0.0,8.5,False
1767687844.89,2026-01-06 13:54:04,26,34,495,20.7%,152,NORMAL,443.0,0.0,8.5,False
1767687846.56,2026-01-06 13:54:06,28,34,496,20.7%,152,NORMAL,442.0,0.0,8.4,False
1767687848.19,2026-01-06 13:54:08,29,34,496,20.8%,152,NORMAL,441.0,0.0,8.4,False
1767687849.79,2026-01-06 13:54:09,29,34,497,20.9%,152,NORMAL,442.0,0.0,8.4,False
1767687851.43,2026-01-06 13:54:11,29,34,498,21.0%,152,NORMAL,441.0,0.0,8.4,False
1767687852.96,2026-01-06 13:54:12,28,34,498,21.0%,152,NORMAL,440.0,0.0,8.4,False
1767687854.59,2026-01-06 13:54:14,30,34,498,21.2%,152,NORMAL,439.0,0.0,8.4,False
1767687856.27,2026-01-06 13:54:16,30,34,500,21.2%,152,NORMAL,440.0,0.0,8.4,False
1767687857.77,2026-01-06 13:54:17,25,34,500,21.1%,152,NORMAL,438.0,0.0,8.4,False
1767687859.39,2026-01-06 13:54:19,28,34,502,21.1%,152,NORMAL,439.0,0.0,8.4,False
1767687860.63,2026-01-06 13:54:20,29,34,502,21.2%,152,NORMAL,438.0,0.0,8.4,False
1767687861.68,2026-01-06 13:54:21,30,34,503,21.2%,152,NORMAL,437.0,0.0,8.4,False
1767687863.03,2026-01-06 13:54:23,28,34,503,21.1%,152,NORMAL,435.0,0.0,8.4,False
1767687864.59,2026-01-06 13:54:24,28,34,504,21.2%,152,NORMAL,436.0,0.0,8.4,False
1767687866.12,2026-01-06 13:54:26,27,34,504,21.2%,152,NORMAL,435.0,0.0,8.5,False
1767687867.74,2026-01-06 13:54:27,28,34,507,21.2%,152,NORMAL,437.0,0.0,8.5,False
1767687869.22,2026-01-06 13:54:29,25,34,507,21.2%,152,NORMAL,435.0,0.0,8.5,False
1767687870.84,2026-01-06 13:54:30,27,34,512,21.1%,152,NORMAL,440.0,0.0,8.6,False
1767687872.24,2026-01-06 13:54:32,21,34,512,21.0%,152,NORMAL,437.0,0.0,8.6,False
1767687873.69,2026-01-06 13:54:33,24,34,513,20.9%,152,NORMAL,437.0,0.0,8.7,False
1767687875.26,2026-01-06 13:54:35,25,34,513,20.8%,152,NORMAL,435.0,0.0,8.7,False
1767687876.30,2026-01-06 13:54:36,22,34,513,20.6%,152,NORMAL,434.0,0.0,8.7,False
1767687877.46,2026-01-06 13:54:37,21,34,513,20.4%,152,NORMAL,433.0,0.0,8.7,False
1767687878.56,2026-01-06 13:54:38,23,34,515,20.2%,152,NORMAL,434.0,0.0,8.7,False
1767687879.84,2026-01-06 13:54:39,20,34,516,20.1%,152,NORMAL,435.0,0.0,8.7,False
1767687881.35,2026-01-06 13:54:41,21,34,518,20.0%,152,NORMAL,435.0,0.0,8.7,False
1767687882.86,2026-01-06 13:54:42,25,34,522,20.0%,152,NORMAL,438.0,0.0,8.7,False
1767687884.43,2026-01-06 13:54:44,25,34,523,20.0%,152,NORMAL,438.0,0.0,8.6,False
1767687885.85,2026-01-06 13:54:45,21,34,524,19.9%,152,NORMAL,436.0,0.0,8.6,False
1767687887.34,2026-01-06 13:54:47,24,34,527,19.8%,152,NORMAL,437.0,0.0,8.6,False
1767687888.86,2026-01-06 13:54:48,24,34,528,19.7%,152,NORMAL,435.0,0.0,8.7,False
1767687889.86,2026-01-06 13:54:49,26,34,531,19.7%,152,NORMAL,436.0,0.0,8.7,False
1767687891.03,2026-01-06 13:54:51,30,34,532,19.7%,152,NORMAL,437.0,0.0,8.7,False
1767687892.70,2026-01-06 13:54:52,28,34,533,19.7%,152,NORMAL,437.0,0.0,8.7,False
1767687894.37,2026-01-06 13:54:54,28,34,534,19.7%,152,NORMAL,438.0,0.0,8.7,False
1767687896.00,2026-01-06 13:54:55,27,34,536,19.6%,152,NORMAL,438.0,0.0,8.7,False
1767687897.48,2026-01-06 13:54:57,25,34,536,19.5%,152,NORMAL,438.0,0.0,8.6,False
1767687899.08,2026-01-06 13:54:59,26,34,537,19.4%,152,NORMAL,437.0,0.0,8.6,False
1767687901.00,2026-01-06 13:55:01,28,34,538,19.5%,152,NORMAL,436.0,0.0,8.6,False
1767687902.06,2026-01-06 13:55:02,28,34,538,19.5%,152,NORMAL,435.0,0.0,8.6,False
1767687903.39,2026-01-06 13:55:03,28,34,538,19.5%,152,NORMAL,434.0,0.0,8.6,False
1767687905.54,2026-01-06 13:55:05,27,34,538,19.4%,152,NORMAL,434.0,0.0,8.5,False
1767687907.60,2026-01-06 13:55:07,28,34,538,19.4%,152,NORMAL,432.0,0.0,8.5,False
1767687909.67,2026-01-06 13:55:09,27,34,538,19.4%,152,NORMAL,431.0,0.0,8.4,False
1767687910.79,2026-01-06 13:55:10,27,34,539,19.4%,152,NORMAL,430.0,0.0,8.4,False
1767687912.12,2026-01-06 13:55:12,27,34,539,19.4%,152,NORMAL,430.0,0.0,8.4,False
1767687913.27,2026-01-06 13:55:13,26,34,540,19.4%,152,NORMAL,431.0,0.0,8.3,False
1767687914.40,2026-01-06 13:55:14,26,34,541,19.4%,152,NORMAL,431.0,0.0,8.3,False
1767687915.41,2026-01-06 13:55:15,29,34,543,19.6%,152,NORMAL,432.0,0.0,8.2,False
1767687916.44,2026-01-06 13:55:16,29,34,543,19.7%,152,NORMAL,432.0,0.0,8.2,False
1767687917.55,2026-01-06 13:55:17,31,34,546,19.8%,152,NORMAL,435.0,0.0,8.1,False
1767687918.74,2026-01-06 13:55:18,31,34,546,20.0%,152,NORMAL,435.0,0.0,8.1,False
1767687920.50,2026-01-06 13:55:20,32,34,547,20.3%,152,NORMAL,435.0,0.0,8.0,False
1767687921.53,2026-01-06 13:55:21,32,34,549,20.5%,152,NORMAL,436.0,0.0,7.9,False
1767687922.92,2026-01-06 13:55:22,33,34,550,20.8%,152,NORMAL,437.0,0.0,7.9,False
1767687924.17,2026-01-06 13:55:24,34,35,551,21.1%,152,NORMAL,435.0,0.0,7.8,False
1767687925.68,2026-01-06 13:55:25,35,35,551,21.3%,152,NORMAL,435.0,0.0,7.8,False
1767687926.92,2026-01-06 13:55:26,33,35,552,21.5%,152,NORMAL,436.0,0.0,7.7,False
1767687928.22,2026-01-06 13:55:28,31,35,552,21.8%,152,NORMAL,436.0,0.0,7.7,False
1767687929.31,2026-01-06 13:55:29,29,35,552,21.9%,152,NORMAL,436.0,0.0,7.6,False
1767687930.39,2026-01-06 13:55:30,28,35,552,22.0%,152,NORMAL,436.0,0.0,7.6,False
1767687932.10,2026-01-06 13:55:32,29,35,552,22.0%,152,NORMAL,436.0,0.0,7.5,False
1767687933.82,2026-01-06 13:55:33,32,35,552,22.1%,152,NORMAL,436.0,0.0,7.4,False
1767687935.58,2026-01-06 13:55:35,32,35,553,22.2%,152,NORMAL,435.0,0.0,7.4,False
1767687937.20,2026-01-06 13:55:37,29,35,554,22.2%,152,NORMAL,434.0,0.0,7.3,False
1767687938.78,2026-01-06 13:55:38,31,35,554,22.3%,152,NORMAL,434.0,0.0,7.3,False
1767687940.43,2026-01-06 13:55:40,31,35,557,22.4%,152,NORMAL,436.0,0.0,7.4,False
1767687942.10,2026-01-06 13:55:42,31,35,557,22.6%,152,NORMAL,435.0,0.0,7.4,False
1767687943.69,2026-01-06 13:55:43,29,35,557,22.6%,152,NORMAL,434.0,0.0,7.5,False
1767687945.42,2026-01-06 13:55:45,30,35,558,22.6%,152,NORMAL,435.0,0.0,7.6,False
1767687947.06,2026-01-06 13:55:47,31,35,559,22.7%,152,NORMAL,435.0,0.0,7.7,False
1767687948.67,2026-01-06 13:55:48,30,35,562,22.8%,152,NORMAL,437.0,0.0,7.8,False
1767687950.22,2026-01-06 13:55:50,28,35,563,22.8%,152,NORMAL,438.0,0.0,8.0,False
1767687951.86,2026-01-06 13:55:51,24,35,564,22.7%,152,NORMAL,437.0,0.0,8.1,False
1767687953.23,2026-01-06 13:55:53,23,35,564,22.6%,152,NORMAL,433.0,0.0,8.2,False
1767687954.60,2026-01-06 13:55:54,21,35,565,22.5%,152,NORMAL,433.0,0.0,8.2,False
1767687956.09,2026-01-06 13:55:56,23,35,567,22.4%,152,NORMAL,434.0,0.0,8.3,False
1767687957.62,2026-01-06 13:55:57,25,35,569,22.4%,152,NORMAL,435.0,0.0,8.4,False
1767687958.86,2026-01-06 13:55:58,30,35,573,22.4%,152,NORMAL,439.0,0.0,8.5,False
1767687959.94,2026-01-06 13:55:59,30,35,574,22.4%,152,NORMAL,439.0,0.0,8.5,False
1767687961.71,2026-01-06 13:56:01,28,35,577,22.3%,152,NORMAL,440.0,0.0,8.6,False
1767687963.51,2026-01-06 13:56:03,28,35,579,22.3%,152,NORMAL,441.0,0.0,8.6,False
1767687965.13,2026-01-06 13:56:05,27,35,579,22.1%,152,NORMAL,441.0,0.0,8.7,False
1767687966.74,2026-01-06 13:56:06,27,35,580,22.0%,152,NORMAL,442.0,0.0,8.7,False
1767687968.53,2026-01-06 13:56:08,30,35,583,22.0%,152,NORMAL,445.0,0.0,8.7,False
1767687970.15,2026-01-06 13:56:10,24,35,584,21.7%,152,NORMAL,445.0,0.0,8.7,False
1767687971.98,2026-01-06 13:56:11,28,35,585,21.6%,152,NORMAL,446.0,0.0,8.6,False
1767687973.69,2026-01-06 13:56:13,28,35,588,21.5%,152,NORMAL,449.0,0.0,8.6,False
1767687975.36,2026-01-06 13:56:15,29,35,591,21.4%,152,NORMAL,451.0,0.0,8.6,False
1767687977.12,2026-01-06 13:56:17,29,35,595,21.4%,152,NORMAL,455.0,0.0,8.6,False
1767687978.95,2026-01-06 13:56:18,33,35,597,21.5%,152,NORMAL,456.0,0.0,8.5,False
1767687980.78,2026-01-06 13:56:20,31,35,599,21.6%,152,NORMAL,458.0,0.0,8.5,False
1767687982.55,2026-01-06 13:56:22,28,35,600,21.5%,152,NORMAL,458.0,0.0,8.5,False
1767687984.14,2026-01-06 13:56:24,28,35,600,21.4%,152,NORMAL,456.0,0.0,8.5,False
1767687985.92,2026-01-06 13:56:25,32,35,604,21.5%,152,NORMAL,460.0,0.0,8.5,False
1767687987.68,2026-01-06 13:56:27,33,35,604,21.5%,152,NORMAL,459.0,0.0,8.5,False
1767687989.42,2026-01-06 13:56:29,29,35,606,21.5%,152,NORMAL,461.0,0.0,8.5,False
1767687991.10,2026-01-06 13:56:31,28,35,607,21.4%,152,NORMAL,460.0,0.0,8.5,False
1767687992.69,2026-01-06 13:56:32,24,35,608,21.3%,152,NORMAL,461.0,0.0,8.5,False
1767687994.27,2026-01-06 13:56:34,24,35,609,21.1%,152,NORMAL,461.0,0.0,8.5,False
1767687996.25,2026-01-06 13:56:36,28,35,610,21.1%,152,NORMAL,460.0,0.0,8.6,False
1767687997.97,2026-01-06 13:56:37,27,35,610,21.0%,152,NORMAL,458.0,0.0,8.6,False
1767687999.70,2026-01-06 13:56:39,29,35,612,21.0%,152,NORMAL,459.0,0.0,8.6,False
1767688001.40,2026-01-06 13:56:41,28,35,614,21.1%,152,NORMAL,461.0,0.0,8.7,False
1767688003.50,2026-01-06 13:56:43,32,35,617,21.3%,152,NORMAL,463.0,0.0,8.7,False
1767688004.74,2026-01-06 13:56:44,31,35,618,21.6%,152,NORMAL,464.0,0.0,8.6,False
1767688006.00,2026-01-06 13:56:45,30,35,618,21.7%,152,NORMAL,464.0,0.0,8.6,False
1767688008.02,2026-01-06 13:56:48,29,35,621,21.8%,152,NORMAL,467.0,0.0,8.6,False
1767688009.95,2026-01-06 13:56:49,34,35,623,21.9%,152,NORMAL,468.0,0.0,8.5,False
1767688011.67,2026-01-06 13:56:51,33,35,625,22.0%,152,NORMAL,469.0,0.0,8.4,False
1767688013.47,2026-01-06 13:56:53,34,35,628,22.1%,152,NORMAL,470.0,0.0,8.4,False
1767688015.34,2026-01-06 13:56:55,34,36,629,22.2%,152,NORMAL,467.0,0.0,8.3,False
1767688017.33,2026-01-06 13:56:57,32,36,630,22.4%,152,NORMAL,468.0,0.0,8.3,False
1767688018.34,2026-01-06 13:56:58,31,36,630,22.5%,152,NORMAL,467.0,0.0,8.3,False
1767688019.55,2026-01-06 13:56:59,34,36,630,22.5%,152,NORMAL,467.0,0.0,8.3,False
1767688020.56,2026-01-06 13:57:00,34,36,633,22.8%,152,NORMAL,469.0,0.0,8.3,False
1767688021.63,2026-01-06 13:57:01,35,36,633,22.9%,152,NORMAL,469.0,0.0,8.3,False
1767688023.55,2026-01-06 13:57:03,32,36,633,23.0%,152,NORMAL,468.0,0.0,8.2,False
1767688024.56,2026-01-06 13:57:04,32,36,634,23.1%,152,NORMAL,466.0,0.0,8.2,False
1767688025.59,2026-01-06 13:57:05,32,36,634,23.2%,152,NORMAL,465.0,0.0,8.2,False
1767688027.41,2026-01-06 13:57:07,29,36,634,23.1%,152,NORMAL,465.0,0.0,8.2,False
1767688029.27,2026-01-06 13:57:09,25,36,637,22.9%,152,NORMAL,467.0,0.0,8.1,False
1767688031.15,2026-01-06 13:57:11,27,36,637,22.9%,152,NORMAL,467.0,0.0,8.1,False
1767688032.23,2026-01-06 13:57:12,31,36,642,23.0%,152,NORMAL,472.0,0.0,8.0,False
1767688033.31,2026-01-06 13:57:13,31,36,642,23.0%,152,NORMAL,472.0,0.0,8.0,False
1767688034.53,2026-01-06 13:57:14,29,36,644,22.9%,152,NORMAL,474.0,0.0,8.0,False
1767688035.56,2026-01-06 13:57:15,29,36,644,22.9%,152,NORMAL,474.0,0.0,8.0,False
1767688037.42,2026-01-06 13:57:17,30,36,645,22.9%,152,NORMAL,473.0,0.0,7.9,False
1767688039.48,2026-01-06 13:57:19,30,36,645,23.1%,152,NORMAL,469.0,0.0,7.9,False
1767688041.43,2026-01-06 13:57:21,28,36,648,23.1%,152,NORMAL,472.0,0.0,7.9,False
1767688043.45,2026-01-06 13:57:23,30,36,649,23.2%,152,NORMAL,469.0,0.0,7.9,False
1767688045.36,2026-01-06 13:57:25,29,36,650,23.2%,152,NORMAL,469.0,0.0,7.9,False
1767688047.30,2026-01-06 13:57:27,30,36,653,23.3%,152,NORMAL,472.0,0.0,7.9,False
1767688049.48,2026-01-06 13:57:29,33,36,657,23.4%,152,NORMAL,474.0,0.0,8.0,False
1767688050.55,2026-01-06 13:57:30,32,36,660,23.4%,152,NORMAL,476.0,0.0,8.0,False
1767688051.60,2026-01-06 13:57:31,31,36,660,23.4%,152,NORMAL,476.0,0.0,8.0,False
1767688053.56,2026-01-06 13:57:33,29,36,661,23.4%,152,NORMAL,476.0,0.0,8.0,False
1767688055.37,2026-01-06 13:57:35,31,36,664,23.4%,152,NORMAL,479.0,0.0,7.9,False
1767688057.15,2026-01-06 13:57:37,33,36,668,23.4%,152,NORMAL,482.0,0.0,7.9,False
1767688059.03,2026-01-06 13:57:39,29,36,670,23.3%,152,NORMAL,482.0,0.0,7.9,False
1767688061.01,2026-01-06 13:57:41,31,36,672,23.2%,152,NORMAL,482.0,0.0,7.9,False
1767688062.17,2026-01-06 13:57:42,35,36,676,23.2%,152,NORMAL,485.0,0.0,7.9,False
1767688063.33,2026-01-06 13:57:43,35,36,677,23.3%,152,NORMAL,485.0,0.0,7.9,False
1767688065.30,2026-01-06 13:57:45,28,36,678,23.2%,152,NORMAL,486.0,0.0,8.0,False
1767688067.11,2026-01-06 13:57:47,26,36,679,23.1%,152,NORMAL,485.0,0.0,8.0,False
1767688068.11,2026-01-06 13:57:48,26,36,682,22.9%,152,NORMAL,488.0,0.0,8.0,False
1767688069.24,2026-01-06 13:57:49,25,36,682,22.6%,152,NORMAL,487.0,0.0,8.0,False
1767688070.71,2026-01-06 13:57:50,24,36,683,22.5%,152,NORMAL,488.0,0.0,8.0,False
1767688071.73,2026-01-06 13:57:51,29,36,686,22.4%,152,NORMAL,489.0,0.0,7.9,False
1767688072.89,2026-01-06 13:57:52,29,36,686,22.3%,152,NORMAL,489.0,0.0,7.9,False
1767688074.42,2026-01-06 13:57:54,26,36,687,22.2%,152,NORMAL,489.0,0.0,7.9,False
1767688076.17,2026-01-06 13:57:56,28,36,687,22.3%,152,NORMAL,486.0,0.0,7.9,False
1767688077.84,2026-01-06 13:57:57,22,36,689,22.2%,152,NORMAL,486.0,0.0,7.9,False
1767688079.45,2026-01-06 13:57:59,21,36,692,22.0%,152,NORMAL,487.0,0.0,7.9,False
1767688081.14,2026-01-06 13:58:01,23,36,694,21.8%,152,NORMAL,488.0,0.0,7.9,False
1767688082.71,2026-01-06 13:58:02,22,36,696,21.6%,152,NORMAL,490.0,0.0,7.9,False
1767688083.77,2026-01-06 13:58:03,27,36,699,21.6%,152,NORMAL,493.0,0.0,8.0,False
1767688084.81,2026-01-06 13:58:04,24,36,699,21.4%,152,NORMAL,493.0,0.0,8.0,False
1767688086.22,2026-01-06 13:58:06,22,36,700,21.2%,152,NORMAL,493.0,0.0,8.0,False
1767688088.06,2026-01-06 13:58:08,23,36,702,21.1%,152,NORMAL,495.0,0.0,8.0,False
1767688090.02,2026-01-06 13:58:10,27,36,705,21.0%,152,NORMAL,496.0,0.0,8.0,False
1767688091.97,2026-01-06 13:58:11,29,36,707,21.0%,152,NORMAL,498.0,0.0,8.0,False
1767688093.94,2026-01-06 13:58:13,27,36,709,21.0%,152,NORMAL,499.0,0.0,8.0,False
1767688095.84,2026-01-06 13:58:15,22,36,715,20.7%,152,NORMAL,503.0,0.0,7.9,False
1767688096.93,2026-01-06 13:58:16,30,36,724,20.7%,152,NORMAL,512.0,0.0,7.9,False
1767688098.23,2026-01-06 13:58:18,27,36,724,20.6%,152,NORMAL,510.0,0.0,7.9,False
1767688099.28,2026-01-06 13:58:19,26,36,727,20.5%,152,NORMAL,513.0,0.0,7.9,False
1767688100.31,2026-01-06 13:58:20,30,36,728,20.5%,152,NORMAL,513.0,0.0,7.9,False
1767688101.33,2026-01-06 13:58:21,26,36,730,20.3%,152,NORMAL,513.0,0.0,7.8,False
1767688102.45,2026-01-06 13:58:22,22,36,730,20.2%,152,NORMAL,512.0,0.0,7.8,False
1767688103.95,2026-01-06 13:58:23,23,36,733,20.0%,152,NORMAL,514.0,0.0,7.8,False
1767688105.59,2026-01-06 13:58:25,20,36,734,19.6%,152,NORMAL,514.0,0.0,7.8,False
1767688106.59,2026-01-06 13:58:26,22,36,739,19.3%,152,NORMAL,518.0,0.0,7.7,False
1767688107.78,2026-01-06 13:58:27,19,36,740,19.1%,152,NORMAL,519.0,0.0,7.7,False
1767688109.03,2026-01-06 13:58:29,21,36,741,19.0%,152,NORMAL,519.0,0.0,7.7,False
1767688110.04,2026-01-06 13:58:30,25,36,745,19.0%,152,NORMAL,522.0,0.0,7.7,False
1767688111.27,2026-01-06 13:58:31,27,36,747,19.0%,152,NORMAL,523.0,0.0,7.7,False
1767688112.86,2026-01-06 13:58:32,24,36,748,19.0%,152,NORMAL,524.0,0.0,7.7,False
1767688114.64,2026-01-06 13:58:34,23,36,751,18.9%,152,NORMAL,526.0,0.0,7.7,False
1767688116.54,2026-01-06 13:58:36,25,36,753,18.8%,152,NORMAL,526.0,0.0,7.7,False
1767688117.74,2026-01-06 13:58:37,25,36,756,18.7%,152,NORMAL,529.0,0.0,7.7,False
1767688118.96,2026-01-06 13:58:38,26,36,756,18.7%,152,NORMAL,529.0,0.0,7.7,False
1767688120.02,2026-01-06 13:58:40,25,36,758,18.8%,152,NORMAL,529.0,0.0,7.7,False
1767688121.17,2026-01-06 13:58:41,26,36,759,18.9%,152,NORMAL,529.0,0.0,7.7,False
1767688122.32,2026-01-06 13:58:42,26,36,762,19.0%,152,NORMAL,531.0,0.0,7.7,False
1767688123.40,2026-01-06 13:58:43,25,36,762,19.0%,152,NORMAL,531.0,0.0,7.6,False
1767688124.46,2026-01-06 13:58:44,29,36,765,19.1%,152,NORMAL,533.0,0.0,7.6,False
1767688125.66,2026-01-06 13:58:45,28,36,765,19.2%,152,NORMAL,533.0,0.0,7.6,False
1767688127.58,2026-01-06 13:58:47,29,36,766,19.3%,152,NORMAL,533.0,0.0,7.5,False
1767688128.72,2026-01-06 13:58:48,28,36,766,19.5%,152,NORMAL,533.0,0.0,7.5,False
1767688129.90,2026-01-06 13:58:49,30,36,767,19.5%,152,NORMAL,534.0,0.0,7.5,False
1767688131.02,2026-01-06 13:58:51,31,36,769,19.6%,152,NORMAL,535.0,0.0,7.4,False
1767688132.32,2026-01-06 13:58:52,32,36,769,19.7%,152,NORMAL,535.0,0.0,7.4,False
1767688133.35,2026-01-06 13:58:53,24,36,769,19.7%,152,NORMAL,532.0,0.0,7.4,False
1767688134.52,2026-01-06 13:58:54,25,36,769,19.6%,152,NORMAL,532.0,0.0,7.4,False
1767688135.65,2026-01-06 13:58:55,26,36,770,19.6%,152,NORMAL,532.0,0.0,7.3,False
1767688136.74,2026-01-06 13:58:56,25,36,770,19.6%,152,NORMAL,532.0,0.0,7.3,False
1767688137.80,2026-01-06 13:58:57,24,36,771,19.4%,152,NORMAL,532.0,0.0,7.3,False
1767688138.96,2026-01-06 13:58:58,27,36,772,19.5%,152,NORMAL,533.0,0.0,7.3,False
1767688140.04,2026-01-06 13:59:00,27,36,772,19.6%,152,NORMAL,533.0,0.0,7.3,False
1767688141.11,2026-01-06 13:59:01,24,36,772,19.6%,152,NORMAL,533.0,0.0,7.3,False
1767688142.30,2026-01-06 13:59:02,25,36,776,19.7%,152,NORMAL,532.0,0.0,7.2,False
1767688143.32,2026-01-06 13:59:03,25,36,777,19.8%,152,NORMAL,533.0,0.0,7.2,False
1767688145.23,2026-01-06 13:59:05,21,36,777,19.8%,152,NORMAL,533.0,0.0,7.2,False
1767688146.34,2026-01-06 13:59:06,26,36,780,20.0%,152,NORMAL,536.0,0.0,7.1,False
1767688147.36,2026-01-06 13:59:07,25,36,780,20.0%,152,NORMAL,536.0,0.0,7.1,False
1767688148.37,2026-01-06 13:59:08,25,36,781,19.9%,152,NORMAL,537.0,0.0,7.1,False
1767688149.57,2026-01-06 13:59:09,27,36,781,20.0%,152,NORMAL,537.0,0.0,7.0,False
1767688150.59,2026-01-06 13:59:10,27,36,784,20.1%,152,NORMAL,538.0,0.0,7.0,False
1767688151.60,2026-01-06 13:59:11,24,36,784,20.1%,152,NORMAL,538.0,0.0,7.0,False
1767688152.67,2026-01-06 13:59:12,27,36,786,20.1%,152,NORMAL,540.0,0.0,6.9,False
1767688153.72,2026-01-06 13:59:13,24,36,786,20.1%,152,NORMAL,540.0,0.0,6.9,False
1767688154.76,2026-01-06 13:59:14,26,36,787,20.1%,152,NORMAL,539.0,0.0,6.9,False
1767688155.86,2026-01-06 13:59:15,26,36,787,20.1%,152,NORMAL,538.0,0.0,6.9,False
1767688156.91,2026-01-06 13:59:16,23,36,787,20.0%,152,NORMAL,537.0,0.0,6.8,False
1767688157.98,2026-01-06 13:59:17,24,36,787,20.0%,152,NORMAL,537.0,0.0,6.8,False
1767688159.10,2026-01-06 13:59:19,26,36,790,19.9%,152,NORMAL,540.0,0.0,6.8,False
1767688160.36,2026-01-06 13:59:20,26,36,790,19.9%,152,NORMAL,540.0,0.0,6.8,False
1767688162.16,2026-01-06 13:59:22,22,36,791,19.7%,152,NORMAL,539.0,0.0,6.8,False
1767688163.75,2026-01-06 13:59:23,25,36,791,19.6%,152,NORMAL,537.0,0.0,6.8,False
1767688165.11,2026-01-06 13:59:25,24,36,792,19.5%,152,NORMAL,537.0,0.0,6.8,False
1767688166.79,2026-01-06 13:59:26,25,36,793,19.3%,152,NORMAL,537.0,0.0,6.8,False
1767688168.48,2026-01-06 13:59:28,22,36,793,19.1%,152,NORMAL,537.0,0.0,6.9,False
1767688169.61,2026-01-06 13:59:29,24,36,795,19.1%,152,NORMAL,537.0,0.0,6.9,False
1767688170.83,2026-01-06 13:59:30,22,36,795,19.0%,152,NORMAL,535.0,0.0,6.9,False
1767688171.92,2026-01-06 13:59:31,12,36,795,18.7%,152,NORMAL,535.0,0.0,7.0,False
1767688173.15,2026-01-06 13:59:33,13,36,795,18.4%,152,NORMAL,534.0,0.0,7.0,False
1767688174.55,2026-01-06 13:59:34,24,36,795,18.4%,152,NORMAL,534.0,0.0,7.0,False
1767688175.76,2026-01-06 13:59:35,21,36,795,18.3%,152,NORMAL,534.0,0.0,7.0,False
1767688176.88,2026-01-06 13:59:36,11,36,795,17.9%,152,NORMAL,533.0,0.0,7.0,False
1767688178.00,2026-01-06 13:59:38,12,36,795,17.6%,152,NORMAL,533.0,0.0,7.0,False
1767688179.45,2026-01-06 13:59:39,20,36,795,17.4%,152,NORMAL,531.0,0.0,6.9,False
1767688180.67,2026-01-06 13:59:40,21,36,795,17.3%,152,NORMAL,531.0,0.0,6.9,False
1767688181.92,2026-01-06 13:59:41,9,36,795,17.0%,152,NORMAL,530.0,0.0,6.9,False
1767688183.13,2026-01-06 13:59:43,11,36,795,16.7%,152,NORMAL,529.0,0.0,6.9,False
1767688184.51,2026-01-06 13:59:44,20,36,795,16.6%,152,NORMAL,528.0,0.0,6.9,False
1767688185.51,2026-01-06 13:59:45,20,36,799,16.4%,152,NORMAL,532.0,0.0,6.8,False
1767688186.68,2026-01-06 13:59:46,30,36,807,16.5%,152,NORMAL,538.0,0.0,6.8,False
1767688187.85,2026-01-06 13:59:47,28,36,807,16.5%,152,NORMAL,538.0,0.0,6.8,False
1767688189.45,2026-01-06 13:59:49,27,36,810,16.6%,152,NORMAL,541.0,0.0,6.8,False
1767688191.37,2026-01-06 13:59:51,29,36,813,16.6%,152,NORMAL,544.0,0.0,6.8,False
1767688193.20,2026-01-06 13:59:53,30,36,817,16.8%,152,NORMAL,548.0,0.0,6.8,False
1767688195.18,2026-01-06 13:59:55,31,36,819,16.9%,152,NORMAL,549.0,0.0,6.9,False
1767688197.08,2026-01-06 13:59:57,29,36,820,17.0%,152,NORMAL,549.0,0.0,6.9,False
1767688198.09,2026-01-06 13:59:58,33,36,825,17.2%,152,NORMAL,554.0,0.0,7.0,False
1767688199.14,2026-01-06 13:59:59,32,36,826,17.4%,152,NORMAL,555.0,0.0,7.0,False
1767688200.28,2026-01-06 14:00:00,33,36,828,17.6%,152,NORMAL,555.0,0.0,7.1,False
1767688201.39,2026-01-06 14:00:01,33,36,828,17.7%,152,NORMAL,555.0,0.0,7.1,False
1767688203.31,2026-01-06 14:00:03,29,36,828,17.9%,152,NORMAL,555.0,0.0,7.1,False
1767688204.98,2026-01-06 14:00:04,30,36,831,18.0%,152,NORMAL,557.0,0.0,7.1,False
1767688206.63,2026-01-06 14:00:06,26,36,831,18.0%,152,NORMAL,557.0,0.0,7.2,False
1767688208.30,2026-01-06 14:00:08,27,36,833,18.1%,152,NORMAL,557.0,0.0,7.2,False
1767688210.08,2026-01-06 14:00:10,29,36,836,18.3%,152,NORMAL,560.0,0.0,7.3,False
1767688211.69,2026-01-06 14:00:11,26,36,837,18.3%,152,NORMAL,559.0,0.0,7.4,False
1767688213.36,2026-01-06 14:00:13,29,36,839,18.5%,152,NORMAL,553.0,0.0,7.5,False
1767688215.16,2026-01-06 14:00:15,31,36,841,18.9%,152,NORMAL,554.0,0.0,7.7,False
1767688216.96,2026-01-06 14:00:16,32,36,843,19.4%,152,NORMAL,556.0,0.0,7.8,False
1767688218.62,2026-01-06 14:00:18,30,36,844,19.5%,152,NORMAL,555.0,0.0,8.0,False
1767688220.17,2026-01-06 14:00:20,25,36,845,19.6%,152,NORMAL,556.0,0.0,8.2,False
1767688222.11,2026-01-06 14:00:22,28,36,849,20.0%,152,NORMAL,559.0,0.0,8.3,False
1767688223.93,2026-01-06 14:00:23,31,36,854,20.5%,152,NORMAL,564.0,0.0,8.4,False
1767688225.55,2026-01-06 14:00:25,28,36,855,20.7%,152,NORMAL,564.0,0.0,8.5,False
1767688227.47,2026-01-06 14:00:27,29,36,856,20.9%,152,NORMAL,563.0,0.0,8.6,False
1767688229.31,2026-01-06 14:00:29,29,36,858,21.4%,152,NORMAL,564.0,0.0,8.6,False
1767688231.22,2026-01-06 14:00:31,28,36,859,21.8%,152,NORMAL,562.0,0.0,8.6,False
1767688233.11,2026-01-06 14:00:33,27,36,863,22.0%,152,NORMAL,565.0,0.0,8.6,False
1767688234.98,2026-01-06 14:00:34,26,36,864,22.1%,152,NORMAL,565.0,0.0,8.6,False
1767688235.98,2026-01-06 14:00:35,27,36,865,22.0%,152,NORMAL,565.0,0.0,8.7,False
1767688236.99,2026-01-06 14:00:36,26,36,865,22.0%,152,NORMAL,565.0,0.0,8.7,False
1767688238.97,2026-01-06 14:00:38,28,36,866,22.0%,152,NORMAL,564.0,0.0,8.6,False
1767688239.98,2026-01-06 14:00:39,28,36,869,22.0%,152,NORMAL,567.0,0.0,8.6,False
1767688241.01,2026-01-06 14:00:41,28,36,869,22.0%,152,NORMAL,566.0,0.0,8.6,False
1767688242.12,2026-01-06 14:00:42,29,36,873,21.9%,152,NORMAL,570.0,0.0,8.6,False
1767688243.25,2026-01-06 14:00:43,29,36,873,21.9%,152,NORMAL,570.0,0.0,8.6,False
1767688245.14,2026-01-06 14:00:45,30,36,875,21.8%,152,NORMAL,571.0,0.0,8.6,False
1767688246.18,2026-01-06 14:00:46,31,36,876,21.8%,152,NORMAL,572.0,0.0,8.5,False
1767688247.28,2026-01-06 14:00:47,31,36,876,21.8%,152,NORMAL,572.0,0.0,8.5,False
1767688249.15,2026-01-06 14:00:49,26,36,878,21.6%,152,NORMAL,574.0,0.0,8.4,False
1767688250.20,2026-01-06 14:00:50,29,36,881,21.6%,152,NORMAL,576.0,0.0,8.4,False
1767688251.21,2026-01-06 14:00:51,28,36,881,21.6%,152,NORMAL,576.0,0.0,8.4,False
1767688252.31,2026-01-06 14:00:52,26,36,885,21.6%,152,NORMAL,580.0,0.0,8.3,False
1767688253.41,2026-01-06 14:00:53,27,36,885,21.6%,152,NORMAL,580.0,0.0,8.3,False
1767688254.94,2026-01-06 14:00:54,27,36,887,21.5%,152,NORMAL,582.0,0.0,8.2,False
1767688256.81,2026-01-06 14:00:56,27,36,892,21.5%,152,NORMAL,586.0,0.0,8.2,False
1767688258.67,2026-01-06 14:00:58,29,36,893,21.5%,152,NORMAL,586.0,0.0,8.2,False
1767688260.63,2026-01-06 14:01:00,31,36,894,21.5%,152,NORMAL,586.0,0.0,8.1,False
1767688262.27,2026-01-06 14:01:02,27,36,894,21.4%,152,NORMAL,585.0,0.0,8.1,False
1767688263.83,2026-01-06 14:01:03,28,36,897,21.4%,152,NORMAL,587.0,0.0,8.1,False
1767688265.42,2026-01-06 14:01:05,28,36,898,21.4%,152,NORMAL,588.0,0.0,8.1,False
1767688267.07,2026-01-06 14:01:07,27,36,900,21.4%,152,NORMAL,589.0,0.0,8.1,False
1767688268.51,2026-01-06 14:01:08,24,36,902,21.3%,152,NORMAL,588.0,0.0,8.1,False
1767688270.22,2026-01-06 14:01:10,30,36,906,21.3%,152,NORMAL,592.0,0.0,8.2,False
1767688271.93,2026-01-06 14:01:11,30,36,910,21.3%,152,NORMAL,595.0,0.0,8.3,False
1767688273.64,2026-01-06 14:01:13,31,36,911,21.4%,152,NORMAL,594.0,0.0,8.3,False
1767688275.19,2026-01-06 14:01:15,30,36,911,21.4%,152,NORMAL,592.0,0.0,8.4,False
1767688276.69,2026-01-06 14:01:16,29,36,912,21.5%,152,NORMAL,592.0,0.0,8.4,False
1767688278.29,2026-01-06 14:01:18,28,36,914,21.5%,152,NORMAL,594.0,0.0,8.5,False
1767688279.74,2026-01-06 14:01:19,26,36,914,21.5%,152,NORMAL,594.0,0.0,8.5,False
1767688281.20,2026-01-06 14:01:21,25,36,916,21.5%,152,NORMAL,594.0,0.0,8.6,False
1767688282.55,2026-01-06 14:01:22,24,36,917,21.4%,152,NORMAL,591.0,0.0,8.7,False
1767688283.88,2026-01-06 14:01:23,23,36,918,21.3%,152,NORMAL,592.0,0.0,8.8,False
1767688285.36,2026-01-06 14:01:25,25,36,921,21.2%,152,NORMAL,593.0,0.0,8.8,False
1767688286.76,2026-01-06 14:01:26,25,36,923,21.1%,152,NORMAL,594.0,0.0,8.9,False
1767688288.23,2026-01-06 14:01:28,27,36,925,21.0%,152,NORMAL,594.0,0.0,9.0,False
1767688289.64,2026-01-06 14:01:29,26,36,925,20.9%,152,NORMAL,592.0,0.0,9.1,False
1767688291.35,2026-01-06 14:01:31,24,36,925,20.8%,152,NORMAL,591.0,0.0,9.2,False
1767688292.39,2026-01-06 14:01:32,20,36,925,20.5%,152,NORMAL,590.0,0.0,9.2,False
1767688293.44,2026-01-06 14:01:33,22,36,926,20.4%,152,NORMAL,590.0,0.0,9.2,False
1767688294.50,2026-01-06 14:01:34,22,36,926,20.3%,152,NORMAL,590.0,0.0,9.2,False
1767688295.84,2026-01-06 14:01:35,21,36,927,20.1%,152,NORMAL,589.0,0.0,9.1,False
1767688297.28,2026-01-06 14:01:37,22,36,930,20.0%,152,NORMAL,591.0,0.0,9.1,False
1767688298.77,2026-01-06 14:01:38,23,36,932,19.9%,152,NORMAL,593.0,0.0,9.1,False
1767688300.39,2026-01-06 14:01:40,24,36,933,19.8%,152,NORMAL,592.0,0.0,9.0,False
1767688301.95,2026-01-06 14:01:41,24,36,934,19.8%,152,NORMAL,592.0,0.0,9.1,False
1767688303.40,2026-01-06 14:01:43,24,36,936,19.6%,152,NORMAL,593.0,0.0,9.1,False
1767688305.02,2026-01-06 14:01:45,26,36,941,19.5%,152,NORMAL,598.0,0.0,9.1,False
1767688306.59,2026-01-06 14:01:46,28,36,943,19.6%,152,NORMAL,600.0,0.0,9.1,False
1767688308.24,2026-01-06 14:01:48,26,36,944,19.5%,152,NORMAL,600.0,0.0,9.1,False
1767688309.93,2026-01-06 14:01:49,24,36,946,19.4%,152,NORMAL,598.0,0.0,9.1,False
1767688311.37,2026-01-06 14:01:51,24,36,948,19.3%,152,NORMAL,600.0,0.0,9.0,False
1767688312.97,2026-01-06 14:01:52,25,36,950,19.4%,152,NORMAL,601.0,0.0,9.0,False
1767688314.51,2026-01-06 14:01:54,27,36,950,19.3%,152,NORMAL,599.0,0.0,8.9,False
1767688316.16,2026-01-06 14:01:56,26,36,950,19.2%,152,NORMAL,598.0,0.0,8.8,False
1767688317.59,2026-01-06 14:01:57,24,36,951,19.0%,152,NORMAL,598.0,0.0,8.8,False
1767688319.17,2026-01-06 14:01:59,25,36,956,18.9%,152,NORMAL,603.0,0.0,8.7,False
1767688320.66,2026-01-06 14:02:00,25,36,956,18.8%,152,NORMAL,601.0,0.0,8.7,False
1767688322.15,2026-01-06 14:02:02,24,36,957,18.7%,152,NORMAL,602.0,0.0,8.8,False
1767688323.80,2026-01-06 14:02:03,23,36,957,18.7%,152,NORMAL,598.0,0.0,8.8,False
1767688325.40,2026-01-06 14:02:05,24,36,958,18.6%,152,NORMAL,599.0,0.0,8.8,False
1767688326.89,2026-01-06 14:02:06,23,36,959,18.6%,152,NORMAL,599.0,0.0,8.8,False
1767688327.91,2026-01-06 14:02:07,25,36,961,18.7%,152,NORMAL,601.0,0.0,8.7,False
1767688329.06,2026-01-06 14:02:09,26,36,962,18.7%,152,NORMAL,602.0,0.0,8.7,False
1767688330.19,2026-01-06 14:02:10,26,36,962,18.7%,152,NORMAL,602.0,0.0,8.7,False
1767688331.75,2026-01-06 14:02:11,27,36,963,18.7%,152,NORMAL,603.0,0.0,8.6,False
1767688333.20,2026-01-06 14:02:13,25,36,964,18.7%,152,NORMAL,604.0,0.0,8.6,False
1767688334.92,2026-01-06 14:02:14,25,36,964,18.7%,152,NORMAL,600.0,0.0,8.5,False
1767688336.13,2026-01-06 14:02:16,25,36,967,18.8%,152,NORMAL,603.0,0.0,8.5,False
1767688337.32,2026-01-06 14:02:17,25,36,967,18.9%,152,NORMAL,603.0,0.0,8.5,False
1767688338.96,2026-01-06 14:02:18,24,36,969,18.9%,152,NORMAL,603.0,0.0,8.4,False
1767688340.84,2026-01-06 14:02:20,26,36,970,19.1%,152,NORMAL,603.0,0.0,8.4,False
1767688342.72,2026-01-06 14:02:22,26,36,970,19.2%,152,NORMAL,602.0,0.0,8.4,False
1767688344.45,2026-01-06 14:02:24,28,36,972,19.3%,152,NORMAL,604.0,0.0,8.3,False
1767688346.10,2026-01-06 14:02:26,28,36,973,19.4%,152,NORMAL,605.0,0.0,8.3,False
1767688348.14,2026-01-06 14:02:28,30,36,975,19.5%,152,NORMAL,607.0,0.0,8.3,False
1767688349.80,2026-01-06 14:02:29,29,36,975,19.6%,152,NORMAL,602.0,0.0,8.2,False
1767688351.42,2026-01-06 14:02:31,29,36,976,19.7%,152,NORMAL,601.0,0.0,8.2,False
1767688353.16,2026-01-06 14:02:33,28,36,976,19.7%,152,NORMAL,598.0,0.0,8.2,False
1767688354.77,2026-01-06 14:02:34,27,36,978,19.7%,152,NORMAL,597.0,0.0,8.2,False
1767688356.38,2026-01-06 14:02:36,27,36,979,19.8%,152,NORMAL,597.0,0.0,8.2,False
1767688358.10,2026-01-06 14:02:38,24,36,980,19.8%,152,NORMAL,597.0,0.0,8.2,False
1767688359.58,2026-01-06 14:02:39,21,36,981,19.7%,152,NORMAL,598.0,0.0,8.3,False
1767688361.17,2026-01-06 14:02:41,22,36,983,19.6%,152,NORMAL,599.0,0.0,8.3,False
1767688362.96,2026-01-06 14:02:42,27,36,989,19.6%,152,NORMAL,602.0,0.0,8.4,False
1767688364.64,2026-01-06 14:02:44,27,36,990,19.7%,152,NORMAL,602.0,0.0,8.4,False
1767688366.29,2026-01-06 14:02:46,30,36,992,19.8%,152,NORMAL,604.0,0.0,8.4,False
1767688368.11,2026-01-06 14:02:48,28,36,992,19.9%,152,NORMAL,604.0,0.0,8.4,False
1767688369.91,2026-01-06 14:02:49,27,36,992,19.9%,152,NORMAL,603.0,0.0,8.4,False
1767688371.86,2026-01-06 14:02:51,28,36,995,20.1%,152,NORMAL,605.0,0.0,8.5,False
1767688373.02,2026-01-06 14:02:53,29,36,997,20.2%,152,NORMAL,604.0,0.0,8.5,False
1767688374.14,2026-01-06 14:02:54,26,36,997,20.2%,152,NORMAL,604.0,0.0,8.5,False
1767688375.58,2026-01-06 14:02:55,28,36,999,20.3%,152,NORMAL,604.0,0.0,8.5,False
1767688377.22,2026-01-06 14:02:57,28,36,1000,20.4%,152,NORMAL,603.0,0.0,8.5,False
1767688379.10,2026-01-06 14:02:59,26,36,1003,20.4%,152,NORMAL,606.0,0.0,8.5,False
1767688380.89,2026-01-06 14:03:00,27,36,1005,20.4%,152,NORMAL,606.0,0.0,8.5,False
1767688382.82,2026-01-06 14:03:02,30,36,1008,20.5%,152,NORMAL,609.0,0.0,8.5,False
1767688383.95,2026-01-06 14:03:03,33,36,1013,20.7%,152,NORMAL,614.0,0.0,8.4,False
1767688385.01,2026-01-06 14:03:05,32,36,1013,20.8%,152,NORMAL,614.0,0.0,8.4,False
1767688387.05,2026-01-06 14:03:07,31,36,1016,21.0%,152,NORMAL,616.0,0.0,8.4,False
1767688388.07,2026-01-06 14:03:08,30,36,1017,21.1%,152,NORMAL,616.0,0.0,8.4,False
1767688389.19,2026-01-06 14:03:09,29,36,1017,21.2%,152,NORMAL,613.0,0.0,8.3,False
1767688390.81,2026-01-06 14:03:10,29,36,1020,21.3%,152,NORMAL,616.0,0.0,8.3,False
1767688392.86,2026-01-06 14:03:12,30,36,1021,21.3%,152,NORMAL,615.0,0.0,8.2,False
1767688394.79,2026-01-06 14:03:14,29,36,1022,21.3%,152,NORMAL,615.0,0.0,8.2,False
1767688396.76,2026-01-06 14:03:16,29,36,1024,21.3%,152,NORMAL,616.0,0.0,8.1,False
1767688398.76,2026-01-06 14:03:18,28,36,1025,21.3%,152,NORMAL,617.0,0.0,8.1,False
1767688400.67,2026-01-06 14:03:20,27,36,1025,21.2%,152,NORMAL,616.0,0.0,8.1,False
1767688402.39,2026-01-06 14:03:22,23,36,1027,21.1%,152,NORMAL,615.0,0.0,8.0,False
1767688404.17,2026-01-06 14:03:24,23,36,1029,21.0%,152,NORMAL,613.0,0.0,8.0,False
1767688405.20,2026-01-06 14:03:25,28,36,1032,21.0%,152,NORMAL,616.0,0.0,8.0,False
1767688406.48,2026-01-06 14:03:26,30,36,1034,21.2%,152,NORMAL,615.0,0.0,8.0,False
1767688408.29,2026-01-06 14:03:28,31,36,1037,21.4%,152,NORMAL,618.0,0.0,8.0,False
1767688409.30,2026-01-06 14:03:29,30,36,1039,21.6%,152,NORMAL,618.0,0.0,8.0,False
1767688410.32,2026-01-06 14:03:30,32,36,1040,21.7%,152,NORMAL,619.0,0.0,8.0,False
1767688412.31,2026-01-06 14:03:32,31,36,1043,21.8%,152,NORMAL,621.0,0.0,8.0,False
1767688414.32,2026-01-06 14:03:34,30,36,1044,21.8%,152,NORMAL,622.0,0.0,8.0,False
1767688416.20,2026-01-06 14:03:36,30,36,1047,21.9%,152,NORMAL,623.0,0.0,8.0,False
1767688418.11,2026-01-06 14:03:38,29,36,1047,21.9%,152,NORMAL,621.0,0.0,8.0,False
1767688420.00,2026-01-06 14:03:39,27,36,1048,21.9%,152,NORMAL,620.0,0.0,8.0,False
1767688421.76,2026-01-06 14:03:41,26,36,1048,21.8%,152,NORMAL,617.0,0.0,8.0,False
1767688423.90,2026-01-06 14:03:43,30,36,1051,21.9%,152,NORMAL,620.0,0.0,8.0,False
1767688425.80,2026-01-06 14:03:45,28,36,1052,21.9%,152,NORMAL,621.0,0.0,8.0,False
1767688427.69,2026-01-06 14:03:47,31,36,1052,22.0%,152,NORMAL,620.0,0.0,8.0,False
1767688429.34,2026-01-06 14:03:49,28,36,1053,22.0%,152,NORMAL,619.0,0.0,8.1,False
1767688430.90,2026-01-06 14:03:50,26,36,1054,22.0%,152,NORMAL,618.0,0.0,8.1,False
1767688432.71,2026-01-06 14:03:52,29,36,1058,22.0%,152,NORMAL,622.0,0.0,8.1,False
1767688434.32,2026-01-06 14:03:54,29,36,1059,21.9%,152,NORMAL,623.0,0.0,8.1,False
1767688436.12,2026-01-06 14:03:56,28,36,1059,21.8%,152,NORMAL,622.0,0.0,8.2,False
1767688437.79,2026-01-06 14:03:57,29,36,1061,21.7%,152,NORMAL,622.0,0.0,8.2,False
1767688439.46,2026-01-06 14:03:59,28,36,1061,21.7%,152,NORMAL,622.0,0.0,8.2,False
1767688441.31,2026-01-06 14:04:01,29,36,1062,21.7%,152,NORMAL,622.0,0.0,8.3,False
1767688442.94,2026-01-06 14:04:02,29,36,1063,21.7%,152,NORMAL,621.0,0.0,8.3,False
1767688444.51,2026-01-06 14:04:04,27,36,1064,21.6%,152,NORMAL,618.0,0.0,8.3,False
1767688446.06,2026-01-06 14:04:06,25,36,1064,21.5%,152,NORMAL,617.0,0.0,8.4,False
1767688447.78,2026-01-06 14:04:07,29,36,1068,21.5%,152,NORMAL,619.0,0.0,8.4,False
1767688449.43,2026-01-06 14:04:09,28,36,1069,21.5%,152,NORMAL,618.0,0.0,8.4,False
1767688451.04,2026-01-06 14:04:11,26,36,1069,21.5%,152,NORMAL,616.0,0.0,8.5,False
1767688452.78,2026-01-06 14:04:12,28,36,1071,21.6%,152,NORMAL,615.0,0.0,8.5,False
1767688454.41,2026-01-06 14:04:14,26,36,1072,21.7%,152,NORMAL,616.0,0.0,8.6,False
1767688456.18,2026-01-06 14:04:16,30,36,1074,21.7%,152,NORMAL,617.0,0.0,8.6,False
1767688457.82,2026-01-06 14:04:17,28,36,1075,21.7%,152,NORMAL,618.0,0.0,8.6,False
1767688459.46,2026-01-06 14:04:19,28,36,1077,21.6%,152,NORMAL,619.0,0.0,8.7,False
1767688461.12,2026-01-06 14:04:21,29,36,1078,21.6%,152,NORMAL,609.0,0.0,8.7,False
1767688462.78,2026-01-06 14:04:22,29,36,1080,21.5%,152,NORMAL,607.0,0.0,8.8,False
1767688464.43,2026-01-06 14:04:24,27,36,1081,21.4%,152,NORMAL,608.0,0.0,8.8,False
1767688466.00,2026-01-06 14:04:25,25,36,1082,21.3%,152,NORMAL,608.0,0.0,8.9,False
1767688467.47,2026-01-06 14:04:27,27,36,1082,21.3%,152,NORMAL,607.0,0.0,8.9,False
1767688469.13,2026-01-06 14:04:29,25,36,1083,21.2%,152,NORMAL,607.0,0.0,8.9,False
1767688470.82,2026-01-06 14:04:30,28,36,1084,21.2%,152,NORMAL,607.0,0.0,8.9,False
1767688472.35,2026-01-06 14:04:32,27,36,1085,21.2%,152,NORMAL,607.0,0.0,9.0,False
1767688473.98,2026-01-06 14:04:33,28,36,1087,21.2%,152,NORMAL,607.0,0.0,9.0,False
1767688475.56,2026-01-06 14:04:35,27,36,1088,21.1%,152,NORMAL,607.0,0.0,9.0,False
1767688477.29,2026-01-06 14:04:37,30,36,1090,21.1%,152,NORMAL,607.0,0.0,9.0,False
1767688479.03,2026-01-06 14:04:39,30,36,1092,21.2%,152,NORMAL,608.0,0.0,9.0,False
1767688480.84,2026-01-06 14:04:40,32,36,1095,21.3%,152,NORMAL,611.0,0.0,9.0,False
1767688482.72,2026-01-06 14:04:42,29,36,1096,21.3%,152,NORMAL,610.0,0.0,9.0,False
1767688484.45,2026-01-06 14:04:44,29,36,1098,21.3%,152,NORMAL,611.0,0.0,9.0,False
1767688486.12,2026-01-06 14:04:46,27,36,1099,21.3%,152,NORMAL,611.0,0.0,9.0,False
1767688487.20,2026-01-06 14:04:47,27,36,1101,21.2%,152,NORMAL,612.0,0.0,9.0,False
1767688488.23,2026-01-06 14:04:48,27,36,1102,21.2%,152,NORMAL,613.0,0.0,9.0,False
1767688489.58,2026-01-06 14:04:49,27,36,1103,21.2%,152,NORMAL,611.0,0.0,9.0,False
1767688491.24,2026-01-06 14:04:51,27,36,1104,21.1%,152,NORMAL,612.0,0.0,8.9,False
1767688493.05,2026-01-06 14:04:53,29,36,1105,21.2%,152,NORMAL,611.0,0.0,8.9,False
1767688494.55,2026-01-06 14:04:54,26,36,1106,21.2%,152,NORMAL,611.0,0.0,8.9,False
1767688496.16,2026-01-06 14:04:56,29,36,1109,21.2%,152,NORMAL,613.0,0.0,8.8,False
1767688497.72,2026-01-06 14:04:57,29,36,1110,21.2%,152,NORMAL,613.0,0.0,8.8,False
1767688499.40,2026-01-06 14:04:59,29,36,1110,21.3%,152,NORMAL,613.0,0.0,8.8,False
1767688501.09,2026-01-06 14:05:01,30,36,1111,21.3%,152,NORMAL,613.0,0.0,8.8,False
1767688502.73,2026-01-06 14:05:02,29,36,1112,21.4%,152,NORMAL,614.0,0.0,8.8,False
1767688504.42,2026-01-06 14:05:04,29,36,1114,21.4%,152,NORMAL,616.0,0.0,8.8,False
1767688505.98,2026-01-06 14:05:05,25,36,1117,21.3%,152,NORMAL,617.0,0.0,8.8,False
1767688507.63,2026-01-06 14:05:07,28,36,1119,21.3%,152,NORMAL,618.0,0.0,8.8,False
1767688509.34,2026-01-06 14:05:09,28,36,1119,21.3%,152,NORMAL,617.0,0.0,8.8,False
1767688510.91,2026-01-06 14:05:10,27,36,1120,21.2%,152,NORMAL,617.0,0.0,8.8,False
1767688511.94,2026-01-06 14:05:11,28,36,1121,21.3%,152,NORMAL,618.0,0.0,8.8,False
1767688512.98,2026-01-06 14:05:12,30,36,1122,21.4%,152,NORMAL,619.0,0.0,8.8,False
1767688514.47,2026-01-06 14:05:14,31,36,1123,21.5%,152,NORMAL,619.0,0.0,8.8,False
1767688516.27,2026-01-06 14:05:16,32,36,1126,21.6%,152,NORMAL,622.0,0.0,8.8,False
1767688517.91,2026-01-06 14:05:17,32,36,1129,21.7%,152,NORMAL,622.0,0.0,8.8,False
1767688519.89,2026-01-06 14:05:19,33,36,1129,21.9%,152,NORMAL,622.0,0.0,8.8,False
1767688521.75,2026-01-06 14:05:21,33,36,1130,22.0%,152,NORMAL,618.0,0.0,8.8,False
1767688523.63,2026-01-06 14:05:23,35,36,1132,22.2%,152,NORMAL,619.0,0.0,8.7,False
1767688525.54,2026-01-06 14:05:25,34,36,1132,22.3%,152,NORMAL,619.0,0.0,8.8,False
1767688527.33,2026-01-06 14:05:27,33,36,1133,22.3%,152,NORMAL,620.0,0.0,8.8,False
1767688529.23,2026-01-06 14:05:29,34,36,1134,22.4%,152,NORMAL,621.0,0.0,8.8,False
1767688530.34,2026-01-06 14:05:30,35,36,1135,22.5%,152,NORMAL,621.0,0.0,8.7,False
1767688531.34,2026-01-06 14:05:31,34,36,1136,22.6%,152,NORMAL,621.0,0.0,8.7,False
1767688533.15,2026-01-06 14:05:33,35,36,1138,22.8%,152,NORMAL,622.0,0.0,8.7,False
1767688534.34,2026-01-06 14:05:34,35,36,1141,23.0%,152,NORMAL,623.0,0.0,8.6,False
1767688535.57,2026-01-06 14:05:35,36,36,1141,23.2%,152,NORMAL,621.0,0.0,8.6,False
1767688537.56,2026-01-06 14:05:37,34,37,1141,23.3%,152,NORMAL,619.0,0.0,8.6,False
1767688539.54,2026-01-06 14:05:39,34,37,1142,23.5%,152,NORMAL,619.0,0.0,8.5,False
1767688540.58,2026-01-06 14:05:40,31,37,1143,23.6%,152,NORMAL,619.0,0.0,8.4,False
1767688541.77,2026-01-06 14:05:41,30,37,1143,23.6%,152,NORMAL,618.0,0.0,8.4,False
1767688543.40,2026-01-06 14:05:43,30,37,1143,23.7%,152,NORMAL,616.0,0.0,8.3,False
1767688544.43,2026-01-06 14:05:44,30,37,1145,23.7%,152,NORMAL,617.0,0.0,8.3,False
1767688545.51,2026-01-06 14:05:45,30,37,1145,23.7%,152,NORMAL,615.0,0.0,8.3,False
1767688546.51,2026-01-06 14:05:46,28,37,1146,23.7%,152,NORMAL,615.0,0.0,8.2,False
1767688547.68,2026-01-06 14:05:47,26,37,1146,23.6%,152,NORMAL,614.0,0.0,8.2,False
1767688549.62,2026-01-06 14:05:49,28,37,1148,23.6%,152,NORMAL,615.0,0.0,8.2,False
1767688550.68,2026-01-06 14:05:50,28,37,1149,23.6%,152,NORMAL,615.0,0.0,8.1,False
1767688551.93,2026-01-06 14:05:51,27,37,1149,23.6%,152,NORMAL,614.0,0.0,8.1,False
1767688553.60,2026-01-06 14:05:53,25,37,1150,23.6%,152,NORMAL,614.0,0.0,8.1,False
1767688555.44,2026-01-06 14:05:55,26,37,1152,23.5%,152,NORMAL,615.0,0.0,8.0,False
1767688557.30,2026-01-06 14:05:57,26,37,1153,23.5%,152,NORMAL,616.0,0.0,8.0,False
1767688559.35,2026-01-06 14:05:59,26,37,1155,23.4%,152,NORMAL,617.0,0.0,7.9,False
1767688561.04,2026-01-06 14:06:01,25,37,1155,23.3%,152,NORMAL,617.0,0.0,7.8,False
1767688562.67,2026-01-06 14:06:02,26,37,1155,23.1%,152,NORMAL,617.0,0.0,7.8,False
1767688564.32,2026-01-06 14:06:04,25,37,1156,22.9%,152,NORMAL,618.0,0.0,7.7,False
1767688566.01,2026-01-06 14:06:06,26,37,1157,22.8%,152,NORMAL,619.0,0.0,7.7,False
1767688567.03,2026-01-06 14:06:07,26,37,1159,22.6%,152,NORMAL,620.0,0.0,7.7,False
1767688568.18,2026-01-06 14:06:08,26,37,1159,22.4%,152,NORMAL,620.0,0.0,7.7,False
1767688569.21,2026-01-06 14:06:09,26,37,1160,22.2%,152,NORMAL,619.0,0.0,7.7,False
1767688570.41,2026-01-06 14:06:10,25,37,1160,22.0%,152,NORMAL,618.0,0.0,7.7,False
1767688572.53,2026-01-06 14:06:12,26,37,1161,21.9%,152,NORMAL,617.0,0.0,7.7,False
1767688573.69,2026-01-06 14:06:13,27,37,1163,21.7%,152,NORMAL,617.0,0.0,7.6,False
1767688574.94,2026-01-06 14:06:14,27,37,1163,21.5%,152,NORMAL,617.0,0.0,7.6,False
1767688576.75,2026-01-06 14:06:16,28,37,1163,21.4%,152,NORMAL,616.0,0.0,7.6,False
1767688578.62,2026-01-06 14:06:18,29,37,1165,21.2%,152,NORMAL,614.0,0.0,7.6,False
1767688579.73,2026-01-06 14:06:19,25,37,1166,21.0%,152,NORMAL,615.0,0.0,7.5,False
1767688580.85,2026-01-06 14:06:20,24,37,1166,20.7%,152,NORMAL,615.0,0.0,7.5,False
1767688582.45,2026-01-06 14:06:22,26,37,1166,20.6%,152,NORMAL,614.0,0.0,7.5,False
1767688584.23,2026-01-06 14:06:24,25,37,1167,20.4%,152,NORMAL,615.0,0.0,7.5,False
1767688585.87,2026-01-06 14:06:25,23,37,1170,20.2%,152,NORMAL,618.0,0.0,7.5,False
1767688587.46,2026-01-06 14:06:27,25,37,1172,20.1%,152,NORMAL,619.0,0.0,7.5,False
1767688589.24,2026-01-06 14:06:29,26,37,1173,20.0%,152,NORMAL,620.0,0.0,7.6,False
1767688591.27,2026-01-06 14:06:31,30,37,1175,20.0%,152,NORMAL,621.0,0.0,7.6,False
1767688593.19,2026-01-06 14:06:33,30,37,1176,20.1%,152,NORMAL,621.0,0.0,7.6,False
1767688595.25,2026-01-06 14:06:35,32,37,1177,20.2%,152,NORMAL,620.0,0.0,7.7,False
1767688597.29,2026-01-06 14:06:37,33,37,1180,20.3%,152,NORMAL,623.0,0.0,7.7,False
1767688598.30,2026-01-06 14:06:38,34,37,1182,20.5%,152,NORMAL,625.0,0.0,7.7,False
1767688599.42,2026-01-06 14:06:39,34,37,1182,20.6%,152,NORMAL,625.0,0.0,7.7,False
1767688600.43,2026-01-06 14:06:40,34,37,1186,20.8%,152,NORMAL,628.0,0.0,7.7,False
1767688601.45,2026-01-06 14:06:41,34,37,1186,21.0%,152,NORMAL,628.0,0.0,7.7,False
1767688602.52,2026-01-06 14:06:42,31,37,1187,21.1%,152,NORMAL,628.0,0.0,7.7,False
1767688603.67,2026-01-06 14:06:43,30,37,1188,21.2%,152,NORMAL,628.0,0.0,7.7,False
1767688605.25,2026-01-06 14:06:45,27,37,1189,21.3%,152,NORMAL,626.0,0.0,7.7,False
1767688606.97,2026-01-06 14:06:46,28,37,1191,21.3%,152,NORMAL,628.0,0.0,7.8,False
1767688608.84,2026-01-06 14:06:48,29,37,1192,21.4%,152,NORMAL,628.0,0.0,7.8,False
1767688610.59,2026-01-06 14:06:50,24,37,1192,21.4%,152,NORMAL,628.0,0.0,7.9,False
1767688612.27,2026-01-06 14:06:52,24,37,1192,21.3%,152,NORMAL,627.0,0.0,8.0,False
1767688614.12,2026-01-06 14:06:54,26,37,1192,21.3%,152,NORMAL,625.0,0.0,8.0,False
1767688615.95,2026-01-06 14:06:55,26,37,1193,21.3%,152,NORMAL,623.0,0.0,8.1,False
1767688617.70,2026-01-06 14:06:57,24,37,1193,21.3%,152,NORMAL,619.0,0.0,8.1,False
1767688619.47,2026-01-06 14:06:59,24,37,1194,21.3%,152,NORMAL,617.0,0.0,8.1,False
1767688621.25,2026-01-06 14:07:01,26,37,1196,21.2%,152,NORMAL,617.0,0.0,8.2,False
1767688622.86,2026-01-06 14:07:02,23,37,1196,21.1%,152,NORMAL,617.0,0.0,8.2,False
1767688624.62,2026-01-06 14:07:04,24,37,1197,21.0%,152,NORMAL,616.0,0.0,8.2,False
1767688626.58,2026-01-06 14:07:06,22,37,1199,20.9%,152,NORMAL,616.0,0.0,8.2,False
1767688627.84,2026-01-06 14:07:07,26,37,1200,20.9%,152,NORMAL,616.0,0.0,8.2,False
1767688628.89,2026-01-06 14:07:08,26,37,1200,21.0%,152,NORMAL,615.0,0.0,8.2,False
1767688630.54,2026-01-06 14:07:10,24,37,1201,20.9%,152,NORMAL,614.0,0.0,8.1,False
1767688632.18,2026-01-06 14:07:12,27,37,1205,21.0%,152,NORMAL,617.0,0.0,8.1,False
1767688633.32,2026-01-06 14:07:13,27,37,1207,21.0%,152,NORMAL,616.0,0.0,8.1,False
1767688634.49,2026-01-06 14:07:14,27,37,1208,21.1%,152,NORMAL,617.0,0.0,8.1,False
1767688636.23,2026-01-06 14:07:16,27,37,1208,21.1%,152,NORMAL,613.0,0.0,8.0,False
1767688637.88,2026-01-06 14:07:17,28,37,1208,21.1%,152,NORMAL,610.0,0.0,8.0,False
1767688639.68,2026-01-06 14:07:19,32,37,1211,21.1%,152,NORMAL,612.0,0.0,8.0,False
1767688641.46,2026-01-06 14:07:21,31,37,1213,21.1%,152,NORMAL,613.0,0.0,8.0,False
1767688643.11,2026-01-06 14:07:23,28,37,1214,21.0%,152,NORMAL,613.0,0.0,8.0,False
1767688644.75,2026-01-06 14:07:24,25,37,1215,20.8%,152,NORMAL,611.0,0.0,8.1,False
1767688645.78,2026-01-06 14:07:25,23,37,1217,20.5%,152,NORMAL,613.0,0.0,8.1,False
1767688646.99,2026-01-06 14:07:26,26,37,1220,20.3%,152,NORMAL,616.0,0.0,8.1,False
1767688648.57,2026-01-06 14:07:28,30,37,1223,20.2%,152,NORMAL,617.0,0.0,8.1,False
1767688650.37,2026-01-06 14:07:30,30,37,1223,20.2%,152,NORMAL,616.0,0.0,8.1,False
1767688652.15,2026-01-06 14:07:32,30,37,1226,20.2%,152,NORMAL,618.0,0.0,8.1,False
1767688653.89,2026-01-06 14:07:33,27,37,1227,20.2%,152,NORMAL,618.0,0.0,8.1,False
1767688654.98,2026-01-06 14:07:34,27,37,1227,20.2%,152,NORMAL,617.0,0.0,8.1,False
1767688655.99,2026-01-06 14:07:35,28,37,1228,20.2%,152,NORMAL,618.0,0.0,8.1,False
1767688657.39,2026-01-06 14:07:37,29,37,1230,20.3%,152,NORMAL,620.0,0.0,8.1,False
1767688659.11,2026-01-06 14:07:39,29,37,1231,20.4%,152,NORMAL,619.0,0.0,8.1,False
1767688660.73,2026-01-06 14:07:40,29,37,1232,20.5%,152,NORMAL,617.0,0.0,8.1,False
1767688662.38,2026-01-06 14:07:42,26,37,1233,20.5%,152,NORMAL,615.0,0.0,8.2,False
1767688664.06,2026-01-06 14:07:44,31,37,1239,20.6%,152,NORMAL,621.0,0.0,8.2,False
1767688665.91,2026-01-06 14:07:45,32,37,1242,20.8%,152,NORMAL,621.0,0.0,8.3,False
1767688667.50,2026-01-06 14:07:47,28,37,1242,20.9%,152,NORMAL,619.0,0.0,8.4,False
1767688669.19,2026-01-06 14:07:49,28,37,1245,21.0%,152,NORMAL,619.0,0.0,8.4,False
1767688671.14,2026-01-06 14:07:51,26,37,1246,21.0%,152,NORMAL,618.0,0.0,8.5,False
1767688672.65,2026-01-06 14:07:52,16,37,1247,20.9%,152,NORMAL,617.0,0.0,8.5,False
1767688673.93,2026-01-06 14:07:53,30,37,1247,21.0%,152,NORMAL,617.0,0.0,8.5,False
1767688675.16,2026-01-06 14:07:55,29,37,1247,21.1%,152,NORMAL,617.0,0.0,8.5,False
1767688676.58,2026-01-06 14:07:56,26,37,1247,21.1%,152,NORMAL,617.0,0.0,8.5,False
1767688677.75,2026-01-06 14:07:57,25,37,1247,21.1%,152,NORMAL,614.0,0.0,8.4,False
1767688678.77,2026-01-06 14:07:58,15,37,1247,20.8%,152,NORMAL,614.0,0.0,8.4,False
1767688679.90,2026-01-06 14:07:59,16,37,1247,20.5%,152,NORMAL,614.0,0.0,8.4,False
1767688681.17,2026-01-06 14:08:01,25,37,1248,20.5%,152,NORMAL,615.0,0.0,8.3,False
1767688682.33,2026-01-06 14:08:02,24,37,1248,20.4%,152,NORMAL,614.0,0.0,8.3,False
1767688683.47,2026-01-06 14:08:03,17,37,1248,20.0%,152,NORMAL,614.0,0.0,8.2,False
1767688684.64,2026-01-06 14:08:04,18,37,1248,19.7%,152,NORMAL,614.0,0.0,8.2,False
1767688685.83,2026-01-06 14:08:05,22,37,1249,19.5%,152,NORMAL,615.0,0.0,8.1,False
1767688686.99,2026-01-06 14:08:06,22,37,1249,19.5%,152,NORMAL,614.0,0.0,8.1,False
1767688688.45,2026-01-06 14:08:08,20,37,1253,19.4%,152,NORMAL,616.0,0.0,8.0,False
1767688690.27,2026-01-06 14:08:10,26,37,1261,19.4%,152,NORMAL,621.0,0.0,8.0,False
1767688691.98,2026-01-06 14:08:11,25,37,1264,19.3%,152,NORMAL,621.0,0.0,7.9,False
1767688693.74,2026-01-06 14:08:13,30,37,1265,19.3%,152,NORMAL,621.0,0.0,7.9,False
1767688695.38,2026-01-06 14:08:15,25,37,1265,19.2%,152,NORMAL,620.0,0.0,7.9,False
1767688696.48,2026-01-06 14:08:16,28,37,1267,19.2%,152,NORMAL,622.0,0.0,7.9,False
1767688697.53,2026-01-06 14:08:17,27,37,1267,19.2%,152,NORMAL,621.0,0.0,7.9,False
1767688699.57,2026-01-06 14:08:19,29,37,1269,19.2%,152,NORMAL,620.0,0.0,7.9,False
1767688701.70,2026-01-06 14:08:21,28,37,1270,19.2%,152,NORMAL,620.0,0.0,7.9,False
1767688703.71,2026-01-06 14:08:23,26,37,1271,19.1%,152,NORMAL,621.0,0.0,7.8,False
1767688705.83,2026-01-06 14:08:25,29,37,1272,19.1%,152,NORMAL,618.0,0.0,7.8,False
1767688707.95,2026-01-06 14:08:27,27,37,1273,19.1%,152,NORMAL,614.0,0.0,7.8,False
1767688709.92,2026-01-06 14:08:29,27,37,1273,19.0%,152,NORMAL,613.0,0.0,7.7,False
1767688712.04,2026-01-06 14:08:32,27,37,1273,18.9%,152,NORMAL,611.0,0.0,7.7,False
1767688714.05,2026-01-06 14:08:34,26,37,1274,18.9%,152,NORMAL,608.0,0.0,7.7,False
1767688715.83,2026-01-06 14:08:35,28,37,1277,18.9%,152,NORMAL,609.0,0.0,7.7,False
1767688716.96,2026-01-06 14:08:36,24,37,1282,18.8%,152,NORMAL,612.0,0.0,7.8,False
1767688718.22,2026-01-06 14:08:38,26,37,1284,19.1%,152,NORMAL,613.0,0.0,7.8,False
1767688719.56,2026-01-06 14:08:39,24,37,1285,18.9%,152,NORMAL,612.0,0.0,7.8,False
1767688721.16,2026-01-06 14:08:41,25,37,1285,18.8%,152,NORMAL,607.0,0.0,7.9,False
1767688722.97,2026-01-06 14:08:42,27,37,1286,18.9%,152,NORMAL,608.0,0.0,8.0,False
1767688724.75,2026-01-06 14:08:44,23,37,1287,18.8%,152,NORMAL,607.0,0.0,8.0,False
1767688725.78,2026-01-06 14:08:45,28,37,1290,19.1%,152,NORMAL,608.0,0.0,8.1,False
1767688727.02,2026-01-06 14:08:47,25,37,1291,19.4%,152,NORMAL,609.0,0.0,8.1,False
1767688728.70,2026-01-06 14:08:48,26,37,1292,19.4%,152,NORMAL,607.0,0.0,8.1,False
1767688730.43,2026-01-06 14:08:50,22,37,1293,19.3%,152,NORMAL,607.0,0.0,8.1,False
1767688732.07,2026-01-06 14:08:52,25,37,1296,19.5%,152,NORMAL,609.0,0.0,8.1,False
1767688733.54,2026-01-06 14:08:53,23,37,1297,19.7%,152,NORMAL,610.0,0.0,8.0,False
1767688735.41,2026-01-06 14:08:55,24,37,1299,19.7%,152,NORMAL,608.0,0.0,8.0,False
1767688737.12,2026-01-06 14:08:57,25,37,1300,19.8%,152,NORMAL,607.0,0.0,8.0,False
1767688738.70,2026-01-06 14:08:58,23,37,1300,19.8%,152,NORMAL,606.0,0.0,8.0,False
1767688740.21,2026-01-06 14:09:00,22,37,1304,19.7%,152,NORMAL,608.0,0.0,8.1,False
1767688741.76,2026-01-06 14:09:01,24,37,1305,19.7%,152,NORMAL,606.0,0.0,8.1,False
1767688743.24,2026-01-06 14:09:03,22,37,1306,19.5%,152,NORMAL,606.0,0.0,8.2,False
1767688744.56,2026-01-06 14:09:04,19,37,1307,19.4%,152,NORMAL,604.0,0.0,8.2,False
1767688745.96,2026-01-06 14:09:05,18,37,1311,19.2%,152,NORMAL,606.0,0.0,8.3,False
1767688747.35,2026-01-06 14:09:07,18,37,1311,18.9%,152,NORMAL,604.0,0.0,8.3,False
1767688748.73,2026-01-06 14:09:08,19,37,1312,18.7%,152,NORMAL,602.0,0.0,8.4,False
1767688750.23,2026-01-06 14:09:10,19,37,1314,18.5%,152,NORMAL,592.0,0.0,8.4,False
1767688751.65,2026-01-06 14:09:11,21,37,1316,18.4%,152,NORMAL,591.0,0.0,8.5,False
1767688753.27,2026-01-06 14:09:13,23,37,1322,18.2%,152,NORMAL,594.0,0.0,8.5,False
1767688754.80,2026-01-06 14:09:14,23,37,1325,18.1%,152,NORMAL,595.0,0.0,8.6,False
1767688756.35,2026-01-06 14:09:16,23,37,1326,18.0%,152,NORMAL,593.0,0.0,8.6,False
1767688757.97,2026-01-06 14:09:17,25,37,1328,18.0%,152,NORMAL,594.0,0.0,8.7,False
1767688759.47,2026-01-06 14:09:19,21,37,1330,17.9%,152,NORMAL,591.0,0.0,8.7,False
1767688761.07,2026-01-06 14:09:21,24,37,1331,17.8%,152,NORMAL,589.0,0.0,8.7,False
1767688762.59,2026-01-06 14:09:22,22,37,1335,17.7%,152,NORMAL,588.0,0.0,8.8,False
1767688764.91,2026-01-06 14:09:24,26,37,1338,17.7%,152,NORMAL,589.0,0.0,8.8,False
1767688766.00,2026-01-06 14:09:26,26,37,1339,17.8%,152,NORMAL,589.0,0.0,8.8,False
1767688767.40,2026-01-06 14:09:27,22,37,1340,17.7%,152,NORMAL,589.0,0.0,8.8,False
1767688768.74,2026-01-06 14:09:28,27,37,1345,17.7%,152,NORMAL,592.0,0.0,8.7,False
1767688769.95,2026-01-06 14:09:29,26,37,1345,17.8%,152,NORMAL,592.0,0.0,8.7,False
1767688771.27,2026-01-06 14:09:31,29,37,1346,17.8%,152,NORMAL,590.0,0.0,8.6,False
1767688772.48,2026-01-06 14:09:32,28,37,1346,17.9%,152,NORMAL,589.0,0.0,8.6,False
1767688773.66,2026-01-06 14:09:33,27,37,1348,17.9%,152,NORMAL,589.0,0.0,8.5,False
1767688774.75,2026-01-06 14:09:34,26,37,1348,18.0%,152,NORMAL,587.0,0.0,8.5,False
1767688775.86,2026-01-06 14:09:35,25,37,1349,18.0%,152,NORMAL,587.0,0.0,8.4,False
1767688777.32,2026-01-06 14:09:37,25,37,1350,18.0%,152,NORMAL,586.0,0.0,8.4,False
1767688778.61,2026-01-06 14:09:38,28,37,1352,18.1%,152,NORMAL,587.0,0.0,8.2,False
1767688779.94,2026-01-06 14:09:39,28,37,1353,18.2%,152,NORMAL,588.0,0.0,8.2,False
1767688781.20,2026-01-06 14:09:41,26,37,1355,18.3%,152,NORMAL,589.0,0.0,8.1,False
1767688782.35,2026-01-06 14:09:42,23,37,1355,18.3%,152,NORMAL,589.0,0.0,8.1,False
1767688783.59,2026-01-06 14:09:43,28,37,1359,18.4%,152,NORMAL,592.0,0.0,7.9,False
1767688784.82,2026-01-06 14:09:44,27,37,1359,18.5%,152,NORMAL,592.0,0.0,7.9,False
1767688785.97,2026-01-06 14:09:45,25,37,1359,18.6%,152,NORMAL,590.0,0.0,7.8,False
1767688787.19,2026-01-06 14:09:47,26,37,1359,18.8%,152,NORMAL,590.0,0.0,7.8,False
1767688788.29,2026-01-06 14:09:48,24,37,1360,19.0%,152,NORMAL,591.0,0.0,7.7,False
1767688789.39,2026-01-06 14:09:49,23,37,1361,19.1%,152,NORMAL,592.0,0.0,7.6,False
1767688790.42,2026-01-06 14:09:50,23,37,1362,19.2%,152,NORMAL,592.0,0.0,7.5,False
1767688791.85,2026-01-06 14:09:51,24,37,1362,19.3%,152,NORMAL,591.0,0.0,7.5,False
1767688793.03,2026-01-06 14:09:53,24,37,1363,19.3%,152,NORMAL,591.0,0.0,7.4,False
1767688794.07,2026-01-06 14:09:54,23,37,1363,19.3%,152,NORMAL,591.0,0.0,7.4,False
1767688795.12,2026-01-06 14:09:55,22,37,1363,19.3%,152,NORMAL,591.0,0.0,7.2,False
1767688796.18,2026-01-06 14:09:56,23,37,1363,19.2%,152,NORMAL,591.0,0.0,7.2,False
1767688797.20,2026-01-06 14:09:57,22,37,1363,19.2%,152,NORMAL,586.0,0.0,7.1,False
1767688798.25,2026-01-06 14:09:58,23,37,1364,19.2%,152,NORMAL,587.0,0.0,7.1,False
1767688799.54,2026-01-06 14:09:59,29,37,1369,19.4%,152,NORMAL,592.0,0.0,7.0,False
1767688800.74,2026-01-06 14:10:00,27,37,1370,19.4%,152,NORMAL,593.0,0.0,6.9,False
1767688801.88,2026-01-06 14:10:01,19,37,1374,19.2%,152,NORMAL,594.0,0.0,6.9,False
1767688803.26,2026-01-06 14:10:03,21,37,1375,19.2%,152,NORMAL,594.0,0.0,6.8,False
1767688804.33,2026-01-06 14:10:04,22,37,1377,19.1%,152,NORMAL,596.0,0.0,6.7,False
1767688805.43,2026-01-06 14:10:05,23,37,1378,19.0%,152,NORMAL,597.0,0.0,6.7,False
1767688807.32,2026-01-06 14:10:07,21,37,1378,18.8%,152,NORMAL,593.0,0.0,6.5,False
1767688809.25,2026-01-06 14:10:09,23,37,1380,18.7%,152,NORMAL,594.0,0.0,6.5,False
1767688811.32,2026-01-06 14:10:11,24,37,1382,18.6%,152,NORMAL,595.0,0.0,6.4,False
1767688812.45,2026-01-06 14:10:12,24,37,1385,18.6%,152,NORMAL,598.0,0.0,6.4,False
1767688813.50,2026-01-06 14:10:13,24,37,1385,18.6%,152,NORMAL,596.0,0.0,6.4,False
1767688814.51,2026-01-06 14:10:14,23,37,1387,18.5%,152,NORMAL,597.0,0.0,6.4,False
1767688815.58,2026-01-06 14:10:15,24,37,1388,18.4%,152,NORMAL,598.0,0.0,6.4,False
1767688816.70,2026-01-06 14:10:16,27,37,1390,18.4%,152,NORMAL,599.0,0.0,6.4,False
1767688817.93,2026-01-06 14:10:17,27,37,1391,18.4%,152,NORMAL,600.0,0.0,6.4,False
1767688819.01,2026-01-06 14:10:19,23,37,1392,18.4%,152,NORMAL,601.0,0.0,6.4,False
1767688820.06,2026-01-06 14:10:20,23,37,1392,18.3%,152,NORMAL,601.0,0.0,6.4,False
1767688822.01,2026-01-06 14:10:22,22,37,1393,18.2%,152,NORMAL,600.0,0.0,6.5,False
1767688823.60,2026-01-06 14:10:23,22,37,1397,18.1%,152,NORMAL,604.0,0.0,6.5,False
1767688825.19,2026-01-06 14:10:25,26,37,1401,18.1%,152,NORMAL,607.0,0.0,6.6,False
1767688826.89,2026-01-06 14:10:26,26,37,1401,18.2%,152,NORMAL,606.0,0.0,6.6,False
1767688828.54,2026-01-06 14:10:28,29,37,1402,18.3%,152,NORMAL,607.0,0.0,6.7,False
1767688830.05,2026-01-06 14:10:30,26,37,1402,18.4%,152,NORMAL,607.0,0.0,6.8,False
1767688831.62,2026-01-06 14:10:31,25,37,1403,18.4%,152,NORMAL,608.0,0.0,7.0,False
1767688833.26,2026-01-06 14:10:33,25,37,1405,18.4%,152,NORMAL,610.0,0.0,7.1,False
1767688835.01,2026-01-06 14:10:35,28,37,1411,18.5%,152,NORMAL,616.0,0.0,7.3,False
1767688836.66,2026-01-06 14:10:36,28,37,1413,18.7%,152,NORMAL,613.0,0.0,7.4,False
1767688838.19,2026-01-06 14:10:38,22,37,1413,18.7%,152,NORMAL,606.0,0.0,7.6,False
1767688839.84,2026-01-06 14:10:39,23,37,1417,18.7%,152,NORMAL,607.0,0.0,7.7,False
1767688841.49,2026-01-06 14:10:41,24,37,1421,18.7%,152,NORMAL,608.0,0.0,7.8,False
1767688843.21,2026-01-06 14:10:43,27,37,1423,18.7%,152,NORMAL,605.0,0.0,8.0,False
1767688844.84,2026-01-06 14:10:44,26,37,1427,18.6%,152,NORMAL,608.0,0.0,8.1,False
1767688846.49,2026-01-06 14:10:46,28,37,1430,18.8%,152,NORMAL,607.0,0.0,8.2,False
1767688848.22,2026-01-06 14:10:48,24,37,1434,18.9%,152,NORMAL,608.0,0.0,8.3,False
1767688849.91,2026-01-06 14:10:49,26,37,1435,19.0%,152,NORMAL,607.0,0.0,8.5,False
1767688851.47,2026-01-06 14:10:51,23,37,1437,19.0%,152,NORMAL,607.0,0.0,8.6,False
1767688853.04,2026-01-06 14:10:53,23,37,1439,19.1%,152,NORMAL,608.0,0.0,8.7,False
1767688854.48,2026-01-06 14:10:54,21,37,1442,19.0%,152,NORMAL,611.0,0.0,8.8,False
1767688856.21,2026-01-06 14:10:56,27,37,1447,19.1%,152,NORMAL,612.0,0.0,8.9,False
1767688857.80,2026-01-06 14:10:57,24,37,1449,19.1%,152,NORMAL,613.0,0.0,9.0,False
1767688859.54,2026-01-06 14:10:59,25,37,1452,19.1%,152,NORMAL,615.0,0.0,9.0,False
1767688861.02,2026-01-06 14:11:01,24,37,1455,19.1%,152,NORMAL,615.0,0.0,9.0,False
1767688862.52,2026-01-06 14:11:02,24,37,1458,19.1%,152,NORMAL,617.0,0.0,9.0,False
1767688864.08,2026-01-06 14:11:04,27,37,1462,19.1%,152,NORMAL,619.0,0.0,9.0,False
1767688865.71,2026-01-06 14:11:05,27,37,1466,19.1%,152,NORMAL,622.0,0.0,9.0,False
1767688867.28,2026-01-06 14:11:07,23,37,1470,19.1%,152,NORMAL,624.0,0.0,9.0,False
1767688868.36,2026-01-06 14:11:08,26,37,1471,19.2%,152,NORMAL,622.0,0.0,9.0,False
1767688869.39,2026-01-06 14:11:09,26,37,1471,19.3%,152,NORMAL,620.0,0.0,9.0,False
1767688871.10,2026-01-06 14:11:11,27,37,1473,19.4%,152,NORMAL,619.0,0.0,9.0,False
1767688872.12,2026-01-06 14:11:12,29,37,1474,19.5%,152,NORMAL,619.0,0.0,8.9,False
1767688873.18,2026-01-06 14:11:13,29,37,1475,19.6%,152,NORMAL,620.0,0.0,8.9,False
1767688874.59,2026-01-06 14:11:14,29,37,1476,19.6%,152,NORMAL,619.0,0.0,8.9,False
1767688876.18,2026-01-06 14:11:16,27,37,1478,19.6%,152,NORMAL,620.0,0.0,8.9,False
1767688877.91,2026-01-06 14:11:17,28,37,1480,19.7%,152,NORMAL,620.0,0.0,8.8,False
1767688879.50,2026-01-06 14:11:19,25,37,1481,19.7%,152,NORMAL,618.0,0.0,8.8,False
1767688881.05,2026-01-06 14:11:21,24,37,1482,19.6%,152,NORMAL,617.0,0.0,8.8,False
1767688882.53,2026-01-06 14:11:22,24,37,1483,19.5%,152,NORMAL,617.0,0.0,8.8,False
1767688883.97,2026-01-06 14:11:23,22,37,1486,19.5%,152,NORMAL,619.0,0.0,8.8,False
1767688885.01,2026-01-06 14:11:25,22,37,1486,19.4%,152,NORMAL,617.0,0.0,8.8,False
1767688886.17,2026-01-06 14:11:26,23,37,1487,19.4%,152,NORMAL,616.0,0.0,8.8,False
1767688887.36,2026-01-06 14:11:27,23,37,1489,19.3%,152,NORMAL,616.0,0.0,8.8,False
1767688889.05,2026-01-06 14:11:29,25,37,1493,19.3%,152,NORMAL,617.0,0.0,8.7,False
1767688890.74,2026-01-06 14:11:30,24,37,1495,19.2%,152,NORMAL,618.0,0.0,8.7,False
1767688892.54,2026-01-06 14:11:32,29,37,1497,19.3%,152,NORMAL,619.0,0.0,8.6,False
1767688894.33,2026-01-06 14:11:34,30,37,1498,19.4%,152,NORMAL,617.0,0.0,8.6,False
1767688896.15,2026-01-06 14:11:36,32,37,1502,19.6%,152,NORMAL,617.0,0.0,8.6,False
1767688897.94,2026-01-06 14:11:37,31,37,1503,19.8%,152,NORMAL,615.0,0.0,8.6,False
1767688899.65,2026-01-06 14:11:39,29,37,1504,20.0%,152,NORMAL,612.0,0.0,8.6,False
1767688901.34,2026-01-06 14:11:41,27,37,1505,20.0%,152,NORMAL,612.0,0.0,8.6,False
1767688903.17,2026-01-06 14:11:43,30,37,1508,20.1%,152,NORMAL,614.0,0.0,8.6,False
1767688904.70,2026-01-06 14:11:44,28,37,1508,20.2%,152,NORMAL,614.0,0.0,8.7,False
1767688906.30,2026-01-06 14:11:46,25,37,1508,20.2%,152,NORMAL,611.0,0.0,8.7,False
1767688907.92,2026-01-06 14:11:47,28,37,1510,20.3%,152,NORMAL,612.0,0.0,8.7,False
1767688909.40,2026-01-06 14:11:49,26,37,1511,20.3%,152,NORMAL,610.0,0.0,8.7,False
1767688911.03,2026-01-06 14:11:51,25,37,1512,20.3%,152,NORMAL,609.0,0.0,8.7,False
1767688912.47,2026-01-06 14:11:52,23,37,1513,20.3%,152,NORMAL,605.0,0.0,8.7,False
1767688914.17,2026-01-06 14:11:54,26,37,1516,20.3%,152,NORMAL,606.0,0.0,8.7,False
1767688915.64,2026-01-06 14:11:55,23,37,1518,20.2%,152,NORMAL,607.0,0.0,8.7,False
1767688917.66,2026-01-06 14:11:57,30,37,1523,20.3%,152,NORMAL,612.0,0.0,8.8,False
1767688919.46,2026-01-06 14:11:59,31,37,1526,20.3%,152,NORMAL,614.0,0.0,8.8,False
1767688921.35,2026-01-06 14:12:01,33,37,1529,20.4%,152,NORMAL,615.0,0.0,8.8,False
1767688923.22,2026-01-06 14:12:03,29,37,1530,20.4%,152,NORMAL,615.0,0.0,8.8,False
1767688924.95,2026-01-06 14:12:04,29,37,1530,20.4%,152,NORMAL,613.0,0.0,8.8,False
1767688926.79,2026-01-06 14:12:06,33,37,1532,20.6%,152,NORMAL,615.0,0.0,8.8,False
1767688928.58,2026-01-06 14:12:08,30,37,1534,20.7%,152,NORMAL,616.0,0.0,8.8,False
1767688930.42,2026-01-06 14:12:10,30,37,1534,20.8%,152,NORMAL,612.0,0.0,8.8,False
1767688931.49,2026-01-06 14:12:11,27,37,1534,20.9%,152,NORMAL,611.0,0.0,8.7,False
1767688932.54,2026-01-06 14:12:12,28,37,1534,21.0%,152,NORMAL,610.0,0.0,8.7,False
1767688933.96,2026-01-06 14:12:13,25,37,1534,21.1%,152,NORMAL,609.0,0.0,8.7,False
1767688935.86,2026-01-06 14:12:15,30,37,1539,21.3%,152,NORMAL,614.0,0.0,8.7,False
1767688937.48,2026-01-06 14:12:17,26,37,1540,21.3%,152,NORMAL,615.0,0.0,8.7,False
1767688939.07,2026-01-06 14:12:19,24,37,1540,21.3%,152,NORMAL,614.0,0.0,8.6,False
1767688940.65,2026-01-06 14:12:20,23,37,1542,21.3%,152,NORMAL,616.0,0.0,8.6,False
1767688942.27,2026-01-06 14:12:22,26,37,1544,21.2%,152,NORMAL,617.0,0.0,8.6,False
1767688943.87,2026-01-06 14:12:23,26,37,1545,21.1%,152,NORMAL,615.0,0.0,8.6,False
1767688945.55,2026-01-06 14:12:25,26,37,1547,21.0%,152,NORMAL,614.0,0.0,8.6,False
1767688947.10,2026-01-06 14:12:27,24,37,1547,20.8%,152,NORMAL,614.0,0.0,8.6,False
1767688948.77,2026-01-06 14:12:28,25,37,1549,20.7%,152,NORMAL,615.0,0.0,8.6,False
1767688950.44,2026-01-06 14:12:30,27,37,1550,20.7%,152,NORMAL,614.0,0.0,8.6,False
1767688951.52,2026-01-06 14:12:31,27,37,1551,20.7%,152,NORMAL,610.0,0.0,8.6,False
1767688952.56,2026-01-06 14:12:32,27,37,1552,20.6%,152,NORMAL,610.0,0.0,8.6,False
1767688954.05,2026-01-06 14:12:34,27,37,1555,20.7%,152,NORMAL,612.0,0.0,8.6,False
1767688955.78,2026-01-06 14:12:35,27,37,1557,20.7%,152,NORMAL,612.0,0.0,8.6,False
1767688957.71,2026-01-06 14:12:37,31,37,1561,20.8%,152,NORMAL,614.0,0.0,8.6,False
1767688959.48,2026-01-06 14:12:39,29,37,1562,20.9%,152,NORMAL,614.0,0.0,8.5,False
1767688960.62,2026-01-06 14:12:40,28,37,1563,21.0%,152,NORMAL,613.0,0.0,8.5,False
1767688961.71,2026-01-06 14:12:41,30,37,1563,21.1%,152,NORMAL,613.0,0.0,8.5,False
1767688963.53,2026-01-06 14:12:43,30,37,1564,21.2%,152,NORMAL,614.0,0.0,8.5,False
1767688965.32,2026-01-06 14:12:45,30,37,1566,21.2%,152,NORMAL,616.0,0.0,8.5,False
1767688966.32,2026-01-06 14:12:46,28,37,1567,21.2%,152,NORMAL,616.0,0.0,8.4,False
1767688967.48,2026-01-06 14:12:47,30,37,1567,21.1%,152,NORMAL,614.0,0.0,8.4,False
1767688968.69,2026-01-06 14:12:48,31,37,1567,21.2%,152,NORMAL,611.0,0.0,8.4,False
1767688970.07,2026-01-06 14:12:50,32,37,1569,21.2%,152,NORMAL,613.0,0.0,8.4,False
1767688972.10,2026-01-06 14:12:52,30,37,1569,21.2%,152,NORMAL,613.0,0.0,8.3,False
1767688973.31,2026-01-06 14:12:53,28,37,1569,21.1%,152,NORMAL,612.0,0.0,8.2,False
1767688974.63,2026-01-06 14:12:54,28,37,1569,21.1%,152,NORMAL,612.0,0.0,8.2,False
1767688975.79,2026-01-06 14:12:55,27,37,1569,21.1%,152,NORMAL,612.0,0.0,8.1,False
1767688977.06,2026-01-06 14:12:57,28,37,1570,21.1%,152,NORMAL,613.0,0.0,8.1,False
1767688978.19,2026-01-06 14:12:58,31,37,1575,21.2%,152,NORMAL,617.0,0.0,8.0,False
1767688979.27,2026-01-06 14:12:59,30,37,1575,21.2%,152,NORMAL,617.0,0.0,7.9,False
1767688980.52,2026-01-06 14:13:00,18,37,1578,21.0%,152,NORMAL,618.0,0.0,7.8,False
1767688982.22,2026-01-06 14:13:02,28,37,1587,21.1%,152,NORMAL,626.0,0.0,7.7,False
1767688983.66,2026-01-06 14:13:03,26,37,1588,21.2%,152,NORMAL,626.0,0.0,7.6,False
1767688985.29,2026-01-06 14:13:05,25,37,1591,21.2%,152,NORMAL,628.0,0.0,7.6,False
1767688986.99,2026-01-06 14:13:06,31,37,1594,21.3%,152,NORMAL,630.0,0.0,7.6,False
1767688988.65,2026-01-06 14:13:08,27,37,1596,21.3%,152,NORMAL,631.0,0.0,7.6,False
1767688990.25,2026-01-06 14:13:10,26,37,1601,21.3%,152,NORMAL,634.0,0.0,7.6,False
1767688991.97,2026-01-06 14:13:11,28,37,1606,21.4%,152,NORMAL,637.0,0.0,7.7,False
1767688993.79,2026-01-06 14:13:13,34,37,1612,21.6%,152,NORMAL,642.0,0.0,7.7,False
1767688995.50,2026-01-06 14:13:15,29,37,1613,21.6%,152,NORMAL,642.0,0.0,7.7,False
1767688997.30,2026-01-06 14:13:17,31,37,1615,21.7%,152,NORMAL,643.0,0.0,7.8,False
1767688999.08,2026-01-06 14:13:19,31,37,1617,21.8%,152,NORMAL,644.0,0.0,7.8,False
1767689000.75,2026-01-06 14:13:20,29,37,1618,21.9%,152,NORMAL,643.0,0.0,7.9,False
1767689002.36,2026-01-06 14:13:22,27,37,1619,21.8%,152,NORMAL,644.0,0.0,8.0,False
1767689004.05,2026-01-06 14:13:24,29,37,1621,21.8%,152,NORMAL,645.0,0.0,8.1,False
1767689005.68,2026-01-06 14:13:25,28,37,1623,21.8%,152,NORMAL,647.0,0.0,8.2,False
1767689007.37,2026-01-06 14:13:27,29,37,1624,21.7%,152,NORMAL,646.0,0.0,8.3,False
1767689008.46,2026-01-06 14:13:28,26,37,1625,21.6%,152,NORMAL,646.0,0.0,8.3,False
1767689009.52,2026-01-06 14:13:29,26,37,1625,21.5%,152,NORMAL,646.0,0.0,8.4,False
1767689011.19,2026-01-06 14:13:31,27,37,1627,21.5%,152,NORMAL,647.0,0.0,8.4,False
1767689012.88,2026-01-06 14:13:32,29,37,1630,21.5%,152,NORMAL,648.0,0.0,8.5,False
1767689014.57,2026-01-06 14:13:34,28,37,1631,21.4%,152,NORMAL,648.0,0.0,8.5,False
1767689016.25,2026-01-06 14:13:36,24,37,1633,21.2%,152,NORMAL,644.0,0.0,8.5,False
1767689017.80,2026-01-06 14:13:37,28,37,1635,21.2%,152,NORMAL,645.0,0.0,8.4,False
1767689019.29,2026-01-06 14:13:39,24,37,1636,21.1%,152,NORMAL,644.0,0.0,8.4,False
1767689020.92,2026-01-06 14:13:40,27,37,1638,21.1%,152,NORMAL,646.0,0.0,8.4,False
1767689022.51,2026-01-06 14:13:42,26,37,1638,21.1%,152,NORMAL,646.0,0.0,8.4,False
1767689024.08,2026-01-06 14:13:44,26,37,1639,21.0%,152,NORMAL,643.0,0.0,8.4,False
1767689025.48,2026-01-06 14:13:45,22,37,1639,20.8%,152,NORMAL,642.0,0.0,8.4,False
1767689027.10,2026-01-06 14:13:47,28,37,1641,20.8%,152,NORMAL,642.0,0.0,8.4,False
1767689028.85,2026-01-06 14:13:48,27,37,1642,21.0%,152,NORMAL,641.0,0.0,8.4,False
1767689030.60,2026-01-06 14:13:50,29,37,1646,21.0%,152,NORMAL,643.0,0.0,8.4,False
1767689032.50,2026-01-06 14:13:52,31,37,1648,21.1%,152,NORMAL,643.0,0.0,8.4,False
1767689033.67,2026-01-06 14:13:53,30,37,1648,21.2%,152,NORMAL,640.0,0.0,8.4,False
1767689034.72,2026-01-06 14:13:54,28,37,1648,21.2%,152,NORMAL,640.0,0.0,8.4,False
1767689036.75,2026-01-06 14:13:56,30,37,1648,21.2%,152,NORMAL,634.0,0.0,8.3,False
1767689038.42,2026-01-06 14:13:58,24,37,1648,21.2%,152,NORMAL,632.0,0.0,8.2,False
1767689040.23,2026-01-06 14:14:00,26,37,1650,21.1%,152,NORMAL,633.0,0.0,8.2,False
1767689041.86,2026-01-06 14:14:01,22,37,1650,20.9%,152,NORMAL,630.0,0.0,8.2,False
1767689042.88,2026-01-06 14:14:02,25,37,1653,20.8%,152,NORMAL,632.0,0.0,8.2,False
1767689044.02,2026-01-06 14:14:04,27,37,1655,20.7%,152,NORMAL,634.0,0.0,8.2,False
1767689045.62,2026-01-06 14:14:05,25,37,1656,20.5%,152,NORMAL,634.0,0.0,8.2,False
1767689047.46,2026-01-06 14:14:07,25,37,1659,20.4%,152,NORMAL,634.0,0.0,8.2,False
1767689048.47,2026-01-06 14:14:08,27,37,1662,20.4%,152,NORMAL,637.0,0.0,8.2,False
1767689049.71,2026-01-06 14:14:09,28,37,1663,20.4%,152,NORMAL,638.0,0.0,8.2,False
1767689051.30,2026-01-06 14:14:11,26,37,1663,20.4%,152,NORMAL,638.0,0.0,8.2,False
1767689053.12,2026-01-06 14:14:13,23,37,1664,20.2%,152,NORMAL,637.0,0.0,8.2,False
1767689054.91,2026-01-06 14:14:14,23,37,1666,20.1%,152,NORMAL,637.0,0.0,8.1,False
1767689056.68,2026-01-06 14:14:16,23,37,1668,20.1%,152,NORMAL,634.0,0.0,8.1,False
1767689058.39,2026-01-06 14:14:18,25,37,1670,20.0%,152,NORMAL,633.0,0.0,8.0,False
1767689059.86,2026-01-06 14:14:19,25,37,1673,19.9%,152,NORMAL,631.0,0.0,8.0,False
1767689061.51,2026-01-06 14:14:21,25,37,1674,19.9%,152,NORMAL,631.0,0.0,7.9,False
1767689063.14,2026-01-06 14:14:23,27,37,1676,19.9%,152,NORMAL,631.0,0.0,7.9,False
1767689064.87,2026-01-06 14:14:24,28,37,1678,19.9%,152,NORMAL,631.0,0.0,7.9,False
1767689066.06,2026-01-06 14:14:26,28,37,1679,20.0%,152,NORMAL,632.0,0.0,7.9,False
1767689067.50,2026-01-06 14:14:27,27,37,1679,20.0%,152,NORMAL,632.0,0.0,7.9,False
1767689068.63,2026-01-06 14:14:28,30,37,1681,20.1%,152,NORMAL,633.0,0.0,7.9,False
1767689069.95,2026-01-06 14:14:29,30,37,1681,20.2%,152,NORMAL,633.0,0.0,7.9,False
1767689071.07,2026-01-06 14:14:31,30,37,1682,20.4%,152,NORMAL,634.0,0.0,7.9,False
1767689072.39,2026-01-06 14:14:32,30,37,1682,20.5%,152,NORMAL,634.0,0.0,7.9,False
1767689073.40,2026-01-06 14:14:33,27,37,1682,20.5%,152,NORMAL,631.0,0.0,7.9,False
1767689074.57,2026-01-06 14:14:34,27,37,1682,20.4%,152,NORMAL,631.0,0.0,7.8,False
1767689075.60,2026-01-06 14:14:35,28,37,1682,20.3%,152,NORMAL,630.0,0.0,7.8,False
1767689076.82,2026-01-06 14:14:36,28,37,1683,20.3%,152,NORMAL,631.0,0.0,7.8,False
1767689077.84,2026-01-06 14:14:37,25,37,1684,20.2%,152,NORMAL,632.0,0.0,7.7,False
1767689078.92,2026-01-06 14:14:38,25,37,1684,20.1%,152,NORMAL,632.0,0.0,7.7,False
1767689080.91,2026-01-06 14:14:40,24,37,1685,20.1%,152,NORMAL,632.0,0.0,7.7,False
1767689081.95,2026-01-06 14:14:41,22,37,1685,20.0%,152,NORMAL,631.0,0.0,7.6,False
1767689083.19,2026-01-06 14:14:43,22,37,1685,20.0%,152,NORMAL,627.0,0.0,7.6,False
1767689085.01,2026-01-06 14:14:45,23,37,1685,20.0%,152,NORMAL,627.0,0.0,7.5,False
1767689086.08,2026-01-06 14:14:46,24,37,1685,19.9%,152,NORMAL,626.0,0.0,7.5,False
1767689087.17,2026-01-06 14:14:47,22,37,1685,19.8%,152,NORMAL,626.0,0.0,7.5,False
1767689088.37,2026-01-06 14:14:48,24,37,1686,19.8%,152,NORMAL,627.0,0.0,7.4,False
1767689089.47,2026-01-06 14:14:49,26,37,1687,19.8%,152,NORMAL,628.0,0.0,7.4,False
1767689090.62,2026-01-06 14:14:50,29,37,1690,19.8%,152,NORMAL,629.0,0.0,7.3,False
1767689091.82,2026-01-06 14:14:51,30,37,1691,19.9%,152,NORMAL,630.0,0.0,7.3,False
1767689092.88,2026-01-06 14:14:52,28,37,1691,20.0%,152,NORMAL,630.0,0.0,7.3,False
1767689094.06,2026-01-06 14:14:54,28,37,1692,20.1%,152,NORMAL,630.0,0.0,7.2,False
1767689095.14,2026-01-06 14:14:55,25,37,1693,20.2%,152,NORMAL,631.0,0.0,7.2,False
1767689096.28,2026-01-06 14:14:56,27,37,1693,20.2%,152,NORMAL,631.0,0.0,7.2,False
1767689097.40,2026-01-06 14:14:57,26,37,1694,20.2%,152,NORMAL,631.0,0.0,7.1,False
1767689098.47,2026-01-06 14:14:58,25,37,1694,20.2%,152,NORMAL,631.0,0.0,7.1,False
1767689100.41,2026-01-06 14:15:00,23,37,1694,20.1%,152,NORMAL,630.0,0.0,7.0,False
1767689102.31,2026-01-06 14:15:02,23,37,1695,20.0%,152,NORMAL,631.0,0.0,7.0,False
1767689103.37,2026-01-06 14:15:03,25,37,1697,20.0%,152,NORMAL,629.0,0.0,6.9,False
1767689104.39,2026-01-06 14:15:04,24,37,1697,19.9%,152,NORMAL,629.0,0.0,6.9,False
1767689105.39,2026-01-06 14:15:05,22,37,1700,19.7%,152,NORMAL,631.0,0.0,6.8,False
1767689106.59,2026-01-06 14:15:06,25,37,1701,19.6%,152,NORMAL,632.0,0.0,6.8,False
1767689108.41,2026-01-06 14:15:08,22,37,1702,19.4%,152,NORMAL,632.0,0.0,6.8,False
1767689109.44,2026-01-06 14:15:09,23,37,1703,19.2%,152,NORMAL,632.0,0.0,6.8,False
1767689110.51,2026-01-06 14:15:10,26,37,1703,19.2%,152,NORMAL,631.0,0.0,6.8,False
1767689112.48,2026-01-06 14:15:12,24,37,1704,19.1%,152,NORMAL,631.0,0.0,6.8,False
1767689113.53,2026-01-06 14:15:13,24,37,1704,19.0%,152,NORMAL,630.0,0.0,6.8,False
1767689114.64,2026-01-06 14:15:14,21,37,1704,18.9%,152,NORMAL,630.0,0.0,6.8,False
1767689116.41,2026-01-06 14:15:16,23,37,1704,18.8%,152,NORMAL,628.0,0.0,6.8,False
1767689118.34,2026-01-06 14:15:18,23,37,1704,18.8%,152,NORMAL,627.0,0.0,6.8,False
1767689120.18,2026-01-06 14:15:20,23,37,1705,18.7%,152,NORMAL,626.0,0.0,6.8,False
1767689122.06,2026-01-06 14:15:22,23,37,1706,18.8%,152,NORMAL,626.0,0.0,6.9,False
1767689123.94,2026-01-06 14:15:23,23,37,1707,18.8%,152,NORMAL,626.0,0.0,6.9,False
1767689125.77,2026-01-06 14:15:25,21,37,1707,18.7%,152,NORMAL,625.0,0.0,6.9,False
1767689127.67,2026-01-06 14:15:27,21,37,1707,18.7%,152,NORMAL,624.0,0.0,6.9,False
1767689128.67,2026-01-06 14:15:28,22,37,1709,18.7%,152,NORMAL,626.0,0.0,7.0,False
1767689129.88,2026-01-06 14:15:29,24,37,1710,18.7%,152,NORMAL,627.0,0.0,7.0,False
1767689131.56,2026-01-06 14:15:31,24,37,1712,18.6%,152,NORMAL,628.0,0.0,7.0,False
1767689133.48,2026-01-06 14:15:33,23,37,1713,18.5%,152,NORMAL,628.0,0.0,7.0,False
1767689135.39,2026-01-06 14:15:35,24,37,1713,18.3%,152,NORMAL,626.0,0.0,7.0,False
1767689136.43,2026-01-06 14:15:36,26,37,1715,18.3%,152,NORMAL,627.0,0.0,7.0,False
1767689137.49,2026-01-06 14:15:37,25,37,1715,18.2%,152,NORMAL,626.0,0.0,7.0,False
1767689139.43,2026-01-06 14:15:39,25,37,1717,18.2%,152,NORMAL,626.0,0.0,7.1,False
1767689141.39,2026-01-06 14:15:41,25,37,1718,18.2%,152,NORMAL,626.0,0.0,7.1,False
1767689142.40,2026-01-06 14:15:42,24,37,1719,18.1%,152,NORMAL,624.0,0.0,7.1,False
1767689143.65,2026-01-06 14:15:43,25,37,1720,18.1%,152,NORMAL,625.0,0.0,7.1,False
1767689145.34,2026-01-06 14:15:45,25,37,1720,18.2%,152,NORMAL,624.0,0.0,7.1,False
1767689146.38,2026-01-06 14:15:46,25,37,1722,18.2%,152,NORMAL,624.0,0.0,7.1,False
1767689147.43,2026-01-06 14:15:47,25,37,1722,18.2%,152,NORMAL,624.0,0.0,7.1,False
1767689148.90,2026-01-06 14:15:48,24,37,1722,18.2%,152,NORMAL,622.0,0.0,7.1,False
1767689150.25,2026-01-06 14:15:50,24,37,1723,18.3%,152,NORMAL,621.0,0.0,7.2,False
1767689151.65,2026-01-06 14:15:51,27,37,1725,18.3%,152,NORMAL,621.0,0.0,7.2,False
1767689153.12,2026-01-06 14:15:53,27,37,1725,18.4%,152,NORMAL,620.0,0.0,7.3,False
1767689154.57,2026-01-06 14:15:54,26,37,1727,18.5%,152,NORMAL,622.0,0.0,7.4,False
1767689155.96,2026-01-06 14:15:55,28,37,1727,18.6%,152,NORMAL,620.0,0.0,7.5,False
1767689157.30,2026-01-06 14:15:57,24,37,1728,18.6%,152,NORMAL,619.0,0.0,7.6,False
1767689158.65,2026-01-06 14:15:58,24,37,1729,18.6%,152,NORMAL,619.0,0.0,7.8,False
1767689160.19,2026-01-06 14:16:00,26,37,1729,18.7%,152,NORMAL,619.0,0.0,7.9,False
1767689161.65,2026-01-06 14:16:01,26,37,1730,18.8%,152,NORMAL,619.0,0.0,8.0,False
1767689163.17,2026-01-06 14:16:03,26,37,1731,18.8%,152,NORMAL,619.0,0.0,8.2,False
1767689164.54,2026-01-06 14:16:04,24,37,1731,18.9%,152,NORMAL,617.0,0.0,8.3,False
1767689165.89,2026-01-06 14:16:05,23,37,1732,18.9%,152,NORMAL,615.0,0.0,8.4,False
1767689167.22,2026-01-06 14:16:07,22,37,1732,18.8%,152,NORMAL,613.0,0.0,8.6,False
1767689168.66,2026-01-06 14:16:08,25,37,1734,18.9%,152,NORMAL,615.0,0.0,8.7,False
1767689170.03,2026-01-06 14:16:10,22,37,1734,18.9%,152,NORMAL,614.0,0.0,8.8,False
1767689171.13,2026-01-06 14:16:11,14,37,1736,18.7%,152,NORMAL,614.0,0.0,8.9,False
1767689172.46,2026-01-06 14:16:12,20,37,1736,18.7%,152,NORMAL,614.0,0.0,9.0,False
1767689173.77,2026-01-06 14:16:13,19,37,1737,18.5%,152,NORMAL,614.0,0.0,9.0,False
1767689175.10,2026-01-06 14:16:15,17,37,1737,18.4%,152,NORMAL,611.0,0.0,9.0,False
1767689176.20,2026-01-06 14:16:16,20,37,1739,18.3%,152,NORMAL,611.0,0.0,9.0,False
1767689177.40,2026-01-06 14:16:17,21,37,1740,18.2%,152,NORMAL,611.0,0.0,9.0,False
1767689178.49,2026-01-06 14:16:18,22,37,1740,18.1%,152,NORMAL,611.0,0.0,9.0,False
1767689179.64,2026-01-06 14:16:19,21,37,1740,18.0%,152,NORMAL,611.0,0.0,9.0,False
1767689180.69,2026-01-06 14:16:20,19,37,1741,17.9%,152,NORMAL,612.0,0.0,9.0,False
1767689181.73,2026-01-06 14:16:21,22,37,1741,17.8%,152,NORMAL,611.0,0.0,8.9,False
1767689182.76,2026-01-06 14:16:22,21,37,1741,17.7%,152,NORMAL,610.0,0.0,8.9,False
1767689184.20,2026-01-06 14:16:24,18,37,1742,17.5%,152,NORMAL,610.0,0.0,8.8,False
1767689185.24,2026-01-06 14:16:25,30,37,1749,17.7%,152,NORMAL,617.0,0.0,8.7,False
1767689186.25,2026-01-06 14:16:26,28,37,1749,17.7%,152,NORMAL,616.0,0.0,8.6,False
1767689187.65,2026-01-06 14:16:27,27,37,1750,17.8%,152,NORMAL,617.0,0.0,8.5,False
1767689189.23,2026-01-06 14:16:29,25,37,1750,17.8%,152,NORMAL,616.0,0.0,8.4,False
1767689191.14,2026-01-06 14:16:31,28,37,1753,17.8%,152,NORMAL,615.0,0.0,8.3,False
1767689193.07,2026-01-06 14:16:33,28,37,1754,17.9%,152,NORMAL,616.0,0.0,8.2,False
1767689194.87,2026-01-06 14:16:34,26,37,1756,17.9%,152,NORMAL,615.0,0.0,8.2,False
1767689196.90,2026-01-06 14:16:36,32,37,1759,18.0%,152,NORMAL,618.0,0.0,8.1,False
1767689198.73,2026-01-06 14:16:38,32,37,1761,18.1%,152,NORMAL,619.0,0.0,8.0,False
1767689200.56,2026-01-06 14:16:40,30,37,1761,18.3%,152,NORMAL,618.0,0.0,8.0,False
1767689202.48,2026-01-06 14:16:42,27,37,1762,18.3%,152,NORMAL,619.0,0.0,7.9,False
1767689204.47,2026-01-06 14:16:44,30,37,1764,18.4%,152,NORMAL,618.0,0.0,7.8,False
1767689206.31,2026-01-06 14:16:46,29,37,1765,18.5%,152,NORMAL,619.0,0.0,7.8,False
1767689207.95,2026-01-06 14:16:47,27,37,1766,18.5%,152,NORMAL,618.0,0.0,7.8,False
1767689209.55,2026-01-06 14:16:49,28,37,1769,18.7%,152,NORMAL,620.0,0.0,7.8,False
1767689211.09,2026-01-06 14:16:51,26,37,1769,18.8%,152,NORMAL,618.0,0.0,7.8,False
1767689212.59,2026-01-06 14:16:52,26,37,1770,18.8%,152,NORMAL,618.0,0.0,7.9,False
1767689214.18,2026-01-06 14:16:54,28,37,1772,18.9%,152,NORMAL,619.0,0.0,8.1,False
1767689215.80,2026-01-06 14:16:55,26,37,1772,19.2%,152,NORMAL,617.0,0.0,8.2,False
1767689217.20,2026-01-06 14:16:57,25,37,1773,19.3%,152,NORMAL,618.0,0.0,8.3,False
1767689218.75,2026-01-06 14:16:58,28,37,1775,19.6%,152,NORMAL,620.0,0.0,8.5,False
1767689220.31,2026-01-06 14:17:00,26,37,1776,19.8%,152,NORMAL,620.0,0.0,8.5,False
1767689221.80,2026-01-06 14:17:01,26,37,1778,19.9%,152,NORMAL,621.0,0.0,8.6,False
1767689223.36,2026-01-06 14:17:03,28,37,1780,20.1%,152,NORMAL,621.0,0.0,8.7,False
1767689224.93,2026-01-06 14:17:04,29,37,1780,20.3%,152,NORMAL,620.0,0.0,8.7,False
1767689226.71,2026-01-06 14:17:06,28,37,1781,20.4%,152,NORMAL,619.0,0.0,8.8,False
1767689228.32,2026-01-06 14:17:08,27,37,1782,20.6%,152,NORMAL,619.0,0.0,8.8,False
1767689229.88,2026-01-06 14:17:09,26,37,1785,20.7%,152,NORMAL,621.0,0.0,8.8,False
1767689231.45,2026-01-06 14:17:11,27,37,1787,20.9%,152,NORMAL,621.0,0.0,8.9,False
1767689233.46,2026-01-06 14:17:13,28,37,1788,21.1%,152,NORMAL,622.0,0.0,8.9,False
1767689235.29,2026-01-06 14:17:15,26,37,1791,21.0%,152,NORMAL,624.0,0.0,8.9,False
1767689236.99,2026-01-06 14:17:16,26,37,1792,21.0%,152,NORMAL,625.0,0.0,8.9,False
1767689238.78,2026-01-06 14:17:18,32,37,1795,21.1%,152,NORMAL,625.0,0.0,8.9,False
1767689240.40,2026-01-06 14:17:20,30,37,1795,21.2%,152,NORMAL,623.0,0.0,9.0,False
1767689242.02,2026-01-06 14:17:22,29,37,1795,21.2%,152,NORMAL,622.0,0.0,9.0,False
1767689243.53,2026-01-06 14:17:23,27,37,1795,21.2%,152,NORMAL,620.0,0.0,9.0,False
1767689245.09,2026-01-06 14:17:25,28,37,1795,21.2%,152,NORMAL,618.0,0.0,8.9,False
1767689246.68,2026-01-06 14:17:26,28,37,1795,21.1%,152,NORMAL,618.0,0.0,8.9,False
1767689248.13,2026-01-06 14:17:28,25,37,1795,21.0%,152,NORMAL,614.0,0.0,8.9,False
1767689249.67,2026-01-06 14:17:29,26,37,1796,20.9%,152,NORMAL,614.0,0.0,8.9,False
1767689251.27,2026-01-06 14:17:31,27,37,1797,20.9%,152,NORMAL,610.0,0.0,8.9,False
1767689252.83,2026-01-06 14:17:32,27,37,1799,20.8%,152,NORMAL,611.0,0.0,8.9,False
1767689254.39,2026-01-06 14:17:34,28,37,1802,20.8%,152,NORMAL,613.0,0.0,8.9,False
1767689255.39,2026-01-06 14:17:35,29,37,1803,20.8%,152,NORMAL,612.0,0.0,8.9,False
1767689256.43,2026-01-06 14:17:36,29,37,1803,20.9%,152,NORMAL,611.0,0.0,8.9,False
1767689257.79,2026-01-06 14:17:37,27,37,1803,20.9%,152,NORMAL,611.0,0.0,8.9,False
1767689259.48,2026-01-06 14:17:39,31,37,1806,21.0%,152,NORMAL,614.0,0.0,8.9,False
1767689261.03,2026-01-06 14:17:41,28,37,1807,21.0%,152,NORMAL,615.0,0.0,8.9,False
1767689262.59,2026-01-06 14:17:42,26,37,1807,21.0%,152,NORMAL,615.0,0.0,8.9,False
1767689264.38,2026-01-06 14:17:44,26,37,1808,21.0%,152,NORMAL,615.0,0.0,8.9,False
1767689265.85,2026-01-06 14:17:45,26,37,1809,21.0%,152,NORMAL,616.0,0.0,8.9,False
1767689267.27,2026-01-06 14:17:47,25,37,1810,21.0%,152,NORMAL,616.0,0.0,8.9,False
1767689268.77,2026-01-06 14:17:48,26,37,1813,21.0%,152,NORMAL,617.0,0.0,8.9,False
1767689270.22,2026-01-06 14:17:50,27,37,1813,20.9%,152,NORMAL,617.0,0.0,8.8,False
1767689271.71,2026-01-06 14:17:51,27,37,1817,20.9%,152,NORMAL,619.0,0.0,8.8,False
1767689273.25,2026-01-06 14:17:53,28,37,1819,20.9%,152,NORMAL,619.0,0.0,8.8,False
1767689274.33,2026-01-06 14:17:54,29,37,1819,20.9%,152,NORMAL,619.0,0.0,8.8,False
1767689275.43,2026-01-06 14:17:55,28,37,1821,21.0%,152,NORMAL,620.0,0.0,8.8,False
1767689276.51,2026-01-06 14:17:56,26,37,1822,21.0%,152,NORMAL,621.0,0.0,8.8,False
1767689278.12,2026-01-06 14:17:58,26,37,1822,20.9%,152,NORMAL,617.0,0.0,8.8,False
1767689279.64,2026-01-06 14:17:59,27,37,1824,20.9%,152,NORMAL,616.0,0.0,8.8,False
1767689281.16,2026-01-06 14:18:01,27,37,1825,21.0%,152,NORMAL,617.0,0.0,8.7,False
1767689282.90,2026-01-06 14:18:02,27,37,1825,20.8%,152,NORMAL,616.0,0.0,8.7,False
1767689284.02,2026-01-06 14:18:04,30,37,1830,20.8%,152,NORMAL,619.0,0.0,8.7,False
1767689285.20,2026-01-06 14:18:05,30,37,1831,20.9%,152,NORMAL,619.0,0.0,8.7,False
1767689286.81,2026-01-06 14:18:06,28,37,1833,20.9%,152,NORMAL,620.0,0.0,8.7,False
1767689288.68,2026-01-06 14:18:08,26,37,1834,20.8%,152,NORMAL,620.0,0.0,8.6,False
1767689290.62,2026-01-06 14:18:10,28,37,1835,20.8%,152,NORMAL,619.0,0.0,8.6,False
1767689292.25,2026-01-06 14:18:12,30,37,1838,21.0%,152,NORMAL,618.0,0.0,8.6,False
1767689293.93,2026-01-06 14:18:13,30,37,1838,21.0%,152,NORMAL,615.0,0.0,8.5,False
1767689295.39,2026-01-06 14:18:15,28,37,1838,21.1%,152,NORMAL,615.0,0.0,8.5,False
1767689297.10,2026-01-06 14:18:17,28,37,1839,21.1%,152,NORMAL,613.0,0.0,8.5,False
1767689299.09,2026-01-06 14:18:19,30,37,1841,21.1%,152,NORMAL,614.0,0.0,8.5,False
1767689300.10,2026-01-06 14:18:20,27,37,1841,21.1%,152,NORMAL,613.0,0.0,8.5,False
1767689301.30,2026-01-06 14:18:21,28,37,1843,21.1%,152,NORMAL,615.0,0.0,8.5,False
1767689302.95,2026-01-06 14:18:22,28,37,1845,21.1%,152,NORMAL,615.0,0.0,8.4,False
1767689304.73,2026-01-06 14:18:24,26,37,1845,21.0%,152,NORMAL,614.0,0.0,8.4,False
1767689306.24,2026-01-06 14:18:26,24,37,1846,20.9%,152,NORMAL,614.0,0.0,8.3,False
1767689307.52,2026-01-06 14:18:27,20,37,1846,20.7%,152,NORMAL,609.0,0.0,8.3,False
1767689308.92,2026-01-06 14:18:28,23,37,1847,20.7%,152,NORMAL,607.0,0.0,8.3,False
1767689310.37,2026-01-06 14:18:30,23,37,1849,20.6%,152,NORMAL,607.0,0.0,8.3,False
1767689311.79,2026-01-06 14:18:31,25,37,1851,20.6%,152,NORMAL,608.0,0.0,8.3,False
1767689313.27,2026-01-06 14:18:33,27,37,1852,20.6%,152,NORMAL,607.0,0.0,8.4,False
1767689314.75,2026-01-06 14:18:34,28,37,1854,20.6%,152,NORMAL,608.0,0.0,8.4,False
1767689316.27,2026-01-06 14:18:36,27,37,1854,20.6%,152,NORMAL,607.0,0.0,8.5,False
1767689318.00,2026-01-06 14:18:38,28,37,1866,20.6%,152,NORMAL,619.0,0.0,8.6,False
1767689319.55,2026-01-06 14:18:39,31,37,1867,20.7%,152,NORMAL,620.0,0.0,8.7,False
1767689321.30,2026-01-06 14:18:41,28,37,1867,20.7%,152,NORMAL,620.0,0.0,8.7,False
1767689322.55,2026-01-06 14:18:42,29,37,1868,20.8%,152,NORMAL,620.0,0.0,8.7,False
1767689323.78,2026-01-06 14:18:43,31,37,1869,20.9%,152,NORMAL,621.0,0.0,8.7,False
1767689325.70,2026-01-06 14:18:45,32,37,1869,21.0%,152,NORMAL,621.0,0.0,8.7,False
1767689327.66,2026-01-06 14:18:47,29,37,1869,21.0%,152,NORMAL,620.0,0.0,8.7,False
1767689328.76,2026-01-06 14:18:48,27,37,1870,21.0%,152,NORMAL,617.0,0.0,8.6,False
1767689329.78,2026-01-06 14:18:49,28,37,1870,21.0%,152,NORMAL,611.0,0.0,8.6,False
1767689331.72,2026-01-06 14:18:51,28,37,1871,20.9%,152,NORMAL,609.0,0.0,8.5,False
1767689333.62,2026-01-06 14:18:53,29,37,1872,21.0%,152,NORMAL,608.0,0.0,8.5,False
1767689335.58,2026-01-06 14:18:55,29,37,1873,21.0%,152,NORMAL,608.0,0.0,8.4,False
1767689337.55,2026-01-06 14:18:57,30,37,1874,21.1%,152,NORMAL,609.0,0.0,8.4,False
1767689339.18,2026-01-06 14:18:59,28,37,1875,21.0%,152,NORMAL,608.0,0.0,8.4,False
1767689340.66,2026-01-06 14:19:00,23,37,1875,20.9%,152,NORMAL,605.0,0.0,8.4,False
1767689342.38,2026-01-06 14:19:02,25,37,1877,20.8%,152,NORMAL,607.0,0.0,8.3,False
1767689343.88,2026-01-06 14:19:03,22,37,1878,20.7%,152,NORMAL,607.0,0.0,8.3,False
1767689345.52,2026-01-06 14:19:05,24,37,1879,20.5%,152,NORMAL,607.0,0.0,8.2,False
1767689347.13,2026-01-06 14:19:07,26,37,1881,20.5%,152,NORMAL,608.0,0.0,8.2,False
1767689348.69,2026-01-06 14:19:08,25,37,1882,20.4%,152,NORMAL,609.0,0.0,8.2,False
1767689350.19,2026-01-06 14:19:10,24,37,1883,20.3%,152,NORMAL,609.0,0.0,8.2,False
1767689351.72,2026-01-06 14:19:11,23,37,1884,20.3%,152,NORMAL,609.0,0.0,8.1,False
1767689353.24,2026-01-06 14:19:13,21,37,1884,20.2%,152,NORMAL,606.0,0.0,8.1,False
1767689354.85,2026-01-06 14:19:14,22,37,1885,20.2%,152,NORMAL,601.0,0.0,8.1,False
1767689356.36,2026-01-06 14:19:16,23,37,1886,20.2%,152,NORMAL,601.0,0.0,8.2,False
1767689357.84,2026-01-06 14:19:17,22,37,1886,20.2%,152,NORMAL,601.0,0.0,8.2,False
1767689359.45,2026-01-06 14:19:19,24,37,1887,20.2%,152,NORMAL,601.0,0.0,8.3,False
1767689361.03,2026-01-06 14:19:21,26,37,1890,20.2%,152,NORMAL,602.0,0.0,8.4,False
1767689362.74,2026-01-06 14:19:22,27,37,1892,20.1%,152,NORMAL,601.0,0.0,8.5,False
1767689364.52,2026-01-06 14:19:24,25,37,1898,20.1%,152,NORMAL,605.0,0.0,8.5,False
1767689366.14,2026-01-06 14:19:26,24,37,1901,20.0%,152,NORMAL,607.0,0.0,8.6,False
1767689367.76,2026-01-06 14:19:27,26,37,1903,19.9%,152,NORMAL,607.0,0.0,8.6,False
1767689369.31,2026-01-06 14:19:29,26,37,1903,19.8%,152,NORMAL,606.0,0.0,8.7,False
1767689371.10,2026-01-06 14:19:31,27,37,1904,19.8%,152,NORMAL,605.0,0.0,8.7,False
1767689372.84,2026-01-06 14:19:32,29,37,1906,19.7%,152,NORMAL,606.0,0.0,8.7,False
1767689374.52,2026-01-06 14:19:34,27,37,1907,19.6%,152,NORMAL,606.0,0.0,8.7,False
1767689376.37,2026-01-06 14:19:36,27,37,1908,19.6%,152,NORMAL,604.0,0.0,8.6,False
1767689378.27,2026-01-06 14:19:38,31,37,1912,19.7%,152,NORMAL,607.0,0.0,8.6,False
1767689380.01,2026-01-06 14:19:40,28,37,1912,19.7%,152,NORMAL,606.0,0.0,8.5,False
1767689381.70,2026-01-06 14:19:41,28,37,1912,19.7%,152,NORMAL,605.0,0.0,8.5,False
1767689383.44,2026-01-06 14:19:43,30,37,1915,19.7%,152,NORMAL,604.0,0.0,8.5,False
1767689385.25,2026-01-06 14:19:45,27,37,1916,19.6%,152,NORMAL,605.0,0.0,8.5,False
1767689387.37,2026-01-06 14:19:47,28,37,1918,19.6%,152,NORMAL,606.0,0.0,8.4,False
1767689388.43,2026-01-06 14:19:48,27,37,1920,19.6%,152,NORMAL,606.0,0.0,8.4,False
1767689389.58,2026-01-06 14:19:49,27,37,1920,19.7%,152,NORMAL,606.0,0.0,8.4,False
1767689390.99,2026-01-06 14:19:50,26,37,1920,19.7%,152,NORMAL,603.0,0.0,8.4,False
1767689392.70,2026-01-06 14:19:52,26,37,1922,19.8%,152,NORMAL,600.0,0.0,8.4,False
1767689394.44,2026-01-06 14:19:54,28,37,1924,19.9%,152,NORMAL,599.0,0.0,8.3,False
1767689396.02,2026-01-06 14:19:56,23,37,1924,19.8%,152,NORMAL,598.0,0.0,8.3,False
1767689397.08,2026-01-06 14:19:57,25,37,1925,19.8%,152,NORMAL,597.0,0.0,8.3,False
1767689398.16,2026-01-06 14:19:58,22,37,1925,19.8%,152,NORMAL,597.0,0.0,8.3,False
1767689399.59,2026-01-06 14:19:59,21,37,1925,19.7%,152,NORMAL,595.0,0.0,8.2,False
1767689401.50,2026-01-06 14:20:01,25,37,1926,19.8%,152,NORMAL,593.0,0.0,8.2,False
1767689403.29,2026-01-06 14:20:03,25,37,1927,19.9%,152,NORMAL,591.0,0.0,8.2,False
1767689404.93,2026-01-06 14:20:04,26,37,1929,20.0%,152,NORMAL,590.0,0.0,8.2,False
1767689406.04,2026-01-06 14:20:06,25,37,1929,20.0%,152,NORMAL,589.0,0.0,8.1,False
1767689407.07,2026-01-06 14:20:07,26,37,1930,20.1%,152,NORMAL,586.0,0.0,8.1,False
1767689408.47,2026-01-06 14:20:08,24,37,1930,20.0%,152,NORMAL,585.0,0.0,8.1,False
1767689410.04,2026-01-06 14:20:10,25,37,1933,20.0%,152,NORMAL,587.0,0.0,8.1,False
1767689411.73,2026-01-06 14:20:11,26,37,1935,20.0%,152,NORMAL,586.0,0.0,8.1,False
1767689413.51,2026-01-06 14:20:13,30,37,1940,20.2%,152,NORMAL,588.0,0.0,8.1,False
1767689415.32,2026-01-06 14:20:15,26,37,1941,20.2%,152,NORMAL,587.0,0.0,8.0,False
1767689416.84,2026-01-06 14:20:16,24,37,1942,20.1%,152,NORMAL,586.0,0.0,8.1,False
1767689418.38,2026-01-06 14:20:18,25,37,1943,20.1%,152,NORMAL,584.0,0.0,8.1,False
1767689420.06,2026-01-06 14:20:20,26,37,1945,20.0%,152,NORMAL,585.0,0.0,8.1,False
1767689421.34,2026-01-06 14:20:21,28,37,1945,20.0%,152,NORMAL,584.0,0.0,8.1,False
1767689422.41,2026-01-06 14:20:22,27,37,1946,20.0%,152,NORMAL,585.0,0.0,8.1,False
1767689423.91,2026-01-06 14:20:23,28,37,1948,19.9%,152,NORMAL,585.0,0.0,8.1,False
1767689425.48,2026-01-06 14:20:25,24,37,1948,19.8%,152,NORMAL,585.0,0.0,8.1,False
1767689427.07,2026-01-06 14:20:27,25,37,1949,19.8%,152,NORMAL,586.0,0.0,8.1,False
1767689428.79,2026-01-06 14:20:28,27,37,1952,19.7%,152,NORMAL,588.0,0.0,8.1,False
1767689430.42,2026-01-06 14:20:30,24,37,1952,19.6%,152,NORMAL,582.0,0.0,8.1,False
1767689431.48,2026-01-06 14:20:31,25,37,1952,19.6%,152,NORMAL,577.0,0.0,8.1,False
1767689432.74,2026-01-06 14:20:32,25,37,1952,19.5%,152,NORMAL,577.0,0.0,8.1,False
1767689433.79,2026-01-06 14:20:33,24,37,1952,19.4%,152,NORMAL,574.0,0.0,8.1,False
1767689435.06,2026-01-06 14:20:35,25,37,1953,19.4%,152,NORMAL,575.0,0.0,8.1,False
1767689436.11,2026-01-06 14:20:36,24,37,1953,19.4%,152,NORMAL,575.0,0.0,8.1,False
1767689437.16,2026-01-06 14:20:37,22,37,1953,19.2%,152,NORMAL,575.0,0.0,8.1,False
1767689438.36,2026-01-06 14:20:38,24,37,1955,19.3%,152,NORMAL,575.0,0.0,8.1,False
1767689439.56,2026-01-06 14:20:39,25,37,1956,19.3%,152,NORMAL,576.0,0.0,8.1,False
1767689440.63,2026-01-06 14:20:40,26,37,1956,19.3%,152,NORMAL,574.0,0.0,8.0,False
1767689441.76,2026-01-06 14:20:41,26,37,1956,19.5%,152,NORMAL,574.0,0.0,8.0,False
1767689443.00,2026-01-06 14:20:42,30,37,1959,19.6%,152,NORMAL,574.0,0.0,7.9,False
1767689444.23,2026-01-06 14:20:44,29,37,1959,19.7%,152,NORMAL,573.0,0.0,7.9,False
1767689445.34,2026-01-06 14:20:45,26,37,1959,19.7%,152,NORMAL,571.0,0.0,7.9,False
1767689446.56,2026-01-06 14:20:46,27,37,1960,19.7%,152,NORMAL,571.0,0.0,7.8,False
1767689447.58,2026-01-06 14:20:47,27,37,1960,19.8%,152,NORMAL,569.0,0.0,7.8,False
1767689448.82,2026-01-06 14:20:48,27,37,1960,19.8%,152,NORMAL,569.0,0.0,7.7,False
1767689449.99,2026-01-06 14:20:49,28,37,1961,19.9%,152,NORMAL,569.0,0.0,7.7,False
1767689451.37,2026-01-06 14:20:51,27,37,1961,19.9%,152,NORMAL,569.0,0.0,7.6,False
1767689452.73,2026-01-06 14:20:52,29,37,1962,19.9%,152,NORMAL,567.0,0.0,7.5,False
1767689454.45,2026-01-06 14:20:54,30,37,1964,20.0%,152,NORMAL,567.0,0.0,7.4,False
1767689455.61,2026-01-06 14:20:55,28,37,1965,20.1%,152,NORMAL,564.0,0.0,7.3,False
1767689456.76,2026-01-06 14:20:56,27,37,1965,20.1%,152,NORMAL,564.0,0.0,7.3,False
1767689457.80,2026-01-06 14:20:57,27,37,1966,20.2%,152,NORMAL,565.0,0.0,7.2,False
1767689459.01,2026-01-06 14:20:59,28,37,1967,20.2%,152,NORMAL,565.0,0.0,7.2,False
1767689460.01,2026-01-06 14:21:00,29,37,1967,20.2%,152,NORMAL,565.0,0.0,7.2,False
1767689461.26,2026-01-06 14:21:01,32,37,1970,20.3%,152,NORMAL,568.0,0.0,7.1,False
1767689462.45,2026-01-06 14:21:02,30,37,1970,20.4%,152,NORMAL,568.0,0.0,7.1,False
1767689464.05,2026-01-06 14:21:04,29,37,1971,20.5%,152,NORMAL,568.0,0.0,7.1,False
1767689465.06,2026-01-06 14:21:05,30,37,1972,20.6%,152,NORMAL,567.0,0.0,7.1,False
1767689466.11,2026-01-06 14:21:06,31,37,1973,20.8%,152,NORMAL,566.0,0.0,7.1,False
1767689467.18,2026-01-06 14:21:07,28,37,1973,20.8%,152,NORMAL,562.0,0.0,7.1,False
1767689468.33,2026-01-06 14:21:08,30,37,1974,20.9%,152,NORMAL,563.0,0.0,7.1,False
1767689469.65,2026-01-06 14:21:09,29,37,1974,21.1%,152,NORMAL,561.0,0.0,7.1,False
1767689471.25,2026-01-06 14:21:11,29,37,1975,21.2%,152,NORMAL,562.0,0.0,7.1,False
1767689472.85,2026-01-06 14:21:12,26,37,1977,21.2%,152,NORMAL,559.0,0.0,7.1,False
1767689474.30,2026-01-06 14:21:14,23,37,1977,21.2%,152,NORMAL,555.0,0.0,7.2,False
1767689475.76,2026-01-06 14:21:15,25,37,1978,21.3%,152,NORMAL,555.0,0.0,7.3,False
1767689477.48,2026-01-06 14:21:17,24,37,1980,21.2%,152,NORMAL,553.0,0.0,7.4,False
1767689479.05,2026-01-06 14:21:19,26,37,1982,21.2%,152,NORMAL,552.0,0.0,7.5,False
1767689480.76,2026-01-06 14:21:20,25,37,1983,21.2%,152,NORMAL,549.0,0.0,7.6,False
1767689482.27,2026-01-06 14:21:22,26,37,1984,21.1%,152,NORMAL,548.0,0.0,7.7,False
1767689483.79,2026-01-06 14:21:23,25,37,1985,21.0%,152,NORMAL,548.0,0.0,7.8,False
1767689485.30,2026-01-06 14:21:25,24,37,1986,21.0%,152,NORMAL,547.0,0.0,7.9,False
1767689486.86,2026-01-06 14:21:26,26,37,1988,20.9%,152,NORMAL,546.0,0.0,8.0,False
1767689488.39,2026-01-06 14:21:28,24,37,1989,20.9%,152,NORMAL,541.0,0.0,8.1,False
1767689490.00,2026-01-06 14:21:30,26,37,1992,20.9%,152,NORMAL,541.0,0.0,8.2,False
1767689491.55,2026-01-06 14:21:31,24,37,1993,20.8%,152,NORMAL,540.0,0.0,8.3,False
1767689493.48,2026-01-06 14:21:33,27,37,1994,20.8%,152,NORMAL,539.0,0.0,8.3,False
1767689494.71,2026-01-06 14:21:34,27,37,1995,20.7%,152,NORMAL,537.0,0.0,8.4,False
1767689495.96,2026-01-06 14:21:35,28,37,1996,20.7%,152,NORMAL,537.0,0.0,8.4,False
1767689497.06,2026-01-06 14:21:37,29,37,1997,20.7%,152,NORMAL,535.0,0.0,8.4,False
1767689498.28,2026-01-06 14:21:38,30,37,1998,20.8%,152,NORMAL,534.0,0.0,8.4,False
1767689499.50,2026-01-06 14:21:39,30,37,2001,20.8%,152,NORMAL,535.0,0.0,8.4,False
1767689500.71,2026-01-06 14:21:40,29,37,2001,20.9%,152,NORMAL,533.0,0.0,8.4,False
1767689502.72,2026-01-06 14:21:42,29,37,2001,20.9%,152,NORMAL,531.0,0.0,8.3,False
1767689503.87,2026-01-06 14:21:43,29,37,2002,20.8%,152,NORMAL,531.0,0.0,8.2,False
1767689505.08,2026-01-06 14:21:45,29,37,2002,20.8%,152,NORMAL,531.0,0.0,8.2,False
1767689506.18,2026-01-06 14:21:46,27,37,2003,20.7%,152,NORMAL,530.0,0.0,8.1,False
1767689507.32,2026-01-06 14:21:47,27,37,2003,20.6%,152,NORMAL,530.0,0.0,8.1,False
1767689508.35,2026-01-06 14:21:48,25,37,2003,20.5%,152,NORMAL,529.0,0.0,8.0,False
1767689509.53,2026-01-06 14:21:49,26,37,2004,20.5%,152,NORMAL,529.0,0.0,8.0,False
1767689510.77,2026-01-06 14:21:50,31,37,2007,20.5%,152,NORMAL,531.0,0.0,7.9,False
1767689511.99,2026-01-06 14:21:51,30,37,2007,20.5%,152,NORMAL,531.0,0.0,7.9,False
1767689513.11,2026-01-06 14:21:53,32,37,2009,20.6%,152,NORMAL,531.0,0.0,7.8,False
1767689514.42,2026-01-06 14:21:54,30,37,2009,20.7%,152,NORMAL,530.0,0.0,7.8,False
1767689515.56,2026-01-06 14:21:55,32,37,2011,20.9%,152,NORMAL,531.0,0.0,7.7,False
1767689516.62,2026-01-06 14:21:56,30,37,2011,21.0%,152,NORMAL,531.0,0.0,7.7,False
1767689518.34,2026-01-06 14:21:58,33,37,2013,21.2%,152,NORMAL,532.0,0.0,7.7,False
1767689520.01,2026-01-06 14:22:00,29,37,2013,21.3%,152,NORMAL,531.0,0.0,7.6,False
1767689521.78,2026-01-06 14:22:01,31,37,2015,21.4%,152,NORMAL,532.0,0.0,7.6,False
1767689523.43,2026-01-06 14:22:03,31,37,2015,21.5%,152,NORMAL,529.0,0.0,7.6,False
1767689525.16,2026-01-06 14:22:05,31,37,2017,21.7%,152,NORMAL,531.0,0.0,7.6,False
1767689526.93,2026-01-06 14:22:06,33,37,2021,21.9%,152,NORMAL,532.0,0.0,7.6,False
1767689528.77,2026-01-06 14:22:08,34,37,2022,22.1%,152,NORMAL,528.0,0.0,7.6,False
1767689530.52,2026-01-06 14:22:10,30,37,2023,22.2%,152,NORMAL,528.0,0.0,7.6,False
1767689531.62,2026-01-06 14:22:11,30,37,2024,22.3%,152,NORMAL,527.0,0.0,7.6,False
1767689532.80,2026-01-06 14:22:12,28,37,2024,22.4%,152,NORMAL,527.0,0.0,7.6,False
1767689533.91,2026-01-06 14:22:13,28,37,2025,22.4%,152,NORMAL,527.0,0.0,7.6,False
1767689535.09,2026-01-06 14:22:15,27,37,2025,22.4%,152,NORMAL,526.0,0.0,7.6,False
1767689536.09,2026-01-06 14:22:16,28,37,2026,22.4%,152,NORMAL,524.0,0.0,7.6,False
1767689537.19,2026-01-06 14:22:17,28,37,2026,22.4%,152,NORMAL,524.0,0.0,7.6,False
1767689539.05,2026-01-06 14:22:19,32,37,2029,22.4%,152,NORMAL,526.0,0.0,7.6,False
1767689540.99,2026-01-06 14:22:20,31,37,2032,22.5%,152,NORMAL,528.0,0.0,7.7,False
1767689542.77,2026-01-06 14:22:22,35,37,2034,22.6%,152,NORMAL,529.0,0.0,7.7,False
1767689544.76,2026-01-06 14:22:24,35,37,2034,22.7%,152,NORMAL,526.0,0.0,7.8,False
1767689546.56,2026-01-06 14:22:26,36,37,2038,22.9%,152,NORMAL,530.0,0.0,7.9,False
1767689548.49,2026-01-06 14:22:28,34,37,2038,23.0%,152,NORMAL,530.0,0.0,8.0,False
1767689550.44,2026-01-06 14:22:30,31,37,2041,23.1%,152,NORMAL,531.0,0.0,8.1,False
1767689551.44,2026-01-06 14:22:31,34,37,2043,23.3%,152,NORMAL,532.0,0.0,8.2,False
1767689552.50,2026-01-06 14:22:32,34,37,2044,23.5%,152,NORMAL,533.0,0.0,8.2,False
1767689554.52,2026-01-06 14:22:34,34,37,2045,23.7%,152,NORMAL,533.0,0.0,8.3,False
1767689556.63,2026-01-06 14:22:36,35,37,2048,23.7%,152,NORMAL,535.0,0.0,8.3,False
1767689558.61,2026-01-06 14:22:38,35,37,2050,23.9%,152,NORMAL,534.0,0.0,8.3,False
1767689559.65,2026-01-06 14:22:39,38,38,2052,24.0%,152,NORMAL,534.0,0.0,8.3,False
1767689561.42,2026-01-06 14:22:41,38,38,2054,24.2%,152,NORMAL,535.0,0.0,8.3,False
1767689563.37,2026-01-06 14:22:43,36,38,2054,24.3%,152,NORMAL,530.0,0.0,8.2,False
1767689565.41,2026-01-06 14:22:45,37,38,2056,24.4%,152,NORMAL,529.0,0.0,8.2,False
1767689566.42,2026-01-06 14:22:46,37,40,2057,24.5%,152,NORMAL,528.0,0.0,8.1,False
1767689567.45,2026-01-06 14:22:47,35,40,2057,24.6%,152,NORMAL,528.0,0.0,8.1,False
1767689569.73,2026-01-06 14:22:49,30,40,2058,24.6%,152,NORMAL,528.0,0.0,8.1,False
1767689570.89,2026-01-06 14:22:50,30,40,2060,24.6%,152,NORMAL,530.0,0.0,8.1,False
1767689572.17,2026-01-06 14:22:52,30,40,2060,24.6%,152,NORMAL,530.0,0.0,8.1,False
1767689573.82,2026-01-06 14:22:53,30,40,2061,24.5%,152,NORMAL,528.0,0.0,8.1,False
1767689575.57,2026-01-06 14:22:55,31,40,2063,24.4%,152,NORMAL,529.0,0.0,8.1,False
1767689577.26,2026-01-06 14:22:57,29,40,2064,24.4%,152,NORMAL,530.0,0.0,8.2,False
1767689579.02,2026-01-06 14:22:59,31,40,2066,24.4%,152,NORMAL,532.0,0.0,8.2,False
1767689580.84,2026-01-06 14:23:00,32,40,2067,24.5%,152,NORMAL,533.0,0.0,8.2,False
1767689582.63,2026-01-06 14:23:02,33,40,2068,24.6%,152,NORMAL,529.0,0.0,8.3,False
1767689584.34,2026-01-06 14:23:04,32,40,2070,24.8%,152,NORMAL,530.0,0.0,8.3,False
1767689586.16,2026-01-06 14:23:06,34,40,2073,24.9%,152,NORMAL,533.0,0.0,8.3,False
1767689587.83,2026-01-06 14:23:07,29,40,2074,24.9%,152,NORMAL,532.0,0.0,8.3,False
1767689589.32,2026-01-06 14:23:09,25,40,2074,24.8%,152,NORMAL,530.0,0.0,8.3,False
1767689590.84,2026-01-06 14:23:10,25,40,2075,24.6%,152,NORMAL,529.0,0.0,8.4,False
1767689592.35,2026-01-06 14:23:12,26,40,2076,24.4%,152,NORMAL,529.0,0.0,8.4,False
1767689593.96,2026-01-06 14:23:13,28,40,2079,24.3%,152,NORMAL,531.0,0.0,8.5,False
1767689595.59,2026-01-06 14:23:15,30,40,2081,24.1%,152,NORMAL,532.0,0.0,8.5,False
1767689597.20,2026-01-06 14:23:17,30,40,2082,24.0%,152,NORMAL,532.0,0.0,8.6,False
1767689598.80,2026-01-06 14:23:18,27,40,2084,23.9%,152,NORMAL,532.0,0.0,8.6,False
1767689599.94,2026-01-06 14:23:19,27,40,2088,23.8%,152,NORMAL,533.0,0.0,8.7,False
1767689601.04,2026-01-06 14:23:21,27,40,2088,23.6%,152,NORMAL,531.0,0.0,8.7,False
1767689602.25,2026-01-06 14:23:22,30,40,2092,23.5%,152,NORMAL,535.0,0.0,8.7,False
1767689604.15,2026-01-06 14:23:24,33,40,2095,23.5%,152,NORMAL,533.0,0.0,8.7,False
1767689606.07,2026-01-06 14:23:26,34,40,2097,23.5%,152,NORMAL,535.0,0.0,8.7,False
1767689607.93,2026-01-06 14:23:27,30,40,2097,23.3%,152,NORMAL,534.0,0.0,8.7,False
1767689609.08,2026-01-06 14:23:29,30,40,2098,23.1%,152,NORMAL,534.0,0.0,8.7,False
1767689610.40,2026-01-06 14:23:30,28,40,2098,22.9%,152,NORMAL,534.0,0.0,8.7,False
1767689611.42,2026-01-06 14:23:31,28,40,2099,22.7%,152,NORMAL,533.0,0.0,8.6,False
1767689612.55,2026-01-06 14:23:32,26,40,2100,22.5%,152,NORMAL,533.0,0.0,8.6,False
1767689614.12,2026-01-06 14:23:34,30,40,2100,22.3%,152,NORMAL,533.0,0.0,8.6,False
1767689615.86,2026-01-06 14:23:35,29,40,2101,22.3%,152,NORMAL,532.0,0.0,8.5,False
1767689617.70,2026-01-06 14:23:37,31,40,2105,22.3%,152,NORMAL,536.0,0.0,8.4,False
1767689619.38,2026-01-06 14:23:39,30,40,2106,22.3%,152,NORMAL,537.0,0.0,8.4,False
1767689620.96,2026-01-06 14:23:40,25,40,2107,22.2%,152,NORMAL,537.0,0.0,8.3,False
1767689622.68,2026-01-06 14:23:42,28,40,2110,22.2%,152,NORMAL,535.0,0.0,8.3,False
1767689624.38,2026-01-06 14:23:44,27,40,2110,22.1%,152,NORMAL,528.0,0.0,8.3,False
1767689626.20,2026-01-06 14:23:46,30,40,2114,22.1%,152,NORMAL,527.0,0.0,8.3,False
1767689627.37,2026-01-06 14:23:47,32,40,2126,22.1%,152,NORMAL,538.0,0.0,8.3,False
1767689628.51,2026-01-06 14:23:48,32,40,2126,22.1%,152,NORMAL,536.0,0.0,8.3,False
1767689630.13,2026-01-06 14:23:50,33,40,2130,22.1%,152,NORMAL,538.0,0.0,8.3,False
1767689631.98,2026-01-06 14:23:51,31,40,2131,22.0%,152,NORMAL,536.0,0.0,8.2,False
1767689633.10,2026-01-06 14:23:53,31,40,2132,22.1%,152,NORMAL,536.0,0.0,8.2,False
1767689634.30,2026-01-06 14:23:54,31,40,2132,22.2%,152,NORMAL,533.0,0.0,8.2,False
1767689636.15,2026-01-06 14:23:56,32,40,2132,22.4%,152,NORMAL,531.0,0.0,8.2,False
1767689637.99,2026-01-06 14:23:57,28,40,2135,22.4%,152,NORMAL,528.0,0.0,8.1,False
1767689639.02,2026-01-06 14:23:59,31,40,2137,22.5%,152,NORMAL,525.0,0.0,8.1,False
1767689640.10,2026-01-06 14:24:00,33,40,2140,22.6%,152,NORMAL,528.0,0.0,8.1,False
1767689641.91,2026-01-06 14:24:01,28,40,2141,22.5%,152,NORMAL,527.0,0.0,8.1,False
1767689643.76,2026-01-06 14:24:03,31,40,2144,22.6%,152,NORMAL,528.0,0.0,8.1,False
1767689644.88,2026-01-06 14:24:04,31,40,2145,22.7%,152,NORMAL,528.0,0.0,8.0,False
1767689646.07,2026-01-06 14:24:06,30,40,2146,22.8%,152,NORMAL,529.0,0.0,8.0,False
1767689647.14,2026-01-06 14:24:07,33,40,2148,22.8%,152,NORMAL,530.0,0.0,8.0,False
1767689648.23,2026-01-06 14:24:08,33,40,2148,22.8%,152,NORMAL,530.0,0.0,8.0,False
1767689650.03,2026-01-06 14:24:10,30,40,2150,22.7%,152,NORMAL,530.0,0.0,8.0,False
1767689651.86,2026-01-06 14:24:11,27,40,2152,22.7%,152,NORMAL,531.0,0.0,8.0,False
1767689652.90,2026-01-06 14:24:12,31,40,2156,22.7%,152,NORMAL,533.0,0.0,8.0,False
1767689654.11,2026-01-06 14:24:14,30,40,2156,22.7%,152,NORMAL,532.0,0.0,8.0,False
1767689655.88,2026-01-06 14:24:15,28,40,2158,22.7%,152,NORMAL,534.0,0.0,8.0,False
1767689657.78,2026-01-06 14:24:17,27,40,2158,22.8%,152,NORMAL,533.0,0.0,7.9,False
