timestamp,datetime,current_occupancy,peak_occupancy,unique_people,utilization_pct,est_capacity,capacity_status,flow_rate_per_min,avg_dwell_time_sec,processing_fps,alert_active
1767698083.27,2026-01-06 16:44:43,0,0,0,0.0%,70,NORMAL,0.0,0.0,7.4,False
1767698085.30,2026-01-06 16:44:45,7,7,7,6.0%,70,NORMAL,0.0,0.0,7.6,False
1767698086.33,2026-01-06 16:44:46,9,9,9,9.1%,70,NORMAL,0.0,0.0,6.6,False
1767698087.36,2026-01-06 16:44:47,9,9,12,10.6%,70,NORMAL,0.0,0.0,6.1,False
1767698088.48,2026-01-06 16:44:48,11,11,14,12.2%,70,NORMAL,0.0,0.0,5.9,False
1767698089.56,2026-01-06 16:44:49,10,11,14,12.9%,70,NORMAL,0.0,0.0,5.7,False
1767698090.72,2026-01-06 16:44:50,10,11,16,13.5%,70,NORMAL,0.0,0.0,5.5,False
1767698091.80,2026-01-06 16:44:51,11,12,16,14.1%,70,NORMAL,0.0,0.0,5.4,False
1767698093.27,2026-01-06 16:44:53,13,13,18,14.9%,70,NORMAL,0.0,0.0,5.3,False
1767698094.55,2026-01-06 16:44:54,10,14,22,15.1%,70,NORMAL,1277.4,0.0,5.2,False
1767698095.59,2026-01-06 16:44:55,10,14,22,15.3%,70,NORMAL,1131.4,0.0,5.1,False
1767698096.98,2026-01-06 16:44:56,10,14,23,15.4%,70,NORMAL,1118.9,0.0,5.1,False
1767698098.10,2026-01-06 16:44:58,10,14,23,15.5%,70,NORMAL,1061.5,0.0,5.0,False
1767698099.59,2026-01-06 16:44:59,8,14,23,15.4%,70,NORMAL,940.9,0.0,4.9,False
1767698100.69,2026-01-06 16:45:00,9,14,24,15.4%,70,NORMAL,939.1,0.0,4.9,False
1767698101.69,2026-01-06 16:45:01,8,14,24,15.3%,70,NORMAL,900.0,0.0,4.9,False
1767698103.05,2026-01-06 16:45:03,9,14,25,15.3%,70,NORMAL,865.4,0.0,4.8,False
1767698104.15,2026-01-06 16:45:04,11,14,26,15.4%,70,NORMAL,866.7,0.0,4.7,False
1767698105.53,2026-01-06 16:45:05,11,14,26,15.6%,70,NORMAL,821.1,0.0,4.7,False
1767698106.62,2026-01-06 16:45:06,11,14,27,15.7%,70,NORMAL,810.0,0.0,4.6,False
1767698108.13,2026-01-06 16:45:08,10,14,27,15.8%,70,NORMAL,783.9,0.0,4.6,False
1767698109.17,2026-01-06 16:45:09,11,14,27,15.9%,70,NORMAL,747.7,0.0,4.5,False
1767698110.77,2026-01-06 16:45:10,12,14,27,16.1%,70,NORMAL,694.3,0.0,4.4,False
1767698112.34,2026-01-06 16:45:12,13,14,28,16.3%,70,NORMAL,700.0,0.0,4.4,False
1767698113.88,2026-01-06 16:45:13,9,14,29,16.3%,70,NORMAL,686.8,0.0,4.3,False
1767698115.45,2026-01-06 16:45:15,11,14,30,16.3%,70,NORMAL,675.0,0.0,4.2,False
1767698117.04,2026-01-06 16:45:17,10,14,31,16.4%,70,NORMAL,664.3,0.0,4.2,False
1767698118.10,2026-01-06 16:45:18,9,14,31,16.3%,70,NORMAL,641.4,0.0,4.1,False
1767698119.20,2026-01-06 16:45:19,12,14,34,16.4%,70,NORMAL,658.1,0.0,4.0,False
1767698120.25,2026-01-06 16:45:20,11,14,34,16.5%,70,NORMAL,644.2,0.0,3.9,False
1767698121.72,2026-01-06 16:45:21,9,14,35,17.0%,70,NORMAL,649.5,0.0,3.8,False
1767698123.57,2026-01-06 16:45:23,12,14,37,17.3%,70,NORMAL,659.4,0.0,3.8,False
1767698124.86,2026-01-06 16:45:24,12,14,39,17.4%,70,NORMAL,681.6,0.0,3.7,False
1767698125.94,2026-01-06 16:45:25,13,14,40,17.6%,70,NORMAL,679.2,0.0,3.7,False
1767698127.55,2026-01-06 16:45:27,13,14,40,17.7%,70,NORMAL,660.6,0.0,3.6,False
1767698128.74,2026-01-06 16:45:28,12,14,41,17.8%,70,NORMAL,664.9,0.0,3.6,False
1767698129.77,2026-01-06 16:45:29,11,14,41,17.9%,70,NORMAL,647.4,0.0,3.6,False
1767698131.29,2026-01-06 16:45:31,11,14,41,17.9%,70,NORMAL,636.2,0.0,3.5,False
1767698132.61,2026-01-06 16:45:32,10,14,41,17.7%,70,NORMAL,620.2,0.0,3.5,False
1767698134.28,2026-01-06 16:45:34,11,14,42,17.8%,70,NORMAL,624.8,0.0,3.4,False
1767698135.87,2026-01-06 16:45:35,10,14,43,17.8%,70,NORMAL,614.3,0.0,3.3,False
1767698136.96,2026-01-06 16:45:36,10,14,43,17.8%,70,NORMAL,600.0,0.0,3.3,False
1767698138.07,2026-01-06 16:45:38,10,14,43,17.8%,70,NORMAL,577.6,0.0,3.2,False
1767698139.78,2026-01-06 16:45:39,10,14,43,17.9%,70,NORMAL,569.1,0.0,3.2,False
1767698140.90,2026-01-06 16:45:40,10,14,43,18.0%,70,NORMAL,556.8,0.0,3.1,False
1767698142.05,2026-01-06 16:45:42,11,14,43,18.1%,70,NORMAL,548.9,0.0,3.1,False
1767698143.08,2026-01-06 16:45:43,10,14,43,18.2%,70,NORMAL,537.5,0.0,3.1,False
1767698144.38,2026-01-06 16:45:44,12,14,44,18.2%,70,NORMAL,538.8,0.0,3.1,False
1767698145.54,2026-01-06 16:45:45,10,14,44,18.2%,70,NORMAL,528.0,0.0,3.1,False
1767698147.07,2026-01-06 16:45:47,9,14,44,18.1%,70,NORMAL,511.0,0.0,3.1,False
1767698148.59,2026-01-06 16:45:48,9,14,44,18.0%,70,NORMAL,504.5,0.0,3.1,False
1767698150.51,2026-01-06 16:45:50,10,14,45,18.0%,70,NORMAL,503.1,0.0,3.1,False
1767698151.66,2026-01-06 16:45:51,10,14,45,17.9%,70,NORMAL,496.9,0.0,3.1,False
1767698152.98,2026-01-06 16:45:52,10,14,45,17.7%,70,NORMAL,490.9,0.0,3.1,False
1767698154.36,2026-01-06 16:45:54,11,14,46,17.8%,70,NORMAL,484.2,0.0,3.1,False
1767698155.48,2026-01-06 16:45:55,10,14,46,17.8%,70,NORMAL,475.9,0.0,3.1,False
1767698156.58,2026-01-06 16:45:56,10,14,46,17.8%,70,NORMAL,470.5,0.0,3.1,False
1767698158.04,2026-01-06 16:45:58,9,14,46,17.8%,70,NORMAL,465.2,0.0,3.1,False
1767698159.38,2026-01-06 16:45:59,9,14,46,17.6%,70,NORMAL,460.0,0.0,3.1,False
1767698160.64,2026-01-06 16:46:00,8,14,46,17.4%,70,NORMAL,457.5,0.0,3.1,False
1767698161.84,2026-01-06 16:46:01,9,14,46,17.4%,70,NORMAL,452.5,0.0,3.0,False
1767698162.86,2026-01-06 16:46:02,9,14,46,17.3%,70,NORMAL,445.2,0.0,3.0,False
1767698164.05,2026-01-06 16:46:04,10,14,47,17.2%,70,NORMAL,442.9,0.0,3.0,False
1767698165.15,2026-01-06 16:46:05,10,14,47,17.0%,70,NORMAL,438.3,0.0,3.0,False
1767698166.47,2026-01-06 16:46:06,8,14,47,16.8%,70,NORMAL,431.6,0.0,3.0,False
1767698167.69,2026-01-06 16:46:07,9,14,47,16.6%,70,NORMAL,427.3,0.0,3.0,False
1767698168.93,2026-01-06 16:46:08,9,14,47,16.5%,70,NORMAL,420.9,0.0,3.0,False
1767698170.16,2026-01-06 16:46:10,9,14,47,16.4%,70,NORMAL,410.7,0.0,3.0,False
1767698171.53,2026-01-06 16:46:11,9,14,48,16.3%,70,NORMAL,411.4,0.0,3.1,False
1767698172.58,2026-01-06 16:46:12,9,14,48,16.2%,70,NORMAL,405.6,0.0,3.1,False
1767698173.98,2026-01-06 16:46:13,7,14,48,16.1%,70,NORMAL,396.3,0.0,3.2,False
1767698175.15,2026-01-06 16:46:15,8,14,49,16.0%,70,NORMAL,400.9,0.0,3.2,False
1767698176.39,2026-01-06 16:46:16,9,14,49,15.9%,70,NORMAL,397.3,0.0,3.2,False
1767698177.39,2026-01-06 16:46:17,9,14,50,15.9%,70,NORMAL,394.7,0.0,3.3,False
1767698178.62,2026-01-06 16:46:18,8,14,50,15.8%,70,NORMAL,391.3,0.0,3.3,False
1767698179.87,2026-01-06 16:46:19,8,14,50,15.6%,70,NORMAL,387.9,0.0,3.4,False
1767698181.58,2026-01-06 16:46:21,9,14,50,15.5%,70,NORMAL,379.7,0.0,3.4,False
1767698182.84,2026-01-06 16:46:22,8,14,50,15.3%,70,NORMAL,373.4,0.0,3.4,False
1767698184.05,2026-01-06 16:46:24,8,14,50,15.2%,70,NORMAL,368.9,0.0,3.4,False
1767698185.17,2026-01-06 16:46:25,8,14,50,15.2%,70,NORMAL,362.9,0.0,3.4,False
1767698186.73,2026-01-06 16:46:26,8,14,50,15.1%,70,NORMAL,355.7,0.0,3.5,False
1767698187.97,2026-01-06 16:46:27,9,14,50,15.1%,70,NORMAL,352.9,0.0,3.5,False
1767698189.06,2026-01-06 16:46:29,9,14,50,15.0%,70,NORMAL,346.2,0.0,3.5,False
1767698190.10,2026-01-06 16:46:30,10,14,51,15.0%,70,NORMAL,347.7,0.0,3.6,False
1767698191.78,2026-01-06 16:46:31,10,14,51,15.0%,70,NORMAL,345.1,0.0,3.6,False
1767698193.17,2026-01-06 16:46:33,11,14,51,15.0%,70,NORMAL,340.0,0.0,3.6,False
1767698194.23,2026-01-06 16:46:34,11,14,52,15.1%,70,NORMAL,341.6,0.0,3.7,False
1767698195.30,2026-01-06 16:46:35,11,14,52,15.2%,70,NORMAL,339.1,0.0,3.7,False
1767698196.35,2026-01-06 16:46:36,10,14,52,15.2%,70,NORMAL,336.7,0.0,3.7,False
1767698197.96,2026-01-06 16:46:37,9,14,52,15.3%,70,NORMAL,329.6,0.0,3.8,False
1767698199.53,2026-01-06 16:46:39,8,14,52,15.2%,70,NORMAL,327.3,0.0,3.8,False
1767698200.54,2026-01-06 16:46:40,10,14,52,15.3%,70,NORMAL,323.9,0.0,3.8,False
1767698201.63,2026-01-06 16:46:41,10,14,52,15.3%,70,NORMAL,321.6,0.0,3.8,False
1767698202.66,2026-01-06 16:46:42,12,14,55,15.4%,70,NORMAL,336.7,0.0,3.8,False
1767698204.30,2026-01-06 16:46:44,13,14,55,15.6%,70,NORMAL,333.3,0.0,3.8,False
1767698205.31,2026-01-06 16:46:45,14,14,56,15.9%,70,NORMAL,337.1,0.0,3.8,False
1767698206.65,2026-01-06 16:46:46,14,14,56,16.2%,70,NORMAL,334.9,0.0,3.8,False
1767698207.92,2026-01-06 16:46:47,13,14,57,16.4%,70,NORMAL,338.6,0.0,3.8,False
1767698209.35,2026-01-06 16:46:49,12,14,57,16.5%,70,NORMAL,335.3,0.0,3.7,False
1767698210.77,2026-01-06 16:46:50,13,14,57,16.7%,70,NORMAL,329.9,0.0,3.7,False
1767698212.66,2026-01-06 16:46:52,13,14,57,17.0%,70,NORMAL,324.7,0.0,3.7,False
1767698214.23,2026-01-06 16:46:54,13,14,57,17.3%,70,NORMAL,322.6,0.0,3.7,False
1767698215.60,2026-01-06 16:46:55,13,14,57,17.5%,70,NORMAL,320.6,0.0,3.6,False
1767698217.00,2026-01-06 16:46:56,13,14,57,17.7%,70,NORMAL,317.6,0.0,3.6,False
1767698218.29,2026-01-06 16:46:58,14,14,57,18.0%,70,NORMAL,315.7,0.0,3.6,False
1767698220.11,2026-01-06 16:47:00,14,14,57,18.3%,70,NORMAL,312.8,0.0,3.6,False
1767698221.42,2026-01-06 16:47:01,15,15,58,18.7%,70,NORMAL,315.4,0.0,3.5,False
1767698222.46,2026-01-06 16:47:02,14,15,58,19.0%,70,NORMAL,313.5,0.0,3.5,False
1767698223.56,2026-01-06 16:47:03,13,15,58,19.2%,70,NORMAL,311.6,0.0,3.5,False
1767698224.88,2026-01-06 16:47:04,14,15,58,19.5%,70,NORMAL,308.0,0.0,3.5,False
1767698226.13,2026-01-06 16:47:06,16,16,60,19.9%,70,NORMAL,316.7,0.0,3.5,False
1767698228.00,2026-01-06 16:47:07,14,16,60,20.2%,70,NORMAL,312.1,0.0,3.4,False
1767698229.22,2026-01-06 16:47:09,13,16,60,20.4%,70,NORMAL,310.3,0.0,3.4,False
1767698230.40,2026-01-06 16:47:10,13,16,60,20.6%,70,NORMAL,308.6,0.0,3.4,False
1767698232.07,2026-01-06 16:47:12,13,16,60,20.7%,70,NORMAL,305.1,0.0,3.4,False
1767698233.31,2026-01-06 16:47:13,11,16,61,20.7%,70,NORMAL,308.4,0.0,3.4,False
1767698234.83,2026-01-06 16:47:14,13,16,62,20.8%,70,NORMAL,309.1,0.0,3.3,False
1767698236.05,2026-01-06 16:47:16,12,16,62,20.9%,70,NORMAL,306.6,0.0,3.3,False
1767698237.17,2026-01-06 16:47:17,12,16,62,21.0%,70,NORMAL,302.4,0.0,3.3,False
1767698238.45,2026-01-06 16:47:18,11,16,62,21.1%,70,NORMAL,300.0,0.0,3.3,False
1767698239.57,2026-01-06 16:47:19,11,16,62,21.2%,70,NORMAL,298.4,0.0,3.3,False
1767698240.70,2026-01-06 16:47:20,12,16,63,21.3%,70,NORMAL,301.6,0.0,3.3,False
1767698241.77,2026-01-06 16:47:21,12,16,63,21.5%,70,NORMAL,300.0,0.0,3.3,False
1767698242.88,2026-01-06 16:47:22,13,16,64,21.5%,70,NORMAL,303.2,0.0,3.3,False
1767698244.12,2026-01-06 16:47:24,14,16,65,21.6%,70,NORMAL,307.1,0.0,3.3,False
1767698245.82,2026-01-06 16:47:25,14,16,66,21.6%,70,NORMAL,307.8,0.0,3.3,False
1767698246.86,2026-01-06 16:47:26,12,16,66,21.5%,70,NORMAL,306.2,0.0,3.3,False
1767698248.26,2026-01-06 16:47:28,12,16,66,21.4%,70,NORMAL,303.8,0.0,3.3,False
1767698249.43,2026-01-06 16:47:29,13,16,66,21.5%,70,NORMAL,302.3,0.0,3.3,False
1767698250.74,2026-01-06 16:47:30,14,16,67,21.5%,70,NORMAL,304.5,0.0,3.3,False
1767698251.76,2026-01-06 16:47:31,12,16,67,21.5%,70,NORMAL,301.5,0.0,3.2,False
1767698252.80,2026-01-06 16:47:32,13,16,67,21.5%,70,NORMAL,300.7,0.0,3.2,False
1767698254.01,2026-01-06 16:47:34,15,16,68,21.6%,70,NORMAL,303.0,0.0,3.2,False
1767698255.30,2026-01-06 16:47:35,14,16,68,21.6%,70,NORMAL,301.5,0.0,3.2,False
1767698256.44,2026-01-06 16:47:36,14,16,68,21.6%,70,NORMAL,299.3,0.0,3.2,False
1767698257.86,2026-01-06 16:47:37,13,16,68,21.6%,70,NORMAL,297.8,0.0,3.2,False
1767698259.31,2026-01-06 16:47:39,13,16,70,21.5%,70,NORMAL,302.9,0.0,3.2,False
1767698260.51,2026-01-06 16:47:40,12,16,70,21.4%,70,NORMAL,301.4,0.0,3.2,False
1767698261.89,2026-01-06 16:47:41,11,16,70,21.2%,70,NORMAL,300.0,0.0,3.2,False
1767698262.93,2026-01-06 16:47:42,11,16,71,21.1%,70,NORMAL,302.8,0.0,3.2,False
1767698264.07,2026-01-06 16:47:44,13,16,72,20.9%,70,NORMAL,303.5,0.0,3.3,False
1767698265.28,2026-01-06 16:47:45,15,16,74,21.0%,70,NORMAL,310.5,0.0,3.3,False
1767698266.59,2026-01-06 16:47:46,16,16,75,21.1%,70,NORMAL,313.2,0.0,3.3,False
1767698267.68,2026-01-06 16:47:47,16,16,75,21.3%,70,NORMAL,310.3,0.0,3.3,False
1767698268.84,2026-01-06 16:47:48,16,17,75,21.4%,70,NORMAL,307.5,0.0,3.3,False
1767698270.04,2026-01-06 16:47:50,17,17,76,21.7%,70,NORMAL,310.2,0.0,3.4,False
1767698271.71,2026-01-06 16:47:51,14,17,76,21.8%,70,NORMAL,308.1,0.0,3.4,False
1767698273.06,2026-01-06 16:47:53,16,17,77,22.0%,70,NORMAL,310.8,0.0,3.4,False
1767698274.61,2026-01-06 16:47:54,17,17,78,22.2%,70,NORMAL,312.7,0.0,3.4,False
1767698275.76,2026-01-06 16:47:55,16,17,78,22.5%,70,NORMAL,310.6,0.0,3.4,False
1767698276.83,2026-01-06 16:47:56,15,17,78,22.7%,70,NORMAL,308.6,0.0,3.5,False
1767698278.01,2026-01-06 16:47:58,16,17,79,22.9%,70,NORMAL,310.5,0.0,3.5,False
1767698279.11,2026-01-06 16:47:59,15,17,80,23.0%,70,NORMAL,312.4,0.0,3.5,False
1767698281.12,2026-01-06 16:48:01,16,17,82,23.2%,70,NORMAL,316.7,0.0,3.6,False
1767698282.30,2026-01-06 16:48:02,16,17,82,23.3%,70,NORMAL,314.0,0.0,3.6,False
1767698283.84,2026-01-06 16:48:03,16,17,82,23.4%,70,NORMAL,313.4,0.0,3.6,False
1767698285.56,2026-01-06 16:48:05,18,18,82,23.7%,70,NORMAL,310.1,0.0,3.6,False
1767698286.98,2026-01-06 16:48:06,20,20,84,24.1%,70,NORMAL,315.7,0.0,3.7,False
1767698289.17,2026-01-06 16:48:09,20,21,85,24.4%,70,NORMAL,318.1,0.0,3.7,False
1767698290.24,2026-01-06 16:48:10,18,21,85,24.6%,70,NORMAL,316.8,0.0,3.8,False
1767698292.42,2026-01-06 16:48:12,17,21,85,24.9%,70,NORMAL,314.8,0.0,3.8,False
1767698293.45,2026-01-06 16:48:13,17,21,86,25.1%,70,NORMAL,316.6,0.0,3.8,False
1767698294.97,2026-01-06 16:48:14,19,21,86,25.2%,70,NORMAL,315.3,0.0,3.9,False
1767698296.39,2026-01-06 16:48:16,19,21,86,25.5%,70,NORMAL,314.0,0.0,3.9,False
1767698297.64,2026-01-06 16:48:17,17,21,86,25.6%,70,NORMAL,312.1,0.0,3.9,False
1767698298.86,2026-01-06 16:48:18,16,21,87,25.8%,70,NORMAL,313.8,0.0,3.9,False
1767698300.26,2026-01-06 16:48:20,15,21,88,25.9%,70,NORMAL,316.2,0.0,3.9,False
1767698301.59,2026-01-06 16:48:21,14,21,88,26.0%,70,NORMAL,314.9,0.0,3.9,False
1767698302.78,2026-01-06 16:48:22,15,21,89,26.2%,70,NORMAL,316.6,0.0,3.9,False
1767698305.04,2026-01-06 16:48:25,18,21,91,26.5%,70,NORMAL,320.5,0.0,4.0,False
1767698306.41,2026-01-06 16:48:26,21,21,94,26.9%,70,NORMAL,328.5,0.0,4.0,False
1767698307.54,2026-01-06 16:48:27,21,21,94,27.2%,70,NORMAL,327.9,0.0,4.0,False
1767698309.07,2026-01-06 16:48:29,21,22,94,27.4%,70,NORMAL,325.4,0.0,4.0,False
1767698310.08,2026-01-06 16:48:30,19,22,94,27.6%,70,NORMAL,324.8,0.0,4.0,False
1767698311.72,2026-01-06 16:48:31,18,22,94,27.7%,70,NORMAL,321.7,0.0,4.1,False
1767698313.10,2026-01-06 16:48:33,18,22,94,27.7%,70,NORMAL,320.5,0.0,4.1,False
1767698314.75,2026-01-06 16:48:34,17,22,95,27.9%,70,NORMAL,322.6,0.0,4.1,False
1767698316.16,2026-01-06 16:48:36,16,22,95,27.9%,70,NORMAL,321.4,0.0,4.1,False
1767698317.28,2026-01-06 16:48:37,14,22,95,27.7%,70,NORMAL,320.2,0.0,4.1,False
1767698318.32,2026-01-06 16:48:38,14,22,95,27.6%,70,NORMAL,319.0,0.0,4.1,False
1767698319.59,2026-01-06 16:48:39,14,22,95,27.6%,70,NORMAL,317.8,0.0,4.0,False
1767698320.93,2026-01-06 16:48:40,17,22,96,27.6%,70,NORMAL,319.4,0.0,4.0,False
1767698322.85,2026-01-06 16:48:42,16,22,97,27.7%,70,NORMAL,319.8,0.0,4.0,False
1767698324.10,2026-01-06 16:48:44,16,22,97,27.7%,70,NORMAL,318.6,0.0,4.0,False
1767698325.10,2026-01-06 16:48:45,18,22,98,27.8%,70,NORMAL,320.7,0.0,3.9,False
1767698326.28,2026-01-06 16:48:46,17,22,98,27.8%,70,NORMAL,320.1,0.0,3.9,False
1767698328.00,2026-01-06 16:48:48,13,22,99,27.6%,70,NORMAL,321.1,0.0,3.8,False
1767698329.37,2026-01-06 16:48:49,12,22,99,27.2%,70,NORMAL,320.5,0.0,3.8,False
1767698330.54,2026-01-06 16:48:50,14,22,99,26.9%,70,NORMAL,319.4,0.0,3.8,False
1767698332.14,2026-01-06 16:48:52,13,22,99,26.6%,70,NORMAL,317.6,0.0,3.8,False
1767698333.40,2026-01-06 16:48:53,15,22,101,26.6%,70,NORMAL,322.9,0.0,3.7,False
1767698335.52,2026-01-06 16:48:55,15,22,102,26.5%,70,NORMAL,324.4,0.0,3.7,False
1767698337.00,2026-01-06 16:48:56,12,22,102,26.1%,70,NORMAL,321.5,0.0,3.6,False
1767698338.15,2026-01-06 16:48:58,15,22,102,25.9%,70,NORMAL,320.4,0.0,3.6,False
1767698339.36,2026-01-06 16:48:59,13,22,102,25.7%,70,NORMAL,319.3,0.0,3.5,False
1767698340.36,2026-01-06 16:49:00,15,22,102,25.7%,70,NORMAL,317.6,0.0,3.5,False
1767698341.49,2026-01-06 16:49:01,14,22,102,25.6%,70,NORMAL,316.0,0.0,3.5,False
1767698342.67,2026-01-06 16:49:02,13,22,102,25.6%,70,NORMAL,314.9,0.0,3.5,False
1767698344.13,2026-01-06 16:49:04,13,22,102,25.5%,70,NORMAL,312.8,0.0,3.5,False
1767698345.65,2026-01-06 16:49:05,13,22,103,25.2%,70,NORMAL,313.7,0.0,3.5,False
1767698346.92,2026-01-06 16:49:06,13,22,104,24.8%,70,NORMAL,314.6,0.0,3.5,False
1767698348.60,2026-01-06 16:49:08,13,22,104,24.5%,70,NORMAL,313.0,0.0,3.5,False
1767698349.75,2026-01-06 16:49:09,13,22,104,24.1%,70,NORMAL,312.0,0.0,3.5,False
1767698350.92,2026-01-06 16:49:10,14,22,105,23.8%,70,NORMAL,314.0,0.0,3.5,False
1767698352.19,2026-01-06 16:49:12,11,22,105,23.5%,70,NORMAL,311.9,0.0,3.5,False
1767698353.93,2026-01-06 16:49:13,12,22,105,23.2%,70,NORMAL,309.3,0.0,3.5,False
1767698355.12,2026-01-06 16:49:15,13,22,107,23.0%,70,NORMAL,313.7,0.0,3.4,False
1767698356.18,2026-01-06 16:49:16,13,22,108,22.8%,70,NORMAL,315.6,0.0,3.4,False
1767698357.45,2026-01-06 16:49:17,12,22,109,22.7%,70,NORMAL,316.5,0.0,3.4,False
1767698358.47,2026-01-06 16:49:18,11,22,109,22.6%,70,NORMAL,315.9,0.0,3.4,False
1767698359.66,2026-01-06 16:49:19,15,22,111,22.6%,70,NORMAL,319.2,0.0,3.4,False
1767698360.81,2026-01-06 16:49:20,14,22,111,22.5%,70,NORMAL,317.6,0.0,3.4,False
1767698362.69,2026-01-06 16:49:22,15,22,113,22.4%,70,NORMAL,321.3,0.0,3.5,False
1767698363.73,2026-01-06 16:49:23,14,22,113,22.4%,70,NORMAL,319.8,0.0,3.5,False
1767698365.24,2026-01-06 16:49:25,15,22,113,22.2%,70,NORMAL,318.8,0.0,3.5,False
1767698366.50,2026-01-06 16:49:26,13,22,113,22.0%,70,NORMAL,317.3,0.0,3.5,False
1767698367.61,2026-01-06 16:49:27,10,22,113,21.9%,70,NORMAL,315.3,0.0,3.6,False
1767698368.92,2026-01-06 16:49:28,10,22,113,21.7%,70,NORMAL,314.4,0.0,3.6,False
1767698370.18,2026-01-06 16:49:30,12,22,114,21.6%,70,NORMAL,315.7,0.0,3.6,False
1767698371.33,2026-01-06 16:49:31,12,22,114,21.6%,70,NORMAL,314.7,0.0,3.6,False
1767698373.08,2026-01-06 16:49:33,9,22,114,21.3%,70,NORMAL,312.8,0.0,3.6,False
1767698374.15,2026-01-06 16:49:34,11,22,115,21.1%,70,NORMAL,314.1,0.0,3.6,False
1767698375.24,2026-01-06 16:49:35,10,22,115,21.0%,70,NORMAL,311.7,0.0,3.6,False
1767698376.63,2026-01-06 16:49:36,9,22,115,20.7%,70,NORMAL,310.8,0.0,3.7,False
1767698377.96,2026-01-06 16:49:37,10,22,115,20.5%,70,NORMAL,308.5,0.0,3.7,False
1767698379.08,2026-01-06 16:49:39,10,22,115,20.3%,70,NORMAL,307.1,0.0,3.7,False
1767698380.74,2026-01-06 16:49:40,9,22,115,20.0%,70,NORMAL,306.2,0.0,3.7,False
1767698382.00,2026-01-06 16:49:42,8,22,116,19.7%,70,NORMAL,308.0,0.0,3.7,False
1767698383.24,2026-01-06 16:49:43,8,22,116,19.5%,70,NORMAL,306.6,0.0,3.7,False
1767698384.39,2026-01-06 16:49:44,9,22,117,19.3%,70,NORMAL,307.9,0.0,3.7,False
1767698385.46,2026-01-06 16:49:45,8,22,117,19.0%,70,NORMAL,307.0,0.0,3.7,False
1767698386.62,2026-01-06 16:49:46,10,22,119,18.9%,70,NORMAL,310.0,0.0,3.6,False
1767698387.73,2026-01-06 16:49:47,11,22,121,18.8%,70,NORMAL,313.4,0.0,3.7,False
1767698388.87,2026-01-06 16:49:48,10,22,121,18.6%,70,NORMAL,312.5,0.0,3.7,False
1767698390.64,2026-01-06 16:49:50,12,22,121,18.6%,70,NORMAL,310.7,0.0,3.7,False
1767698392.11,2026-01-06 16:49:52,12,22,122,18.6%,70,NORMAL,312.4,0.0,3.6,False
1767698393.22,2026-01-06 16:49:53,13,22,123,18.6%,70,NORMAL,314.0,0.0,3.6,False
1767698394.26,2026-01-06 16:49:54,12,22,123,18.6%,70,NORMAL,312.3,0.0,3.6,False
1767698395.46,2026-01-06 16:49:55,13,22,124,18.6%,70,NORMAL,313.0,0.0,3.7,False
1767698396.85,2026-01-06 16:49:56,14,22,124,18.8%,70,NORMAL,312.2,0.0,3.7,False
1767698398.25,2026-01-06 16:49:58,13,22,125,18.7%,70,NORMAL,312.9,0.0,3.7,False
1767698399.40,2026-01-06 16:49:59,12,22,125,18.6%,70,NORMAL,312.1,0.0,3.7,False
1767698400.52,2026-01-06 16:50:00,11,22,125,18.4%,70,NORMAL,310.8,0.0,3.7,False
1767698402.51,2026-01-06 16:50:02,13,22,125,18.3%,70,NORMAL,309.9,0.0,3.6,False
1767698403.66,2026-01-06 16:50:03,15,22,126,18.3%,70,NORMAL,311.5,0.0,3.6,False
1767698405.01,2026-01-06 16:50:05,13,22,126,18.3%,70,NORMAL,310.7,0.0,3.6,False
1767698406.24,2026-01-06 16:50:06,13,22,127,18.5%,70,NORMAL,311.9,0.0,3.6,False
1767698407.53,2026-01-06 16:50:07,12,22,127,18.6%,70,NORMAL,311.0,0.0,3.6,False
1767698408.65,2026-01-06 16:50:08,11,22,127,18.5%,70,NORMAL,310.6,0.0,3.5,False
1767698409.86,2026-01-06 16:50:09,10,22,127,18.4%,70,NORMAL,309.8,0.0,3.5,False
1767698411.24,2026-01-06 16:50:11,14,22,129,18.7%,70,NORMAL,313.8,0.0,3.5,False
1767698412.39,2026-01-06 16:50:12,12,22,129,18.7%,70,NORMAL,312.1,0.0,3.5,False
1767698413.63,2026-01-06 16:50:13,12,22,129,18.8%,70,NORMAL,311.3,0.0,3.4,False
1767698414.92,2026-01-06 16:50:14,14,22,131,19.1%,70,NORMAL,314.8,0.0,3.4,False
1767698416.21,2026-01-06 16:50:16,16,22,132,19.4%,70,NORMAL,316.4,0.0,3.4,False
1767698417.64,2026-01-06 16:50:17,16,22,132,19.7%,70,NORMAL,315.5,0.0,3.4,False
1767698419.06,2026-01-06 16:50:19,15,22,132,20.0%,70,NORMAL,314.7,0.0,3.3,False
1767698420.30,2026-01-06 16:50:20,13,22,132,20.3%,70,NORMAL,313.0,0.0,3.3,False
1767698422.07,2026-01-06 16:50:22,14,22,134,20.6%,70,NORMAL,316.5,0.0,3.2,False
1767698423.51,2026-01-06 16:50:23,15,22,135,20.9%,70,NORMAL,317.2,0.0,3.2,False
1767698424.62,2026-01-06 16:50:24,15,22,135,21.2%,70,NORMAL,316.0,0.0,3.2,False
1767698426.22,2026-01-06 16:50:26,14,22,135,21.4%,70,NORMAL,315.2,0.0,3.2,False
1767698427.52,2026-01-06 16:50:27,13,22,135,21.5%,70,NORMAL,314.4,0.0,3.1,False
1767698428.63,2026-01-06 16:50:28,15,22,136,21.8%,70,NORMAL,315.5,0.0,3.1,False
1767698429.75,2026-01-06 16:50:29,12,22,136,21.8%,70,NORMAL,314.2,0.0,3.1,False
1767698431.30,2026-01-06 16:50:31,13,22,136,21.8%,70,NORMAL,313.4,0.0,3.1,False
1767698432.38,2026-01-06 16:50:32,13,22,136,21.8%,70,NORMAL,311.8,0.0,3.1,False
1767698433.52,2026-01-06 16:50:33,14,22,137,22.0%,70,NORMAL,313.3,0.0,3.1,False
1767698434.79,2026-01-06 16:50:34,16,22,139,22.1%,70,NORMAL,317.1,0.0,3.1,False
1767698435.83,2026-01-06 16:50:35,15,22,139,22.1%,70,NORMAL,316.3,0.0,3.1,False
1767698437.09,2026-01-06 16:50:37,14,22,139,22.2%,70,NORMAL,315.1,0.0,3.1,False
1767698438.12,2026-01-06 16:50:38,14,22,139,22.3%,70,NORMAL,313.9,0.0,3.1,False
1767698439.30,2026-01-06 16:50:39,14,22,139,22.5%,70,NORMAL,312.7,0.0,3.0,False
1767698440.42,2026-01-06 16:50:40,15,22,140,22.6%,70,NORMAL,313.8,0.0,3.0,False
1767698442.13,2026-01-06 16:50:42,15,22,140,22.6%,70,NORMAL,312.7,0.0,3.0,False
1767698444.14,2026-01-06 16:50:44,16,22,141,22.7%,70,NORMAL,312.9,0.0,3.0,False
1767698445.34,2026-01-06 16:50:45,16,22,142,22.9%,70,NORMAL,314.4,0.0,3.0,False
1767698446.63,2026-01-06 16:50:46,13,22,142,22.9%,70,NORMAL,313.6,0.0,3.0,False
1767698447.63,2026-01-06 16:50:47,12,22,142,23.0%,70,NORMAL,312.5,0.0,3.1,False
1767698448.85,2026-01-06 16:50:48,13,22,144,23.1%,70,NORMAL,315.7,0.0,3.1,False
1767698450.12,2026-01-06 16:50:50,14,22,145,23.1%,70,NORMAL,317.1,0.0,3.1,False
1767698451.46,2026-01-06 16:50:51,17,22,146,23.4%,70,NORMAL,318.5,0.0,3.1,False
1767698452.47,2026-01-06 16:50:52,16,22,147,23.6%,70,NORMAL,319.2,0.0,3.2,False
1767698453.99,2026-01-06 16:50:53,17,22,147,23.7%,70,NORMAL,318.4,0.0,3.2,False
1767698455.02,2026-01-06 16:50:55,18,22,148,23.8%,70,NORMAL,318.7,0.0,3.3,False
1767698456.68,2026-01-06 16:50:56,19,22,151,23.9%,70,NORMAL,324.0,0.0,3.3,False
1767698458.19,2026-01-06 16:50:58,19,22,151,24.1%,70,NORMAL,323.2,0.0,3.3,False
1767698459.83,2026-01-06 16:50:59,19,22,153,24.4%,70,NORMAL,325.5,0.0,3.4,False
1767698460.89,2026-01-06 16:51:00,18,22,153,24.6%,70,NORMAL,324.8,0.0,3.4,False
1767698462.73,2026-01-06 16:51:02,18,22,153,24.8%,70,NORMAL,323.6,0.0,3.4,False
1767698463.93,2026-01-06 16:51:03,17,22,154,24.9%,70,NORMAL,324.6,0.0,3.5,False
1767698465.07,2026-01-06 16:51:05,14,22,154,24.9%,70,NORMAL,323.8,0.0,3.5,False
1767698466.65,2026-01-06 16:51:06,15,22,157,25.0%,70,NORMAL,328.2,0.0,3.6,False
1767698467.97,2026-01-06 16:51:07,15,22,158,25.0%,70,NORMAL,329.5,0.0,3.6,False
1767698469.05,2026-01-06 16:51:09,17,22,160,25.2%,70,NORMAL,332.2,0.0,3.6,False
1767698470.29,2026-01-06 16:51:10,15,22,160,25.3%,70,NORMAL,331.4,0.0,3.6,False
1767698471.54,2026-01-06 16:51:11,14,22,161,25.4%,70,NORMAL,332.3,0.0,3.7,False
1767698473.03,2026-01-06 16:51:13,13,22,162,25.3%,70,NORMAL,332.9,0.0,3.7,False
1767698474.39,2026-01-06 16:51:14,11,22,162,25.1%,70,NORMAL,332.1,0.0,3.7,False
1767698475.89,2026-01-06 16:51:15,13,22,162,25.0%,70,NORMAL,331.4,0.0,3.7,False
1767698476.99,2026-01-06 16:51:16,14,22,163,25.0%,70,NORMAL,331.9,0.0,3.7,False
1767698479.09,2026-01-06 16:51:19,13,22,164,24.9%,70,NORMAL,333.2,0.0,3.7,False
1767698481.46,2026-01-06 16:51:21,18,22,167,25.1%,70,NORMAL,337.4,0.0,3.7,False
1767698482.50,2026-01-06 16:51:22,15,22,167,25.1%,70,NORMAL,335.9,0.0,3.7,False
1767698484.01,2026-01-06 16:51:24,13,22,167,25.0%,70,NORMAL,334.7,0.0,3.7,False
1767698485.23,2026-01-06 16:51:25,15,22,168,25.0%,70,NORMAL,335.6,0.0,3.7,False
1767698486.38,2026-01-06 16:51:26,16,22,168,25.0%,70,NORMAL,334.9,0.0,3.7,False
1767698487.60,2026-01-06 16:51:27,19,22,170,25.2%,70,NORMAL,337.7,0.0,3.6,False
1767698488.97,2026-01-06 16:51:28,17,22,172,25.5%,70,NORMAL,339.8,0.0,3.7,False
1767698490.65,2026-01-06 16:51:30,16,22,172,25.6%,70,NORMAL,339.1,0.0,3.7,False
1767698491.82,2026-01-06 16:51:31,14,22,172,25.6%,70,NORMAL,338.4,0.0,3.7,False
1767698492.87,2026-01-06 16:51:32,13,22,172,25.4%,70,NORMAL,338.0,0.0,3.7,False
1767698494.24,2026-01-06 16:51:34,15,22,172,25.4%,70,NORMAL,337.3,0.0,3.7,False
1767698495.63,2026-01-06 16:51:35,11,22,172,25.1%,70,NORMAL,336.2,0.0,3.7,False
1767698497.12,2026-01-06 16:51:37,11,22,172,24.7%,70,NORMAL,334.7,0.0,3.6,False
1767698498.17,2026-01-06 16:51:38,12,22,173,24.4%,70,NORMAL,336.3,0.0,3.6,False
1767698499.29,2026-01-06 16:51:39,10,22,173,24.0%,70,NORMAL,335.6,0.0,3.6,False
1767698500.74,2026-01-06 16:51:40,12,22,174,23.6%,70,NORMAL,336.4,0.0,3.6,False
1767698501.87,2026-01-06 16:51:41,12,22,174,23.3%,70,NORMAL,335.7,0.0,3.6,False
1767698503.03,2026-01-06 16:51:43,11,22,175,23.0%,70,NORMAL,336.2,0.0,3.6,False
1767698504.19,2026-01-06 16:51:44,12,22,175,22.7%,70,NORMAL,335.5,0.0,3.5,False
1767698505.21,2026-01-06 16:51:45,8,22,176,22.4%,70,NORMAL,335.6,0.0,3.5,False
1767698506.95,2026-01-06 16:51:46,10,22,177,22.2%,70,NORMAL,336.8,0.0,3.5,False
1767698508.49,2026-01-06 16:51:48,12,22,178,22.0%,70,NORMAL,338.0,0.0,3.4,False
1767698509.52,2026-01-06 16:51:49,13,22,179,21.8%,70,NORMAL,338.8,0.0,3.4,False
1767698511.04,2026-01-06 16:51:51,10,22,179,21.6%,70,NORMAL,337.4,0.0,3.4,False
1767698512.18,2026-01-06 16:51:52,12,22,179,21.5%,70,NORMAL,337.0,0.0,3.4,False
1767698513.61,2026-01-06 16:51:53,14,22,180,21.5%,70,NORMAL,338.2,0.0,3.4,False
1767698515.39,2026-01-06 16:51:55,14,22,180,21.7%,70,NORMAL,337.1,0.0,3.3,False
1767698516.75,2026-01-06 16:51:56,13,22,180,21.7%,70,NORMAL,336.1,0.0,3.3,False
1767698518.10,2026-01-06 16:51:58,13,22,180,21.6%,70,NORMAL,335.4,0.0,3.3,False
1767698519.22,2026-01-06 16:51:59,10,22,180,21.5%,70,NORMAL,334.4,0.0,3.3,False
1767698520.93,2026-01-06 16:52:00,10,22,180,21.1%,70,NORMAL,332.6,0.0,3.3,False
1767698522.04,2026-01-06 16:52:02,12,22,183,20.9%,70,NORMAL,337.5,0.0,3.2,False
1767698523.21,2026-01-06 16:52:03,9,22,184,20.7%,70,NORMAL,338.0,0.0,3.3,False
1767698524.30,2026-01-06 16:52:04,9,22,184,20.4%,70,NORMAL,336.9,0.0,3.3,False
1767698525.32,2026-01-06 16:52:05,10,22,186,20.1%,70,NORMAL,339.2,0.0,3.3,False
1767698526.91,2026-01-06 16:52:06,10,22,186,19.6%,70,NORMAL,337.8,0.0,3.3,False
1767698527.93,2026-01-06 16:52:07,12,22,186,19.4%,70,NORMAL,337.5,0.0,3.3,False
1767698529.37,2026-01-06 16:52:09,12,22,189,19.2%,70,NORMAL,341.6,0.0,3.3,False
1767698530.78,2026-01-06 16:52:10,14,22,189,19.2%,70,NORMAL,339.9,0.0,3.3,False
1767698531.87,2026-01-06 16:52:11,12,22,190,19.1%,70,NORMAL,340.6,0.0,3.3,False
1767698533.03,2026-01-06 16:52:13,12,22,190,19.0%,70,NORMAL,340.0,0.0,3.4,False
1767698534.28,2026-01-06 16:52:14,13,22,192,19.1%,70,NORMAL,342.2,0.0,3.4,False
1767698535.34,2026-01-06 16:52:15,17,22,196,19.4%,70,NORMAL,349.0,0.0,3.4,False
1767698537.00,2026-01-06 16:52:16,14,22,197,19.5%,70,NORMAL,349.0,0.0,3.5,False
1767698538.30,2026-01-06 16:52:18,12,22,197,19.6%,70,NORMAL,348.3,0.0,3.5,False
1767698539.38,2026-01-06 16:52:19,15,22,199,19.7%,70,NORMAL,350.5,0.0,3.5,False
1767698541.29,2026-01-06 16:52:21,14,22,201,19.8%,70,NORMAL,352.6,0.0,3.6,False
1767698542.78,2026-01-06 16:52:22,15,22,202,20.0%,70,NORMAL,352.7,0.0,3.7,False
1767698544.47,2026-01-06 16:52:24,17,22,202,20.3%,70,NORMAL,351.3,0.0,3.7,False
1767698546.02,2026-01-06 16:52:26,17,22,202,20.8%,70,NORMAL,351.0,0.0,3.7,False
1767698547.37,2026-01-06 16:52:27,12,22,202,20.9%,70,NORMAL,349.3,0.0,3.8,False
1767698548.91,2026-01-06 16:52:28,13,22,202,20.9%,70,NORMAL,348.3,0.0,3.8,False
1767698550.14,2026-01-06 16:52:30,11,22,202,20.8%,70,NORMAL,347.6,0.0,3.9,False
1767698551.36,2026-01-06 16:52:31,11,22,203,20.9%,70,NORMAL,348.3,0.0,3.9,False
1767698552.57,2026-01-06 16:52:32,9,22,203,20.7%,70,NORMAL,347.3,0.0,3.9,False
1767698554.33,2026-01-06 16:52:34,11,22,204,20.6%,70,NORMAL,347.7,0.0,3.9,False
1767698555.43,2026-01-06 16:52:35,12,22,205,20.4%,70,NORMAL,348.8,0.0,4.0,False
1767698557.07,2026-01-06 16:52:37,14,22,207,20.5%,70,NORMAL,351.2,0.0,4.0,False
1767698558.63,2026-01-06 16:52:38,10,22,207,20.3%,70,NORMAL,349.9,0.0,4.0,False
1767698560.24,2026-01-06 16:52:40,13,22,209,20.5%,70,NORMAL,352.2,0.0,4.0,False
1767698561.61,2026-01-06 16:52:41,14,22,210,20.7%,70,NORMAL,352.9,0.0,4.0,False
1767698562.99,2026-01-06 16:52:42,14,22,210,20.8%,70,NORMAL,352.0,0.0,4.0,False
1767698564.34,2026-01-06 16:52:44,13,22,211,21.0%,70,NORMAL,353.0,0.0,4.0,False
1767698565.73,2026-01-06 16:52:45,13,22,211,21.2%,70,NORMAL,351.3,0.0,4.0,False
1767698567.48,2026-01-06 16:52:47,13,22,212,21.4%,70,NORMAL,352.0,0.0,3.9,False
1767698568.97,2026-01-06 16:52:48,14,22,213,21.6%,70,NORMAL,353.0,0.0,3.9,False
1767698570.52,2026-01-06 16:52:50,17,22,216,21.8%,70,NORMAL,356.7,0.0,3.9,False
1767698571.83,2026-01-06 16:52:51,14,22,216,21.9%,70,NORMAL,356.0,0.0,3.9,False
1767698573.45,2026-01-06 16:52:53,15,22,216,22.0%,70,NORMAL,355.1,0.0,3.8,False
1767698574.73,2026-01-06 16:52:54,15,22,216,22.1%,70,NORMAL,354.4,0.0,3.8,False
1767698575.85,2026-01-06 16:52:55,17,22,216,22.4%,70,NORMAL,353.8,0.0,3.8,False
1767698576.91,2026-01-06 16:52:56,14,22,216,22.4%,70,NORMAL,353.1,0.0,3.7,False
1767698578.26,2026-01-06 16:52:58,16,22,217,22.4%,70,NORMAL,354.1,0.0,3.7,False
1767698579.45,2026-01-06 16:52:59,15,22,217,22.4%,70,NORMAL,353.5,0.0,3.7,False
1767698580.51,2026-01-06 16:53:00,16,22,217,22.6%,70,NORMAL,352.8,0.0,3.7,False
1767698581.70,2026-01-06 16:53:01,16,22,217,22.7%,70,NORMAL,351.9,0.0,3.6,False
1767698582.96,2026-01-06 16:53:02,16,22,218,22.8%,70,NORMAL,353.2,0.0,3.6,False
1767698584.98,2026-01-06 16:53:04,16,22,220,22.8%,70,NORMAL,354.8,0.0,3.6,False
1767698586.07,2026-01-06 16:53:06,13,22,220,22.6%,70,NORMAL,353.9,0.0,3.5,False
1767698587.68,2026-01-06 16:53:07,15,22,220,22.5%,70,NORMAL,353.3,0.0,3.5,False
1767698589.30,2026-01-06 16:53:09,12,22,221,22.5%,70,NORMAL,353.3,0.0,3.5,False
1767698590.87,2026-01-06 16:53:10,14,22,221,22.6%,70,NORMAL,351.7,0.0,3.4,False
1767698592.09,2026-01-06 16:53:12,14,22,223,22.7%,70,NORMAL,354.0,0.0,3.4,False
1767698596.67,2026-01-06 16:53:16,14,22,225,22.9%,70,NORMAL,356.5,0.0,3.4,False
1767698597.74,2026-01-06 16:53:17,14,22,225,23.1%,70,NORMAL,355.9,0.0,3.4,False
1767698598.93,2026-01-06 16:53:18,13,22,225,23.3%,70,NORMAL,355.0,0.0,3.4,False
1767698599.98,2026-01-06 16:53:19,13,22,226,23.3%,70,NORMAL,355.3,0.0,3.5,False
1767698601.61,2026-01-06 16:53:21,13,22,227,23.3%,70,NORMAL,356.2,0.0,3.5,False
1767698603.21,2026-01-06 16:53:23,11,22,227,23.3%,70,NORMAL,355.0,0.0,3.5,False
1767698604.72,2026-01-06 16:53:24,11,22,227,23.2%,70,NORMAL,354.1,0.0,3.5,False
1767698606.08,2026-01-06 16:53:26,13,22,229,23.2%,70,NORMAL,356.0,0.0,3.6,False
1767698607.50,2026-01-06 16:53:27,11,22,230,23.0%,70,NORMAL,356.6,0.0,3.6,False
1767698609.02,2026-01-06 16:53:29,12,22,231,22.9%,70,NORMAL,357.2,0.0,3.6,False
1767698610.06,2026-01-06 16:53:30,11,22,231,22.8%,70,NORMAL,356.6,0.0,3.6,False
1767698611.24,2026-01-06 16:53:31,12,22,231,22.8%,70,NORMAL,356.0,0.0,3.6,False
1767698612.62,2026-01-06 16:53:32,10,22,233,22.6%,70,NORMAL,358.2,0.0,3.6,False
1767698613.95,2026-01-06 16:53:33,10,22,233,22.2%,70,NORMAL,357.2,0.0,3.6,False
1767698615.29,2026-01-06 16:53:35,10,22,235,22.0%,70,NORMAL,359.7,0.0,3.6,False
1767698616.31,2026-01-06 16:53:36,12,22,236,21.9%,70,NORMAL,360.6,0.0,3.6,False
1767698617.55,2026-01-06 16:53:37,12,22,237,21.7%,70,NORMAL,361.5,0.0,3.6,False
1767698618.57,2026-01-06 16:53:38,13,22,239,21.5%,70,NORMAL,363.3,0.0,3.6,False
1767698619.69,2026-01-06 16:53:39,11,22,240,21.4%,70,NORMAL,364.2,0.0,3.6,False
1767698621.07,2026-01-06 16:53:41,11,22,240,21.1%,70,NORMAL,363.0,0.0,3.6,False
1767698622.18,2026-01-06 16:53:42,14,22,242,21.1%,70,NORMAL,364.8,0.0,3.6,False
1767698623.18,2026-01-06 16:53:43,13,22,243,20.9%,70,NORMAL,365.7,0.0,3.6,False
1767698624.64,2026-01-06 16:53:44,12,22,244,20.7%,70,NORMAL,365.7,0.0,3.7,False
1767698625.73,2026-01-06 16:53:45,13,22,246,20.6%,70,NORMAL,367.8,0.0,3.7,False
1767698627.21,2026-01-06 16:53:47,13,22,246,20.4%,70,NORMAL,367.2,0.0,3.7,False
1767698629.08,2026-01-06 16:53:49,14,22,249,20.5%,70,NORMAL,370.1,0.0,3.8,False
1767698630.56,2026-01-06 16:53:50,11,22,250,20.3%,70,NORMAL,370.4,0.0,3.9,False
1767698631.71,2026-01-06 16:53:51,13,22,250,20.3%,70,NORMAL,369.2,0.0,3.9,False
1767698633.07,2026-01-06 16:53:53,14,22,250,20.3%,70,NORMAL,368.6,0.0,3.9,False
1767698634.61,2026-01-06 16:53:54,12,22,251,20.2%,70,NORMAL,368.8,0.0,3.9,False
1767698635.64,2026-01-06 16:53:55,12,22,251,20.1%,70,NORMAL,367.9,0.0,4.0,False
1767698636.83,2026-01-06 16:53:56,11,22,251,20.0%,70,NORMAL,367.3,0.0,4.0,False
1767698637.93,2026-01-06 16:53:57,11,22,251,19.9%,70,NORMAL,366.4,0.0,3.9,False
1767698639.08,2026-01-06 16:53:59,11,22,253,19.8%,70,NORMAL,368.4,0.0,3.9,False
1767698640.11,2026-01-06 16:54:00,11,22,253,19.7%,70,NORMAL,368.1,0.0,3.9,False
1767698641.37,2026-01-06 16:54:01,14,22,255,19.8%,70,NORMAL,370.2,0.0,3.9,False
1767698642.51,2026-01-06 16:54:02,13,22,255,19.9%,70,NORMAL,369.9,0.0,3.9,False
1767698644.20,2026-01-06 16:54:04,10,22,255,19.8%,70,NORMAL,368.4,0.0,3.9,False
1767698646.39,2026-01-06 16:54:06,15,22,258,20.0%,70,NORMAL,371.2,0.0,3.9,False
1767698647.41,2026-01-06 16:54:07,12,22,258,20.0%,70,NORMAL,370.6,0.0,3.9,False
1767698649.30,2026-01-06 16:54:09,12,22,258,20.0%,70,NORMAL,369.7,0.0,4.0,False
1767698650.46,2026-01-06 16:54:10,12,22,258,20.0%,70,NORMAL,368.6,0.0,4.0,False
1767698651.56,2026-01-06 16:54:11,13,22,260,20.2%,70,NORMAL,370.5,0.0,4.0,False
1767698652.97,2026-01-06 16:54:12,14,22,261,20.4%,70,NORMAL,371.1,0.0,4.1,False
1767698655.12,2026-01-06 16:54:15,12,22,261,20.5%,70,NORMAL,369.6,0.0,4.2,False
1767698656.96,2026-01-06 16:54:16,14,22,262,20.6%,70,NORMAL,369.6,0.0,4.4,False
1767698658.70,2026-01-06 16:54:18,12,22,263,20.6%,70,NORMAL,369.6,0.0,4.5,False
1767698660.00,2026-01-06 16:54:20,13,22,264,20.6%,70,NORMAL,369.8,0.0,4.7,False
1767698661.05,2026-01-06 16:54:21,14,22,264,20.7%,70,NORMAL,369.2,0.0,4.8,False
1767698662.25,2026-01-06 16:54:22,12,22,265,20.8%,70,NORMAL,369.8,0.0,4.9,False
1767698663.38,2026-01-06 16:54:23,14,22,268,20.8%,70,NORMAL,373.1,0.0,4.9,False
1767698664.42,2026-01-06 16:54:24,14,22,269,20.8%,70,NORMAL,373.6,0.0,5.0,False
1767698666.03,2026-01-06 16:54:26,16,22,271,21.0%,70,NORMAL,374.9,0.0,5.1,False
1767698667.31,2026-01-06 16:54:27,16,22,272,21.2%,70,NORMAL,374.9,0.0,5.2,False
1767698668.37,2026-01-06 16:54:28,15,22,272,21.3%,70,NORMAL,374.3,0.0,5.3,False
1767698669.83,2026-01-06 16:54:29,14,22,272,21.3%,70,NORMAL,373.5,0.0,5.3,False
1767698671.12,2026-01-06 16:54:31,13,22,272,21.4%,70,NORMAL,372.6,0.0,5.3,False
1767698672.88,2026-01-06 16:54:32,15,22,274,21.5%,70,NORMAL,374.8,0.0,5.4,False
1767698673.95,2026-01-06 16:54:33,17,22,275,21.6%,70,NORMAL,375.6,0.0,5.4,False
1767698675.79,2026-01-06 16:54:35,17,22,275,21.9%,70,NORMAL,374.7,0.0,5.4,False
1767698677.01,2026-01-06 16:54:37,18,22,275,22.2%,70,NORMAL,374.1,0.0,5.5,False
1767698678.38,2026-01-06 16:54:38,20,22,277,22.6%,70,NORMAL,376.0,0.0,5.5,False
1767698679.43,2026-01-06 16:54:39,16,22,277,22.9%,70,NORMAL,375.2,0.0,5.5,False
1767698680.80,2026-01-06 16:54:40,17,22,278,23.2%,70,NORMAL,376.0,0.0,5.5,False
1767698681.95,2026-01-06 16:54:41,16,22,278,23.4%,70,NORMAL,375.4,0.0,5.5,False
1767698683.32,2026-01-06 16:54:43,17,22,279,23.6%,70,NORMAL,375.9,0.0,5.5,False
1767698684.65,2026-01-06 16:54:44,15,22,279,23.7%,70,NORMAL,374.5,0.0,5.5,False
1767698686.20,2026-01-06 16:54:46,16,22,282,24.0%,70,NORMAL,377.1,0.0,5.5,False
1767698687.67,2026-01-06 16:54:47,16,22,283,24.0%,70,NORMAL,377.6,0.0,5.5,False
1767698689.39,2026-01-06 16:54:49,17,22,283,24.3%,70,NORMAL,377.3,0.0,5.5,False
1767698692.01,2026-01-06 16:54:52,17,22,283,24.5%,70,NORMAL,377.1,0.0,5.5,False
1767698693.04,2026-01-06 16:54:53,16,22,283,24.7%,70,NORMAL,376.5,0.0,5.5,False
1767698694.70,2026-01-06 16:54:54,19,22,285,25.0%,70,NORMAL,378.3,0.0,5.5,False
1767698696.14,2026-01-06 16:54:56,16,22,285,25.1%,70,NORMAL,377.5,0.0,5.4,False
1767698697.37,2026-01-06 16:54:57,15,22,285,25.3%,70,NORMAL,376.9,0.0,5.4,False
1767698698.43,2026-01-06 16:54:58,15,22,285,25.3%,70,NORMAL,376.4,0.0,5.3,False
1767698699.87,2026-01-06 16:54:59,15,22,285,25.5%,70,NORMAL,375.5,0.0,5.2,False
1767698701.12,2026-01-06 16:55:01,13,22,285,25.5%,70,NORMAL,374.7,0.0,5.2,False
1767698702.33,2026-01-06 16:55:02,13,22,285,25.4%,70,NORMAL,374.2,0.0,5.1,False
1767698703.77,2026-01-06 16:55:03,13,22,286,25.5%,70,NORMAL,374.4,0.0,5.0,False
1767698705.43,2026-01-06 16:55:05,13,22,286,25.4%,70,NORMAL,373.6,0.0,4.8,False
1767698707.07,2026-01-06 16:55:07,15,22,287,25.5%,70,NORMAL,374.1,0.0,4.8,False
1767698708.12,2026-01-06 16:55:08,14,22,287,25.4%,70,NORMAL,373.0,0.0,4.7,False
1767698709.18,2026-01-06 16:55:09,13,22,287,25.2%,70,NORMAL,372.5,0.0,4.6,False
1767698710.28,2026-01-06 16:55:10,17,22,289,25.3%,70,NORMAL,374.2,0.0,4.5,False
1767698711.72,2026-01-06 16:55:11,18,22,289,25.5%,70,NORMAL,373.7,0.0,4.5,False
1767698713.03,2026-01-06 16:55:13,19,22,292,25.8%,70,NORMAL,377.0,0.0,4.4,False
1767698714.08,2026-01-06 16:55:14,16,22,292,25.8%,70,NORMAL,376.2,0.0,4.3,False
1767698715.41,2026-01-06 16:55:15,14,22,292,25.7%,70,NORMAL,375.2,0.0,4.2,False
1767698716.52,2026-01-06 16:55:16,12,22,292,25.5%,70,NORMAL,374.4,0.0,4.2,False
1767698717.60,2026-01-06 16:55:17,12,22,292,25.2%,70,NORMAL,373.8,0.0,4.2,False
1767698719.04,2026-01-06 16:55:19,13,22,293,24.8%,70,NORMAL,373.8,0.0,4.1,False
1767698720.12,2026-01-06 16:55:20,13,22,294,24.7%,70,NORMAL,373.7,0.0,4.1,False
1767698721.72,2026-01-06 16:55:21,13,22,294,24.5%,70,NORMAL,372.9,0.0,4.1,False
1767698723.47,2026-01-06 16:55:23,14,22,294,24.4%,70,NORMAL,372.4,0.0,4.1,False
1767698724.83,2026-01-06 16:55:24,13,22,294,24.2%,70,NORMAL,371.6,0.0,4.1,False
1767698725.88,2026-01-06 16:55:25,14,22,295,24.1%,70,NORMAL,371.8,0.0,4.1,False
1767698727.01,2026-01-06 16:55:27,14,22,295,24.0%,70,NORMAL,371.3,0.0,4.1,False
1767698728.26,2026-01-06 16:55:28,14,22,295,23.9%,70,NORMAL,370.8,0.0,4.1,False
1767698729.63,2026-01-06 16:55:29,14,22,297,23.8%,70,NORMAL,372.3,0.0,4.0,False
1767698731.01,2026-01-06 16:55:31,14,22,297,23.6%,70,NORMAL,371.0,0.0,4.0,False
1767698732.23,2026-01-06 16:55:32,13,22,297,23.5%,70,NORMAL,370.2,0.0,4.0,False
1767698733.65,2026-01-06 16:55:33,12,22,297,23.1%,70,NORMAL,369.7,0.0,4.0,False
1767698734.94,2026-01-06 16:55:34,14,22,299,23.0%,70,NORMAL,370.9,0.0,4.0,False
1767698736.25,2026-01-06 16:55:36,11,22,299,22.8%,70,NORMAL,369.9,0.0,4.0,False
1767698737.71,2026-01-06 16:55:37,11,22,299,22.6%,70,NORMAL,369.1,0.0,4.0,False
1767698738.87,2026-01-06 16:55:38,11,22,299,22.4%,70,NORMAL,368.6,0.0,4.0,False
1767698740.52,2026-01-06 16:55:40,12,22,300,22.4%,70,NORMAL,368.9,0.0,4.1,False
1767698741.85,2026-01-06 16:55:41,12,22,300,22.3%,70,NORMAL,368.3,0.0,4.1,False
1767698743.73,2026-01-06 16:55:43,13,22,301,22.3%,70,NORMAL,368.3,0.0,4.1,False
1767698745.26,2026-01-06 16:55:45,8,22,301,22.1%,70,NORMAL,367.6,0.0,4.1,False
1767698746.44,2026-01-06 16:55:46,10,22,302,21.8%,70,NORMAL,368.3,0.0,4.1,False
1767698747.86,2026-01-06 16:55:47,12,22,308,21.7%,70,NORMAL,375.1,0.0,4.1,False
1767698748.92,2026-01-06 16:55:48,13,22,309,21.7%,70,NORMAL,375.6,0.0,4.0,False
1767698749.93,2026-01-06 16:55:49,13,22,310,21.5%,70,NORMAL,376.3,0.0,4.0,False
1767698750.99,2026-01-06 16:55:50,12,22,310,21.2%,70,NORMAL,375.3,0.0,4.0,False
1767698752.08,2026-01-06 16:55:52,12,22,310,20.9%,70,NORMAL,374.0,0.0,3.9,False
1767698753.17,2026-01-06 16:55:53,11,22,310,20.6%,70,NORMAL,373.5,0.0,3.9,False
1767698754.30,2026-01-06 16:55:54,11,22,310,20.5%,70,NORMAL,373.0,0.0,3.9,False
1767698755.68,2026-01-06 16:55:55,10,22,310,20.4%,70,NORMAL,372.2,0.0,3.9,False
1767698756.81,2026-01-06 16:55:56,9,22,310,20.2%,70,NORMAL,371.8,0.0,3.9,False
1767698758.13,2026-01-06 16:55:58,10,22,311,20.1%,70,NORMAL,372.2,0.0,3.9,False
1767698759.59,2026-01-06 16:55:59,10,22,312,19.9%,70,NORMAL,372.9,0.0,3.9,False
1767698760.71,2026-01-06 16:56:00,10,22,312,19.8%,70,NORMAL,371.4,0.0,3.9,False
1767698761.77,2026-01-06 16:56:01,10,22,312,19.6%,70,NORMAL,370.9,0.0,3.9,False
1767698762.93,2026-01-06 16:56:02,10,22,312,19.4%,70,NORMAL,370.4,0.0,3.9,False
1767698763.97,2026-01-06 16:56:03,9,22,313,19.1%,70,NORMAL,370.9,0.0,3.9,False
1767698765.36,2026-01-06 16:56:05,9,22,313,18.9%,70,NORMAL,370.4,0.0,3.9,False
1767698766.60,2026-01-06 16:56:06,10,22,313,18.7%,70,NORMAL,369.7,0.0,3.9,False
1767698768.12,2026-01-06 16:56:08,11,22,314,18.5%,70,NORMAL,370.4,0.0,3.9,False
1767698769.27,2026-01-06 16:56:09,9,22,314,18.3%,70,NORMAL,369.7,0.0,3.9,False
1767698770.34,2026-01-06 16:56:10,11,22,315,18.2%,70,NORMAL,369.9,0.0,4.0,False
1767698771.36,2026-01-06 16:56:11,12,22,317,18.2%,70,NORMAL,371.5,0.0,4.0,False
1767698772.76,2026-01-06 16:56:12,11,22,317,18.0%,70,NORMAL,370.3,0.0,4.1,False
1767698774.03,2026-01-06 16:56:14,11,22,318,18.0%,70,NORMAL,370.2,0.0,4.1,False
1767698775.43,2026-01-06 16:56:15,13,22,319,18.1%,70,NORMAL,370.7,0.0,4.2,False
1767698776.65,2026-01-06 16:56:16,13,22,319,18.2%,70,NORMAL,370.2,0.0,4.2,False
1767698778.07,2026-01-06 16:56:18,13,22,319,18.3%,70,NORMAL,369.7,0.0,4.2,False
1767698779.71,2026-01-06 16:56:19,13,22,321,18.3%,70,NORMAL,371.3,0.0,4.2,False
1767698780.75,2026-01-06 16:56:20,12,22,322,18.3%,70,NORMAL,371.5,0.0,4.3,False
1767698781.86,2026-01-06 16:56:21,13,22,323,18.5%,70,NORMAL,372.5,0.0,4.3,False
1767698782.88,2026-01-06 16:56:22,15,22,324,18.8%,70,NORMAL,372.9,0.0,4.3,False
1767698784.28,2026-01-06 16:56:24,12,22,324,18.8%,70,NORMAL,372.2,0.0,4.3,False
1767698785.36,2026-01-06 16:56:25,12,22,324,18.7%,70,NORMAL,371.5,0.0,4.3,False
1767698786.46,2026-01-06 16:56:26,14,22,324,18.8%,70,NORMAL,370.5,0.0,4.3,False
1767698787.88,2026-01-06 16:56:27,14,22,324,18.9%,70,NORMAL,370.1,0.0,4.3,False
1767698788.94,2026-01-06 16:56:28,13,22,324,18.9%,70,NORMAL,369.3,0.0,4.3,False
1767698790.20,2026-01-06 16:56:30,12,22,324,19.0%,70,NORMAL,368.6,0.0,4.3,False
1767698791.55,2026-01-06 16:56:31,12,22,325,19.0%,70,NORMAL,368.9,0.0,4.3,False
1767698792.64,2026-01-06 16:56:32,10,22,325,19.0%,70,NORMAL,367.7,0.0,4.4,False
1767698793.93,2026-01-06 16:56:33,10,22,326,19.1%,70,NORMAL,367.9,0.0,4.4,False
1767698795.31,2026-01-06 16:56:35,11,22,327,19.1%,70,NORMAL,368.1,0.0,4.5,False
1767698796.39,2026-01-06 16:56:36,9,22,327,19.1%,70,NORMAL,367.2,0.0,4.5,False
1767698797.44,2026-01-06 16:56:37,13,22,327,19.2%,70,NORMAL,366.3,0.0,4.6,False
1767698799.02,2026-01-06 16:56:39,11,22,328,19.3%,70,NORMAL,366.5,0.0,4.6,False
1767698800.24,2026-01-06 16:56:40,11,22,329,19.3%,70,NORMAL,367.1,0.0,4.7,False
1767698801.72,2026-01-06 16:56:41,13,22,332,19.6%,70,NORMAL,369.8,0.0,4.7,False
1767698803.34,2026-01-06 16:56:43,9,22,332,19.6%,70,NORMAL,369.3,0.0,4.8,False
1767698804.42,2026-01-06 16:56:44,12,22,332,19.7%,70,NORMAL,368.4,0.0,4.7,False
1767698805.55,2026-01-06 16:56:45,12,22,332,19.7%,70,NORMAL,368.0,0.0,4.7,False
1767698806.91,2026-01-06 16:56:46,12,22,332,19.9%,70,NORMAL,367.5,0.0,4.7,False
1767698808.24,2026-01-06 16:56:48,8,22,332,19.7%,70,NORMAL,366.4,0.0,4.7,False
1767698809.38,2026-01-06 16:56:49,8,22,333,19.5%,70,NORMAL,366.4,0.0,4.6,False
1767698810.48,2026-01-06 16:56:50,8,22,333,19.3%,70,NORMAL,365.9,0.0,4.6,False
1767698811.53,2026-01-06 16:56:51,9,22,334,19.2%,70,NORMAL,366.6,0.0,4.5,False
1767698813.19,2026-01-06 16:56:53,10,22,334,19.1%,70,NORMAL,365.9,0.0,4.5,False
1767698814.62,2026-01-06 16:56:54,10,22,334,18.9%,70,NORMAL,365.5,0.0,4.5,False
1767698815.82,2026-01-06 16:56:55,9,22,334,18.7%,70,NORMAL,364.8,0.0,4.4,False
1767698817.37,2026-01-06 16:56:57,10,22,334,18.6%,70,NORMAL,364.1,0.0,4.4,False
1767698818.68,2026-01-06 16:56:58,11,22,335,18.5%,70,NORMAL,364.6,0.0,4.4,False
1767698820.13,2026-01-06 16:57:00,9,22,335,18.3%,70,NORMAL,364.1,0.0,4.4,False
1767698821.71,2026-01-06 16:57:01,11,22,337,18.1%,70,NORMAL,365.2,0.0,4.4,False
1767698823.24,2026-01-06 16:57:03,9,22,338,17.9%,70,NORMAL,365.8,0.0,4.4,False
1767698824.45,2026-01-06 16:57:04,10,22,338,17.8%,70,NORMAL,365.2,0.0,4.4,False
1767698826.29,2026-01-06 16:57:06,10,22,340,17.6%,70,NORMAL,366.2,0.0,4.4,False
1767698827.52,2026-01-06 16:57:07,9,22,340,17.4%,70,NORMAL,365.6,0.0,4.4,False
1767698828.86,2026-01-06 16:57:08,9,22,340,17.2%,70,NORMAL,365.2,0.0,4.4,False
1767698829.97,2026-01-06 16:57:09,10,22,340,17.1%,70,NORMAL,364.7,0.0,4.3,False
1767698831.33,2026-01-06 16:57:11,9,22,340,16.9%,70,NORMAL,364.1,0.0,4.3,False
1767698832.43,2026-01-06 16:57:12,8,22,341,16.8%,70,NORMAL,364.5,0.0,4.3,False
1767698833.90,2026-01-06 16:57:13,8,22,341,16.7%,70,NORMAL,363.0,0.0,4.3,False
1767698835.15,2026-01-06 16:57:15,8,22,341,16.5%,70,NORMAL,362.3,0.0,4.2,False
1767698836.34,2026-01-06 16:57:16,10,22,342,16.6%,70,NORMAL,362.3,0.0,4.2,False
1767698837.50,2026-01-06 16:57:17,11,22,343,16.5%,70,NORMAL,362.3,0.0,4.2,False
1767698838.71,2026-01-06 16:57:18,10,22,344,16.4%,70,NORMAL,363.0,0.0,4.2,False
1767698839.83,2026-01-06 16:57:19,9,22,344,16.3%,70,NORMAL,362.5,0.0,4.2,False
1767698840.91,2026-01-06 16:57:20,9,22,344,16.1%,70,NORMAL,362.1,0.0,4.2,False
1767698842.13,2026-01-06 16:57:22,9,22,344,16.1%,70,NORMAL,361.7,0.0,4.2,False
1767698843.25,2026-01-06 16:57:23,11,22,345,16.1%,70,NORMAL,361.7,0.0,4.2,False
1767698844.73,2026-01-06 16:57:24,12,22,346,16.1%,70,NORMAL,362.1,0.0,4.2,False
1767698845.84,2026-01-06 16:57:25,13,22,346,16.1%,70,NORMAL,361.9,0.0,4.2,False
1767698846.95,2026-01-06 16:57:26,11,22,346,16.3%,70,NORMAL,360.8,0.0,4.2,False
1767698848.06,2026-01-06 16:57:28,11,22,346,16.4%,70,NORMAL,360.4,0.0,4.2,False
1767698849.16,2026-01-06 16:57:29,12,22,347,16.6%,70,NORMAL,360.8,0.0,4.2,False
1767698850.65,2026-01-06 16:57:30,12,22,347,16.8%,70,NORMAL,360.0,0.0,4.2,False
1767698852.94,2026-01-06 16:57:32,12,22,347,16.9%,70,NORMAL,359.8,0.0,4.2,False
1767698854.01,2026-01-06 16:57:34,12,22,348,17.0%,70,NORMAL,360.4,0.0,4.2,False
1767698855.43,2026-01-06 16:57:35,10,22,348,17.1%,70,NORMAL,359.8,0.0,4.2,False
1767698857.49,2026-01-06 16:57:37,13,22,349,17.2%,70,NORMAL,359.8,0.0,4.2,False
1767698858.76,2026-01-06 16:57:38,13,22,349,17.3%,70,NORMAL,358.8,0.0,4.2,False
1767698859.76,2026-01-06 16:57:39,15,22,351,17.6%,70,NORMAL,360.4,0.0,4.2,False
1767698860.80,2026-01-06 16:57:40,15,22,351,17.8%,70,NORMAL,360.0,0.0,4.2,False
1767698861.81,2026-01-06 16:57:41,14,22,351,18.1%,70,NORMAL,359.4,0.0,4.2,False
1767698863.03,2026-01-06 16:57:43,12,22,351,18.2%,70,NORMAL,358.8,0.0,4.2,False
1767698864.63,2026-01-06 16:57:44,15,22,352,18.4%,70,NORMAL,358.8,0.0,4.3,False
1767698865.82,2026-01-06 16:57:45,14,22,352,18.7%,70,NORMAL,358.0,0.0,4.3,False
1767698866.95,2026-01-06 16:57:46,13,22,352,18.9%,70,NORMAL,357.4,0.0,4.3,False
1767698868.05,2026-01-06 16:57:48,13,22,352,19.1%,70,NORMAL,356.6,0.0,4.4,False
1767698869.38,2026-01-06 16:57:49,13,22,352,19.3%,70,NORMAL,356.0,0.0,4.4,False
1767698870.50,2026-01-06 16:57:50,15,22,353,19.6%,70,NORMAL,356.0,0.0,4.4,False
1767698872.17,2026-01-06 16:57:52,13,22,353,19.9%,70,NORMAL,355.6,0.0,4.5,False
1767698873.42,2026-01-06 16:57:53,13,22,354,20.2%,70,NORMAL,355.8,0.0,4.5,False
1767698874.85,2026-01-06 16:57:54,13,22,355,20.3%,70,NORMAL,356.2,0.0,4.5,False
1767698876.27,2026-01-06 16:57:56,12,22,355,20.4%,70,NORMAL,355.6,0.0,4.4,False
1767698877.44,2026-01-06 16:57:57,13,22,356,20.5%,70,NORMAL,356.2,0.0,4.4,False
1767698878.80,2026-01-06 16:57:58,14,22,358,20.8%,70,NORMAL,355.0,0.0,4.4,False
1767698880.75,2026-01-06 16:58:00,13,22,358,21.0%,70,NORMAL,351.0,0.0,4.4,False
1767698881.92,2026-01-06 16:58:01,14,22,358,21.2%,70,NORMAL,349.0,0.0,4.3,False
1767698883.34,2026-01-06 16:58:03,15,22,358,21.5%,70,NORMAL,346.0,0.0,4.3,False
1767698884.39,2026-01-06 16:58:04,15,22,359,21.6%,70,NORMAL,345.0,0.0,4.3,False
1767698885.41,2026-01-06 16:58:05,17,22,361,21.8%,70,NORMAL,346.0,0.0,4.3,False
1767698886.48,2026-01-06 16:58:06,15,22,361,22.0%,70,NORMAL,345.0,0.0,4.3,False
1767698887.62,2026-01-06 16:58:07,14,22,361,22.2%,70,NORMAL,343.0,0.0,4.3,False
1767698889.11,2026-01-06 16:58:09,14,22,361,22.3%,70,NORMAL,340.0,0.0,4.3,False
1767698890.23,2026-01-06 16:58:10,14,22,361,22.4%,70,NORMAL,339.0,0.0,4.3,False
1767698891.32,2026-01-06 16:58:11,13,22,361,22.4%,70,NORMAL,339.0,0.0,4.4,False
1767698892.45,2026-01-06 16:58:12,12,22,361,22.4%,70,NORMAL,338.0,0.0,4.4,False
1767698893.51,2026-01-06 16:58:13,13,22,362,22.6%,70,NORMAL,339.0,0.0,4.4,False
1767698894.60,2026-01-06 16:58:14,13,22,362,22.6%,70,NORMAL,339.0,0.0,4.4,False
1767698895.72,2026-01-06 16:58:15,13,22,362,22.6%,70,NORMAL,338.0,0.0,4.5,False
1767698896.79,2026-01-06 16:58:16,13,22,362,22.5%,70,NORMAL,338.0,0.0,4.5,False
1767698897.90,2026-01-06 16:58:17,13,22,363,22.4%,70,NORMAL,337.0,0.0,4.5,False
1767698898.93,2026-01-06 16:58:18,13,22,364,22.3%,70,NORMAL,337.0,0.0,4.6,False
1767698900.70,2026-01-06 16:58:20,13,22,365,22.4%,70,NORMAL,338.0,0.0,4.6,False
1767698901.76,2026-01-06 16:58:21,11,22,365,22.2%,70,NORMAL,338.0,0.0,4.6,False
1767698903.15,2026-01-06 16:58:23,13,22,366,22.1%,70,NORMAL,338.0,0.0,4.7,False
1767698904.31,2026-01-06 16:58:24,12,22,366,22.1%,70,NORMAL,337.0,0.0,4.7,False
1767698905.36,2026-01-06 16:58:25,14,22,368,22.1%,70,NORMAL,338.0,0.0,4.6,False
1767698907.02,2026-01-06 16:58:27,14,22,368,22.2%,70,NORMAL,337.0,0.0,4.6,False
1767698909.27,2026-01-06 16:58:29,15,22,368,22.2%,70,NORMAL,337.0,0.0,4.6,False
1767698910.87,2026-01-06 16:58:30,14,22,368,22.2%,70,NORMAL,337.0,0.0,4.6,False
1767698912.04,2026-01-06 16:58:32,13,22,368,22.2%,70,NORMAL,336.0,0.0,4.6,False
1767698913.20,2026-01-06 16:58:33,12,22,368,22.2%,70,NORMAL,334.0,0.0,4.6,False
1767698914.44,2026-01-06 16:58:34,14,22,370,22.3%,70,NORMAL,335.0,0.0,4.6,False
1767698915.53,2026-01-06 16:58:35,13,22,370,22.3%,70,NORMAL,332.0,0.0,4.7,False
1767698917.34,2026-01-06 16:58:37,14,22,370,22.3%,70,NORMAL,330.0,0.0,4.7,False
1767698918.65,2026-01-06 16:58:38,14,22,370,22.3%,70,NORMAL,330.0,0.0,4.7,False
1767698919.78,2026-01-06 16:58:39,12,22,370,22.2%,70,NORMAL,329.0,0.0,4.8,False
1767698920.88,2026-01-06 16:58:40,12,22,371,22.1%,70,NORMAL,330.0,0.0,4.8,False
1767698922.13,2026-01-06 16:58:42,12,22,371,21.9%,70,NORMAL,330.0,0.0,4.8,False
1767698923.33,2026-01-06 16:58:43,14,22,372,21.8%,70,NORMAL,330.0,0.0,4.8,False
1767698924.91,2026-01-06 16:58:44,14,22,372,21.7%,70,NORMAL,329.0,0.0,4.8,False
1767698926.38,2026-01-06 16:58:46,14,22,372,21.7%,70,NORMAL,329.0,0.0,4.8,False
1767698927.59,2026-01-06 16:58:47,13,22,372,21.7%,70,NORMAL,329.0,0.0,4.8,False
1767698928.68,2026-01-06 16:58:48,13,22,372,21.6%,70,NORMAL,329.0,0.0,4.7,False
1767698930.09,2026-01-06 16:58:50,13,22,372,21.6%,70,NORMAL,329.0,0.0,4.7,False
1767698931.19,2026-01-06 16:58:51,13,22,372,21.7%,70,NORMAL,329.0,0.0,4.6,False
1767698932.36,2026-01-06 16:58:52,13,22,372,21.7%,70,NORMAL,329.0,0.0,4.6,False
1767698933.81,2026-01-06 16:58:53,12,22,372,21.6%,70,NORMAL,328.0,0.0,4.5,False
1767698935.03,2026-01-06 16:58:55,12,22,372,21.6%,70,NORMAL,328.0,0.0,4.5,False
1767698936.17,2026-01-06 16:58:56,10,22,372,21.4%,70,NORMAL,328.0,0.0,4.4,False
1767698937.17,2026-01-06 16:58:57,10,22,372,21.3%,70,NORMAL,328.0,0.0,4.4,False
1767698938.25,2026-01-06 16:58:58,11,22,372,21.1%,70,NORMAL,327.0,0.0,4.3,False
1767698939.49,2026-01-06 16:58:59,12,22,373,21.1%,70,NORMAL,328.0,0.0,4.2,False
1767698940.74,2026-01-06 16:59:00,10,22,373,21.0%,70,NORMAL,328.0,0.0,4.2,False
1767698941.88,2026-01-06 16:59:01,11,22,374,20.9%,70,NORMAL,329.0,0.0,4.2,False
1767698942.92,2026-01-06 16:59:02,11,22,375,20.9%,70,NORMAL,329.0,0.0,4.1,False
1767698944.16,2026-01-06 16:59:04,10,22,375,20.7%,70,NORMAL,329.0,0.0,4.1,False
1767698945.28,2026-01-06 16:59:05,11,22,375,20.5%,70,NORMAL,329.0,0.0,4.1,False
1767698946.55,2026-01-06 16:59:06,11,22,376,20.3%,70,NORMAL,330.0,0.0,4.1,False
1767698947.78,2026-01-06 16:59:07,8,22,376,20.0%,70,NORMAL,330.0,0.0,4.1,False
1767698948.85,2026-01-06 16:59:08,11,22,377,19.9%,70,NORMAL,330.0,0.0,4.2,False
1767698950.84,2026-01-06 16:59:10,11,22,377,19.9%,70,NORMAL,330.0,0.0,4.2,False
1767698951.92,2026-01-06 16:59:11,11,22,377,19.7%,70,NORMAL,330.0,0.0,4.3,False
1767698953.27,2026-01-06 16:59:13,11,22,377,19.6%,70,NORMAL,330.0,0.0,4.3,False
1767698954.55,2026-01-06 16:59:14,11,22,377,19.5%,70,NORMAL,330.0,0.0,4.4,False
1767698955.63,2026-01-06 16:59:15,9,22,377,19.2%,70,NORMAL,329.0,0.0,4.4,False
1767698956.80,2026-01-06 16:59:16,11,22,378,19.1%,70,NORMAL,330.0,0.0,4.4,False
1767698957.99,2026-01-06 16:59:17,9,22,378,19.0%,70,NORMAL,330.0,0.0,4.5,False
1767698959.13,2026-01-06 16:59:19,10,22,378,18.9%,70,NORMAL,329.0,0.0,4.6,False
1767698960.67,2026-01-06 16:59:20,8,22,378,18.6%,70,NORMAL,329.0,0.0,4.6,False
1767698964.90,2026-01-06 16:59:24,9,22,378,18.3%,70,NORMAL,328.0,0.0,4.6,False
1767698966.00,2026-01-06 16:59:25,9,22,378,18.1%,70,NORMAL,328.0,0.0,4.6,False
1767698967.34,2026-01-06 16:59:27,10,22,378,17.9%,70,NORMAL,328.0,0.0,4.7,False
1767698968.38,2026-01-06 16:59:28,12,22,379,17.8%,70,NORMAL,329.0,0.0,4.8,False
1767698969.52,2026-01-06 16:59:29,11,22,379,17.7%,70,NORMAL,329.0,0.0,4.8,False
1767698970.74,2026-01-06 16:59:30,11,22,379,17.6%,70,NORMAL,329.0,0.0,4.8,False
1767698971.85,2026-01-06 16:59:31,11,22,379,17.5%,70,NORMAL,329.0,0.0,4.8,False
1767698973.25,2026-01-06 16:59:33,10,22,379,17.4%,70,NORMAL,329.0,0.0,4.7,False
1767698974.36,2026-01-06 16:59:34,9,22,379,17.3%,70,NORMAL,329.0,0.0,4.7,False
1767698975.78,2026-01-06 16:59:35,8,22,379,17.2%,70,NORMAL,329.0,0.0,4.7,False
1767698977.06,2026-01-06 16:59:37,8,22,380,17.1%,70,NORMAL,329.0,0.0,4.7,False
1767698978.47,2026-01-06 16:59:38,7,22,380,16.9%,70,NORMAL,329.0,0.0,4.7,False
1767698980.22,2026-01-06 16:59:40,8,22,382,16.6%,70,NORMAL,330.0,0.0,4.7,False
1767698981.26,2026-01-06 16:59:41,9,22,382,16.6%,70,NORMAL,330.0,0.0,4.6,False
1767698984.25,2026-01-06 16:59:44,9,22,382,16.5%,70,NORMAL,330.0,0.0,4.6,False
1767698985.40,2026-01-06 16:59:45,9,22,382,16.4%,70,NORMAL,330.0,0.0,4.6,False
1767698986.42,2026-01-06 16:59:46,8,22,382,16.3%,70,NORMAL,330.0,0.0,4.5,False
1767698988.01,2026-01-06 16:59:48,8,22,382,16.1%,70,NORMAL,330.0,0.0,4.5,False
1767698989.19,2026-01-06 16:59:49,7,22,382,15.9%,70,NORMAL,327.0,0.0,4.5,False
1767698990.25,2026-01-06 16:59:50,7,22,382,15.8%,70,NORMAL,327.0,0.0,4.5,False
1767698991.31,2026-01-06 16:59:51,7,22,382,15.6%,70,NORMAL,325.0,0.0,4.5,False
1767698992.87,2026-01-06 16:59:52,8,22,382,15.5%,70,NORMAL,325.0,0.0,4.4,False
1767698994.33,2026-01-06 16:59:54,7,22,383,15.3%,70,NORMAL,326.0,0.0,4.4,False
1767698995.35,2026-01-06 16:59:55,6,22,384,15.0%,70,NORMAL,327.0,0.0,4.4,False
1767698996.86,2026-01-06 16:59:56,6,22,384,14.7%,70,NORMAL,327.0,0.0,4.4,False
1767698998.27,2026-01-06 16:59:58,5,22,384,14.5%,70,NORMAL,327.0,0.0,4.4,False
1767698999.59,2026-01-06 16:59:59,5,22,384,14.2%,70,NORMAL,327.0,0.0,4.3,False
1767699000.70,2026-01-06 17:00:00,6,22,385,14.0%,70,NORMAL,328.0,0.0,4.3,False
1767699001.76,2026-01-06 17:00:01,7,22,385,13.9%,70,NORMAL,328.0,0.0,4.3,False
1767699003.18,2026-01-06 17:00:03,8,22,386,13.9%,70,NORMAL,328.0,0.0,4.2,False
1767699004.38,2026-01-06 17:00:04,7,22,387,13.7%,70,NORMAL,329.0,0.0,4.2,False
1767699005.43,2026-01-06 17:00:05,9,22,388,13.7%,70,NORMAL,328.0,0.0,4.2,False
1767699006.47,2026-01-06 17:00:06,7,22,388,13.6%,70,NORMAL,328.0,0.0,4.2,False
1767699007.48,2026-01-06 17:00:07,7,22,388,13.3%,70,NORMAL,328.0,0.0,4.2,False
1767699008.76,2026-01-06 17:00:08,7,22,388,13.1%,70,NORMAL,328.0,0.0,4.3,False
1767699010.63,2026-01-06 17:00:10,7,22,389,12.9%,70,NORMAL,328.0,0.0,4.3,False
1767699011.66,2026-01-06 17:00:11,8,22,391,12.7%,70,NORMAL,329.0,0.0,4.4,False
1767699013.02,2026-01-06 17:00:13,5,22,391,12.5%,70,NORMAL,329.0,0.0,4.5,False
1767699014.91,2026-01-06 17:00:14,5,22,391,12.2%,70,NORMAL,329.0,0.0,4.5,False
1767699016.27,2026-01-06 17:00:16,5,22,391,12.1%,70,NORMAL,329.0,0.0,4.4,False
1767699017.43,2026-01-06 17:00:17,6,22,391,12.0%,70,NORMAL,329.0,0.0,4.4,False
1767699018.43,2026-01-06 17:00:18,7,22,391,12.0%,70,NORMAL,329.0,0.0,4.4,False
1767699019.71,2026-01-06 17:00:19,8,22,392,12.0%,70,NORMAL,329.0,0.0,4.4,False
1767699020.82,2026-01-06 17:00:20,9,22,392,12.0%,70,NORMAL,328.0,0.0,4.3,False
1767699021.94,2026-01-06 17:00:21,9,22,392,12.0%,70,NORMAL,327.0,0.0,4.3,False
1767699023.60,2026-01-06 17:00:23,9,22,392,12.0%,70,NORMAL,327.0,0.0,4.3,False
1767699025.43,2026-01-06 17:00:25,9,22,393,12.0%,70,NORMAL,327.0,0.0,4.2,False
1767699027.17,2026-01-06 17:00:27,10,22,394,12.1%,70,NORMAL,328.0,0.0,4.1,False
1767699028.95,2026-01-06 17:00:28,10,22,394,12.3%,70,NORMAL,328.0,0.0,4.1,False
1767699030.50,2026-01-06 17:00:30,11,22,395,12.5%,70,NORMAL,329.0,0.0,4.0,False
1767699032.13,2026-01-06 17:00:32,12,22,396,12.8%,70,NORMAL,329.0,0.0,4.0,False
1767699033.83,2026-01-06 17:00:33,13,22,397,13.0%,70,NORMAL,330.0,0.0,4.0,False
1767699034.90,2026-01-06 17:00:34,11,22,397,13.2%,70,NORMAL,329.0,0.0,3.9,False
1767699035.96,2026-01-06 17:00:35,11,22,397,13.5%,70,NORMAL,329.0,0.0,3.9,False
1767699037.28,2026-01-06 17:00:37,12,22,397,13.8%,70,NORMAL,329.0,0.0,3.9,False
1767699038.99,2026-01-06 17:00:38,12,22,397,14.2%,70,NORMAL,328.0,0.0,3.9,False
1767699040.35,2026-01-06 17:00:40,12,22,397,14.6%,70,NORMAL,327.0,0.0,4.0,False
1767699041.40,2026-01-06 17:00:41,13,22,398,15.0%,70,NORMAL,328.0,0.0,4.0,False
1767699043.38,2026-01-06 17:00:43,16,22,400,15.4%,70,NORMAL,329.0,0.0,4.0,False
1767699045.27,2026-01-06 17:00:45,17,22,402,15.9%,70,NORMAL,330.0,0.0,4.0,False
1767699046.71,2026-01-06 17:00:46,16,22,402,16.3%,70,NORMAL,330.0,0.0,4.0,False
1767699047.85,2026-01-06 17:00:47,17,22,403,16.8%,70,NORMAL,331.0,0.0,4.0,False
1767699048.88,2026-01-06 17:00:48,16,22,403,17.2%,70,NORMAL,329.0,0.0,4.0,False
1767699050.53,2026-01-06 17:00:50,16,22,403,17.7%,70,NORMAL,328.0,0.0,4.0,False
1767699051.75,2026-01-06 17:00:51,17,22,404,18.2%,70,NORMAL,329.0,0.0,4.0,False
1767699053.43,2026-01-06 17:00:53,18,22,404,18.8%,70,NORMAL,329.0,0.0,4.0,False
1767699055.53,2026-01-06 17:00:55,14,22,404,19.1%,70,NORMAL,328.0,0.0,3.9,False
1767699057.26,2026-01-06 17:00:57,14,22,405,19.5%,70,NORMAL,328.0,0.0,3.8,False
1767699058.96,2026-01-06 17:00:58,13,22,406,20.0%,70,NORMAL,328.0,0.0,3.8,False
1767699060.02,2026-01-06 17:01:00,13,22,406,20.4%,70,NORMAL,328.0,0.0,3.8,False
1767699061.76,2026-01-06 17:01:01,12,22,408,20.7%,70,NORMAL,329.0,0.0,3.8,False
1767699063.16,2026-01-06 17:01:03,14,22,408,21.1%,70,NORMAL,329.0,0.0,3.8,False
1767699065.23,2026-01-06 17:01:05,15,22,410,21.4%,70,NORMAL,329.0,0.0,3.8,False
1767699066.63,2026-01-06 17:01:06,16,22,411,21.8%,70,NORMAL,329.0,0.0,3.8,False
1767699067.87,2026-01-06 17:01:07,15,22,411,22.1%,70,NORMAL,329.0,0.0,3.9,False
1767699069.05,2026-01-06 17:01:09,13,22,411,22.3%,70,NORMAL,329.0,0.0,3.9,False
1767699070.30,2026-01-06 17:01:10,16,22,411,22.7%,70,NORMAL,329.0,0.0,3.9,False
1767699071.58,2026-01-06 17:01:11,13,22,412,22.8%,70,NORMAL,330.0,0.0,4.0,False
1767699072.77,2026-01-06 17:01:12,12,22,412,22.9%,70,NORMAL,329.0,0.0,4.0,False
1767699073.83,2026-01-06 17:01:13,12,22,412,23.0%,70,NORMAL,327.0,0.0,4.0,False
1767699074.87,2026-01-06 17:01:14,14,22,412,23.1%,70,NORMAL,327.0,0.0,4.0,False
1767699075.97,2026-01-06 17:01:15,12,22,412,23.0%,70,NORMAL,327.0,0.0,4.1,False
1767699077.13,2026-01-06 17:01:17,14,22,412,23.2%,70,NORMAL,327.0,0.0,4.1,False
1767699078.35,2026-01-06 17:01:18,14,22,412,23.3%,70,NORMAL,326.0,0.0,4.2,False
1767699079.60,2026-01-06 17:01:19,14,22,412,23.4%,70,NORMAL,326.0,0.0,4.2,False
1767699080.76,2026-01-06 17:01:20,14,22,413,23.5%,70,NORMAL,327.0,0.0,4.2,False
1767699082.30,2026-01-06 17:01:22,15,22,413,23.7%,70,NORMAL,327.0,0.0,4.2,False
1767699083.39,2026-01-06 17:01:23,15,22,413,23.8%,70,NORMAL,326.0,0.0,4.3,False
1767699084.81,2026-01-06 17:01:24,15,22,414,23.7%,70,NORMAL,326.0,0.0,4.3,False
1767699086.32,2026-01-06 17:01:26,14,22,414,23.6%,70,NORMAL,325.0,0.0,4.3,False
1767699087.66,2026-01-06 17:01:27,14,22,414,23.5%,70,NORMAL,324.0,0.0,4.3,False
1767699088.71,2026-01-06 17:01:28,15,22,415,23.4%,70,NORMAL,324.0,0.0,4.4,False
1767699089.88,2026-01-06 17:01:29,15,22,417,23.4%,70,NORMAL,323.0,0.0,4.4,False
1767699090.92,2026-01-06 17:01:30,14,22,417,23.3%,70,NORMAL,323.0,0.0,4.4,False
1767699092.33,2026-01-06 17:01:32,13,22,419,23.1%,70,NORMAL,325.0,0.0,4.4,False
1767699093.54,2026-01-06 17:01:33,11,22,419,22.7%,70,NORMAL,325.0,0.0,4.4,False
1767699094.57,2026-01-06 17:01:34,13,22,419,22.7%,70,NORMAL,325.0,0.0,4.4,False
1767699095.67,2026-01-06 17:01:35,14,22,419,22.7%,70,NORMAL,325.0,0.0,4.5,False
1767699096.80,2026-01-06 17:01:36,14,22,419,22.7%,70,NORMAL,324.0,0.0,4.5,False
1767699097.86,2026-01-06 17:01:37,13,22,419,22.7%,70,NORMAL,324.0,0.0,4.5,False
1767699099.04,2026-01-06 17:01:39,14,22,420,22.8%,70,NORMAL,325.0,0.0,4.5,False
1767699100.11,2026-01-06 17:01:40,12,22,420,22.7%,70,NORMAL,325.0,0.0,4.5,False
1767699101.71,2026-01-06 17:01:41,13,22,420,22.6%,70,NORMAL,323.0,0.0,4.5,False
1767699103.30,2026-01-06 17:01:43,12,22,420,22.4%,70,NORMAL,323.0,0.0,4.6,False
1767699104.51,2026-01-06 17:01:44,11,22,421,22.2%,70,NORMAL,323.0,0.0,4.6,False
1767699106.02,2026-01-06 17:01:46,13,22,423,22.2%,70,NORMAL,324.0,0.0,4.6,False
1767699107.28,2026-01-06 17:01:47,10,22,423,21.9%,70,NORMAL,324.0,0.0,4.6,False
1767699108.38,2026-01-06 17:01:48,11,22,424,21.8%,70,NORMAL,325.0,0.0,4.6,False
1767699109.60,2026-01-06 17:01:49,13,22,425,21.9%,70,NORMAL,326.0,0.0,4.6,False
1767699110.65,2026-01-06 17:01:50,14,22,425,22.0%,70,NORMAL,326.0,0.0,4.6,False
1767699112.31,2026-01-06 17:01:52,12,22,425,21.9%,70,NORMAL,323.0,0.0,4.7,False
1767699113.71,2026-01-06 17:01:53,12,22,425,21.9%,70,NORMAL,323.0,0.0,4.7,False
1767699114.74,2026-01-06 17:01:54,12,22,425,21.8%,70,NORMAL,323.0,0.0,4.7,False
1767699116.63,2026-01-06 17:01:56,13,22,426,21.7%,70,NORMAL,324.0,0.0,4.7,False
1767699118.44,2026-01-06 17:01:58,16,22,428,21.8%,70,NORMAL,326.0,0.0,4.7,False
1767699119.78,2026-01-06 17:01:59,15,22,429,21.8%,70,NORMAL,327.0,0.0,4.7,False
1767699120.89,2026-01-06 17:02:00,13,22,429,21.7%,70,NORMAL,327.0,0.0,4.7,False
1767699122.11,2026-01-06 17:02:02,10,22,429,21.5%,70,NORMAL,326.0,0.0,4.7,False
1767699123.87,2026-01-06 17:02:03,14,22,433,21.4%,70,NORMAL,329.0,0.0,4.7,False
1767699124.93,2026-01-06 17:02:04,11,22,433,21.3%,70,NORMAL,329.0,0.0,4.8,False
1767699126.01,2026-01-06 17:02:06,11,22,433,21.1%,70,NORMAL,328.0,0.0,4.8,False
1767699127.17,2026-01-06 17:02:07,11,22,433,20.9%,70,NORMAL,328.0,0.0,4.9,False
1767699128.59,2026-01-06 17:02:08,12,22,434,20.8%,70,NORMAL,329.0,0.0,4.9,False
1767699129.76,2026-01-06 17:02:09,11,22,435,20.6%,70,NORMAL,329.0,0.0,4.9,False
1767699131.26,2026-01-06 17:02:11,11,22,437,20.5%,70,NORMAL,329.0,0.0,5.0,False
1767699132.47,2026-01-06 17:02:12,12,22,438,20.6%,70,NORMAL,329.0,0.0,5.0,False
1767699134.27,2026-01-06 17:02:14,14,22,441,20.6%,70,NORMAL,331.0,0.0,5.0,False
1767699136.02,2026-01-06 17:02:16,13,22,441,20.6%,70,NORMAL,330.0,0.0,5.1,False
1767699137.98,2026-01-06 17:02:17,13,22,441,20.5%,70,NORMAL,329.0,0.0,5.1,False
1767699139.31,2026-01-06 17:02:19,12,22,442,20.5%,70,NORMAL,329.0,0.0,5.1,False
1767699140.46,2026-01-06 17:02:20,13,22,443,20.4%,70,NORMAL,330.0,0.0,5.0,False
1767699142.02,2026-01-06 17:02:22,15,22,445,20.6%,70,NORMAL,332.0,0.0,5.0,False
1767699143.38,2026-01-06 17:02:23,16,22,446,20.7%,70,NORMAL,333.0,0.0,5.0,False
1767699144.69,2026-01-06 17:02:24,15,22,446,20.9%,70,NORMAL,332.0,0.0,5.1,False
1767699145.72,2026-01-06 17:02:25,16,22,447,21.1%,70,NORMAL,333.0,0.0,5.1,False
1767699147.29,2026-01-06 17:02:27,13,22,447,21.1%,70,NORMAL,333.0,0.0,5.1,False
1767699148.42,2026-01-06 17:02:28,14,22,447,21.3%,70,NORMAL,332.0,0.0,5.1,False
1767699149.59,2026-01-06 17:02:29,12,22,447,21.4%,70,NORMAL,332.0,0.0,5.2,False
1767699151.05,2026-01-06 17:02:31,13,22,448,21.4%,70,NORMAL,333.0,0.0,5.2,False
1767699152.13,2026-01-06 17:02:32,14,22,449,21.4%,70,NORMAL,334.0,0.0,5.2,False
1767699153.62,2026-01-06 17:02:33,13,22,450,21.4%,70,NORMAL,335.0,0.0,5.3,False
1767699154.91,2026-01-06 17:02:34,11,22,450,21.4%,70,NORMAL,334.0,0.0,5.3,False
1767699156.04,2026-01-06 17:02:36,13,22,454,21.4%,70,NORMAL,338.0,0.0,5.3,False
1767699157.06,2026-01-06 17:02:37,14,22,455,21.5%,70,NORMAL,338.0,0.0,5.3,False
1767699158.15,2026-01-06 17:02:38,13,22,457,21.3%,70,NORMAL,340.0,0.0,5.3,False
1767699159.29,2026-01-06 17:02:39,10,22,457,21.1%,70,NORMAL,337.0,0.0,5.3,False
1767699160.31,2026-01-06 17:02:40,10,22,458,20.9%,70,NORMAL,337.0,0.0,5.4,False
1767699161.46,2026-01-06 17:02:41,13,22,461,21.1%,70,NORMAL,340.0,0.0,5.4,False
1767699162.47,2026-01-06 17:02:42,10,22,461,20.9%,70,NORMAL,339.0,0.0,5.5,False
1767699163.64,2026-01-06 17:02:43,10,22,461,20.8%,70,NORMAL,338.0,0.0,5.5,False
1767699164.70,2026-01-06 17:02:44,10,22,461,20.8%,70,NORMAL,338.0,0.0,5.5,False
1767699165.85,2026-01-06 17:02:45,10,22,461,20.7%,70,NORMAL,337.0,0.0,5.6,False
1767699167.73,2026-01-06 17:02:47,10,22,462,20.6%,70,NORMAL,337.0,0.0,5.7,False
1767699168.88,2026-01-06 17:02:48,10,22,462,20.6%,70,NORMAL,337.0,0.0,5.7,False
1767699169.90,2026-01-06 17:02:49,9,22,462,20.5%,70,NORMAL,337.0,0.0,5.8,False
1767699170.96,2026-01-06 17:02:50,11,22,464,20.4%,70,NORMAL,338.0,0.0,5.8,False
1767699171.97,2026-01-06 17:02:51,12,22,464,20.3%,70,NORMAL,337.0,0.0,5.8,False
1767699173.61,2026-01-06 17:02:53,10,22,465,20.2%,70,NORMAL,338.0,0.0,5.9,False
1767699174.95,2026-01-06 17:02:54,9,22,465,19.9%,70,NORMAL,336.0,0.0,6.0,False
1767699175.98,2026-01-06 17:02:55,9,22,466,19.8%,70,NORMAL,336.0,0.0,6.0,False
1767699177.35,2026-01-06 17:02:57,10,22,467,19.6%,70,NORMAL,336.0,0.0,6.1,False
1767699178.83,2026-01-06 17:02:58,9,22,467,19.3%,70,NORMAL,335.0,0.0,6.1,False
1767699179.91,2026-01-06 17:02:59,9,22,467,19.0%,70,NORMAL,335.0,0.0,6.1,False
1767699181.38,2026-01-06 17:03:01,10,22,468,18.7%,70,NORMAL,334.0,0.0,6.1,False
1767699182.51,2026-01-06 17:03:02,9,22,468,18.4%,70,NORMAL,333.0,0.0,6.1,False
1767699183.85,2026-01-06 17:03:03,8,22,468,18.1%,70,NORMAL,333.0,0.0,6.1,False
1767699185.26,2026-01-06 17:03:05,9,22,469,17.8%,70,NORMAL,334.0,0.0,6.1,False
1767699186.85,2026-01-06 17:03:06,11,22,471,17.8%,70,NORMAL,335.0,0.0,6.0,False
1767699188.12,2026-01-06 17:03:08,10,22,471,17.6%,70,NORMAL,335.0,0.0,6.0,False
1767699190.05,2026-01-06 17:03:10,10,22,471,17.4%,70,NORMAL,335.0,0.0,5.9,False
1767699191.33,2026-01-06 17:03:11,11,22,472,17.3%,70,NORMAL,335.0,0.0,5.8,False
1767699192.42,2026-01-06 17:03:12,12,22,472,17.4%,70,NORMAL,333.0,0.0,5.7,False
1767699193.72,2026-01-06 17:03:13,12,22,472,17.3%,70,NORMAL,333.0,0.0,5.7,False
1767699194.88,2026-01-06 17:03:14,12,22,473,17.2%,70,NORMAL,334.0,0.0,5.6,False
1767699196.07,2026-01-06 17:03:16,11,22,474,17.1%,70,NORMAL,335.0,0.0,5.5,False
1767699197.31,2026-01-06 17:03:17,11,22,474,17.2%,70,NORMAL,334.0,0.0,5.4,False
1767699198.34,2026-01-06 17:03:18,11,22,474,17.2%,70,NORMAL,334.0,0.0,5.3,False
1767699199.43,2026-01-06 17:03:19,11,22,474,17.1%,70,NORMAL,333.0,0.0,5.3,False
1767699200.69,2026-01-06 17:03:20,9,22,474,17.1%,70,NORMAL,333.0,0.0,5.2,False
1767699202.12,2026-01-06 17:03:22,11,22,475,17.1%,70,NORMAL,333.0,0.0,5.2,False
1767699203.27,2026-01-06 17:03:23,11,22,477,17.2%,70,NORMAL,334.0,0.0,5.1,False
1767699204.35,2026-01-06 17:03:24,12,22,477,17.3%,70,NORMAL,333.0,0.0,5.1,False
1767699205.99,2026-01-06 17:03:25,11,22,478,17.3%,70,NORMAL,332.0,0.0,5.0,False
1767699207.06,2026-01-06 17:03:27,12,22,479,17.4%,70,NORMAL,333.0,0.0,5.0,False
1767699208.64,2026-01-06 17:03:28,13,22,480,17.6%,70,NORMAL,333.0,0.0,4.9,False
1767699209.84,2026-01-06 17:03:29,13,22,480,17.7%,70,NORMAL,332.0,0.0,4.8,False
1767699211.21,2026-01-06 17:03:31,13,22,480,17.8%,70,NORMAL,329.0,0.0,4.7,False
1767699212.38,2026-01-06 17:03:32,13,22,480,18.0%,70,NORMAL,329.0,0.0,4.6,False
1767699213.40,2026-01-06 17:03:33,12,22,480,18.1%,70,NORMAL,328.0,0.0,4.6,False
1767699214.51,2026-01-06 17:03:34,12,22,480,18.3%,70,NORMAL,327.0,0.0,4.5,False
1767699216.17,2026-01-06 17:03:36,10,22,480,18.3%,70,NORMAL,326.0,0.0,4.5,False
1767699217.26,2026-01-06 17:03:37,10,22,480,18.3%,70,NORMAL,326.0,0.0,4.5,False
1767699218.34,2026-01-06 17:03:38,11,22,481,18.4%,70,NORMAL,325.0,0.0,4.5,False
1767699219.35,2026-01-06 17:03:39,11,22,482,18.5%,70,NORMAL,324.0,0.0,4.5,False
1767699220.55,2026-01-06 17:03:40,10,22,483,18.5%,70,NORMAL,324.0,0.0,4.5,False
1767699221.59,2026-01-06 17:03:41,9,22,484,18.6%,70,NORMAL,324.0,0.0,4.5,False
1767699222.71,2026-01-06 17:03:42,10,22,484,18.6%,70,NORMAL,323.0,0.0,4.6,False
1767699223.78,2026-01-06 17:03:43,11,22,484,18.6%,70,NORMAL,322.0,0.0,4.7,False
1767699225.13,2026-01-06 17:03:45,11,22,484,18.7%,70,NORMAL,321.0,0.0,4.7,False
1767699226.50,2026-01-06 17:03:46,12,22,485,18.8%,70,NORMAL,322.0,0.0,4.7,False
1767699227.51,2026-01-06 17:03:47,10,22,485,18.7%,70,NORMAL,321.0,0.0,4.7,False
1767699228.57,2026-01-06 17:03:48,13,22,488,18.8%,70,NORMAL,322.0,0.0,4.7,False
1767699230.00,2026-01-06 17:03:49,10,22,488,18.7%,70,NORMAL,321.0,0.0,4.7,False
1767699231.16,2026-01-06 17:03:51,11,22,489,18.6%,70,NORMAL,322.0,0.0,4.7,False
1767699232.31,2026-01-06 17:03:52,12,22,492,18.7%,70,NORMAL,325.0,0.0,4.7,False
1767699234.22,2026-01-06 17:03:54,13,22,494,18.8%,70,NORMAL,326.0,0.0,4.7,False
1767699236.14,2026-01-06 17:03:56,13,22,494,18.9%,70,NORMAL,324.0,0.0,4.7,False
1767699237.92,2026-01-06 17:03:57,11,22,494,18.9%,70,NORMAL,323.0,0.0,4.6,False
1767699239.07,2026-01-06 17:03:59,10,22,494,18.9%,70,NORMAL,322.0,0.0,4.6,False
1767699241.14,2026-01-06 17:04:01,11,22,496,18.9%,70,NORMAL,324.0,0.0,4.6,False
1767699242.48,2026-01-06 17:04:02,13,22,497,19.0%,70,NORMAL,325.0,0.0,4.6,False
1767699243.81,2026-01-06 17:04:03,12,22,497,19.0%,70,NORMAL,325.0,0.0,4.6,False
1767699245.33,2026-01-06 17:04:05,11,22,498,19.0%,70,NORMAL,325.0,0.0,4.7,False
1767699247.14,2026-01-06 17:04:07,10,22,499,18.9%,70,NORMAL,325.0,0.0,4.7,False
1767699248.49,2026-01-06 17:04:08,13,22,500,18.9%,70,NORMAL,325.0,0.0,4.8,False
1767699250.02,2026-01-06 17:04:10,11,22,501,18.8%,70,NORMAL,326.0,0.0,4.9,False
1767699251.09,2026-01-06 17:04:11,13,22,502,18.8%,70,NORMAL,325.0,0.0,5.0,False
1767699252.16,2026-01-06 17:04:12,12,22,503,18.8%,70,NORMAL,325.0,0.0,5.0,False
1767699253.46,2026-01-06 17:04:13,10,22,504,18.7%,70,NORMAL,325.0,0.0,5.1,False
1767699254.50,2026-01-06 17:04:14,10,22,504,18.6%,70,NORMAL,325.0,0.0,5.1,False
1767699256.03,2026-01-06 17:04:16,12,22,505,18.7%,70,NORMAL,325.0,0.0,5.1,False
1767699257.09,2026-01-06 17:04:17,14,22,507,18.9%,70,NORMAL,327.0,0.0,5.0,False
1767699258.50,2026-01-06 17:04:18,14,22,508,19.0%,70,NORMAL,328.0,0.0,5.0,False
1767699259.63,2026-01-06 17:04:19,13,22,509,19.1%,70,NORMAL,329.0,0.0,5.0,False
1767699261.18,2026-01-06 17:04:21,15,22,510,19.4%,70,NORMAL,327.0,0.0,5.1,False
1767699262.31,2026-01-06 17:04:22,13,22,510,19.6%,70,NORMAL,326.0,0.0,5.1,False
1767699263.37,2026-01-06 17:04:23,14,22,511,19.8%,70,NORMAL,326.0,0.0,5.2,False
1767699264.95,2026-01-06 17:04:24,13,22,511,19.9%,70,NORMAL,325.0,0.0,5.3,False
1767699266.49,2026-01-06 17:04:26,10,22,511,19.9%,70,NORMAL,325.0,0.0,5.4,False
1767699267.69,2026-01-06 17:04:27,11,22,512,19.8%,70,NORMAL,324.0,0.0,5.5,False
1767699268.76,2026-01-06 17:04:28,13,22,512,20.0%,70,NORMAL,323.0,0.0,5.5,False
1767699270.03,2026-01-06 17:04:30,10,22,513,19.8%,70,NORMAL,324.0,0.0,5.6,False
1767699271.52,2026-01-06 17:04:31,9,22,513,19.8%,70,NORMAL,323.0,0.0,5.6,False
1767699272.52,2026-01-06 17:04:32,11,22,513,19.8%,70,NORMAL,322.0,0.0,5.6,False
1767699273.92,2026-01-06 17:04:33,11,22,514,19.7%,70,NORMAL,318.0,0.0,5.6,False
1767699275.44,2026-01-06 17:04:35,11,22,514,19.6%,70,NORMAL,318.0,0.0,5.6,False
1767699276.52,2026-01-06 17:04:36,11,22,514,19.5%,70,NORMAL,317.0,0.0,5.6,False
1767699277.65,2026-01-06 17:04:37,13,22,515,19.6%,70,NORMAL,317.0,0.0,5.5,False
1767699279.12,2026-01-06 17:04:39,14,22,516,19.8%,70,NORMAL,316.0,0.0,5.5,False
1767699280.22,2026-01-06 17:04:40,12,22,516,19.9%,70,NORMAL,316.0,0.0,5.5,False
1767699281.53,2026-01-06 17:04:41,13,22,516,19.9%,70,NORMAL,315.0,0.0,5.4,False
1767699283.01,2026-01-06 17:04:43,14,22,517,20.0%,70,NORMAL,315.0,0.0,5.3,False
1767699284.17,2026-01-06 17:04:44,12,22,517,20.0%,70,NORMAL,315.0,0.0,5.2,False
1767699285.20,2026-01-06 17:04:45,11,22,517,20.1%,70,NORMAL,315.0,0.0,5.2,False
1767699286.27,2026-01-06 17:04:46,13,22,517,20.1%,70,NORMAL,315.0,0.0,5.1,False
1767699287.48,2026-01-06 17:04:47,16,22,519,20.3%,70,NORMAL,317.0,0.0,5.0,False
1767699288.53,2026-01-06 17:04:48,13,22,519,20.3%,70,NORMAL,317.0,0.0,5.0,False
1767699289.58,2026-01-06 17:04:49,15,22,520,20.5%,70,NORMAL,317.0,0.0,5.0,False
1767699290.87,2026-01-06 17:04:50,15,22,520,20.7%,70,NORMAL,315.0,0.0,5.1,False
1767699291.95,2026-01-06 17:04:51,15,22,520,21.0%,70,NORMAL,313.0,0.0,5.1,False
1767699293.12,2026-01-06 17:04:53,15,22,520,21.1%,70,NORMAL,313.0,0.0,5.2,False
1767699294.54,2026-01-06 17:04:54,13,22,521,21.1%,70,NORMAL,313.0,0.0,5.3,False
1767699295.66,2026-01-06 17:04:55,13,22,521,21.0%,70,NORMAL,312.0,0.0,5.3,False
1767699296.83,2026-01-06 17:04:56,13,22,521,21.0%,70,NORMAL,311.0,0.0,5.4,False
1767699298.64,2026-01-06 17:04:58,14,22,521,21.0%,70,NORMAL,310.0,0.0,5.4,False
1767699300.04,2026-01-06 17:05:00,14,22,521,21.0%,70,NORMAL,310.0,0.0,5.4,False
1767699301.15,2026-01-06 17:05:01,16,22,523,21.1%,70,NORMAL,312.0,0.0,5.4,False
1767699302.60,2026-01-06 17:05:02,15,22,523,21.2%,70,NORMAL,311.0,0.0,5.4,False
1767699303.62,2026-01-06 17:05:03,14,22,523,21.4%,70,NORMAL,308.0,0.0,5.3,False
1767699304.80,2026-01-06 17:05:04,15,22,524,21.6%,70,NORMAL,308.0,0.0,5.4,False
1767699305.84,2026-01-06 17:05:05,14,22,524,21.7%,70,NORMAL,308.0,0.0,5.4,False
1767699307.10,2026-01-06 17:05:07,12,22,524,21.8%,70,NORMAL,308.0,0.0,5.4,False
1767699308.14,2026-01-06 17:05:08,12,22,524,21.9%,70,NORMAL,307.0,0.0,5.5,False
1767699309.48,2026-01-06 17:05:09,12,22,525,22.0%,70,NORMAL,308.0,0.0,5.5,False
1767699310.55,2026-01-06 17:05:10,12,22,525,22.1%,70,NORMAL,308.0,0.0,5.5,False
1767699311.58,2026-01-06 17:05:11,13,22,526,22.2%,70,NORMAL,306.0,0.0,5.6,False
1767699312.68,2026-01-06 17:05:12,11,22,526,22.2%,70,NORMAL,306.0,0.0,5.6,False
1767699314.25,2026-01-06 17:05:14,13,22,526,22.2%,70,NORMAL,306.0,0.0,5.7,False
1767699315.30,2026-01-06 17:05:15,10,22,526,21.9%,70,NORMAL,305.0,0.0,5.7,False
1767699316.62,2026-01-06 17:05:16,10,22,526,21.8%,70,NORMAL,305.0,0.0,5.7,False
1767699317.85,2026-01-06 17:05:17,11,22,527,21.7%,70,NORMAL,306.0,0.0,5.8,False
1767699319.50,2026-01-06 17:05:19,13,22,530,21.7%,70,NORMAL,305.0,0.0,5.8,False
1767699320.57,2026-01-06 17:05:20,11,22,530,21.6%,70,NORMAL,305.0,0.0,5.8,False
1767699321.70,2026-01-06 17:05:21,13,22,531,21.7%,70,NORMAL,305.0,0.0,5.8,False
1767699322.75,2026-01-06 17:05:22,13,22,532,21.7%,70,NORMAL,305.0,0.0,5.7,False
1767699323.84,2026-01-06 17:05:23,4,22,532,21.1%,70,NORMAL,305.0,0.0,5.7,False
1767699325.11,2026-01-06 17:05:25,10,22,533,21.0%,70,NORMAL,306.0,0.0,5.6,False
1767699327.13,2026-01-06 17:05:27,13,22,539,20.9%,70,NORMAL,310.0,0.0,5.5,False
1767699328.31,2026-01-06 17:05:28,15,22,540,20.9%,70,NORMAL,310.0,0.0,5.5,False
1767699329.64,2026-01-06 17:05:29,11,22,540,20.7%,70,NORMAL,309.0,0.0,5.4,False
1767699331.08,2026-01-06 17:05:31,12,22,542,20.5%,70,NORMAL,311.0,0.0,5.4,False
1767699332.88,2026-01-06 17:05:32,10,22,542,20.3%,70,NORMAL,309.0,0.0,5.4,False
1767699334.07,2026-01-06 17:05:34,10,22,542,20.2%,70,NORMAL,309.0,0.0,5.4,False
1767699335.33,2026-01-06 17:05:35,8,22,542,19.9%,70,NORMAL,307.0,0.0,5.4,False
1767699336.36,2026-01-06 17:05:36,9,22,543,19.7%,70,NORMAL,306.0,0.0,5.5,False
1767699337.54,2026-01-06 17:05:37,10,22,544,19.5%,70,NORMAL,305.0,0.0,5.5,False
1767699338.93,2026-01-06 17:05:38,10,22,545,19.2%,70,NORMAL,305.0,0.0,5.5,False
1767699340.39,2026-01-06 17:05:40,9,22,546,18.9%,70,NORMAL,306.0,0.0,5.5,False
1767699341.88,2026-01-06 17:05:41,11,22,546,18.7%,70,NORMAL,304.0,0.0,5.5,False
1767699342.93,2026-01-06 17:05:42,13,22,548,18.6%,70,NORMAL,304.0,0.0,5.6,False
1767699344.58,2026-01-06 17:05:44,13,22,549,18.6%,70,NORMAL,305.0,0.0,5.6,False
1767699345.68,2026-01-06 17:05:45,14,22,550,18.7%,70,NORMAL,305.0,0.0,5.6,False
1767699347.06,2026-01-06 17:05:47,14,22,553,18.8%,70,NORMAL,305.0,0.0,5.5,False
1767699349.07,2026-01-06 17:05:49,16,22,556,19.0%,70,NORMAL,307.0,0.0,5.6,False
1767699350.82,2026-01-06 17:05:50,14,22,558,19.1%,70,NORMAL,308.0,0.0,5.6,False
1767699351.95,2026-01-06 17:05:51,17,22,560,19.3%,70,NORMAL,310.0,0.0,5.6,False
1767699353.38,2026-01-06 17:05:53,17,22,563,19.6%,70,NORMAL,313.0,0.0,5.6,False
1767699354.61,2026-01-06 17:05:54,16,22,565,19.7%,70,NORMAL,314.0,0.0,5.6,False
1767699356.06,2026-01-06 17:05:56,17,22,568,20.1%,70,NORMAL,317.0,0.0,5.6,False
1767699357.11,2026-01-06 17:05:57,16,22,568,20.4%,70,NORMAL,317.0,0.0,5.7,False
1767699358.76,2026-01-06 17:05:58,18,22,569,20.7%,70,NORMAL,316.0,0.0,5.7,False
1767699359.90,2026-01-06 17:05:59,19,22,570,21.0%,70,NORMAL,315.0,0.0,5.6,False
1767699360.97,2026-01-06 17:06:00,18,22,571,21.3%,70,NORMAL,316.0,0.0,5.6,False
1767699362.06,2026-01-06 17:06:02,18,22,572,21.6%,70,NORMAL,317.0,0.0,5.6,False
1767699363.28,2026-01-06 17:06:03,16,22,572,21.7%,70,NORMAL,315.0,0.0,5.6,False
1767699365.12,2026-01-06 17:06:05,17,22,573,22.4%,70,NORMAL,315.0,0.0,5.6,False
1767699366.54,2026-01-06 17:06:06,16,22,574,22.7%,70,NORMAL,316.0,0.0,5.5,False
1767699367.93,2026-01-06 17:06:07,14,22,574,22.8%,70,NORMAL,316.0,0.0,5.5,False
1767699369.95,2026-01-06 17:06:09,14,22,574,22.7%,70,NORMAL,314.0,0.0,5.4,False
1767699372.52,2026-01-06 17:06:12,13,22,574,22.8%,70,NORMAL,313.0,0.0,5.4,False
1767699374.43,2026-01-06 17:06:14,13,22,574,22.9%,70,NORMAL,312.0,0.0,5.3,False
1767699376.00,2026-01-06 17:06:15,12,22,575,23.0%,70,NORMAL,313.0,0.0,5.2,False
1767699377.56,2026-01-06 17:06:17,11,22,576,23.0%,70,NORMAL,313.0,0.0,5.2,False
1767699378.73,2026-01-06 17:06:18,11,22,576,23.2%,70,NORMAL,312.0,0.0,5.2,False
1767699379.96,2026-01-06 17:06:19,12,22,577,23.3%,70,NORMAL,313.0,0.0,5.2,False
1767699381.21,2026-01-06 17:06:21,13,22,578,23.5%,70,NORMAL,314.0,0.0,5.2,False
1767699382.29,2026-01-06 17:06:22,11,22,578,23.6%,70,NORMAL,312.0,0.0,5.2,False
1767699383.45,2026-01-06 17:06:23,10,22,578,23.6%,70,NORMAL,310.0,0.0,5.2,False
1767699384.94,2026-01-06 17:06:24,11,22,579,23.6%,70,NORMAL,310.0,0.0,5.2,False
1767699386.01,2026-01-06 17:06:26,11,22,579,23.5%,70,NORMAL,309.0,0.0,5.1,False
1767699387.02,2026-01-06 17:06:27,10,22,579,23.4%,70,NORMAL,308.0,0.0,5.1,False
1767699388.07,2026-01-06 17:06:28,8,22,579,23.0%,70,NORMAL,307.0,0.0,5.1,False
1767699389.70,2026-01-06 17:06:29,11,22,582,22.9%,70,NORMAL,310.0,0.0,5.1,False
1767699391.08,2026-01-06 17:06:31,10,22,583,22.6%,70,NORMAL,311.0,0.0,5.0,False
1767699392.13,2026-01-06 17:06:32,10,22,583,22.4%,70,NORMAL,311.0,0.0,5.0,False
1767699393.27,2026-01-06 17:06:33,10,22,583,22.0%,70,NORMAL,309.0,0.0,4.9,False
1767699394.32,2026-01-06 17:06:34,11,22,583,21.7%,70,NORMAL,308.0,0.0,4.9,False
1767699395.40,2026-01-06 17:06:35,11,22,583,21.5%,70,NORMAL,308.0,0.0,4.8,False
1767699396.69,2026-01-06 17:06:36,9,22,586,21.1%,70,NORMAL,309.0,0.0,4.8,False
1767699397.78,2026-01-06 17:06:37,11,22,588,20.8%,70,NORMAL,311.0,0.0,4.8,False
1767699399.29,2026-01-06 17:06:39,10,22,588,20.4%,70,NORMAL,310.0,0.0,4.8,False
1767699400.94,2026-01-06 17:06:40,9,22,588,19.9%,70,NORMAL,309.0,0.0,4.8,False
1767699402.40,2026-01-06 17:06:42,12,22,591,19.6%,70,NORMAL,311.0,0.0,4.8,False
1767699404.30,2026-01-06 17:06:44,13,22,592,19.4%,70,NORMAL,310.0,0.0,4.8,False
1767699405.69,2026-01-06 17:06:45,12,22,592,19.2%,70,NORMAL,309.0,0.0,4.9,False
1767699407.66,2026-01-06 17:06:47,9,22,592,18.8%,70,NORMAL,307.0,0.0,5.0,False
1767699409.10,2026-01-06 17:06:49,10,22,594,18.5%,70,NORMAL,309.0,0.0,5.1,False
1767699410.41,2026-01-06 17:06:50,10,22,594,18.3%,70,NORMAL,309.0,0.0,5.2,False
1767699411.90,2026-01-06 17:06:51,11,22,595,18.1%,70,NORMAL,310.0,0.0,5.2,False
1767699413.31,2026-01-06 17:06:53,11,22,595,18.0%,70,NORMAL,310.0,0.0,5.2,False
1767699414.68,2026-01-06 17:06:54,10,22,595,17.9%,70,NORMAL,309.0,0.0,5.3,False
1767699415.71,2026-01-06 17:06:55,10,22,597,17.8%,70,NORMAL,311.0,0.0,5.3,False
1767699416.79,2026-01-06 17:06:56,11,22,597,17.8%,70,NORMAL,310.0,0.0,5.3,False
1767699418.43,2026-01-06 17:06:58,10,22,597,17.7%,70,NORMAL,310.0,0.0,5.3,False
1767699420.15,2026-01-06 17:07:00,11,22,597,17.6%,70,NORMAL,308.0,0.0,5.3,False
1767699421.29,2026-01-06 17:07:01,13,22,599,17.6%,70,NORMAL,307.0,0.0,5.4,False
1767699422.37,2026-01-06 17:07:02,14,22,599,17.8%,70,NORMAL,307.0,0.0,5.4,False
1767699423.51,2026-01-06 17:07:03,10,22,599,17.8%,70,NORMAL,307.0,0.0,5.5,False
1767699424.53,2026-01-06 17:07:04,12,22,600,17.9%,70,NORMAL,307.0,0.0,5.6,False
1767699425.59,2026-01-06 17:07:05,9,22,600,17.7%,70,NORMAL,307.0,0.0,5.8,False
1767699427.22,2026-01-06 17:07:07,8,22,600,17.6%,70,NORMAL,306.0,0.0,5.8,False
1767699428.27,2026-01-06 17:07:08,11,22,601,17.8%,70,NORMAL,307.0,0.0,5.8,False
1767699429.48,2026-01-06 17:07:09,9,22,601,17.7%,70,NORMAL,307.0,0.0,5.8,False
1767699430.95,2026-01-06 17:07:10,10,22,602,17.7%,70,NORMAL,308.0,0.0,5.9,False
1767699432.15,2026-01-06 17:07:12,9,22,602,17.6%,70,NORMAL,307.0,0.0,5.9,False
1767699433.23,2026-01-06 17:07:13,8,22,603,17.5%,70,NORMAL,307.0,0.0,5.8,False
1767699434.36,2026-01-06 17:07:14,10,22,604,17.5%,70,NORMAL,307.0,0.0,5.8,False
1767699435.50,2026-01-06 17:07:15,9,22,604,17.4%,70,NORMAL,307.0,0.0,5.7,False
1767699436.61,2026-01-06 17:07:16,9,22,605,17.4%,70,NORMAL,308.0,0.0,5.6,False
1767699437.72,2026-01-06 17:07:17,11,22,607,17.4%,70,NORMAL,310.0,0.0,5.5,False
1767699439.34,2026-01-06 17:07:19,10,22,607,17.4%,70,NORMAL,310.0,0.0,5.5,False
1767699440.68,2026-01-06 17:07:20,11,22,608,17.5%,70,NORMAL,309.0,0.0,5.3,False
1767699441.75,2026-01-06 17:07:21,12,22,609,17.5%,70,NORMAL,310.0,0.0,5.2,False
1767699443.04,2026-01-06 17:07:23,12,22,611,17.4%,70,NORMAL,312.0,0.0,5.2,False
1767699444.82,2026-01-06 17:07:24,13,22,612,17.5%,70,NORMAL,313.0,0.0,5.1,False
1767699445.91,2026-01-06 17:07:25,11,22,612,17.6%,70,NORMAL,312.0,0.0,5.0,False
1767699447.06,2026-01-06 17:07:27,12,22,612,17.7%,70,NORMAL,312.0,0.0,5.0,False
1767699448.37,2026-01-06 17:07:28,12,22,612,17.8%,70,NORMAL,312.0,0.0,4.9,False
1767699449.61,2026-01-06 17:07:29,12,22,612,17.8%,70,NORMAL,311.0,0.0,4.9,False
1767699450.85,2026-01-06 17:07:30,10,22,612,17.8%,70,NORMAL,309.0,0.0,4.8,False
1767699452.02,2026-01-06 17:07:32,10,22,613,17.8%,70,NORMAL,304.0,0.0,4.8,False
1767699453.35,2026-01-06 17:07:33,11,22,615,17.8%,70,NORMAL,305.0,0.0,4.8,False
1767699454.38,2026-01-06 17:07:34,10,22,615,17.8%,70,NORMAL,305.0,0.0,4.8,False
1767699455.64,2026-01-06 17:07:35,13,22,616,17.9%,70,NORMAL,306.0,0.0,4.7,False
1767699456.95,2026-01-06 17:07:36,15,22,619,18.2%,70,NORMAL,309.0,0.0,4.7,False
1767699458.08,2026-01-06 17:07:38,11,22,619,18.0%,70,NORMAL,309.0,0.0,4.7,False
1767699459.15,2026-01-06 17:07:39,12,22,619,17.9%,70,NORMAL,309.0,0.0,4.6,False
1767699460.30,2026-01-06 17:07:40,11,22,619,18.0%,70,NORMAL,308.0,0.0,4.6,False
1767699461.36,2026-01-06 17:07:41,11,22,619,17.9%,70,NORMAL,307.0,0.0,4.6,False
1767699462.88,2026-01-06 17:07:42,12,22,620,18.1%,70,NORMAL,308.0,0.0,4.6,False
1767699463.94,2026-01-06 17:07:43,12,22,620,18.3%,70,NORMAL,308.0,0.0,4.5,False
1767699464.95,2026-01-06 17:07:44,12,22,620,18.4%,70,NORMAL,307.0,0.0,4.5,False
1767699466.03,2026-01-06 17:07:46,10,22,620,18.4%,70,NORMAL,307.0,0.0,4.5,False
1767699467.07,2026-01-06 17:07:47,9,22,620,18.4%,70,NORMAL,307.0,0.0,4.6,False
1767699468.24,2026-01-06 17:07:48,8,22,620,18.3%,70,NORMAL,306.0,0.0,4.6,False
1767699469.37,2026-01-06 17:07:49,8,22,620,18.3%,70,NORMAL,305.0,0.0,4.7,False
1767699470.96,2026-01-06 17:07:50,11,22,621,18.4%,70,NORMAL,304.0,0.0,4.9,False
1767699472.05,2026-01-06 17:07:52,11,22,623,18.5%,70,NORMAL,306.0,0.0,5.0,False
1767699473.51,2026-01-06 17:07:53,11,22,623,18.6%,70,NORMAL,306.0,0.0,5.0,False
1767699474.74,2026-01-06 17:07:54,12,22,624,18.6%,70,NORMAL,306.0,0.0,5.0,False
1767699475.81,2026-01-06 17:07:55,11,22,625,18.7%,70,NORMAL,306.0,0.0,5.1,False
1767699477.25,2026-01-06 17:07:57,10,22,625,18.6%,70,NORMAL,306.0,0.0,5.1,False
1767699478.30,2026-01-06 17:07:58,12,22,626,18.6%,70,NORMAL,305.0,0.0,5.1,False
1767699479.33,2026-01-06 17:07:59,11,22,626,18.6%,70,NORMAL,305.0,0.0,5.2,False
1767699480.60,2026-01-06 17:08:00,13,22,627,18.6%,70,NORMAL,304.0,0.0,5.2,False
1767699481.86,2026-01-06 17:08:01,14,22,628,18.7%,70,NORMAL,304.0,0.0,5.2,False
1767699483.51,2026-01-06 17:08:03,14,22,629,18.8%,70,NORMAL,305.0,0.0,5.2,False
1767699485.29,2026-01-06 17:08:05,12,22,629,18.8%,70,NORMAL,305.0,0.0,5.2,False
1767699486.62,2026-01-06 17:08:06,11,22,631,18.8%,70,NORMAL,307.0,0.0,5.2,False
1767699488.16,2026-01-06 17:08:08,14,22,632,19.0%,70,NORMAL,308.0,0.0,5.2,False
1767699489.73,2026-01-06 17:08:09,12,22,633,19.1%,70,NORMAL,308.0,0.0,5.2,False
1767699491.21,2026-01-06 17:08:11,13,22,634,19.2%,70,NORMAL,309.0,0.0,5.2,False
1767699492.39,2026-01-06 17:08:12,13,22,634,19.3%,70,NORMAL,309.0,0.0,5.2,False
1767699493.58,2026-01-06 17:08:13,12,22,635,19.3%,70,NORMAL,308.0,0.0,5.2,False
1767699495.14,2026-01-06 17:08:15,12,22,635,19.1%,70,NORMAL,308.0,0.0,5.2,False
1767699496.57,2026-01-06 17:08:16,11,22,636,19.1%,70,NORMAL,309.0,0.0,5.3,False
1767699497.58,2026-01-06 17:08:17,13,22,637,19.2%,70,NORMAL,310.0,0.0,5.3,False
1767699499.53,2026-01-06 17:08:19,12,22,637,19.2%,70,NORMAL,308.0,0.0,5.3,False
1767699500.73,2026-01-06 17:08:20,11,22,637,19.2%,70,NORMAL,305.0,0.0,5.3,False
1767699502.08,2026-01-06 17:08:22,12,22,639,19.2%,70,NORMAL,307.0,0.0,5.3,False
1767699503.20,2026-01-06 17:08:23,13,22,640,19.3%,70,NORMAL,308.0,0.0,5.2,False
1767699504.34,2026-01-06 17:08:24,14,22,641,19.4%,70,NORMAL,309.0,0.0,5.2,False
1767699505.94,2026-01-06 17:08:25,13,22,641,19.6%,70,NORMAL,309.0,0.0,5.2,False
1767699507.36,2026-01-06 17:08:27,13,22,643,19.8%,70,NORMAL,310.0,0.0,5.2,False
1767699508.67,2026-01-06 17:08:28,12,22,645,20.0%,70,NORMAL,311.0,0.0,5.1,False
1767699509.82,2026-01-06 17:08:29,13,22,645,20.2%,70,NORMAL,311.0,0.0,5.1,False
1767699510.89,2026-01-06 17:08:30,12,22,646,20.3%,70,NORMAL,312.0,0.0,5.2,False
1767699512.22,2026-01-06 17:08:32,14,22,647,20.4%,70,NORMAL,313.0,0.0,5.1,False
1767699513.28,2026-01-06 17:08:33,13,22,648,20.5%,70,NORMAL,314.0,0.0,5.1,False
1767699514.89,2026-01-06 17:08:34,11,22,649,20.5%,70,NORMAL,314.0,0.0,5.1,False
1767699516.39,2026-01-06 17:08:36,12,22,649,20.5%,70,NORMAL,314.0,0.0,5.1,False
1767699518.16,2026-01-06 17:08:38,15,22,650,20.8%,70,NORMAL,312.0,0.0,5.1,False
1767699519.70,2026-01-06 17:08:39,15,22,651,20.9%,70,NORMAL,313.0,0.0,5.0,False
1767699520.83,2026-01-06 17:08:40,15,22,651,21.1%,70,NORMAL,313.0,0.0,5.0,False
1767699521.97,2026-01-06 17:08:41,8,22,651,20.9%,70,NORMAL,311.0,0.0,4.9,False
1767699523.47,2026-01-06 17:08:43,10,22,652,20.7%,70,NORMAL,312.0,0.0,4.9,False
1767699524.70,2026-01-06 17:08:44,9,22,653,20.4%,70,NORMAL,313.0,0.0,4.8,False
1767699526.28,2026-01-06 17:08:46,7,22,653,20.2%,70,NORMAL,313.0,0.0,4.8,False
1767699527.56,2026-01-06 17:08:47,8,22,653,20.0%,70,NORMAL,312.0,0.0,4.8,False
1767699528.84,2026-01-06 17:08:48,10,22,655,19.8%,70,NORMAL,314.0,0.0,4.7,False
1767699530.11,2026-01-06 17:08:50,9,22,655,19.6%,70,NORMAL,314.0,0.0,4.6,False
1767699531.19,2026-01-06 17:08:51,10,22,657,19.5%,70,NORMAL,315.0,0.0,4.5,False
1767699532.80,2026-01-06 17:08:52,12,22,657,19.4%,70,NORMAL,315.0,0.0,4.4,False
1767699534.61,2026-01-06 17:08:54,10,22,657,19.3%,70,NORMAL,315.0,0.0,4.3,False
1767699535.68,2026-01-06 17:08:55,12,22,657,19.3%,70,NORMAL,313.0,0.0,4.3,False
1767699536.87,2026-01-06 17:08:56,12,22,658,19.4%,70,NORMAL,314.0,0.0,4.2,False
1767699538.31,2026-01-06 17:08:58,12,22,659,19.3%,70,NORMAL,315.0,0.0,4.2,False
1767699539.36,2026-01-06 17:08:59,14,22,660,19.4%,70,NORMAL,316.0,0.0,4.1,False
1767699540.85,2026-01-06 17:09:00,13,22,660,19.5%,70,NORMAL,315.0,0.0,4.1,False
1767699541.88,2026-01-06 17:09:01,10,22,661,19.4%,70,NORMAL,315.0,0.0,4.0,False
1767699542.95,2026-01-06 17:09:02,12,22,661,19.4%,70,NORMAL,315.0,0.0,4.0,False
1767699544.32,2026-01-06 17:09:04,10,22,661,19.2%,70,NORMAL,315.0,0.0,4.0,False
1767699545.67,2026-01-06 17:09:05,12,22,662,19.1%,70,NORMAL,316.0,0.0,3.9,False
1767699547.39,2026-01-06 17:09:07,13,22,663,19.1%,70,NORMAL,316.0,0.0,3.9,False
1767699548.67,2026-01-06 17:09:08,14,22,663,19.2%,70,NORMAL,316.0,0.0,3.9,False
1767699549.88,2026-01-06 17:09:09,14,22,663,19.3%,70,NORMAL,315.0,0.0,3.9,False
1767699551.80,2026-01-06 17:09:11,12,22,663,19.3%,70,NORMAL,315.0,0.0,3.9,False
1767699552.94,2026-01-06 17:09:12,12,22,663,19.2%,70,NORMAL,315.0,0.0,3.9,False
1767699554.45,2026-01-06 17:09:14,12,22,664,19.1%,70,NORMAL,315.0,0.0,3.9,False
1767699555.74,2026-01-06 17:09:15,12,22,664,19.2%,70,NORMAL,315.0,0.0,3.9,False
1767699556.84,2026-01-06 17:09:16,12,22,665,19.2%,70,NORMAL,314.0,0.0,3.9,False
1767699558.17,2026-01-06 17:09:18,15,22,665,19.2%,70,NORMAL,314.0,0.0,4.0,False
1767699559.33,2026-01-06 17:09:19,14,22,665,19.1%,70,NORMAL,314.0,0.0,4.0,False
1767699560.46,2026-01-06 17:09:20,13,22,666,19.0%,70,NORMAL,315.0,0.0,4.0,False
1767699561.98,2026-01-06 17:09:21,15,22,667,19.4%,70,NORMAL,315.0,0.0,4.0,False
1767699563.36,2026-01-06 17:09:23,14,22,668,19.6%,70,NORMAL,316.0,0.0,4.1,False
1767699564.58,2026-01-06 17:09:24,10,22,668,19.6%,70,NORMAL,316.0,0.0,4.1,False
1767699565.99,2026-01-06 17:09:25,13,22,668,20.0%,70,NORMAL,316.0,0.0,4.2,False
1767699567.82,2026-01-06 17:09:27,13,22,670,20.2%,70,NORMAL,318.0,0.0,4.3,False
1767699568.94,2026-01-06 17:09:28,14,22,671,20.4%,70,NORMAL,318.0,0.0,4.3,False
1767699570.15,2026-01-06 17:09:30,13,22,671,20.6%,70,NORMAL,317.0,0.0,4.4,False
1767699571.53,2026-01-06 17:09:31,15,22,672,20.9%,70,NORMAL,318.0,0.0,4.4,False
1767699572.89,2026-01-06 17:09:32,14,22,673,21.0%,70,NORMAL,319.0,0.0,4.4,False
1767699573.91,2026-01-06 17:09:33,15,22,673,21.2%,70,NORMAL,318.0,0.0,4.5,False
1767699575.07,2026-01-06 17:09:35,13,22,673,21.3%,70,NORMAL,318.0,0.0,4.5,False
1767699576.29,2026-01-06 17:09:36,12,22,674,21.3%,70,NORMAL,316.0,0.0,4.6,False
1767699577.35,2026-01-06 17:09:37,14,22,675,21.4%,70,NORMAL,317.0,0.0,4.6,False
1767699578.54,2026-01-06 17:09:38,14,22,676,21.4%,70,NORMAL,318.0,0.0,4.6,False
1767699579.74,2026-01-06 17:09:39,15,22,677,21.5%,70,NORMAL,319.0,0.0,4.6,False
1767699580.86,2026-01-06 17:09:40,14,22,677,21.7%,70,NORMAL,318.0,0.0,4.7,False
1767699582.09,2026-01-06 17:09:42,15,22,677,21.9%,70,NORMAL,317.0,0.0,4.7,False
1767699583.48,2026-01-06 17:09:43,14,22,677,22.1%,70,NORMAL,316.0,0.0,4.8,False
1767699584.76,2026-01-06 17:09:44,13,22,678,22.1%,70,NORMAL,317.0,0.0,4.8,False
1767699586.35,2026-01-06 17:09:46,13,22,680,22.1%,70,NORMAL,319.0,0.0,4.8,False
1767699588.08,2026-01-06 17:09:48,16,22,680,22.2%,70,NORMAL,319.0,0.0,4.9,False
1767699589.15,2026-01-06 17:09:49,16,22,683,22.3%,70,NORMAL,322.0,0.0,4.9,False
1767699591.01,2026-01-06 17:09:51,16,22,683,22.5%,70,NORMAL,322.0,0.0,4.9,False
1767699592.66,2026-01-06 17:09:52,17,22,683,22.8%,70,NORMAL,321.0,0.0,5.0,False
1767699594.77,2026-01-06 17:09:54,18,22,685,23.0%,70,NORMAL,323.0,0.0,5.0,False
1767699595.82,2026-01-06 17:09:55,20,22,685,23.4%,70,NORMAL,323.0,0.0,5.0,False
1767699597.73,2026-01-06 17:09:57,18,22,685,23.7%,70,NORMAL,323.0,0.0,5.1,False
1767699598.84,2026-01-06 17:09:58,19,22,686,23.9%,70,NORMAL,323.0,0.0,5.1,False
1767699599.96,2026-01-06 17:09:59,18,22,686,24.1%,70,NORMAL,322.0,0.0,5.2,False
1767699601.24,2026-01-06 17:10:01,17,22,687,24.3%,70,NORMAL,323.0,0.0,5.2,False
1767699602.76,2026-01-06 17:10:02,19,22,688,24.5%,70,NORMAL,324.0,0.0,5.2,False
1767699603.99,2026-01-06 17:10:03,19,22,688,24.7%,70,NORMAL,323.0,0.0,5.2,False
1767699605.17,2026-01-06 17:10:05,18,22,688,25.1%,70,NORMAL,323.0,0.0,5.2,False
1767699606.80,2026-01-06 17:10:06,18,22,689,25.4%,70,NORMAL,323.0,0.0,5.2,False
1767699608.23,2026-01-06 17:10:08,17,22,690,25.6%,70,NORMAL,324.0,0.0,5.2,False
1767699609.24,2026-01-06 17:10:09,19,22,690,25.8%,70,NORMAL,322.0,0.0,5.2,False
1767699611.12,2026-01-06 17:10:11,15,22,690,25.9%,70,NORMAL,322.0,0.0,5.2,False
1767699612.82,2026-01-06 17:10:12,19,22,691,26.1%,70,NORMAL,323.0,0.0,5.2,False
1767699614.94,2026-01-06 17:10:14,17,22,691,26.3%,70,NORMAL,323.0,0.0,5.2,False
1767699616.52,2026-01-06 17:10:16,18,22,692,26.4%,70,NORMAL,322.0,0.0,5.3,False
1767699617.60,2026-01-06 17:10:17,15,22,692,26.5%,70,NORMAL,322.0,0.0,5.3,False
1767699618.84,2026-01-06 17:10:18,13,22,692,26.6%,70,NORMAL,322.0,0.0,5.4,False
1767699620.11,2026-01-06 17:10:20,12,22,692,26.5%,70,NORMAL,322.0,0.0,5.4,False
1767699621.42,2026-01-06 17:10:21,12,22,692,26.4%,70,NORMAL,322.0,0.0,5.4,False
1767699622.99,2026-01-06 17:10:22,15,22,692,26.4%,70,NORMAL,322.0,0.0,5.3,False
1767699624.22,2026-01-06 17:10:24,14,22,693,26.4%,70,NORMAL,322.0,0.0,5.4,False
1767699625.41,2026-01-06 17:10:25,14,22,693,26.3%,70,NORMAL,321.0,0.0,5.4,False
1767699626.44,2026-01-06 17:10:26,12,22,695,26.2%,70,NORMAL,323.0,0.0,5.3,False
1767699627.77,2026-01-06 17:10:27,10,22,695,26.1%,70,NORMAL,323.0,0.0,5.3,False
1767699628.80,2026-01-06 17:10:28,9,22,696,25.8%,70,NORMAL,324.0,0.0,5.3,False
1767699629.88,2026-01-06 17:10:29,11,22,696,25.6%,70,NORMAL,324.0,0.0,5.3,False
1767699631.09,2026-01-06 17:10:31,11,22,696,25.3%,70,NORMAL,324.0,0.0,5.4,False
1767699632.68,2026-01-06 17:10:32,11,22,697,25.1%,70,NORMAL,325.0,0.0,5.4,False
1767699633.78,2026-01-06 17:10:33,11,22,697,24.8%,70,NORMAL,325.0,0.0,5.3,False
1767699634.85,2026-01-06 17:10:34,11,22,697,24.4%,70,NORMAL,325.0,0.0,5.3,False
1767699635.96,2026-01-06 17:10:35,10,22,697,24.0%,70,NORMAL,325.0,0.0,5.3,False
1767699637.42,2026-01-06 17:10:37,11,22,698,23.6%,70,NORMAL,326.0,0.0,5.2,False
1767699638.77,2026-01-06 17:10:38,11,22,698,23.2%,70,NORMAL,326.0,0.0,5.2,False
1767699639.80,2026-01-06 17:10:39,10,22,698,22.8%,70,NORMAL,325.0,0.0,5.2,False
1767699640.93,2026-01-06 17:10:40,10,22,698,22.5%,70,NORMAL,324.0,0.0,5.1,False
1767699641.96,2026-01-06 17:10:41,10,22,698,22.0%,70,NORMAL,323.0,0.0,5.1,False
1767699643.40,2026-01-06 17:10:43,9,22,699,21.5%,70,NORMAL,324.0,0.0,5.1,False
1767699644.48,2026-01-06 17:10:44,8,22,699,21.0%,70,NORMAL,324.0,0.0,5.1,False
1767699645.56,2026-01-06 17:10:45,8,22,699,20.5%,70,NORMAL,323.0,0.0,5.1,False
1767699646.63,2026-01-06 17:10:46,7,22,699,20.0%,70,NORMAL,322.0,0.0,5.0,False
1767699647.65,2026-01-06 17:10:47,8,22,699,19.4%,70,NORMAL,322.0,0.0,5.0,False
1767699648.97,2026-01-06 17:10:48,9,22,700,19.1%,70,NORMAL,323.0,0.0,5.0,False
1767699650.55,2026-01-06 17:10:50,6,22,700,18.5%,70,NORMAL,323.0,0.0,5.0,False
1767699651.88,2026-01-06 17:10:51,7,22,700,18.0%,70,NORMAL,323.0,0.0,5.0,False
1767699652.90,2026-01-06 17:10:52,7,22,700,17.4%,70,NORMAL,323.0,0.0,5.0,False
1767699654.37,2026-01-06 17:10:54,7,22,700,17.0%,70,NORMAL,323.0,0.0,5.0,False
1767699655.57,2026-01-06 17:10:55,7,22,700,16.7%,70,NORMAL,322.0,0.0,5.1,False
1767699656.86,2026-01-06 17:10:56,7,22,700,16.4%,70,NORMAL,322.0,0.0,5.1,False
1767699658.12,2026-01-06 17:10:58,8,22,701,16.2%,70,NORMAL,323.0,0.0,5.1,False
1767699659.61,2026-01-06 17:10:59,7,22,701,15.8%,70,NORMAL,323.0,0.0,5.0,False
1767699660.65,2026-01-06 17:11:00,7,22,701,15.4%,70,NORMAL,323.0,0.0,5.0,False
1767699661.70,2026-01-06 17:11:01,7,22,701,15.0%,70,NORMAL,323.0,0.0,5.0,False
1767699663.44,2026-01-06 17:11:03,8,22,702,14.8%,70,NORMAL,323.0,0.0,5.0,False
1767699664.52,2026-01-06 17:11:04,7,22,702,14.7%,70,NORMAL,323.0,0.0,5.0,False
1767699665.66,2026-01-06 17:11:05,7,22,702,14.6%,70,NORMAL,323.0,0.0,5.0,False
1767699667.08,2026-01-06 17:11:07,7,22,702,14.3%,70,NORMAL,323.0,0.0,5.0,False
1767699668.69,2026-01-06 17:11:08,8,22,704,14.2%,70,NORMAL,325.0,0.0,4.9,False
1767699669.86,2026-01-06 17:11:09,8,22,705,14.0%,70,NORMAL,326.0,0.0,4.8,False
1767699671.05,2026-01-06 17:11:11,7,22,705,13.8%,70,NORMAL,326.0,0.0,4.8,False
1767699672.22,2026-01-06 17:11:12,6,22,705,13.5%,70,NORMAL,325.0,0.0,4.8,False
1767699673.78,2026-01-06 17:11:13,7,22,705,13.4%,70,NORMAL,325.0,0.0,4.7,False
1767699675.23,2026-01-06 17:11:15,7,22,705,13.2%,70,NORMAL,324.0,0.0,4.7,False
1767699676.42,2026-01-06 17:11:16,6,22,705,12.9%,70,NORMAL,323.0,0.0,4.6,False
1767699677.49,2026-01-06 17:11:17,6,22,705,12.7%,70,NORMAL,323.0,0.0,4.6,False
1767699678.63,2026-01-06 17:11:18,5,22,705,12.4%,70,NORMAL,323.0,0.0,4.5,False
1767699679.83,2026-01-06 17:11:19,5,22,705,12.1%,70,NORMAL,323.0,0.0,4.4,False
1767699680.94,2026-01-06 17:11:20,6,22,706,12.0%,70,NORMAL,324.0,0.0,4.3,False
1767699682.29,2026-01-06 17:11:22,6,22,706,11.9%,70,NORMAL,324.0,0.0,4.3,False
1767699683.67,2026-01-06 17:11:23,6,22,706,11.8%,70,NORMAL,324.0,0.0,4.3,False
1767699684.86,2026-01-06 17:11:24,5,22,706,11.6%,70,NORMAL,324.0,0.0,4.3,False
1767699685.94,2026-01-06 17:11:25,4,22,706,11.4%,70,NORMAL,324.0,0.0,4.3,False
1767699687.09,2026-01-06 17:11:27,6,22,707,11.3%,70,NORMAL,323.0,0.0,4.3,False
1767699688.14,2026-01-06 17:11:28,5,22,708,11.2%,70,NORMAL,324.0,0.0,4.4,False
1767699689.60,2026-01-06 17:11:29,6,22,709,11.2%,70,NORMAL,325.0,0.0,4.4,False
1767699690.70,2026-01-06 17:11:30,5,22,710,11.0%,70,NORMAL,325.0,0.0,4.4,False
1767699691.80,2026-01-06 17:11:31,7,22,711,11.0%,70,NORMAL,325.0,0.0,4.5,False
1767699692.82,2026-01-06 17:11:32,8,22,712,11.1%,70,NORMAL,325.0,0.0,4.6,False
1767699693.91,2026-01-06 17:11:33,9,22,713,11.2%,70,NORMAL,325.0,0.0,4.8,False
1767699694.93,2026-01-06 17:11:34,9,22,713,11.3%,70,NORMAL,325.0,0.0,4.9,False
1767699696.02,2026-01-06 17:11:36,9,22,713,11.4%,70,NORMAL,325.0,0.0,5.0,False
1767699697.60,2026-01-06 17:11:37,9,22,713,11.5%,70,NORMAL,325.0,0.0,5.0,False
1767699698.68,2026-01-06 17:11:38,9,22,713,11.6%,70,NORMAL,325.0,0.0,5.0,False
1767699700.25,2026-01-06 17:11:40,7,22,714,11.5%,70,NORMAL,325.0,0.0,5.1,False
1767699701.31,2026-01-06 17:11:41,7,22,714,11.5%,70,NORMAL,324.0,0.0,5.1,False
1767699702.32,2026-01-06 17:11:42,8,22,715,11.6%,70,NORMAL,324.0,0.0,5.1,False
1767699703.85,2026-01-06 17:11:43,7,22,715,11.6%,70,NORMAL,324.0,0.0,5.2,False
1767699705.32,2026-01-06 17:11:45,5,22,715,11.4%,70,NORMAL,324.0,0.0,5.2,False
1767699706.75,2026-01-06 17:11:46,6,22,715,11.3%,70,NORMAL,323.0,0.0,5.1,False
1767699707.89,2026-01-06 17:11:47,8,22,717,11.4%,70,NORMAL,325.0,0.0,5.1,False
1767699709.08,2026-01-06 17:11:49,7,22,717,11.4%,70,NORMAL,325.0,0.0,5.1,False
1767699710.13,2026-01-06 17:11:50,8,22,717,11.5%,70,NORMAL,324.0,0.0,5.0,False
1767699711.38,2026-01-06 17:11:51,10,22,719,11.6%,70,NORMAL,326.0,0.0,5.0,False
1767699712.65,2026-01-06 17:11:52,11,22,719,11.9%,70,NORMAL,324.0,0.0,5.0,False
1767699714.16,2026-01-06 17:11:54,9,22,719,12.1%,70,NORMAL,323.0,0.0,4.9,False
1767699715.31,2026-01-06 17:11:55,8,22,719,12.2%,70,NORMAL,322.0,0.0,4.9,False
1767699716.70,2026-01-06 17:11:56,7,22,719,12.3%,70,NORMAL,322.0,0.0,4.8,False
1767699717.82,2026-01-06 17:11:57,8,22,721,12.5%,70,NORMAL,324.0,0.0,4.7,False
1767699718.85,2026-01-06 17:11:58,8,22,721,12.6%,70,NORMAL,324.0,0.0,4.7,False
1767699719.87,2026-01-06 17:11:59,8,22,721,12.7%,70,NORMAL,324.0,0.0,4.6,False
1767699720.99,2026-01-06 17:12:00,10,22,722,12.9%,70,NORMAL,324.0,0.0,4.6,False
1767699722.70,2026-01-06 17:12:02,10,22,723,13.3%,70,NORMAL,323.0,0.0,4.5,False
1767699723.81,2026-01-06 17:12:03,10,22,724,13.5%,70,NORMAL,322.0,0.0,4.5,False
1767699724.89,2026-01-06 17:12:04,13,22,728,13.9%,70,NORMAL,325.0,0.0,4.4,False
1767699726.56,2026-01-06 17:12:06,11,22,728,14.2%,70,NORMAL,324.0,0.0,4.3,False
1767699728.23,2026-01-06 17:12:08,10,22,729,14.5%,70,NORMAL,325.0,0.0,4.2,False
1767699729.33,2026-01-06 17:12:09,14,22,732,14.8%,70,NORMAL,328.0,0.0,4.2,False
1767699730.45,2026-01-06 17:12:10,13,22,733,15.1%,70,NORMAL,328.0,0.0,4.2,False
1767699731.76,2026-01-06 17:12:11,12,22,733,15.2%,70,NORMAL,328.0,0.0,4.2,False
1767699733.40,2026-01-06 17:12:13,11,22,733,15.3%,70,NORMAL,327.0,0.0,4.2,False
1767699734.45,2026-01-06 17:12:14,14,22,736,15.6%,70,NORMAL,328.0,0.0,4.2,False
1767699735.94,2026-01-06 17:12:15,12,22,736,15.8%,70,NORMAL,328.0,0.0,4.2,False
1767699737.21,2026-01-06 17:12:17,11,22,736,15.9%,70,NORMAL,326.0,0.0,4.2,False
1767699738.75,2026-01-06 17:12:18,9,22,736,16.0%,70,NORMAL,325.0,0.0,4.2,False
1767699740.07,2026-01-06 17:12:20,8,22,736,16.0%,70,NORMAL,325.0,0.0,4.2,False
1767699741.34,2026-01-06 17:12:21,11,22,738,16.2%,70,NORMAL,326.0,0.0,4.2,False
1767699742.78,2026-01-06 17:12:22,12,22,738,16.4%,70,NORMAL,326.0,0.0,4.2,False
1767699744.16,2026-01-06 17:12:24,13,22,739,16.9%,70,NORMAL,327.0,0.0,4.2,False
1767699745.17,2026-01-06 17:12:25,13,22,740,17.2%,70,NORMAL,328.0,0.0,4.2,False
1767699746.20,2026-01-06 17:12:26,13,22,740,17.5%,70,NORMAL,328.0,0.0,4.2,False
1767699747.68,2026-01-06 17:12:27,12,22,741,17.8%,70,NORMAL,329.0,0.0,4.2,False
1767699748.79,2026-01-06 17:12:28,12,22,741,18.0%,70,NORMAL,329.0,0.0,4.1,False
1767699750.09,2026-01-06 17:12:30,14,22,741,18.2%,70,NORMAL,328.0,0.0,4.1,False
1767699751.51,2026-01-06 17:12:31,13,22,742,18.3%,70,NORMAL,329.0,0.0,4.1,False
1767699752.66,2026-01-06 17:12:32,11,22,742,18.4%,70,NORMAL,328.0,0.0,4.1,False
1767699753.89,2026-01-06 17:12:33,9,22,744,18.5%,70,NORMAL,330.0,0.0,4.1,False
1767699755.53,2026-01-06 17:12:35,11,22,744,18.7%,70,NORMAL,329.0,0.0,4.1,False
1767699756.84,2026-01-06 17:12:36,12,22,744,18.9%,70,NORMAL,327.0,0.0,4.1,False
1767699758.05,2026-01-06 17:12:38,11,22,744,19.0%,70,NORMAL,326.0,0.0,4.2,False
1767699759.08,2026-01-06 17:12:39,11,22,745,19.2%,70,NORMAL,326.0,0.0,4.2,False
1767699760.09,2026-01-06 17:12:40,11,22,745,19.2%,70,NORMAL,326.0,0.0,4.1,False
1767699761.37,2026-01-06 17:12:41,12,22,746,19.4%,70,NORMAL,327.0,0.0,4.1,False
1767699762.59,2026-01-06 17:12:42,11,22,746,19.4%,70,NORMAL,327.0,0.0,4.1,False
1767699764.14,2026-01-06 17:12:44,11,22,747,19.3%,70,NORMAL,328.0,0.0,4.1,False
1767699765.43,2026-01-06 17:12:45,9,22,748,19.2%,70,NORMAL,328.0,0.0,4.1,False
1767699766.83,2026-01-06 17:12:46,10,22,748,19.2%,70,NORMAL,328.0,0.0,4.1,False
1767699767.96,2026-01-06 17:12:47,10,22,750,19.0%,70,NORMAL,329.0,0.0,4.2,False
1767699769.41,2026-01-06 17:12:49,11,22,751,18.9%,70,NORMAL,329.0,0.0,4.2,False
1767699770.56,2026-01-06 17:12:50,11,22,752,18.8%,70,NORMAL,329.0,0.0,4.3,False
1767699771.92,2026-01-06 17:12:51,12,22,753,18.9%,70,NORMAL,328.0,0.0,4.3,False
1767699773.01,2026-01-06 17:12:53,11,22,753,18.7%,70,NORMAL,328.0,0.0,4.4,False
1767699774.72,2026-01-06 17:12:54,12,22,753,18.7%,70,NORMAL,328.0,0.0,4.4,False
1767699775.84,2026-01-06 17:12:55,11,22,753,18.7%,70,NORMAL,328.0,0.0,4.4,False
1767699776.98,2026-01-06 17:12:56,10,22,753,18.8%,70,NORMAL,328.0,0.0,4.4,False
1767699778.62,2026-01-06 17:12:58,12,22,755,19.0%,70,NORMAL,330.0,0.0,4.4,False
1767699779.69,2026-01-06 17:12:59,12,22,755,19.0%,70,NORMAL,329.0,0.0,4.4,False
1767699780.72,2026-01-06 17:13:00,12,22,756,19.0%,70,NORMAL,329.0,0.0,4.4,False
1767699782.13,2026-01-06 17:13:02,13,22,756,19.0%,70,NORMAL,328.0,0.0,4.4,False
1767699783.20,2026-01-06 17:13:03,11,22,756,18.9%,70,NORMAL,327.0,0.0,4.4,False
1767699784.41,2026-01-06 17:13:04,11,22,756,18.8%,70,NORMAL,327.0,0.0,4.3,False
1767699785.61,2026-01-06 17:13:05,12,22,757,18.8%,70,NORMAL,328.0,0.0,4.3,False
1767699786.75,2026-01-06 17:13:06,13,22,757,18.9%,70,NORMAL,325.0,0.0,4.3,False
1767699787.88,2026-01-06 17:13:07,12,22,757,18.8%,70,NORMAL,324.0,0.0,4.3,False
1767699789.12,2026-01-06 17:13:09,11,22,757,18.7%,70,NORMAL,324.0,0.0,4.3,False
1767699790.13,2026-01-06 17:13:10,13,22,758,18.8%,70,NORMAL,325.0,0.0,4.2,False
1767699791.95,2026-01-06 17:13:11,11,22,758,18.9%,70,NORMAL,325.0,0.0,4.2,False
1767699793.24,2026-01-06 17:13:13,10,22,758,18.8%,70,NORMAL,322.0,0.0,4.3,False
1767699794.49,2026-01-06 17:13:14,11,22,758,18.8%,70,NORMAL,321.0,0.0,4.3,False
1767699796.55,2026-01-06 17:13:16,11,22,758,18.8%,70,NORMAL,320.0,0.0,4.3,False
1767699797.76,2026-01-06 17:13:17,10,22,758,18.7%,70,NORMAL,318.0,0.0,4.3,False
1767699798.91,2026-01-06 17:13:18,12,22,759,18.8%,70,NORMAL,318.0,0.0,4.3,False
1767699800.82,2026-01-06 17:13:20,13,22,760,18.8%,70,NORMAL,319.0,0.0,4.3,False
1767699801.86,2026-01-06 17:13:21,10,22,760,18.8%,70,NORMAL,319.0,0.0,4.3,False
1767699803.00,2026-01-06 17:13:22,12,22,760,18.8%,70,NORMAL,318.0,0.0,4.3,False
1767699804.18,2026-01-06 17:13:24,12,22,760,19.0%,70,NORMAL,318.0,0.0,4.3,False
1767699805.55,2026-01-06 17:13:25,12,22,760,19.1%,70,NORMAL,317.0,0.0,4.2,False
1767699806.81,2026-01-06 17:13:26,10,22,761,19.1%,70,NORMAL,316.0,0.0,4.2,False
1767699808.18,2026-01-06 17:13:28,12,22,762,19.2%,70,NORMAL,317.0,0.0,4.1,False
1767699809.29,2026-01-06 17:13:29,11,22,762,19.2%,70,NORMAL,316.0,0.0,4.0,False
1767699810.74,2026-01-06 17:13:30,11,22,764,19.1%,70,NORMAL,317.0,0.0,4.0,False
1767699812.15,2026-01-06 17:13:32,9,22,764,19.0%,70,NORMAL,317.0,0.0,4.0,False
1767699813.23,2026-01-06 17:13:33,10,22,764,18.9%,70,NORMAL,317.0,0.0,4.0,False
1767699814.28,2026-01-06 17:13:34,10,22,764,18.8%,70,NORMAL,317.0,0.0,4.0,False
1767699815.79,2026-01-06 17:13:35,10,22,764,18.8%,70,NORMAL,316.0,0.0,4.0,False
1767699816.89,2026-01-06 17:13:36,9,22,765,18.7%,70,NORMAL,316.0,0.0,4.1,False
1767699818.31,2026-01-06 17:13:38,9,22,766,18.5%,70,NORMAL,314.0,0.0,4.2,False
1767699819.40,2026-01-06 17:13:39,10,22,767,18.4%,70,NORMAL,314.0,0.0,4.2,False
1767699820.55,2026-01-06 17:13:40,10,22,768,18.3%,70,NORMAL,313.0,0.0,4.2,False
1767699821.69,2026-01-06 17:13:41,8,22,768,18.1%,70,NORMAL,312.0,0.0,4.2,False
1767699822.78,2026-01-06 17:13:42,9,22,768,18.0%,70,NORMAL,311.0,0.0,4.2,False
1767699823.80,2026-01-06 17:13:43,9,22,768,17.8%,70,NORMAL,310.0,0.0,4.3,False
1767699824.91,2026-01-06 17:13:44,9,22,768,17.6%,70,NORMAL,307.0,0.0,4.3,False
1767699826.42,2026-01-06 17:13:46,6,22,768,17.3%,70,NORMAL,307.0,0.0,4.3,False
1767699827.68,2026-01-06 17:13:47,8,22,769,17.2%,70,NORMAL,308.0,0.0,4.4,False
1767699828.88,2026-01-06 17:13:48,7,22,770,16.8%,70,NORMAL,308.0,0.0,4.4,False
1767699830.02,2026-01-06 17:13:50,8,22,771,16.7%,70,NORMAL,309.0,0.0,4.5,False
1767699831.38,2026-01-06 17:13:51,9,22,771,16.6%,70,NORMAL,309.0,0.0,4.6,False
1767699832.72,2026-01-06 17:13:52,9,22,771,16.5%,70,NORMAL,309.0,0.0,4.6,False
1767699833.76,2026-01-06 17:13:53,10,22,772,16.5%,70,NORMAL,308.0,0.0,4.7,False
1767699835.05,2026-01-06 17:13:55,9,22,773,16.4%,70,NORMAL,309.0,0.0,4.8,False
1767699836.13,2026-01-06 17:13:56,9,22,774,16.3%,70,NORMAL,309.0,0.0,4.8,False
1767699837.89,2026-01-06 17:13:57,8,22,775,16.0%,70,NORMAL,310.0,0.0,4.9,False
1767699838.97,2026-01-06 17:13:58,10,22,775,16.0%,70,NORMAL,310.0,0.0,4.9,False
1767699840.37,2026-01-06 17:14:00,9,22,775,15.8%,70,NORMAL,308.0,0.0,4.9,False
1767699841.38,2026-01-06 17:14:01,8,22,775,15.6%,70,NORMAL,308.0,0.0,5.0,False
1767699842.90,2026-01-06 17:14:02,8,22,776,15.4%,70,NORMAL,309.0,0.0,5.0,False
1767699844.41,2026-01-06 17:14:04,8,22,776,15.3%,70,NORMAL,308.0,0.0,5.0,False
1767699845.43,2026-01-06 17:14:05,7,22,776,15.1%,70,NORMAL,308.0,0.0,5.0,False
1767699846.67,2026-01-06 17:14:06,7,22,776,14.8%,70,NORMAL,307.0,0.0,5.0,False
1767699847.76,2026-01-06 17:14:07,7,22,776,14.6%,70,NORMAL,305.0,0.0,5.0,False
1767699848.88,2026-01-06 17:14:08,7,22,778,14.5%,70,NORMAL,307.0,0.0,5.0,False
1767699850.26,2026-01-06 17:14:10,6,22,778,14.3%,70,NORMAL,307.0,0.0,5.0,False
1767699851.34,2026-01-06 17:14:11,6,22,778,14.1%,70,NORMAL,306.0,0.0,5.0,False
1767699852.41,2026-01-06 17:14:12,6,22,778,13.9%,70,NORMAL,306.0,0.0,4.9,False
1767699853.79,2026-01-06 17:14:13,6,22,778,13.7%,70,NORMAL,305.0,0.0,4.9,False
1767699855.26,2026-01-06 17:14:15,6,22,778,13.5%,70,NORMAL,304.0,0.0,4.9,False
1767699856.32,2026-01-06 17:14:16,7,22,778,13.4%,70,NORMAL,304.0,0.0,4.9,False
1767699857.86,2026-01-06 17:14:17,7,22,778,13.2%,70,NORMAL,304.0,0.0,4.8,False
1767699858.87,2026-01-06 17:14:18,7,22,778,13.2%,70,NORMAL,304.0,0.0,4.8,False
1767699859.99,2026-01-06 17:14:19,8,22,780,13.1%,70,NORMAL,305.0,0.0,4.7,False
1767699861.26,2026-01-06 17:14:21,10,22,782,13.2%,70,NORMAL,307.0,0.0,4.7,False
1767699862.55,2026-01-06 17:14:22,11,22,783,13.3%,70,NORMAL,306.0,0.0,4.7,False
