timestamp,datetime,current_occupancy,peak_occupancy,unique_people,utilization_pct,est_capacity,capacity_status,flow_rate_per_min,avg_dwell_time_sec,processing_fps,alert_active
1767699865.08,2026-01-06 17:14:25,0,0,0,0.0%,76,NORMAL,0.0,0.0,3.9,False
1767699866.72,2026-01-06 17:14:26,11,12,12,8.4%,76,NORMAL,0.0,0.0,3.7,False
1767699868.36,2026-01-06 17:14:28,12,12,12,11.7%,76,NORMAL,0.0,0.0,3.3,False
1767699869.79,2026-01-06 17:14:29,10,12,12,12.7%,76,NORMAL,0.0,0.0,3.2,False
1767699871.25,2026-01-06 17:14:31,10,12,12,13.2%,76,NORMAL,0.0,0.0,3.2,False
1767699872.77,2026-01-06 17:14:32,10,12,12,13.6%,76,NORMAL,0.0,0.0,3.1,False
1767699873.82,2026-01-06 17:14:33,9,12,13,13.6%,76,NORMAL,0.0,0.0,3.2,False
1767699875.02,2026-01-06 17:14:35,10,12,13,13.9%,76,NORMAL,0.0,0.0,3.2,False
1767699876.26,2026-01-06 17:14:36,10,12,13,14.0%,76,NORMAL,0.0,0.0,3.3,False
1767699878.04,2026-01-06 17:14:38,9,12,13,14.0%,76,NORMAL,754.8,0.0,3.4,False
1767699879.32,2026-01-06 17:14:39,11,12,15,14.3%,76,NORMAL,818.2,0.0,3.4,False
1767699881.23,2026-01-06 17:14:41,11,12,15,14.5%,76,NORMAL,750.0,0.0,3.4,False
1767699882.96,2026-01-06 17:14:42,8,12,15,14.4%,76,NORMAL,658.5,0.0,3.5,False
1767699884.18,2026-01-06 17:14:44,7,12,16,14.1%,76,NORMAL,626.1,0.0,3.6,False
1767699885.42,2026-01-06 17:14:45,9,12,17,14.1%,76,NORMAL,637.5,0.0,3.6,False
1767699886.55,2026-01-06 17:14:46,9,12,17,14.1%,76,NORMAL,612.0,0.0,3.6,False
1767699887.98,2026-01-06 17:14:47,7,12,17,13.9%,76,NORMAL,588.5,0.0,3.6,False
1767699889.15,2026-01-06 17:14:49,8,12,17,13.8%,76,NORMAL,556.4,0.0,3.6,False
1767699890.30,2026-01-06 17:14:50,8,12,17,13.8%,76,NORMAL,518.6,0.0,3.6,False
1767699891.31,2026-01-06 17:14:51,8,12,18,13.7%,76,NORMAL,522.6,0.0,3.6,False
1767699892.56,2026-01-06 17:14:52,9,12,18,13.7%,76,NORMAL,498.5,0.0,3.6,False
1767699893.57,2026-01-06 17:14:53,7,12,18,13.6%,76,NORMAL,476.5,0.0,3.6,False
1767699895.01,2026-01-06 17:14:55,8,12,20,13.5%,76,NORMAL,507.0,0.0,3.6,False
1767699896.31,2026-01-06 17:14:56,7,12,20,13.4%,76,NORMAL,480.0,0.0,3.6,False
1767699897.56,2026-01-06 17:14:57,6,12,20,13.3%,76,NORMAL,455.7,0.0,3.6,False
1767699898.64,2026-01-06 17:14:58,9,12,20,13.3%,76,NORMAL,439.0,0.0,3.7,False
1767699899.72,2026-01-06 17:14:59,7,12,20,13.2%,76,NORMAL,418.6,0.0,3.8,False
1767699900.98,2026-01-06 17:15:00,7,12,20,13.1%,76,NORMAL,404.5,0.0,3.8,False
1767699902.30,2026-01-06 17:15:02,7,12,20,13.1%,76,NORMAL,395.6,0.0,3.8,False
1767699904.18,2026-01-06 17:15:04,9,12,21,13.1%,76,NORMAL,393.8,0.0,3.9,False
1767699905.31,2026-01-06 17:15:05,9,12,21,13.6%,76,NORMAL,385.7,0.0,3.9,False
1767699906.34,2026-01-06 17:15:06,7,12,21,13.4%,76,NORMAL,378.0,0.0,3.9,False
1767699907.43,2026-01-06 17:15:07,8,12,21,13.2%,76,NORMAL,370.6,0.0,4.0,False
1767699909.07,2026-01-06 17:15:09,9,12,22,13.1%,76,NORMAL,373.6,0.0,4.0,False
1767699910.60,2026-01-06 17:15:10,8,12,22,13.0%,76,NORMAL,360.0,0.0,4.0,False
1767699911.62,2026-01-06 17:15:11,8,12,23,12.9%,76,NORMAL,366.4,0.0,4.0,False
1767699912.82,2026-01-06 17:15:12,9,12,25,12.9%,76,NORMAL,387.9,0.0,4.0,False
1767699914.29,2026-01-06 17:15:14,10,12,26,12.9%,76,NORMAL,393.3,0.0,4.0,False
1767699915.66,2026-01-06 17:15:15,11,12,26,13.0%,76,NORMAL,386.8,0.0,4.0,False
1767699917.53,2026-01-06 17:15:17,9,12,26,13.0%,76,NORMAL,371.4,0.0,4.0,False
1767699918.67,2026-01-06 17:15:18,11,12,27,13.0%,76,NORMAL,379.7,0.0,4.0,False
1767699919.78,2026-01-06 17:15:19,8,12,27,12.8%,76,NORMAL,373.8,0.0,4.0,False
1767699921.18,2026-01-06 17:15:21,8,12,27,12.8%,76,NORMAL,362.7,0.0,4.0,False
1767699922.22,2026-01-06 17:15:22,8,12,27,12.9%,76,NORMAL,354.7,0.0,4.0,False
1767699923.45,2026-01-06 17:15:23,11,12,30,13.0%,76,NORMAL,383.0,0.0,4.0,False
1767699924.45,2026-01-06 17:15:24,14,14,31,13.2%,76,NORMAL,384.8,0.0,4.0,False
1767699925.59,2026-01-06 17:15:25,11,14,31,13.4%,76,NORMAL,377.0,0.0,4.0,False
1767699926.71,2026-01-06 17:15:26,12,14,32,13.6%,76,NORMAL,384.0,0.0,4.0,False
1767699927.79,2026-01-06 17:15:27,13,14,32,13.8%,76,NORMAL,378.9,0.0,4.1,False
1767699929.25,2026-01-06 17:15:29,12,14,32,14.0%,76,NORMAL,369.2,0.0,4.1,False
1767699931.53,2026-01-06 17:15:31,13,14,32,14.2%,76,NORMAL,357.8,0.0,4.2,False
1767699932.64,2026-01-06 17:15:32,13,14,32,14.5%,76,NORMAL,353.4,0.0,4.2,False
1767699934.11,2026-01-06 17:15:34,12,14,32,14.7%,76,NORMAL,347.0,0.0,4.2,False
1767699935.56,2026-01-06 17:15:35,13,14,32,15.0%,76,NORMAL,340.8,0.0,4.2,False
1767699937.10,2026-01-06 17:15:37,13,14,32,15.4%,76,NORMAL,336.8,0.0,4.2,False
1767699938.29,2026-01-06 17:15:38,14,14,33,15.6%,76,NORMAL,341.4,0.0,4.2,False
1767699939.98,2026-01-06 17:15:39,13,14,33,15.9%,76,NORMAL,337.5,0.0,4.1,False
1767699941.41,2026-01-06 17:15:41,13,14,33,16.2%,76,NORMAL,333.7,0.0,4.1,False
1767699943.00,2026-01-06 17:15:43,11,14,33,16.4%,76,NORMAL,328.2,0.0,4.1,False
1767699944.03,2026-01-06 17:15:44,9,14,33,16.4%,76,NORMAL,324.6,0.0,4.0,False
1767699945.04,2026-01-06 17:15:45,9,14,33,16.4%,76,NORMAL,321.1,0.0,4.0,False
1767699946.04,2026-01-06 17:15:46,9,14,33,16.5%,76,NORMAL,317.6,0.0,4.0,False
1767699948.40,2026-01-06 17:15:48,11,14,36,16.6%,76,NORMAL,339.3,0.0,3.9,False
1767699949.48,2026-01-06 17:15:49,12,14,37,16.8%,76,NORMAL,343.3,0.0,3.9,False
1767699950.59,2026-01-06 17:15:50,11,14,37,16.9%,76,NORMAL,339.8,0.0,3.9,False
1767699951.96,2026-01-06 17:15:51,10,14,38,17.0%,76,NORMAL,343.7,0.0,3.9,False
1767699952.99,2026-01-06 17:15:52,10,14,38,17.1%,76,NORMAL,342.0,0.0,3.9,False
1767699954.24,2026-01-06 17:15:54,10,14,38,17.1%,76,NORMAL,338.6,0.0,3.8,False
1767699955.25,2026-01-06 17:15:55,11,14,39,17.1%,76,NORMAL,342.4,0.0,3.8,False
1767699956.50,2026-01-06 17:15:56,11,14,39,17.2%,76,NORMAL,339.1,0.0,3.8,False
1767699957.51,2026-01-06 17:15:57,10,14,39,17.1%,76,NORMAL,335.9,0.0,3.8,False
1767699959.27,2026-01-06 17:15:59,12,14,40,17.3%,76,NORMAL,341.2,0.0,3.8,False
1767699960.47,2026-01-06 17:16:00,12,14,40,17.5%,76,NORMAL,334.9,0.0,3.8,False
1767699962.15,2026-01-06 17:16:02,12,14,40,17.7%,76,NORMAL,331.8,0.0,3.8,False
1767699963.36,2026-01-06 17:16:03,12,14,40,17.7%,76,NORMAL,328.8,0.0,3.8,False
1767699964.41,2026-01-06 17:16:04,9,14,40,17.5%,76,NORMAL,325.8,0.0,3.7,False
1767699965.42,2026-01-06 17:16:05,14,14,45,17.6%,76,NORMAL,363.2,0.0,3.7,False
1767699966.73,2026-01-06 17:16:06,14,14,45,17.7%,76,NORMAL,358.4,0.0,3.7,False
1767699968.00,2026-01-06 17:16:07,13,14,45,17.7%,76,NORMAL,355.3,0.0,3.7,False
1767699969.14,2026-01-06 17:16:09,14,14,46,17.8%,76,NORMAL,360.0,0.0,3.7,False
1767699970.82,2026-01-06 17:16:10,14,15,46,17.9%,76,NORMAL,355.4,0.0,3.6,False
1767699972.47,2026-01-06 17:16:12,14,15,46,17.9%,76,NORMAL,352.3,0.0,3.6,False
1767699973.50,2026-01-06 17:16:13,14,15,46,18.0%,76,NORMAL,347.9,0.0,3.6,False
1767699975.32,2026-01-06 17:16:15,13,15,46,18.0%,76,NORMAL,343.6,0.0,3.5,False
1767699976.84,2026-01-06 17:16:16,12,15,47,18.0%,76,NORMAL,343.9,0.0,3.4,False
1767699978.17,2026-01-06 17:16:18,13,15,47,17.9%,76,NORMAL,341.1,0.0,3.4,False
1767699979.35,2026-01-06 17:16:19,12,15,47,17.9%,76,NORMAL,335.7,0.0,3.3,False
1767699981.55,2026-01-06 17:16:21,11,15,47,17.8%,76,NORMAL,330.5,0.0,3.2,False
1767699983.03,2026-01-06 17:16:23,13,15,48,17.9%,76,NORMAL,332.3,0.0,3.2,False
1767699984.38,2026-01-06 17:16:24,12,15,48,18.0%,76,NORMAL,329.8,0.0,3.2,False
1767699985.55,2026-01-06 17:16:25,12,15,48,18.2%,76,NORMAL,327.3,0.0,3.2,False
1767699987.27,2026-01-06 17:16:27,12,15,48,18.3%,76,NORMAL,324.8,0.0,3.1,False
1767699988.49,2026-01-06 17:16:28,13,15,49,18.4%,76,NORMAL,327.9,0.0,3.1,False
1767699990.38,2026-01-06 17:16:30,11,15,49,18.4%,76,NORMAL,325.5,0.0,3.1,False
1767699991.84,2026-01-06 17:16:31,12,15,49,18.4%,76,NORMAL,323.1,0.0,3.1,False
1767699993.81,2026-01-06 17:16:33,13,15,50,18.5%,76,NORMAL,326.1,0.0,3.1,False
1767699994.95,2026-01-06 17:16:34,13,15,51,18.7%,76,NORMAL,330.2,0.0,3.1,False
1767699996.24,2026-01-06 17:16:36,11,15,51,18.7%,76,NORMAL,326.7,0.0,3.1,False
1767699997.63,2026-01-06 17:16:37,12,15,53,18.8%,76,NORMAL,334.7,0.0,3.1,False
1767699998.79,2026-01-06 17:16:38,12,15,54,18.8%,76,NORMAL,338.7,0.0,3.0,False
1767700000.46,2026-01-06 17:16:40,13,15,55,19.0%,76,NORMAL,341.4,0.0,3.0,False
1767700002.24,2026-01-06 17:16:42,12,15,55,19.0%,76,NORMAL,337.9,0.0,3.0,False
1767700003.61,2026-01-06 17:16:43,12,15,55,19.0%,76,NORMAL,335.6,0.0,3.0,False
1767700004.67,2026-01-06 17:16:44,10,15,55,18.9%,76,NORMAL,333.3,0.0,3.0,False
1767700006.18,2026-01-06 17:16:46,10,15,55,18.8%,76,NORMAL,331.1,0.0,3.0,False
1767700007.81,2026-01-06 17:16:47,10,15,55,18.8%,76,NORMAL,327.8,0.0,2.9,False
1767700009.00,2026-01-06 17:16:49,9,15,55,18.6%,76,NORMAL,325.7,0.0,2.9,False
1767700010.68,2026-01-06 17:16:50,10,15,56,18.4%,76,NORMAL,329.4,0.0,2.9,False
1767700013.08,2026-01-06 17:16:53,10,15,56,18.3%,76,NORMAL,324.1,0.0,2.9,False
1767700014.45,2026-01-06 17:16:54,10,15,56,18.1%,76,NORMAL,320.0,0.0,2.9,False
1767700015.90,2026-01-06 17:16:55,9,15,56,17.8%,76,NORMAL,318.0,0.0,2.9,False
1767700017.05,2026-01-06 17:16:57,10,15,57,17.6%,76,NORMAL,320.6,0.0,2.9,False
1767700018.13,2026-01-06 17:16:58,9,15,57,17.4%,76,NORMAL,318.6,0.0,2.9,False
1767700019.65,2026-01-06 17:16:59,9,15,59,17.2%,76,NORMAL,325.8,0.0,2.9,False
1767700020.84,2026-01-06 17:17:00,9,15,60,17.1%,76,NORMAL,327.3,0.0,3.0,False
1767700021.95,2026-01-06 17:17:01,12,15,61,17.0%,76,NORMAL,330.7,0.0,3.0,False
1767700023.42,2026-01-06 17:17:03,11,15,61,17.0%,76,NORMAL,326.8,0.0,3.1,False
1767700024.44,2026-01-06 17:17:04,12,15,62,17.0%,76,NORMAL,330.2,0.0,3.2,False
1767700025.81,2026-01-06 17:17:05,15,15,64,17.1%,76,NORMAL,337.8,0.0,3.2,False
1767700027.78,2026-01-06 17:17:07,16,16,65,17.3%,76,NORMAL,338.2,0.0,3.3,False
1767700029.60,2026-01-06 17:17:09,14,16,65,17.4%,76,NORMAL,333.3,0.0,3.5,False
1767700030.89,2026-01-06 17:17:10,14,16,66,17.5%,76,NORMAL,334.6,0.0,3.6,False
1767700032.18,2026-01-06 17:17:12,13,16,66,17.5%,76,NORMAL,333.7,0.0,3.6,False
1767700033.47,2026-01-06 17:17:13,16,16,69,17.7%,76,NORMAL,345.0,0.0,3.7,False
1767700034.49,2026-01-06 17:17:14,14,16,69,17.8%,76,NORMAL,344.0,0.0,3.7,False
1767700036.43,2026-01-06 17:17:16,13,16,69,17.8%,76,NORMAL,339.3,0.0,3.8,False
1767700037.44,2026-01-06 17:17:17,15,16,72,17.9%,76,NORMAL,350.3,0.0,4.0,False
1767700038.64,2026-01-06 17:17:18,14,16,72,18.0%,76,NORMAL,349.3,0.0,4.0,False
1767700040.11,2026-01-06 17:17:20,15,16,72,18.2%,76,NORMAL,347.5,0.0,4.1,False
1767700041.92,2026-01-06 17:17:21,13,16,72,18.2%,76,NORMAL,344.7,0.0,4.1,False
1767700043.47,2026-01-06 17:17:23,15,16,72,18.3%,76,NORMAL,341.1,0.0,4.2,False
1767700044.51,2026-01-06 17:17:24,14,16,72,18.4%,76,NORMAL,340.2,0.0,4.2,False
1767700045.51,2026-01-06 17:17:25,12,16,73,18.4%,76,NORMAL,341.3,0.0,4.3,False
1767700046.61,2026-01-06 17:17:26,15,16,74,18.7%,76,NORMAL,345.1,0.0,4.3,False
1767700048.08,2026-01-06 17:17:28,13,16,74,18.8%,76,NORMAL,342.4,0.0,4.4,False
1767700049.45,2026-01-06 17:17:29,13,16,74,18.9%,76,NORMAL,340.7,0.0,4.4,False
1767700050.62,2026-01-06 17:17:30,13,16,76,19.1%,76,NORMAL,346.3,0.0,4.5,False
1767700051.78,2026-01-06 17:17:31,14,16,77,19.3%,76,NORMAL,349.1,0.0,4.5,False
1767700053.82,2026-01-06 17:17:33,13,16,77,19.5%,76,NORMAL,345.6,0.0,4.6,False
1767700055.50,2026-01-06 17:17:35,12,16,77,19.6%,76,NORMAL,343.9,0.0,4.6,False
1767700056.86,2026-01-06 17:17:36,12,16,77,19.7%,76,NORMAL,341.4,0.0,4.6,False
1767700058.34,2026-01-06 17:17:38,11,16,77,19.8%,76,NORMAL,338.9,0.0,4.7,False
1767700059.90,2026-01-06 17:17:39,9,16,77,19.8%,76,NORMAL,337.2,0.0,4.7,False
1767700061.48,2026-01-06 17:17:41,10,16,79,19.8%,76,NORMAL,341.8,0.0,4.7,False
1767700062.65,2026-01-06 17:17:42,9,16,80,19.8%,76,NORMAL,343.7,0.0,4.7,False
1767700064.47,2026-01-06 17:17:44,12,16,81,19.8%,76,NORMAL,346.3,0.0,4.7,False
1767700065.51,2026-01-06 17:17:45,10,16,82,19.8%,76,NORMAL,348.1,0.0,4.6,False
1767700066.63,2026-01-06 17:17:46,9,16,82,19.6%,76,NORMAL,346.5,0.0,4.6,False
1767700068.34,2026-01-06 17:17:48,12,16,83,19.5%,76,NORMAL,348.3,0.0,4.5,False
1767700069.54,2026-01-06 17:17:49,13,16,84,19.3%,76,NORMAL,350.8,0.0,4.5,False
1767700071.42,2026-01-06 17:17:51,11,16,84,19.2%,76,NORMAL,346.8,0.0,4.4,False
1767700072.51,2026-01-06 17:17:52,13,16,84,19.1%,76,NORMAL,343.6,0.0,4.3,False
1767700073.58,2026-01-06 17:17:53,13,16,84,19.1%,76,NORMAL,342.1,0.0,4.3,False
1767700074.80,2026-01-06 17:17:54,14,16,85,19.1%,76,NORMAL,344.6,0.0,4.3,False
1767700076.05,2026-01-06 17:17:56,14,16,85,19.1%,76,NORMAL,343.0,0.0,4.2,False
1767700077.35,2026-01-06 17:17:57,14,16,85,19.1%,76,NORMAL,341.5,0.0,4.2,False
1767700078.78,2026-01-06 17:17:58,14,16,85,19.1%,76,NORMAL,339.2,0.0,4.2,False
1767700079.85,2026-01-06 17:17:59,15,16,88,19.1%,76,NORMAL,348.9,0.0,4.1,False
1767700081.74,2026-01-06 17:18:01,13,16,88,19.0%,76,NORMAL,347.4,0.0,4.1,False
1767700083.94,2026-01-06 17:18:03,16,16,89,19.1%,76,NORMAL,347.5,0.0,4.0,False
1767700085.10,2026-01-06 17:18:05,15,16,89,19.1%,76,NORMAL,344.5,0.0,4.0,False
1767700086.51,2026-01-06 17:18:06,13,16,89,19.1%,76,NORMAL,343.0,0.0,3.9,False
1767700088.88,2026-01-06 17:18:08,16,16,89,19.3%,76,NORMAL,340.1,0.0,3.9,False
1767700090.38,2026-01-06 17:18:10,13,16,90,19.2%,76,NORMAL,342.5,0.0,3.9,False
1767700092.16,2026-01-06 17:18:12,14,16,90,19.2%,76,NORMAL,340.3,0.0,3.9,False
1767700093.37,2026-01-06 17:18:13,14,16,91,19.3%,76,NORMAL,341.2,0.0,3.8,False
1767700094.56,2026-01-06 17:18:14,15,16,92,19.4%,76,NORMAL,343.6,0.0,3.8,False
1767700096.35,2026-01-06 17:18:16,16,16,92,19.5%,76,NORMAL,340.7,0.0,3.8,False
1767700097.68,2026-01-06 17:18:17,16,16,92,19.6%,76,NORMAL,338.7,0.0,3.8,False
1767700099.43,2026-01-06 17:18:19,15,16,92,19.7%,76,NORMAL,337.3,0.0,3.8,False
1767700100.52,2026-01-06 17:18:20,15,16,92,19.9%,76,NORMAL,334.5,0.0,3.8,False
1767700101.60,2026-01-06 17:18:21,14,16,92,20.0%,76,NORMAL,333.2,0.0,3.8,False
1767700102.69,2026-01-06 17:18:22,14,16,93,20.3%,76,NORMAL,334.8,0.0,3.8,False
1767700103.85,2026-01-06 17:18:23,15,16,94,20.5%,76,NORMAL,337.7,0.0,3.8,False
1767700104.97,2026-01-06 17:18:24,15,16,95,20.8%,76,NORMAL,339.3,0.0,3.8,False
1767700107.38,2026-01-06 17:18:27,16,17,96,21.0%,76,NORMAL,341.5,0.0,3.8,False
1767700109.57,2026-01-06 17:18:29,15,17,96,21.2%,76,NORMAL,338.2,0.0,3.8,False
1767700110.83,2026-01-06 17:18:30,15,17,96,21.5%,76,NORMAL,336.8,0.0,3.8,False
1767700112.00,2026-01-06 17:18:31,14,17,96,21.6%,76,NORMAL,335.5,0.0,3.8,False
1767700113.57,2026-01-06 17:18:33,14,17,96,21.6%,76,NORMAL,334.9,0.0,3.8,False
1767700115.38,2026-01-06 17:18:35,16,17,97,21.9%,76,NORMAL,335.1,0.0,3.8,False
1767700116.60,2026-01-06 17:18:36,17,17,98,22.1%,76,NORMAL,336.6,0.0,3.8,False
1767700118.16,2026-01-06 17:18:38,15,17,98,22.1%,76,NORMAL,335.4,0.0,3.8,False
1767700120.44,2026-01-06 17:18:40,13,17,99,22.1%,76,NORMAL,335.6,0.0,3.7,False
1767700121.65,2026-01-06 17:18:41,14,17,100,22.1%,76,NORMAL,337.7,0.0,3.7,False
1767700123.16,2026-01-06 17:18:43,13,17,100,22.1%,76,NORMAL,335.8,0.0,3.7,False
1767700124.39,2026-01-06 17:18:44,12,17,100,22.0%,76,NORMAL,334.6,0.0,3.6,False
1767700125.68,2026-01-06 17:18:45,13,17,101,21.9%,76,NORMAL,336.7,0.0,3.6,False
1767700126.75,2026-01-06 17:18:46,14,17,101,21.9%,76,NORMAL,335.4,0.0,3.6,False
1767700128.50,2026-01-06 17:18:48,13,17,102,21.8%,76,NORMAL,336.3,0.0,3.6,False
1767700129.55,2026-01-06 17:18:49,13,17,102,21.7%,76,NORMAL,335.0,0.0,3.6,False
1767700131.20,2026-01-06 17:18:51,14,17,103,21.7%,76,NORMAL,337.1,0.0,3.5,False
1767700132.41,2026-01-06 17:18:52,16,17,103,21.7%,76,NORMAL,335.3,0.0,3.5,False
1767700134.44,2026-01-06 17:18:54,16,17,103,21.9%,76,NORMAL,333.5,0.0,3.5,False
1767700136.21,2026-01-06 17:18:56,16,17,103,22.0%,76,NORMAL,330.5,0.0,3.4,False
1767700138.00,2026-01-06 17:18:58,14,17,105,22.0%,76,NORMAL,334.5,0.0,3.4,False
1767700139.30,2026-01-06 17:18:59,14,17,105,21.9%,76,NORMAL,333.9,0.0,3.4,False
1767700141.24,2026-01-06 17:19:01,15,17,107,21.9%,76,NORMAL,337.3,0.0,3.4,False
1767700142.26,2026-01-06 17:19:02,14,17,107,21.8%,76,NORMAL,335.0,0.0,3.4,False
1767700144.06,2026-01-06 17:19:04,15,17,108,21.8%,76,NORMAL,336.9,0.0,3.4,False
1767700146.30,2026-01-06 17:19:06,15,17,109,21.8%,76,NORMAL,337.7,0.0,3.4,False
1767700147.50,2026-01-06 17:19:07,15,17,109,21.8%,76,NORMAL,336.5,0.0,3.4,False
1767700148.68,2026-01-06 17:19:08,14,17,109,21.8%,76,NORMAL,335.4,0.0,3.4,False
1767700149.77,2026-01-06 17:19:09,14,17,109,21.8%,76,NORMAL,334.8,0.0,3.4,False
1767700150.97,2026-01-06 17:19:10,16,17,111,21.8%,76,NORMAL,338.6,0.0,3.4,False
1767700152.55,2026-01-06 17:19:12,15,17,111,21.8%,76,NORMAL,338.1,0.0,3.4,False
1767700153.88,2026-01-06 17:19:13,12,17,111,21.6%,76,NORMAL,336.9,0.0,3.3,False
1767700154.91,2026-01-06 17:19:14,11,17,111,21.4%,76,NORMAL,335.8,0.0,3.3,False
1767700156.09,2026-01-06 17:19:16,11,17,111,21.3%,76,NORMAL,334.7,0.0,3.3,False
1767700157.38,2026-01-06 17:19:17,11,17,111,21.2%,76,NORMAL,333.6,0.0,3.3,False
1767700158.89,2026-01-06 17:19:18,11,17,111,20.9%,76,NORMAL,332.4,0.0,3.3,False
1767700160.61,2026-01-06 17:19:20,14,17,114,20.8%,76,NORMAL,338.6,0.0,3.2,False
1767700161.63,2026-01-06 17:19:21,13,17,114,20.7%,76,NORMAL,336.9,0.0,3.2,False
1767700162.67,2026-01-06 17:19:22,13,17,114,20.7%,76,NORMAL,335.8,0.0,3.2,False
1767700164.23,2026-01-06 17:19:24,12,17,114,20.6%,76,NORMAL,334.7,0.0,3.2,False
1767700165.33,2026-01-06 17:19:25,11,17,114,20.5%,76,NORMAL,333.1,0.0,3.2,False
1767700166.47,2026-01-06 17:19:26,12,17,114,20.5%,76,NORMAL,332.0,0.0,3.2,False
1767700167.81,2026-01-06 17:19:27,10,17,114,20.4%,76,NORMAL,331.0,0.0,3.2,False
1767700169.21,2026-01-06 17:19:29,9,17,114,20.1%,76,NORMAL,329.9,0.0,3.2,False
1767700170.53,2026-01-06 17:19:30,11,17,115,20.0%,76,NORMAL,331.7,0.0,3.2,False
1767700171.73,2026-01-06 17:19:31,9,17,115,19.8%,76,NORMAL,330.7,0.0,3.2,False
1767700173.22,2026-01-06 17:19:33,11,17,117,19.7%,76,NORMAL,334.8,0.0,3.2,False
1767700174.29,2026-01-06 17:19:34,10,17,118,19.4%,76,NORMAL,336.6,0.0,3.2,False
1767700175.68,2026-01-06 17:19:35,10,17,118,19.1%,76,NORMAL,334.0,0.0,3.2,False
1767700176.84,2026-01-06 17:19:36,7,17,118,18.7%,76,NORMAL,332.4,0.0,3.2,False
1767700178.31,2026-01-06 17:19:38,6,17,118,18.3%,76,NORMAL,331.4,0.0,3.2,False
1767700179.57,2026-01-06 17:19:39,7,17,118,18.0%,76,NORMAL,330.3,0.0,3.2,False
1767700180.61,2026-01-06 17:19:40,7,17,118,17.6%,76,NORMAL,329.3,0.0,3.2,False
1767700181.74,2026-01-06 17:19:41,8,17,119,17.3%,76,NORMAL,330.0,0.0,3.2,False
1767700183.18,2026-01-06 17:19:43,8,17,119,17.0%,76,NORMAL,328.0,0.0,3.2,False
1767700184.42,2026-01-06 17:19:44,9,17,120,16.7%,76,NORMAL,329.8,0.0,3.2,False
1767700185.73,2026-01-06 17:19:45,9,17,120,16.4%,76,NORMAL,329.3,0.0,3.2,False
1767700187.14,2026-01-06 17:19:47,9,17,120,16.2%,76,NORMAL,326.8,0.0,3.1,False
1767700188.55,2026-01-06 17:19:48,9,17,121,15.9%,76,NORMAL,328.5,0.0,3.1,False
1767700189.67,2026-01-06 17:19:49,9,17,121,15.6%,76,NORMAL,327.5,0.0,3.1,False
1767700190.91,2026-01-06 17:19:50,9,17,121,15.3%,76,NORMAL,325.1,0.0,3.0,False
1767700192.18,2026-01-06 17:19:52,9,17,121,15.2%,76,NORMAL,323.6,0.0,3.0,False
1767700193.61,2026-01-06 17:19:53,8,17,121,15.0%,76,NORMAL,322.2,0.0,3.0,False
1767700194.84,2026-01-06 17:19:54,7,17,121,14.8%,76,NORMAL,321.2,0.0,3.0,False
1767700195.98,2026-01-06 17:19:55,7,17,121,14.6%,76,NORMAL,319.8,0.0,3.0,False
1767700197.36,2026-01-06 17:19:57,8,17,121,14.5%,76,NORMAL,318.4,0.0,3.0,False
1767700198.76,2026-01-06 17:19:58,8,17,122,14.2%,76,NORMAL,320.1,0.0,3.0,False
1767700200.04,2026-01-06 17:20:00,7,17,122,13.9%,76,NORMAL,318.3,0.0,3.0,False
1767700201.09,2026-01-06 17:20:01,7,17,122,13.6%,76,NORMAL,317.8,0.0,3.0,False
1767700202.17,2026-01-06 17:20:02,8,17,123,13.4%,76,NORMAL,318.6,0.0,3.0,False
1767700203.74,2026-01-06 17:20:03,7,17,123,13.2%,76,NORMAL,317.2,0.0,3.1,False
1767700205.12,2026-01-06 17:20:05,7,17,123,13.0%,76,NORMAL,316.3,0.0,3.1,False
1767700206.27,2026-01-06 17:20:06,7,17,123,12.8%,76,NORMAL,315.4,0.0,3.1,False
1767700207.33,2026-01-06 17:20:07,7,17,123,12.7%,76,NORMAL,313.6,0.0,3.0,False
1767700208.55,2026-01-06 17:20:08,8,17,124,12.6%,76,NORMAL,313.9,0.0,3.1,False
1767700210.26,2026-01-06 17:20:10,7,17,124,12.5%,76,NORMAL,313.0,0.0,3.1,False
1767700211.73,2026-01-06 17:20:11,7,17,124,12.3%,76,NORMAL,311.7,0.0,3.1,False
1767700212.94,2026-01-06 17:20:12,6,17,124,12.1%,76,NORMAL,310.9,0.0,3.1,False
1767700214.17,2026-01-06 17:20:14,7,17,125,11.9%,76,NORMAL,312.5,0.0,3.1,False
1767700215.23,2026-01-06 17:20:15,7,17,125,11.9%,76,NORMAL,310.8,0.0,3.1,False
1767700216.39,2026-01-06 17:20:16,7,17,125,12.0%,76,NORMAL,309.1,0.0,3.1,False
1767700217.56,2026-01-06 17:20:17,8,17,126,12.0%,76,NORMAL,309.4,0.0,3.1,False
1767700219.00,2026-01-06 17:20:19,8,17,126,12.1%,76,NORMAL,308.2,0.0,3.2,False
1767700220.26,2026-01-06 17:20:20,8,17,126,12.1%,76,NORMAL,307.3,0.0,3.2,False
1767700221.90,2026-01-06 17:20:21,7,17,126,12.0%,76,NORMAL,306.1,0.0,3.2,False
1767700223.02,2026-01-06 17:20:23,8,17,126,12.0%,76,NORMAL,305.2,0.0,3.2,False
1767700224.04,2026-01-06 17:20:24,7,17,126,11.9%,76,NORMAL,304.8,0.0,3.2,False
1767700225.07,2026-01-06 17:20:25,8,17,126,11.8%,76,NORMAL,304.0,0.0,3.2,False
1767700226.43,2026-01-06 17:20:26,7,17,126,11.7%,76,NORMAL,302.0,0.0,3.2,False
1767700227.76,2026-01-06 17:20:27,7,17,126,11.6%,76,NORMAL,301.2,0.0,3.2,False
1767700228.89,2026-01-06 17:20:28,8,17,127,11.6%,76,NORMAL,302.4,0.0,3.2,False
1767700230.18,2026-01-06 17:20:30,8,17,127,11.5%,76,NORMAL,300.4,0.0,3.2,False
1767700231.38,2026-01-06 17:20:31,8,17,128,11.5%,76,NORMAL,302.0,0.0,3.2,False
1767700232.47,2026-01-06 17:20:32,8,17,128,11.6%,76,NORMAL,300.0,0.0,3.2,False
1767700233.72,2026-01-06 17:20:33,9,17,128,11.7%,76,NORMAL,298.8,0.0,3.2,False
1767700234.84,2026-01-06 17:20:34,9,17,128,11.7%,76,NORMAL,297.7,0.0,3.2,False
1767700235.99,2026-01-06 17:20:35,8,17,128,11.7%,76,NORMAL,296.9,0.0,3.2,False
1767700237.23,2026-01-06 17:20:37,9,17,128,11.8%,76,NORMAL,295.0,0.0,3.3,False
1767700238.59,2026-01-06 17:20:38,8,17,128,11.9%,76,NORMAL,293.9,0.0,3.3,False
1767700240.27,2026-01-06 17:20:40,8,17,128,11.9%,76,NORMAL,293.1,0.0,3.4,False
1767700241.75,2026-01-06 17:20:41,7,17,129,11.9%,76,NORMAL,294.3,0.0,3.4,False
1767700242.92,2026-01-06 17:20:42,7,17,129,11.9%,76,NORMAL,292.8,0.0,3.4,False
1767700244.08,2026-01-06 17:20:44,9,17,131,12.0%,76,NORMAL,296.6,0.0,3.4,False
1767700245.18,2026-01-06 17:20:45,9,17,131,12.1%,76,NORMAL,296.2,0.0,3.4,False
1767700246.21,2026-01-06 17:20:46,9,17,131,12.1%,76,NORMAL,295.1,0.0,3.4,False
1767700247.68,2026-01-06 17:20:47,8,17,131,12.2%,76,NORMAL,294.0,0.0,3.4,False
1767700248.71,2026-01-06 17:20:48,9,17,132,12.3%,76,NORMAL,295.5,0.0,3.4,False
1767700249.80,2026-01-06 17:20:49,9,17,132,12.4%,76,NORMAL,294.8,0.0,3.4,False
1767700250.90,2026-01-06 17:20:50,8,17,132,12.5%,76,NORMAL,293.3,0.0,3.4,False
1767700252.44,2026-01-06 17:20:52,8,17,132,12.5%,76,NORMAL,292.6,0.0,3.4,False
1767700253.61,2026-01-06 17:20:53,7,17,132,12.5%,76,NORMAL,291.9,0.0,3.4,False
1767700254.90,2026-01-06 17:20:54,9,17,133,12.6%,76,NORMAL,293.4,0.0,3.4,False
1767700256.31,2026-01-06 17:20:56,8,17,133,12.6%,76,NORMAL,292.0,0.0,3.4,False
1767700257.35,2026-01-06 17:20:57,8,17,134,12.6%,76,NORMAL,293.4,0.0,3.4,False
1767700258.58,2026-01-06 17:20:58,8,17,134,12.6%,76,NORMAL,292.0,0.0,3.4,False
1767700259.93,2026-01-06 17:20:59,7,17,134,12.6%,76,NORMAL,290.6,0.0,3.4,False
1767700261.46,2026-01-06 17:21:01,7,17,134,12.6%,76,NORMAL,289.9,0.0,3.4,False
1767700262.80,2026-01-06 17:21:02,7,17,135,12.5%,76,NORMAL,290.7,0.0,3.5,False
1767700264.66,2026-01-06 17:21:04,8,17,136,12.6%,76,NORMAL,291.1,0.0,3.5,False
1767700266.01,2026-01-06 17:21:06,6,17,136,12.5%,76,NORMAL,289.4,0.0,3.5,False
1767700267.17,2026-01-06 17:21:07,6,17,136,12.4%,76,NORMAL,288.0,0.0,3.6,False
1767700268.29,2026-01-06 17:21:08,7,17,137,12.4%,76,NORMAL,288.8,0.0,3.6,False
1767700269.67,2026-01-06 17:21:09,6,17,137,12.3%,76,NORMAL,288.1,0.0,3.6,False
1767700270.83,2026-01-06 17:21:10,7,17,138,12.2%,76,NORMAL,289.2,0.0,3.6,False
1767700272.03,2026-01-06 17:21:12,7,17,138,12.1%,76,NORMAL,288.5,0.0,3.6,False
1767700273.08,2026-01-06 17:21:13,6,17,138,12.0%,76,NORMAL,287.5,0.0,3.6,False
1767700274.27,2026-01-06 17:21:14,6,17,138,11.9%,76,NORMAL,286.8,0.0,3.6,False
1767700275.48,2026-01-06 17:21:15,6,17,138,11.7%,76,NORMAL,285.8,0.0,3.6,False
1767700276.65,2026-01-06 17:21:16,4,17,138,11.5%,76,NORMAL,284.5,0.0,3.6,False
1767700278.05,2026-01-06 17:21:18,4,17,138,11.3%,76,NORMAL,283.9,0.0,3.6,False
1767700279.22,2026-01-06 17:21:19,4,17,138,11.2%,76,NORMAL,282.9,0.0,3.6,False
1767700280.97,2026-01-06 17:21:20,4,17,138,11.0%,76,NORMAL,281.6,0.0,3.5,False
1767700282.11,2026-01-06 17:21:22,6,17,139,10.9%,76,NORMAL,282.1,0.0,3.5,False
1767700283.63,2026-01-06 17:21:23,7,17,139,10.8%,76,NORMAL,280.8,0.0,3.5,False
1767700285.35,2026-01-06 17:21:25,8,17,140,10.7%,76,NORMAL,281.6,0.0,3.5,False
1767700286.67,2026-01-06 17:21:26,6,17,140,10.6%,76,NORMAL,280.3,0.0,3.6,False
1767700288.06,2026-01-06 17:21:28,8,17,140,10.6%,76,NORMAL,279.7,0.0,3.6,False
1767700289.45,2026-01-06 17:21:29,8,17,142,10.5%,76,NORMAL,282.1,0.0,3.6,False
1767700290.61,2026-01-06 17:21:30,8,17,143,10.5%,76,NORMAL,283.5,0.0,3.6,False
1767700292.01,2026-01-06 17:21:32,9,17,144,10.6%,76,NORMAL,284.8,0.0,3.6,False
1767700293.16,2026-01-06 17:21:33,7,17,144,10.6%,76,NORMAL,283.9,0.0,3.6,False
1767700294.19,2026-01-06 17:21:34,7,17,144,10.5%,76,NORMAL,282.7,0.0,3.6,False
1767700295.69,2026-01-06 17:21:35,8,17,144,10.5%,76,NORMAL,281.4,0.0,3.6,False
1767700296.88,2026-01-06 17:21:36,7,17,144,10.4%,76,NORMAL,280.8,0.0,3.6,False
1767700298.53,2026-01-06 17:21:38,8,17,144,10.4%,76,NORMAL,280.2,0.0,3.6,False
1767700299.77,2026-01-06 17:21:39,6,17,144,10.4%,76,NORMAL,279.6,0.0,3.6,False
1767700300.93,2026-01-06 17:21:40,7,17,146,10.4%,76,NORMAL,282.0,0.0,3.6,False
1767700302.87,2026-01-06 17:21:42,7,17,146,10.4%,76,NORMAL,280.8,0.0,3.6,False
1767700304.26,2026-01-06 17:21:44,8,17,146,10.4%,76,NORMAL,279.9,0.0,3.5,False
1767700306.04,2026-01-06 17:21:46,8,17,146,10.5%,76,NORMAL,279.3,0.0,3.5,False
1767700307.18,2026-01-06 17:21:47,8,17,147,10.6%,76,NORMAL,280.6,0.0,3.5,False
1767700308.96,2026-01-06 17:21:48,9,17,147,10.7%,76,NORMAL,279.1,0.0,3.4,False
1767700310.23,2026-01-06 17:21:50,9,17,147,10.8%,76,NORMAL,278.5,0.0,3.4,False
1767700311.27,2026-01-06 17:21:51,9,17,147,10.9%,76,NORMAL,277.6,0.0,3.3,False
1767700312.70,2026-01-06 17:21:52,9,17,147,11.0%,76,NORMAL,276.8,0.0,3.3,False
1767700314.32,2026-01-06 17:21:54,9,17,147,11.2%,76,NORMAL,275.9,0.0,3.3,False
1767700315.45,2026-01-06 17:21:55,7,17,147,11.2%,76,NORMAL,274.5,0.0,3.3,False
1767700316.70,2026-01-06 17:21:56,7,17,147,11.3%,76,NORMAL,273.9,0.0,3.2,False
1767700318.00,2026-01-06 17:21:58,7,17,147,11.4%,76,NORMAL,273.3,0.0,3.2,False
1767700319.09,2026-01-06 17:21:59,6,17,147,11.5%,76,NORMAL,272.8,0.0,3.2,False
1767700320.21,2026-01-06 17:22:00,7,17,148,11.7%,76,NORMAL,273.5,0.0,3.2,False
1767700321.37,2026-01-06 17:22:01,7,17,148,11.8%,76,NORMAL,272.7,0.0,3.2,False
1767700322.62,2026-01-06 17:22:02,7,17,148,11.9%,76,NORMAL,271.6,0.0,3.2,False
1767700324.67,2026-01-06 17:22:04,7,17,148,11.9%,76,NORMAL,270.2,0.0,3.2,False
1767700325.77,2026-01-06 17:22:05,7,17,148,11.8%,76,NORMAL,269.6,0.0,3.2,False
1767700326.99,2026-01-06 17:22:06,8,17,149,11.9%,76,NORMAL,270.6,0.0,3.2,False
1767700328.29,2026-01-06 17:22:08,8,17,149,11.9%,76,NORMAL,269.3,0.0,3.2,False
1767700329.80,2026-01-06 17:22:09,7,17,149,11.9%,76,NORMAL,268.7,0.0,3.2,False
1767700330.83,2026-01-06 17:22:10,7,17,149,11.8%,76,NORMAL,267.7,0.0,3.2,False
1767700332.69,2026-01-06 17:22:12,7,17,149,11.7%,76,NORMAL,266.6,0.0,3.2,False
1767700333.88,2026-01-06 17:22:13,7,17,149,11.7%,76,NORMAL,266.1,0.0,3.2,False
1767700334.91,2026-01-06 17:22:14,5,17,149,11.6%,76,NORMAL,264.8,0.0,3.2,False
1767700336.58,2026-01-06 17:22:16,6,17,149,11.5%,76,NORMAL,264.0,0.0,3.2,False
1767700337.68,2026-01-06 17:22:17,6,17,149,11.5%,76,NORMAL,263.5,0.0,3.2,False
1767700338.96,2026-01-06 17:22:18,7,17,149,11.4%,76,NORMAL,262.7,0.0,3.2,False
1767700340.13,2026-01-06 17:22:20,5,17,149,11.4%,76,NORMAL,261.9,0.0,3.2,False
1767700341.80,2026-01-06 17:22:21,5,17,149,11.3%,76,NORMAL,261.4,0.0,3.2,False
1767700343.08,2026-01-06 17:22:23,5,17,149,11.2%,76,NORMAL,260.4,0.0,3.2,False
1767700344.22,2026-01-06 17:22:24,5,17,149,11.0%,76,NORMAL,259.6,0.0,3.2,False
1767700345.61,2026-01-06 17:22:25,5,17,149,10.9%,76,NORMAL,258.9,0.0,3.2,False
1767700346.72,2026-01-06 17:22:26,6,17,149,10.8%,76,NORMAL,257.4,0.0,3.3,False
1767700347.87,2026-01-06 17:22:27,6,17,149,10.6%,76,NORMAL,256.9,0.0,3.3,False
1767700348.97,2026-01-06 17:22:28,6,17,149,10.5%,76,NORMAL,256.4,0.0,3.3,False
1767700350.19,2026-01-06 17:22:30,6,17,149,10.3%,76,NORMAL,255.2,0.0,3.4,False
1767700351.86,2026-01-06 17:22:31,6,17,149,10.2%,76,NORMAL,254.7,0.0,3.4,False
1767700352.94,2026-01-06 17:22:32,6,17,149,10.0%,76,NORMAL,253.7,0.0,3.4,False
1767700354.30,2026-01-06 17:22:34,5,17,149,9.9%,76,NORMAL,252.8,0.0,3.4,False
1767700355.47,2026-01-06 17:22:35,5,17,149,9.8%,76,NORMAL,252.3,0.0,3.5,False
1767700356.48,2026-01-06 17:22:36,6,17,149,9.8%,76,NORMAL,251.6,0.0,3.5,False
1767700357.76,2026-01-06 17:22:37,6,17,149,9.8%,76,NORMAL,250.4,0.0,3.5,False
1767700358.89,2026-01-06 17:22:38,7,17,150,9.8%,76,NORMAL,251.6,0.0,3.5,False
1767700360.95,2026-01-06 17:22:40,7,17,150,9.8%,76,NORMAL,251.2,0.0,3.5,False
1767700362.48,2026-01-06 17:22:42,7,17,150,9.8%,76,NORMAL,250.7,0.0,3.5,False
1767700363.58,2026-01-06 17:22:43,7,17,150,9.8%,76,NORMAL,249.8,0.0,3.5,False
1767700364.95,2026-01-06 17:22:44,8,17,150,9.8%,76,NORMAL,248.6,0.0,3.5,False
1767700366.62,2026-01-06 17:22:46,8,17,150,9.8%,76,NORMAL,248.2,0.0,3.5,False
1767700367.92,2026-01-06 17:22:47,8,17,150,9.8%,76,NORMAL,247.5,0.0,3.4,False
1767700369.05,2026-01-06 17:22:49,7,17,151,9.8%,76,NORMAL,248.2,0.0,3.4,False
1767700370.26,2026-01-06 17:22:50,7,17,151,9.8%,76,NORMAL,247.8,0.0,3.4,False
1767700371.29,2026-01-06 17:22:51,7,17,151,9.8%,76,NORMAL,247.1,0.0,3.4,False
1767700372.42,2026-01-06 17:22:52,7,17,151,9.8%,76,NORMAL,246.6,0.0,3.4,False
1767700373.56,2026-01-06 17:22:53,7,17,152,9.9%,76,NORMAL,247.6,0.0,3.4,False
1767700374.64,2026-01-06 17:22:54,7,17,152,10.0%,76,NORMAL,246.7,0.0,3.5,False
1767700375.69,2026-01-06 17:22:55,9,17,153,10.1%,76,NORMAL,247.7,0.0,3.5,False
1767700377.32,2026-01-06 17:22:57,9,17,153,10.2%,76,NORMAL,247.2,0.0,3.5,False
1767700378.45,2026-01-06 17:22:58,8,17,153,10.4%,76,NORMAL,246.3,0.0,3.5,False
1767700379.74,2026-01-06 17:22:59,7,17,153,10.5%,76,NORMAL,245.7,0.0,3.6,False
1767700380.93,2026-01-06 17:23:00,7,17,153,10.6%,76,NORMAL,245.2,0.0,3.6,False
1767700382.13,2026-01-06 17:23:02,7,17,153,10.7%,76,NORMAL,244.6,0.0,3.6,False
1767700383.57,2026-01-06 17:23:03,7,17,153,10.8%,76,NORMAL,243.7,0.0,3.6,False
1767700384.68,2026-01-06 17:23:04,6,17,153,10.8%,76,NORMAL,242.9,0.0,3.6,False
1767700386.02,2026-01-06 17:23:06,8,17,154,10.9%,76,NORMAL,244.0,0.0,3.6,False
1767700387.12,2026-01-06 17:23:07,8,17,154,11.0%,76,NORMAL,243.6,0.0,3.6,False
1767700388.24,2026-01-06 17:23:08,8,17,154,11.1%,76,NORMAL,243.2,0.0,3.6,False
1767700389.76,2026-01-06 17:23:09,8,17,154,11.2%,76,NORMAL,242.7,0.0,3.5,False
1767700391.04,2026-01-06 17:23:11,9,17,154,11.3%,76,NORMAL,242.1,0.0,3.5,False
1767700392.69,2026-01-06 17:23:12,10,17,155,11.6%,76,NORMAL,242.8,0.0,3.5,False
1767700394.18,2026-01-06 17:23:14,10,17,155,11.8%,76,NORMAL,242.4,0.0,3.5,False
1767700395.20,2026-01-06 17:23:15,10,17,155,12.0%,76,NORMAL,242.0,0.0,3.5,False
1767700396.47,2026-01-06 17:23:16,10,17,155,12.2%,76,NORMAL,241.6,0.0,3.4,False
1767700397.50,2026-01-06 17:23:17,9,17,155,12.3%,76,NORMAL,240.9,0.0,3.4,False
1767700399.26,2026-01-06 17:23:19,10,17,156,12.5%,76,NORMAL,241.9,0.0,3.4,False
1767700401.01,2026-01-06 17:23:21,9,17,156,12.6%,76,NORMAL,241.4,0.0,3.4,False
1767700402.10,2026-01-06 17:23:22,8,17,156,12.6%,76,NORMAL,240.6,0.0,3.3,False
1767700403.44,2026-01-06 17:23:23,10,17,157,12.7%,76,NORMAL,241.3,0.0,3.3,False
1767700405.45,2026-01-06 17:23:25,11,17,158,12.9%,76,NORMAL,242.0,0.0,3.3,False
1767700406.84,2026-01-06 17:23:26,11,17,158,13.0%,76,NORMAL,241.8,0.0,3.3,False
1767700408.06,2026-01-06 17:23:28,10,17,158,13.2%,76,NORMAL,241.4,0.0,3.3,False
1767700409.84,2026-01-06 17:23:29,10,17,158,13.3%,76,NORMAL,240.8,0.0,3.3,False
1767700411.01,2026-01-06 17:23:31,10,17,158,13.5%,76,NORMAL,240.2,0.0,3.3,False
1767700412.17,2026-01-06 17:23:32,9,17,158,13.6%,76,NORMAL,239.8,0.0,3.3,False
1767700413.56,2026-01-06 17:23:33,9,17,159,13.7%,76,NORMAL,240.3,0.0,3.3,False
1767700414.82,2026-01-06 17:23:34,8,17,159,13.7%,76,NORMAL,239.3,0.0,3.3,False
1767700415.97,2026-01-06 17:23:35,8,17,159,13.7%,76,NORMAL,238.9,0.0,3.3,False
1767700417.04,2026-01-06 17:23:37,9,17,159,13.7%,76,NORMAL,238.5,0.0,3.3,False
1767700418.33,2026-01-06 17:23:38,9,17,159,13.7%,76,NORMAL,237.9,0.0,3.3,False
1767700419.75,2026-01-06 17:23:39,9,17,160,13.8%,76,NORMAL,238.8,0.0,3.3,False
1767700422.09,2026-01-06 17:23:42,8,17,160,13.9%,76,NORMAL,238.4,0.0,3.3,False
1767700423.22,2026-01-06 17:23:43,8,17,161,13.9%,76,NORMAL,239.3,0.0,3.3,False
1767700424.28,2026-01-06 17:23:44,10,17,163,14.1%,76,NORMAL,241.5,0.0,3.3,False
1767700425.46,2026-01-06 17:23:45,10,17,163,14.3%,76,NORMAL,240.9,0.0,3.3,False
1767700426.47,2026-01-06 17:23:46,11,17,164,14.4%,76,NORMAL,242.0,0.0,3.3,False
1767700427.63,2026-01-06 17:23:47,12,17,165,14.6%,76,NORMAL,242.8,0.0,3.3,False
1767700429.44,2026-01-06 17:23:49,12,17,165,14.8%,76,NORMAL,242.3,0.0,3.3,False
1767700431.32,2026-01-06 17:23:51,10,17,165,14.9%,76,NORMAL,241.3,0.0,3.3,False
1767700432.47,2026-01-06 17:23:52,10,17,165,14.9%,76,NORMAL,240.7,0.0,3.3,False
1767700433.71,2026-01-06 17:23:53,9,17,166,14.9%,76,NORMAL,241.7,0.0,3.4,False
1767700434.76,2026-01-06 17:23:54,9,17,166,14.8%,76,NORMAL,241.0,0.0,3.4,False
1767700436.08,2026-01-06 17:23:56,9,17,166,14.8%,76,NORMAL,240.6,0.0,3.5,False
1767700437.32,2026-01-06 17:23:57,9,17,166,14.7%,76,NORMAL,240.2,0.0,3.5,False
1767700438.40,2026-01-06 17:23:58,9,17,166,14.7%,76,NORMAL,239.8,0.0,3.5,False
1767700439.42,2026-01-06 17:23:59,8,17,166,14.7%,76,NORMAL,239.0,0.0,3.6,False
1767700441.02,2026-01-06 17:24:01,8,17,166,14.6%,76,NORMAL,238.7,0.0,3.6,False
1767700442.03,2026-01-06 17:24:02,9,17,166,14.7%,76,NORMAL,238.1,0.0,3.7,False
1767700443.15,2026-01-06 17:24:03,8,17,166,14.6%,76,NORMAL,237.5,0.0,3.7,False
1767700444.16,2026-01-06 17:24:04,8,17,166,14.4%,76,NORMAL,237.1,0.0,3.7,False
1767700445.19,2026-01-06 17:24:05,8,17,166,14.3%,76,NORMAL,236.8,0.0,3.8,False
1767700446.65,2026-01-06 17:24:06,8,17,166,14.2%,76,NORMAL,236.0,0.0,3.8,False
1767700447.69,2026-01-06 17:24:07,8,17,166,14.1%,76,NORMAL,235.3,0.0,3.8,False
1767700448.86,2026-01-06 17:24:08,8,17,166,14.0%,76,NORMAL,234.5,0.0,3.9,False
1767700449.98,2026-01-06 17:24:09,8,17,166,13.9%,76,NORMAL,234.2,0.0,3.9,False
1767700451.55,2026-01-06 17:24:11,8,17,167,13.9%,76,NORMAL,234.8,0.0,3.9,False
1767700452.81,2026-01-06 17:24:12,8,17,167,13.9%,76,NORMAL,234.7,0.0,3.9,False
1767700454.48,2026-01-06 17:24:14,8,17,167,13.9%,76,NORMAL,234.3,0.0,3.9,False
1767700456.30,2026-01-06 17:24:16,8,17,167,13.8%,76,NORMAL,233.7,0.0,3.9,False
1767700457.69,2026-01-06 17:24:17,7,17,167,13.7%,76,NORMAL,233.2,0.0,3.9,False
1767700459.47,2026-01-06 17:24:19,7,17,167,13.6%,76,NORMAL,232.8,0.0,3.9,False
1767700461.32,2026-01-06 17:24:21,8,17,168,13.6%,76,NORMAL,233.3,0.0,3.9,False
1767700462.47,2026-01-06 17:24:22,8,17,168,13.6%,76,NORMAL,232.6,0.0,3.9,False
1767700464.02,2026-01-06 17:24:24,9,17,169,13.6%,76,NORMAL,233.6,0.0,3.9,False
1767700465.22,2026-01-06 17:24:25,9,17,169,13.5%,76,NORMAL,233.3,0.0,3.8,False
1767700466.90,2026-01-06 17:24:26,9,17,169,13.4%,76,NORMAL,232.9,0.0,3.8,False
1767700468.12,2026-01-06 17:24:28,9,17,170,13.3%,76,NORMAL,233.6,0.0,3.8,False
1767700469.45,2026-01-06 17:24:29,11,17,171,13.2%,76,NORMAL,234.8,0.0,3.8,False
1767700470.74,2026-01-06 17:24:30,10,17,171,13.2%,76,NORMAL,234.2,0.0,3.8,False
1767700471.84,2026-01-06 17:24:31,9,17,171,13.2%,76,NORMAL,233.9,0.0,3.8,False
1767700473.03,2026-01-06 17:24:33,9,17,171,13.2%,76,NORMAL,233.2,0.0,3.8,False
1767700474.14,2026-01-06 17:24:34,9,17,172,13.2%,76,NORMAL,234.2,0.0,3.7,False
1767700475.95,2026-01-06 17:24:35,10,17,174,13.2%,76,NORMAL,236.2,0.0,3.7,False
1767700477.75,2026-01-06 17:24:37,9,17,174,13.2%,76,NORMAL,235.3,0.0,3.7,False
1767700479.09,2026-01-06 17:24:39,10,17,175,13.3%,76,NORMAL,236.1,0.0,3.7,False
1767700480.20,2026-01-06 17:24:40,9,17,175,13.3%,76,NORMAL,235.8,0.0,3.7,False
1767700481.66,2026-01-06 17:24:41,10,17,176,13.4%,76,NORMAL,236.2,0.0,3.7,False
1767700482.93,2026-01-06 17:24:42,10,17,176,13.5%,76,NORMAL,235.9,0.0,3.8,False
1767700484.12,2026-01-06 17:24:44,11,17,177,13.6%,76,NORMAL,236.5,0.0,3.8,False
1767700485.80,2026-01-06 17:24:45,10,17,178,13.7%,76,NORMAL,237.2,0.0,3.8,False
1767700486.84,2026-01-06 17:24:46,9,17,178,13.8%,76,NORMAL,236.8,0.0,3.8,False
1767700487.87,2026-01-06 17:24:47,8,17,178,13.8%,76,NORMAL,236.3,0.0,3.8,False
1767700489.46,2026-01-06 17:24:49,9,17,178,13.8%,76,NORMAL,235.4,0.0,3.9,False
1767700490.93,2026-01-06 17:24:50,10,17,178,13.9%,76,NORMAL,235.1,0.0,3.9,False
1767700491.97,2026-01-06 17:24:51,8,17,178,13.9%,76,NORMAL,234.6,0.0,3.9,False
1767700493.04,2026-01-06 17:24:53,8,17,178,13.9%,76,NORMAL,234.2,0.0,3.9,False
1767700494.09,2026-01-06 17:24:54,8,17,178,13.9%,76,NORMAL,233.9,0.0,3.9,False
1767700495.15,2026-01-06 17:24:55,7,17,178,13.9%,76,NORMAL,233.5,0.0,3.9,False
1767700496.97,2026-01-06 17:24:56,7,17,179,13.8%,76,NORMAL,234.2,0.0,3.9,False
1767700498.58,2026-01-06 17:24:58,7,17,180,13.8%,76,NORMAL,234.6,0.0,3.9,False
1767700499.74,2026-01-06 17:24:59,8,17,182,13.9%,76,NORMAL,236.5,0.0,3.9,False
1767700501.83,2026-01-06 17:25:01,10,17,184,14.0%,76,NORMAL,238.8,0.0,3.9,False
1767700502.91,2026-01-06 17:25:02,9,17,184,14.0%,76,NORMAL,238.3,0.0,3.9,False
1767700504.14,2026-01-06 17:25:04,9,17,185,14.0%,76,NORMAL,239.1,0.0,3.9,False
1767700505.57,2026-01-06 17:25:05,10,17,185,14.1%,76,NORMAL,238.7,0.0,3.9,False
1767700506.66,2026-01-06 17:25:06,11,17,186,14.2%,76,NORMAL,239.3,0.0,3.9,False
1767700508.49,2026-01-06 17:25:08,12,17,187,14.3%,76,NORMAL,240.3,0.0,3.9,False
1767700509.59,2026-01-06 17:25:09,12,17,187,14.4%,76,NORMAL,239.9,0.0,3.9,False
1767700511.08,2026-01-06 17:25:11,13,17,187,14.5%,76,NORMAL,239.4,0.0,3.9,False
1767700512.52,2026-01-06 17:25:12,12,17,187,14.6%,76,NORMAL,238.7,0.0,3.9,False
1767700513.53,2026-01-06 17:25:13,11,17,187,14.7%,76,NORMAL,238.4,0.0,3.9,False
1767700515.20,2026-01-06 17:25:15,12,17,187,14.9%,76,NORMAL,237.7,0.0,3.8,False
1767700516.71,2026-01-06 17:25:16,12,17,187,15.0%,76,NORMAL,237.4,0.0,3.8,False
1767700518.26,2026-01-06 17:25:18,12,17,187,15.1%,76,NORMAL,236.9,0.0,3.8,False
1767700519.45,2026-01-06 17:25:19,12,17,187,15.2%,76,NORMAL,236.4,0.0,3.7,False
1767700520.91,2026-01-06 17:25:20,12,17,187,15.4%,76,NORMAL,236.0,0.0,3.7,False
1767700522.47,2026-01-06 17:25:22,10,17,187,15.4%,76,NORMAL,235.2,0.0,3.6,False
1767700523.85,2026-01-06 17:25:23,11,17,187,15.4%,76,NORMAL,234.6,0.0,3.6,False
1767700525.15,2026-01-06 17:25:25,11,17,188,15.4%,76,NORMAL,235.3,0.0,3.6,False
1767700526.73,2026-01-06 17:25:26,12,17,189,15.5%,76,NORMAL,236.1,0.0,3.5,False
1767700527.88,2026-01-06 17:25:27,11,17,189,15.6%,76,NORMAL,235.4,0.0,3.5,False
1767700529.08,2026-01-06 17:25:29,10,17,189,15.7%,76,NORMAL,234.9,0.0,3.5,False
1767700530.23,2026-01-06 17:25:30,10,17,189,15.8%,76,NORMAL,234.5,0.0,3.5,False
1767700531.48,2026-01-06 17:25:31,10,17,189,15.8%,76,NORMAL,234.1,0.0,3.5,False
1767700532.95,2026-01-06 17:25:32,11,17,191,15.9%,76,NORMAL,236.1,0.0,3.5,False
1767700534.34,2026-01-06 17:25:34,10,17,191,16.0%,76,NORMAL,235.3,0.0,3.5,False
1767700536.35,2026-01-06 17:25:36,10,17,192,16.1%,76,NORMAL,235.7,0.0,3.6,False
1767700537.51,2026-01-06 17:25:37,10,17,192,16.2%,76,NORMAL,235.4,0.0,3.6,False
1767700538.76,2026-01-06 17:25:38,10,17,193,16.4%,76,NORMAL,236.3,0.0,3.6,False
1767700539.79,2026-01-06 17:25:39,12,17,193,16.6%,76,NORMAL,235.8,0.0,3.7,False
1767700540.90,2026-01-06 17:25:40,10,17,193,16.7%,76,NORMAL,235.4,0.0,3.7,False
1767700542.05,2026-01-06 17:25:42,12,17,193,16.8%,76,NORMAL,235.0,0.0,3.7,False
1767700543.24,2026-01-06 17:25:43,12,17,194,17.0%,76,NORMAL,235.8,0.0,3.7,False
1767700544.48,2026-01-06 17:25:44,11,17,194,17.1%,76,NORMAL,235.5,0.0,3.7,False
1767700546.99,2026-01-06 17:25:46,10,17,194,17.1%,76,NORMAL,235.0,0.0,3.8,False
1767700548.79,2026-01-06 17:25:48,9,17,194,17.0%,76,NORMAL,234.2,0.0,3.8,False
1767700550.22,2026-01-06 17:25:50,8,17,194,16.8%,76,NORMAL,233.6,0.0,3.8,False
1767700551.23,2026-01-06 17:25:51,10,17,195,16.7%,76,NORMAL,234.5,0.0,3.8,False
1767700552.41,2026-01-06 17:25:52,9,17,196,16.5%,76,NORMAL,235.0,0.0,3.8,False
1767700553.43,2026-01-06 17:25:53,8,17,196,16.3%,76,NORMAL,234.6,0.0,3.9,False
1767700554.51,2026-01-06 17:25:54,8,17,197,16.2%,76,NORMAL,235.5,0.0,3.9,False
1767700555.74,2026-01-06 17:25:55,9,17,197,16.0%,76,NORMAL,235.1,0.0,3.9,False
1767700556.97,2026-01-06 17:25:56,9,17,198,15.9%,76,NORMAL,235.9,0.0,3.9,False
1767700558.19,2026-01-06 17:25:58,9,17,198,15.7%,76,NORMAL,235.2,0.0,4.0,False
1767700559.27,2026-01-06 17:25:59,8,17,198,15.5%,76,NORMAL,235.1,0.0,4.0,False
1767700560.70,2026-01-06 17:26:00,9,17,198,15.4%,76,NORMAL,234.8,0.0,4.0,False
1767700561.87,2026-01-06 17:26:01,10,17,198,15.4%,76,NORMAL,234.5,0.0,4.0,False
1767700563.08,2026-01-06 17:26:03,10,17,199,15.3%,76,NORMAL,235.2,0.0,4.0,False
1767700564.41,2026-01-06 17:26:04,9,17,199,15.2%,76,NORMAL,234.7,0.0,4.0,False
1767700565.58,2026-01-06 17:26:05,8,17,199,15.0%,76,NORMAL,234.1,0.0,4.0,False
1767700566.79,2026-01-06 17:26:06,9,17,199,14.9%,76,NORMAL,233.8,0.0,4.0,False
1767700567.85,2026-01-06 17:26:07,9,17,199,14.9%,76,NORMAL,233.5,0.0,4.0,False
1767700568.87,2026-01-06 17:26:08,9,17,199,14.8%,76,NORMAL,233.2,0.0,4.0,False
1767700569.88,2026-01-06 17:26:09,10,17,199,14.8%,76,NORMAL,232.9,0.0,4.0,False
1767700571.16,2026-01-06 17:26:11,10,17,200,14.8%,76,NORMAL,233.6,0.0,3.9,False
1767700572.73,2026-01-06 17:26:12,11,17,201,14.8%,76,NORMAL,234.2,0.0,3.9,False
1767700573.83,2026-01-06 17:26:13,11,17,202,14.9%,76,NORMAL,235.0,0.0,3.9,False
1767700575.51,2026-01-06 17:26:15,9,17,203,14.8%,76,NORMAL,235.6,0.0,3.9,False
1767700577.41,2026-01-06 17:26:17,10,17,204,14.8%,76,NORMAL,236.3,0.0,3.8,False
1767700578.64,2026-01-06 17:26:18,10,17,204,14.7%,76,NORMAL,236.0,0.0,3.8,False
1767700580.50,2026-01-06 17:26:20,9,17,204,14.7%,76,NORMAL,235.2,0.0,3.8,False
1767700581.77,2026-01-06 17:26:21,9,17,204,14.6%,76,NORMAL,234.9,0.0,3.8,False
1767700584.20,2026-01-06 17:26:24,11,17,207,14.5%,76,NORMAL,237.9,0.0,3.8,False
1767700585.54,2026-01-06 17:26:25,11,17,208,14.5%,76,NORMAL,238.6,0.0,3.8,False
1767700586.75,2026-01-06 17:26:26,10,17,208,14.5%,76,NORMAL,238.3,0.0,3.7,False
1767700588.66,2026-01-06 17:26:28,12,17,209,14.7%,76,NORMAL,238.7,0.0,3.7,False
1767700589.83,2026-01-06 17:26:29,11,17,209,14.8%,76,NORMAL,238.3,0.0,3.7,False
1767700591.34,2026-01-06 17:26:31,12,17,210,14.9%,76,NORMAL,239.1,0.0,3.7,False
1767700592.57,2026-01-06 17:26:32,14,17,211,15.1%,76,NORMAL,239.8,0.0,3.7,False
1767700594.26,2026-01-06 17:26:34,15,17,212,15.5%,76,NORMAL,240.6,0.0,3.7,False
1767700595.37,2026-01-06 17:26:35,12,17,212,15.7%,76,NORMAL,240.3,0.0,3.7,False
1767700596.55,2026-01-06 17:26:36,11,17,212,15.8%,76,NORMAL,239.8,0.0,3.7,False
1767700598.66,2026-01-06 17:26:38,10,17,213,15.8%,76,NORMAL,240.2,0.0,3.7,False
1767700599.86,2026-01-06 17:26:39,11,17,213,15.9%,76,NORMAL,239.8,0.0,3.7,False
1767700601.57,2026-01-06 17:26:41,11,17,213,16.1%,76,NORMAL,239.5,0.0,3.7,False
1767700602.61,2026-01-06 17:26:42,12,17,214,16.2%,76,NORMAL,240.1,0.0,3.7,False
1767700603.66,2026-01-06 17:26:43,11,17,214,16.2%,76,NORMAL,239.9,0.0,3.7,False
1767700605.29,2026-01-06 17:26:45,11,17,214,16.3%,76,NORMAL,239.3,0.0,3.7,False
1767700606.47,2026-01-06 17:26:46,12,17,214,16.4%,76,NORMAL,239.0,0.0,3.7,False
1767700608.07,2026-01-06 17:26:48,12,17,214,16.6%,76,NORMAL,238.4,0.0,3.7,False
1767700609.16,2026-01-06 17:26:49,13,17,215,16.8%,76,NORMAL,238.9,0.0,3.7,False
1767700610.49,2026-01-06 17:26:50,12,17,215,17.0%,76,NORMAL,238.6,0.0,3.7,False
1767700611.99,2026-01-06 17:26:51,12,17,215,17.1%,76,NORMAL,238.3,0.0,3.7,False
1767700613.70,2026-01-06 17:26:53,13,17,216,17.3%,76,NORMAL,239.1,0.0,3.7,False
1767700615.50,2026-01-06 17:26:55,11,17,217,17.3%,76,NORMAL,239.5,0.0,3.8,False
1767700616.99,2026-01-06 17:26:56,12,17,217,17.4%,76,NORMAL,239.2,0.0,3.8,False
1767700618.77,2026-01-06 17:26:58,13,17,218,17.5%,76,NORMAL,239.9,0.0,3.8,False
1767700620.17,2026-01-06 17:27:00,13,17,220,17.6%,76,NORMAL,241.6,0.0,3.7,False
1767700621.81,2026-01-06 17:27:01,14,17,221,17.8%,76,NORMAL,242.4,0.0,3.7,False
1767700623.36,2026-01-06 17:27:03,15,17,221,18.1%,76,NORMAL,241.8,0.0,3.7,False
1767700624.51,2026-01-06 17:27:04,15,17,221,18.4%,76,NORMAL,241.5,0.0,3.7,False
1767700625.99,2026-01-06 17:27:05,15,17,222,18.6%,76,NORMAL,242.0,0.0,3.6,False
1767700627.61,2026-01-06 17:27:07,16,17,222,18.9%,76,NORMAL,241.7,0.0,3.6,False
1767700628.87,2026-01-06 17:27:08,15,17,223,19.1%,76,NORMAL,242.4,0.0,3.6,False
1767700630.01,2026-01-06 17:27:10,11,17,223,19.1%,76,NORMAL,242.1,0.0,3.6,False
1767700631.61,2026-01-06 17:27:11,12,17,224,19.1%,76,NORMAL,242.9,0.0,3.6,False
1767700632.69,2026-01-06 17:27:12,10,17,224,19.1%,76,NORMAL,242.6,0.0,3.6,False
1767700633.78,2026-01-06 17:27:13,11,17,224,19.0%,76,NORMAL,242.2,0.0,3.6,False
1767700634.90,2026-01-06 17:27:14,10,17,224,18.8%,76,NORMAL,242.0,0.0,3.5,False
1767700636.16,2026-01-06 17:27:16,11,17,224,18.6%,76,NORMAL,241.6,0.0,3.5,False
1767700637.55,2026-01-06 17:27:17,12,17,225,18.6%,76,NORMAL,242.4,0.0,3.5,False
1767700638.97,2026-01-06 17:27:18,12,17,225,18.7%,76,NORMAL,242.1,0.0,3.5,False
1767700640.08,2026-01-06 17:27:20,11,17,225,18.7%,76,NORMAL,241.8,0.0,3.5,False
1767700641.29,2026-01-06 17:27:21,13,17,227,18.8%,76,NORMAL,243.5,0.0,3.5,False
1767700642.86,2026-01-06 17:27:22,11,17,229,18.8%,76,NORMAL,245.2,0.0,3.5,False
1767700644.07,2026-01-06 17:27:24,11,17,230,18.8%,76,NORMAL,245.7,0.0,3.4,False
1767700645.13,2026-01-06 17:27:25,11,17,230,18.8%,76,NORMAL,245.3,0.0,3.4,False
1767700646.63,2026-01-06 17:27:26,8,17,230,18.6%,76,NORMAL,244.8,0.0,3.4,False
1767700647.98,2026-01-06 17:27:27,9,17,230,18.5%,76,NORMAL,244.5,0.0,3.4,False
1767700649.47,2026-01-06 17:27:29,10,17,231,18.4%,76,NORMAL,245.3,0.0,3.4,False
1767700650.63,2026-01-06 17:27:30,10,17,232,18.2%,76,NORMAL,245.8,0.0,3.4,False
1767700651.88,2026-01-06 17:27:31,10,17,232,18.1%,76,NORMAL,245.4,0.0,3.4,False
1767700653.06,2026-01-06 17:27:33,9,17,232,18.0%,76,NORMAL,245.1,0.0,3.4,False
1767700654.21,2026-01-06 17:27:34,9,17,233,17.8%,76,NORMAL,245.6,0.0,3.4,False
1767700655.40,2026-01-06 17:27:35,9,17,233,17.7%,76,NORMAL,245.3,0.0,3.3,False
1767700656.42,2026-01-06 17:27:36,9,17,233,17.6%,76,NORMAL,244.8,0.0,3.3,False
1767700657.64,2026-01-06 17:27:37,9,17,233,17.4%,76,NORMAL,244.4,0.0,3.3,False
1767700658.92,2026-01-06 17:27:38,8,17,233,17.1%,76,NORMAL,244.0,0.0,3.3,False
1767700659.94,2026-01-06 17:27:39,8,17,233,16.8%,76,NORMAL,243.7,0.0,3.3,False
1767700661.66,2026-01-06 17:27:41,8,17,234,16.5%,76,NORMAL,244.0,0.0,3.3,False
1767700662.89,2026-01-06 17:27:42,7,17,234,16.1%,76,NORMAL,243.6,0.0,3.3,False
1767700664.43,2026-01-06 17:27:44,8,17,234,15.8%,76,NORMAL,243.3,0.0,3.3,False
1767700665.75,2026-01-06 17:27:45,9,17,234,15.5%,76,NORMAL,242.6,0.0,3.3,False
1767700666.85,2026-01-06 17:27:46,6,17,234,15.0%,76,NORMAL,242.2,0.0,3.4,False
1767700667.88,2026-01-06 17:27:47,8,17,235,14.9%,76,NORMAL,243.0,0.0,3.4,False
1767700668.98,2026-01-06 17:27:48,7,17,235,14.6%,76,NORMAL,242.4,0.0,3.4,False
1767700670.27,2026-01-06 17:27:50,8,17,235,14.5%,76,NORMAL,242.0,0.0,3.4,False
1767700671.68,2026-01-06 17:27:51,9,17,236,14.4%,76,NORMAL,242.6,0.0,3.4,False
1767700673.29,2026-01-06 17:27:53,8,17,237,14.3%,76,NORMAL,242.9,0.0,3.5,False
1767700674.54,2026-01-06 17:27:54,8,17,238,14.2%,76,NORMAL,243.5,0.0,3.5,False
1767700675.77,2026-01-06 17:27:55,7,17,238,14.0%,76,NORMAL,243.1,0.0,3.5,False
1767700677.29,2026-01-06 17:27:57,7,17,238,13.7%,76,NORMAL,242.6,0.0,3.6,False
1767700678.83,2026-01-06 17:27:58,8,17,240,13.6%,76,NORMAL,243.9,0.0,3.7,False
1767700680.71,2026-01-06 17:28:00,6,17,240,13.2%,76,NORMAL,243.7,0.0,3.7,False
1767700681.83,2026-01-06 17:28:01,8,17,240,13.1%,76,NORMAL,243.1,0.0,3.7,False
1767700682.92,2026-01-06 17:28:02,8,17,240,12.9%,76,NORMAL,242.6,0.0,3.8,False
1767700684.15,2026-01-06 17:28:04,7,17,240,12.7%,76,NORMAL,242.3,0.0,3.8,False
1767700685.46,2026-01-06 17:28:05,7,17,240,12.7%,76,NORMAL,242.0,0.0,3.8,False
1767700686.51,2026-01-06 17:28:06,7,17,240,12.6%,76,NORMAL,241.6,0.0,3.8,False
1767700687.61,2026-01-06 17:28:07,7,17,240,12.4%,76,NORMAL,241.1,0.0,3.9,False
1767700689.74,2026-01-06 17:28:09,7,17,240,12.3%,76,NORMAL,240.5,0.0,3.9,False
1767700691.22,2026-01-06 17:28:11,8,17,241,12.2%,76,NORMAL,241.1,0.0,3.9,False
1767700692.92,2026-01-06 17:28:12,8,17,241,12.1%,76,NORMAL,241.0,0.0,3.9,False
1767700694.45,2026-01-06 17:28:14,7,17,242,12.0%,76,NORMAL,230.0,0.0,3.9,False
1767700695.96,2026-01-06 17:28:15,7,17,242,11.9%,76,NORMAL,230.0,0.0,3.8,False
1767700697.38,2026-01-06 17:28:17,8,17,242,11.9%,76,NORMAL,230.0,0.0,3.8,False
1767700698.97,2026-01-06 17:28:18,6,17,242,11.7%,76,NORMAL,230.0,0.0,3.8,False
1767700700.31,2026-01-06 17:28:20,5,17,242,11.6%,76,NORMAL,230.0,0.0,3.8,False
1767700701.46,2026-01-06 17:28:21,5,17,242,11.4%,76,NORMAL,229.0,0.0,3.7,False
1767700702.75,2026-01-06 17:28:22,7,17,242,11.4%,76,NORMAL,229.0,0.0,3.7,False
1767700704.16,2026-01-06 17:28:24,8,17,242,11.4%,76,NORMAL,229.0,0.0,3.7,False
1767700705.28,2026-01-06 17:28:25,6,17,242,11.3%,76,NORMAL,229.0,0.0,3.7,False
1767700706.45,2026-01-06 17:28:26,8,17,242,11.3%,76,NORMAL,227.0,0.0,3.6,False
1767700707.86,2026-01-06 17:28:27,8,17,242,11.4%,76,NORMAL,227.0,0.0,3.6,False
1767700709.39,2026-01-06 17:28:29,8,17,242,11.4%,76,NORMAL,227.0,0.0,3.6,False
1767700710.43,2026-01-06 17:28:30,7,17,242,11.4%,76,NORMAL,227.0,0.0,3.6,False
1767700711.95,2026-01-06 17:28:31,8,17,242,11.4%,76,NORMAL,227.0,0.0,3.5,False
1767700712.96,2026-01-06 17:28:32,8,17,242,11.3%,76,NORMAL,226.0,0.0,3.5,False
1767700714.20,2026-01-06 17:28:34,6,17,242,11.2%,76,NORMAL,225.0,0.0,3.5,False
1767700715.40,2026-01-06 17:28:35,9,17,245,11.3%,76,NORMAL,228.0,0.0,3.5,False
1767700716.60,2026-01-06 17:28:36,7,17,245,11.3%,76,NORMAL,228.0,0.0,3.4,False
1767700718.10,2026-01-06 17:28:38,11,17,247,11.5%,76,NORMAL,230.0,0.0,3.4,False
1767700719.15,2026-01-06 17:28:39,12,17,247,11.7%,76,NORMAL,229.0,0.0,3.4,False
1767700720.53,2026-01-06 17:28:40,10,17,247,11.9%,76,NORMAL,229.0,0.0,3.4,False
1767700721.62,2026-01-06 17:28:41,10,17,247,12.0%,76,NORMAL,228.0,0.0,3.3,False
1767700722.84,2026-01-06 17:28:42,11,17,247,12.1%,76,NORMAL,227.0,0.0,3.3,False
1767700723.87,2026-01-06 17:28:43,11,17,247,12.3%,76,NORMAL,227.0,0.0,3.3,False
1767700725.45,2026-01-06 17:28:45,10,17,248,12.5%,76,NORMAL,228.0,0.0,3.3,False
1767700726.69,2026-01-06 17:28:46,9,17,248,12.6%,76,NORMAL,228.0,0.0,3.3,False
1767700727.89,2026-01-06 17:28:47,9,17,248,12.7%,76,NORMAL,228.0,0.0,3.3,False
1767700729.45,2026-01-06 17:28:49,10,17,250,12.8%,76,NORMAL,230.0,0.0,3.3,False
1767700730.95,2026-01-06 17:28:50,9,17,250,12.9%,76,NORMAL,230.0,0.0,3.3,False
1767700732.55,2026-01-06 17:28:52,9,17,250,12.9%,76,NORMAL,230.0,0.0,3.3,False
1767700733.61,2026-01-06 17:28:53,9,17,251,13.0%,76,NORMAL,230.0,0.0,3.3,False
1767700734.65,2026-01-06 17:28:54,8,17,251,13.1%,76,NORMAL,230.0,0.0,3.4,False
1767700735.93,2026-01-06 17:28:55,7,17,251,13.0%,76,NORMAL,230.0,0.0,3.4,False
1767700737.04,2026-01-06 17:28:57,7,17,251,13.1%,76,NORMAL,229.0,0.0,3.4,False
1767700738.36,2026-01-06 17:28:58,7,17,251,13.2%,76,NORMAL,229.0,0.0,3.4,False
1767700739.65,2026-01-06 17:28:59,9,17,252,13.4%,76,NORMAL,230.0,0.0,3.5,False
1767700740.79,2026-01-06 17:29:00,9,17,252,13.5%,76,NORMAL,230.0,0.0,3.5,False
1767700742.78,2026-01-06 17:29:02,9,17,253,13.5%,76,NORMAL,228.0,0.0,3.5,False
1767700743.85,2026-01-06 17:29:03,10,17,254,13.7%,76,NORMAL,228.0,0.0,3.5,False
1767700744.93,2026-01-06 17:29:04,9,17,254,13.8%,76,NORMAL,228.0,0.0,3.5,False
1767700746.39,2026-01-06 17:29:06,7,17,254,13.7%,76,NORMAL,227.0,0.0,3.6,False
1767700747.94,2026-01-06 17:29:07,7,17,254,13.7%,76,NORMAL,227.0,0.0,3.6,False
1767700748.94,2026-01-06 17:29:08,7,17,254,13.7%,76,NORMAL,227.0,0.0,3.6,False
1767700750.52,2026-01-06 17:29:10,7,17,254,13.6%,76,NORMAL,227.0,0.0,3.6,False
1767700751.58,2026-01-06 17:29:11,7,17,254,13.6%,76,NORMAL,226.0,0.0,3.7,False
1767700753.39,2026-01-06 17:29:13,7,17,254,13.6%,76,NORMAL,223.0,0.0,3.7,False
1767700754.95,2026-01-06 17:29:14,8,17,255,13.6%,76,NORMAL,224.0,0.0,3.7,False
1767700756.18,2026-01-06 17:29:16,8,17,256,13.6%,76,NORMAL,225.0,0.0,3.7,False
1767700757.46,2026-01-06 17:29:17,9,17,257,13.5%,76,NORMAL,225.0,0.0,3.7,False
1767700758.55,2026-01-06 17:29:18,9,17,257,13.4%,76,NORMAL,225.0,0.0,3.7,False
1767700759.68,2026-01-06 17:29:19,9,17,257,13.3%,76,NORMAL,225.0,0.0,3.7,False
1767700761.15,2026-01-06 17:29:21,7,17,257,13.2%,76,NORMAL,225.0,0.0,3.7,False
1767700762.36,2026-01-06 17:29:22,8,17,257,13.0%,76,NORMAL,225.0,0.0,3.6,False
1767700763.46,2026-01-06 17:29:23,8,17,257,12.9%,76,NORMAL,225.0,0.0,3.6,False
1767700764.73,2026-01-06 17:29:24,5,17,258,12.6%,76,NORMAL,226.0,0.0,3.6,False
1767700766.12,2026-01-06 17:29:26,7,17,258,12.5%,76,NORMAL,226.0,0.0,3.6,False
1767700767.43,2026-01-06 17:29:27,7,17,258,12.4%,76,NORMAL,226.0,0.0,3.6,False
1767700768.91,2026-01-06 17:29:28,6,17,258,12.2%,76,NORMAL,225.0,0.0,3.6,False
1767700770.13,2026-01-06 17:29:30,7,17,258,12.1%,76,NORMAL,225.0,0.0,3.6,False
1767700771.23,2026-01-06 17:29:31,8,17,258,12.1%,76,NORMAL,225.0,0.0,3.6,False
1767700773.00,2026-01-06 17:29:33,10,17,259,12.1%,76,NORMAL,226.0,0.0,3.6,False
1767700774.21,2026-01-06 17:29:34,8,17,260,12.1%,76,NORMAL,227.0,0.0,3.6,False
1767700775.33,2026-01-06 17:29:35,8,17,260,12.2%,76,NORMAL,224.0,0.0,3.6,False
1767700776.99,2026-01-06 17:29:36,8,17,260,12.2%,76,NORMAL,224.0,0.0,3.6,False
1767700778.06,2026-01-06 17:29:38,8,17,260,12.3%,76,NORMAL,223.0,0.0,3.5,False
1767700779.54,2026-01-06 17:29:39,8,17,260,12.2%,76,NORMAL,223.0,0.0,3.5,False
1767700780.58,2026-01-06 17:29:40,9,17,260,12.2%,76,NORMAL,222.0,0.0,3.5,False
1767700781.63,2026-01-06 17:29:41,8,17,260,12.2%,76,NORMAL,222.0,0.0,3.5,False
1767700783.16,2026-01-06 17:29:43,7,17,260,12.0%,76,NORMAL,222.0,0.0,3.5,False
1767700784.28,2026-01-06 17:29:44,7,17,260,11.9%,76,NORMAL,221.0,0.0,3.5,False
1767700785.35,2026-01-06 17:29:45,7,17,260,11.9%,76,NORMAL,221.0,0.0,3.4,False
1767700786.38,2026-01-06 17:29:46,7,17,260,11.9%,76,NORMAL,220.0,0.0,3.4,False
1767700787.43,2026-01-06 17:29:47,7,17,261,11.9%,76,NORMAL,221.0,0.0,3.4,False
1767700788.64,2026-01-06 17:29:48,7,17,261,11.9%,76,NORMAL,221.0,0.0,3.4,False
1767700790.22,2026-01-06 17:29:50,8,17,261,12.0%,76,NORMAL,221.0,0.0,3.3,False
1767700791.31,2026-01-06 17:29:51,8,17,261,12.0%,76,NORMAL,221.0,0.0,3.3,False
1767700792.48,2026-01-06 17:29:52,9,17,261,12.1%,76,NORMAL,221.0,0.0,3.3,False
1767700793.97,2026-01-06 17:29:53,9,17,261,12.1%,76,NORMAL,216.0,0.0,3.3,False
1767700795.14,2026-01-06 17:29:55,8,17,261,12.1%,76,NORMAL,216.0,0.0,3.2,False
1767700796.30,2026-01-06 17:29:56,8,17,261,12.0%,76,NORMAL,216.0,0.0,3.2,False
1767700797.52,2026-01-06 17:29:57,7,17,261,11.9%,76,NORMAL,215.0,0.0,3.2,False
1767700798.73,2026-01-06 17:29:58,9,17,261,12.0%,76,NORMAL,215.0,0.0,3.1,False
1767700800.23,2026-01-06 17:30:00,9,17,262,12.1%,76,NORMAL,216.0,0.0,3.1,False
1767700801.50,2026-01-06 17:30:01,8,17,262,12.1%,76,NORMAL,216.0,0.0,3.1,False
1767700802.83,2026-01-06 17:30:02,8,17,262,12.2%,76,NORMAL,216.0,0.0,3.1,False
1767700804.31,2026-01-06 17:30:04,8,17,262,12.3%,76,NORMAL,216.0,0.0,3.1,False
1767700805.87,2026-01-06 17:30:05,9,17,263,12.4%,76,NORMAL,216.0,0.0,3.1,False
1767700807.09,2026-01-06 17:30:07,7,17,263,12.4%,76,NORMAL,216.0,0.0,3.1,False
1767700808.17,2026-01-06 17:30:08,7,17,263,12.4%,76,NORMAL,216.0,0.0,3.1,False
1767700809.63,2026-01-06 17:30:09,7,17,263,12.4%,76,NORMAL,216.0,0.0,3.2,False
1767700810.72,2026-01-06 17:30:10,8,17,263,12.3%,76,NORMAL,216.0,0.0,3.2,False
1767700811.75,2026-01-06 17:30:11,8,17,263,12.3%,76,NORMAL,215.0,0.0,3.2,False
1767700812.97,2026-01-06 17:30:12,7,17,263,12.2%,76,NORMAL,215.0,0.0,3.2,False
1767700814.17,2026-01-06 17:30:14,7,17,263,12.2%,76,NORMAL,214.0,0.0,3.2,False
1767700815.28,2026-01-06 17:30:15,8,17,264,12.2%,76,NORMAL,215.0,0.0,3.2,False
1767700816.58,2026-01-06 17:30:16,7,17,264,12.1%,76,NORMAL,214.0,0.0,3.2,False
1767700817.75,2026-01-06 17:30:17,7,17,264,12.0%,76,NORMAL,213.0,0.0,3.2,False
1767700818.97,2026-01-06 17:30:18,7,17,265,12.0%,76,NORMAL,214.0,0.0,3.2,False
1767700820.42,2026-01-06 17:30:20,7,17,265,12.0%,76,NORMAL,212.0,0.0,3.3,False
1767700821.49,2026-01-06 17:30:21,7,17,265,12.0%,76,NORMAL,211.0,0.0,3.3,False
1767700822.50,2026-01-06 17:30:22,7,17,265,12.0%,76,NORMAL,210.0,0.0,3.4,False
1767700823.61,2026-01-06 17:30:23,8,17,265,12.0%,76,NORMAL,210.0,0.0,3.4,False
1767700824.74,2026-01-06 17:30:24,7,17,265,12.0%,76,NORMAL,210.0,0.0,3.4,False
1767700825.93,2026-01-06 17:30:25,7,17,265,12.0%,76,NORMAL,210.0,0.0,3.5,False
1767700827.09,2026-01-06 17:30:27,7,17,265,12.0%,76,NORMAL,210.0,0.0,3.5,False
1767700828.27,2026-01-06 17:30:28,8,17,265,12.0%,76,NORMAL,210.0,0.0,3.6,False
1767700829.41,2026-01-06 17:30:29,7,17,265,11.9%,76,NORMAL,209.0,0.0,3.6,False
1767700831.15,2026-01-06 17:30:31,7,17,265,11.8%,76,NORMAL,209.0,0.0,3.7,False
1767700832.39,2026-01-06 17:30:32,9,17,265,11.8%,76,NORMAL,209.0,0.0,3.7,False
1767700833.57,2026-01-06 17:30:33,8,17,265,11.8%,76,NORMAL,208.0,0.0,3.7,False
1767700834.88,2026-01-06 17:30:34,8,17,265,11.9%,76,NORMAL,208.0,0.0,3.7,False
1767700836.69,2026-01-06 17:30:36,9,17,266,11.9%,76,NORMAL,209.0,0.0,3.8,False
1767700837.86,2026-01-06 17:30:37,7,17,266,11.8%,76,NORMAL,206.0,0.0,3.8,False
1767700838.92,2026-01-06 17:30:38,7,17,266,11.7%,76,NORMAL,206.0,0.0,3.8,False
1767700840.29,2026-01-06 17:30:40,9,17,267,11.8%,76,NORMAL,206.0,0.0,3.8,False
1767700841.40,2026-01-06 17:30:41,8,17,268,11.8%,76,NORMAL,207.0,0.0,3.8,False
1767700842.64,2026-01-06 17:30:42,9,17,269,11.8%,76,NORMAL,208.0,0.0,3.8,False
1767700844.20,2026-01-06 17:30:44,10,17,271,11.9%,76,NORMAL,207.0,0.0,3.8,False
1767700845.20,2026-01-06 17:30:45,9,17,272,12.0%,76,NORMAL,207.0,0.0,3.8,False
1767700846.28,2026-01-06 17:30:46,10,17,272,12.2%,76,NORMAL,207.0,0.0,3.8,False
1767700847.58,2026-01-06 17:30:47,9,17,272,12.2%,76,NORMAL,207.0,0.0,3.8,False
1767700849.09,2026-01-06 17:30:49,9,17,273,12.3%,76,NORMAL,206.0,0.0,3.8,False
1767700850.26,2026-01-06 17:30:50,10,17,273,12.4%,76,NORMAL,204.0,0.0,3.8,False
1767700851.31,2026-01-06 17:30:51,10,17,273,12.6%,76,NORMAL,204.0,0.0,3.9,False
1767700853.09,2026-01-06 17:30:53,11,17,274,12.7%,76,NORMAL,204.0,0.0,3.9,False
1767700854.69,2026-01-06 17:30:54,11,17,274,12.9%,76,NORMAL,202.0,0.0,4.0,False
1767700855.80,2026-01-06 17:30:55,11,17,274,13.1%,76,NORMAL,202.0,0.0,4.0,False
1767700857.04,2026-01-06 17:30:57,12,17,274,13.4%,76,NORMAL,202.0,0.0,4.0,False
1767700858.05,2026-01-06 17:30:58,11,17,274,13.6%,76,NORMAL,202.0,0.0,4.0,False
1767700859.07,2026-01-06 17:30:59,12,17,275,13.8%,76,NORMAL,203.0,0.0,4.0,False
1767700860.19,2026-01-06 17:31:00,12,17,276,14.1%,76,NORMAL,204.0,0.0,4.0,False
1767700861.97,2026-01-06 17:31:01,12,17,276,14.2%,76,NORMAL,204.0,0.0,4.0,False
1767700863.07,2026-01-06 17:31:03,11,17,276,14.4%,76,NORMAL,202.0,0.0,3.9,False
1767700864.34,2026-01-06 17:31:04,11,17,276,14.6%,76,NORMAL,202.0,0.0,3.9,False
1767700866.06,2026-01-06 17:31:06,11,17,276,14.8%,76,NORMAL,202.0,0.0,3.9,False
1767700867.23,2026-01-06 17:31:07,12,17,276,15.0%,76,NORMAL,200.0,0.0,3.9,False
1767700868.32,2026-01-06 17:31:08,12,17,276,15.3%,76,NORMAL,199.0,0.0,3.9,False
1767700869.73,2026-01-06 17:31:09,11,17,276,15.5%,76,NORMAL,199.0,0.0,3.9,False
1767700871.35,2026-01-06 17:31:11,11,17,277,15.6%,76,NORMAL,200.0,0.0,3.9,False
1767700872.40,2026-01-06 17:31:12,10,17,277,15.7%,76,NORMAL,200.0,0.0,3.9,False
1767700873.61,2026-01-06 17:31:13,9,17,277,15.7%,76,NORMAL,200.0,0.0,3.9,False
1767700875.33,2026-01-06 17:31:15,10,17,277,15.8%,76,NORMAL,200.0,0.0,3.9,False
1767700876.57,2026-01-06 17:31:16,11,17,278,16.0%,76,NORMAL,199.0,0.0,3.9,False
1767700877.96,2026-01-06 17:31:17,10,17,278,16.1%,76,NORMAL,198.0,0.0,4.0,False
1767700879.31,2026-01-06 17:31:19,9,17,278,16.1%,76,NORMAL,198.0,0.0,4.0,False
1767700880.84,2026-01-06 17:31:20,12,17,279,16.3%,76,NORMAL,198.0,0.0,4.0,False
1767700881.91,2026-01-06 17:31:21,10,17,279,16.4%,76,NORMAL,197.0,0.0,4.0,False
1767700882.99,2026-01-06 17:31:22,10,17,279,16.4%,76,NORMAL,197.0,0.0,4.0,False
1767700884.27,2026-01-06 17:31:24,13,17,282,16.5%,76,NORMAL,198.0,0.0,3.9,False
1767700885.32,2026-01-06 17:31:25,12,17,282,16.6%,76,NORMAL,198.0,0.0,3.9,False
1767700887.33,2026-01-06 17:31:27,13,17,283,16.8%,76,NORMAL,199.0,0.0,3.9,False
1767700888.44,2026-01-06 17:31:28,12,17,283,17.0%,76,NORMAL,199.0,0.0,3.9,False
1767700889.51,2026-01-06 17:31:29,12,17,283,17.1%,76,NORMAL,199.0,0.0,3.9,False
1767700891.59,2026-01-06 17:31:31,11,17,283,17.1%,76,NORMAL,198.0,0.0,3.9,False
1767700892.66,2026-01-06 17:31:32,12,17,283,17.2%,76,NORMAL,198.0,0.0,3.9,False
1767700893.91,2026-01-06 17:31:33,12,17,283,17.2%,76,NORMAL,198.0,0.0,3.8,False
1767700895.08,2026-01-06 17:31:35,12,17,284,17.3%,76,NORMAL,199.0,0.0,3.7,False
1767700896.33,2026-01-06 17:31:36,12,17,284,17.3%,76,NORMAL,198.0,0.0,3.7,False
1767700897.43,2026-01-06 17:31:37,11,17,284,17.3%,76,NORMAL,196.0,0.0,3.6,False
1767700898.59,2026-01-06 17:31:38,11,17,284,17.2%,76,NORMAL,196.0,0.0,3.6,False
1767700900.31,2026-01-06 17:31:40,10,17,284,17.1%,76,NORMAL,195.0,0.0,3.6,False
1767700901.65,2026-01-06 17:31:41,12,17,286,17.1%,76,NORMAL,197.0,0.0,3.5,False
1767700903.32,2026-01-06 17:31:43,13,17,286,17.2%,76,NORMAL,197.0,0.0,3.4,False
1767700905.28,2026-01-06 17:31:45,13,17,286,17.3%,76,NORMAL,197.0,0.0,3.3,False
1767700906.46,2026-01-06 17:31:46,13,17,286,17.4%,76,NORMAL,197.0,0.0,3.3,False
1767700907.55,2026-01-06 17:31:47,13,17,286,17.5%,76,NORMAL,197.0,0.0,3.3,False
1767700908.59,2026-01-06 17:31:48,13,17,286,17.5%,76,NORMAL,196.0,0.0,3.3,False
1767700910.33,2026-01-06 17:31:50,15,17,286,17.7%,76,NORMAL,196.0,0.0,3.3,False
1767700911.35,2026-01-06 17:31:51,13,17,286,17.8%,76,NORMAL,195.0,0.0,3.2,False
1767700912.89,2026-01-06 17:31:52,14,17,286,18.0%,76,NORMAL,194.0,0.0,3.2,False
1767700914.26,2026-01-06 17:31:54,12,17,286,18.1%,76,NORMAL,194.0,0.0,3.2,False
1767700915.53,2026-01-06 17:31:55,11,17,286,18.2%,76,NORMAL,194.0,0.0,3.2,False
1767700917.25,2026-01-06 17:31:57,11,17,287,18.2%,76,NORMAL,195.0,0.0,3.2,False
1767700918.39,2026-01-06 17:31:58,11,17,287,18.2%,76,NORMAL,195.0,0.0,3.2,False
1767700919.56,2026-01-06 17:31:59,11,17,287,18.3%,76,NORMAL,195.0,0.0,3.2,False
1767700921.41,2026-01-06 17:32:01,11,17,287,18.3%,76,NORMAL,195.0,0.0,3.2,False
1767700922.44,2026-01-06 17:32:02,10,17,287,18.3%,76,NORMAL,194.0,0.0,3.2,False
1767700924.10,2026-01-06 17:32:04,9,17,287,18.2%,76,NORMAL,193.0,0.0,3.2,False
1767700925.65,2026-01-06 17:32:05,8,17,287,18.0%,76,NORMAL,191.0,0.0,3.2,False
1767700927.11,2026-01-06 17:32:07,9,17,287,17.8%,76,NORMAL,191.0,0.0,3.2,False
1767700928.27,2026-01-06 17:32:08,10,17,288,17.7%,76,NORMAL,192.0,0.0,3.2,False
1767700929.90,2026-01-06 17:32:09,9,17,288,17.5%,76,NORMAL,192.0,0.0,3.2,False
1767700931.80,2026-01-06 17:32:11,10,17,288,17.4%,76,NORMAL,192.0,0.0,3.2,False
1767700933.65,2026-01-06 17:32:13,10,17,288,17.4%,76,NORMAL,191.0,0.0,3.2,False
1767700934.83,2026-01-06 17:32:14,10,17,288,17.3%,76,NORMAL,190.0,0.0,3.2,False
1767700936.45,2026-01-06 17:32:16,9,17,288,17.2%,76,NORMAL,190.0,0.0,3.2,False
1767700937.50,2026-01-06 17:32:17,8,17,288,17.0%,76,NORMAL,189.0,0.0,3.2,False
1767700938.81,2026-01-06 17:32:18,8,17,288,16.8%,76,NORMAL,188.0,0.0,3.2,False
1767700939.90,2026-01-06 17:32:19,8,17,288,16.6%,76,NORMAL,188.0,0.0,3.2,False
1767700941.01,2026-01-06 17:32:21,9,17,288,16.5%,76,NORMAL,187.0,0.0,3.3,False
1767700942.07,2026-01-06 17:32:22,9,17,288,16.5%,76,NORMAL,187.0,0.0,3.3,False
1767700943.23,2026-01-06 17:32:23,9,17,288,16.3%,76,NORMAL,186.0,0.0,3.3,False
1767700944.78,2026-01-06 17:32:24,8,17,288,16.1%,76,NORMAL,186.0,0.0,3.4,False
1767700946.23,2026-01-06 17:32:26,9,17,289,15.9%,76,NORMAL,186.0,0.0,3.5,False
1767700947.69,2026-01-06 17:32:27,8,17,289,15.7%,76,NORMAL,186.0,0.0,3.6,False
1767700949.51,2026-01-06 17:32:29,9,17,289,15.5%,76,NORMAL,186.0,0.0,3.7,False
1767700950.63,2026-01-06 17:32:30,9,17,289,15.3%,76,NORMAL,184.0,0.0,3.8,False
1767700951.92,2026-01-06 17:32:31,7,17,289,14.9%,76,NORMAL,184.0,0.0,3.9,False
1767700952.95,2026-01-06 17:32:32,8,17,289,14.6%,76,NORMAL,182.0,0.0,3.9,False
1767700954.64,2026-01-06 17:32:34,8,17,289,14.4%,76,NORMAL,181.0,0.0,4.0,False
1767700956.56,2026-01-06 17:32:36,8,17,290,14.2%,76,NORMAL,181.0,0.0,4.1,False
1767700957.67,2026-01-06 17:32:37,8,17,290,14.0%,76,NORMAL,181.0,0.0,4.1,False
1767700958.68,2026-01-06 17:32:38,9,17,291,13.9%,76,NORMAL,181.0,0.0,4.1,False
1767700959.75,2026-01-06 17:32:39,8,17,291,13.8%,76,NORMAL,180.0,0.0,4.1,False
1767700961.05,2026-01-06 17:32:41,9,17,292,13.7%,76,NORMAL,181.0,0.0,4.1,False
1767700962.73,2026-01-06 17:32:42,9,17,292,13.6%,76,NORMAL,181.0,0.0,4.2,False
1767700964.27,2026-01-06 17:32:44,10,17,292,13.6%,76,NORMAL,181.0,0.0,4.2,False
1767700965.65,2026-01-06 17:32:45,10,17,292,13.6%,76,NORMAL,181.0,0.0,4.2,False
1767700967.14,2026-01-06 17:32:47,9,17,292,13.7%,76,NORMAL,178.0,0.0,4.2,False
1767700968.67,2026-01-06 17:32:48,9,17,292,13.7%,76,NORMAL,178.0,0.0,4.2,False
1767700969.87,2026-01-06 17:32:49,8,17,292,13.6%,76,NORMAL,178.0,0.0,4.2,False
1767700970.89,2026-01-06 17:32:50,7,17,292,13.5%,76,NORMAL,178.0,0.0,4.2,False
1767700972.34,2026-01-06 17:32:52,7,17,293,13.3%,76,NORMAL,179.0,0.0,4.2,False
1767700973.81,2026-01-06 17:32:53,7,17,293,13.2%,76,NORMAL,179.0,0.0,4.2,False
1767700974.86,2026-01-06 17:32:54,7,17,293,13.0%,76,NORMAL,179.0,0.0,4.2,False
1767700975.88,2026-01-06 17:32:55,8,17,293,13.0%,76,NORMAL,179.0,0.0,4.2,False
1767700976.96,2026-01-06 17:32:56,8,17,293,13.0%,76,NORMAL,178.0,0.0,4.1,False
1767700978.18,2026-01-06 17:32:58,9,17,293,13.0%,76,NORMAL,178.0,0.0,4.1,False
1767700979.62,2026-01-06 17:32:59,6,17,293,12.9%,76,NORMAL,175.0,0.0,4.0,False
1767700981.06,2026-01-06 17:33:01,7,17,294,12.8%,76,NORMAL,176.0,0.0,4.0,False
1767700982.63,2026-01-06 17:33:02,10,17,296,12.9%,76,NORMAL,178.0,0.0,3.9,False
1767700984.21,2026-01-06 17:33:04,8,17,296,12.8%,76,NORMAL,178.0,0.0,3.9,False
1767700985.73,2026-01-06 17:33:05,8,17,296,12.8%,76,NORMAL,178.0,0.0,3.8,False
1767700987.34,2026-01-06 17:33:07,7,17,296,12.7%,76,NORMAL,177.0,0.0,3.8,False
1767700988.81,2026-01-06 17:33:08,8,17,297,12.7%,76,NORMAL,178.0,0.0,3.8,False
1767700989.93,2026-01-06 17:33:09,8,17,297,12.7%,76,NORMAL,177.0,0.0,3.7,False
1767700991.42,2026-01-06 17:33:11,8,17,297,12.6%,76,NORMAL,177.0,0.0,3.7,False
1767700993.41,2026-01-06 17:33:13,8,17,297,12.7%,76,NORMAL,177.0,0.0,3.6,False
1767700994.80,2026-01-06 17:33:14,7,17,297,12.6%,76,NORMAL,176.0,0.0,3.5,False
1767700996.34,2026-01-06 17:33:16,7,17,297,12.6%,76,NORMAL,176.0,0.0,3.4,False
1767700997.58,2026-01-06 17:33:17,7,17,297,12.5%,76,NORMAL,176.0,0.0,3.4,False
1767700998.72,2026-01-06 17:33:18,7,17,297,12.5%,76,NORMAL,176.0,0.0,3.3,False
1767700999.74,2026-01-06 17:33:19,8,17,298,12.4%,76,NORMAL,177.0,0.0,3.2,False
1767701001.13,2026-01-06 17:33:21,7,17,298,12.4%,76,NORMAL,177.0,0.0,3.2,False
1767701002.63,2026-01-06 17:33:22,8,17,298,12.3%,76,NORMAL,177.0,0.0,3.1,False
1767701003.93,2026-01-06 17:33:23,9,17,299,12.3%,76,NORMAL,177.0,0.0,3.1,False
1767701005.25,2026-01-06 17:33:25,10,17,299,12.3%,76,NORMAL,177.0,0.0,3.1,False
1767701006.60,2026-01-06 17:33:26,8,17,299,12.2%,76,NORMAL,177.0,0.0,3.1,False
1767701008.28,2026-01-06 17:33:28,9,17,299,12.2%,76,NORMAL,176.0,0.0,3.1,False
1767701009.64,2026-01-06 17:33:29,8,17,299,12.2%,76,NORMAL,176.0,0.0,3.2,False
1767701010.94,2026-01-06 17:33:30,8,17,300,12.2%,76,NORMAL,177.0,0.0,3.3,False
1767701012.43,2026-01-06 17:33:32,10,17,300,12.3%,76,NORMAL,177.0,0.0,3.4,False
1767701013.78,2026-01-06 17:33:33,9,17,300,12.4%,76,NORMAL,177.0,0.0,3.4,False
1767701015.33,2026-01-06 17:33:35,9,17,301,12.5%,76,NORMAL,177.0,0.0,3.4,False
1767701017.28,2026-01-06 17:33:37,9,17,301,12.6%,76,NORMAL,177.0,0.0,3.5,False
1767701018.37,2026-01-06 17:33:38,8,17,301,12.6%,76,NORMAL,176.0,0.0,3.5,False
1767701019.53,2026-01-06 17:33:39,7,17,301,12.6%,76,NORMAL,176.0,0.0,3.5,False
1767701020.55,2026-01-06 17:33:40,8,17,301,12.5%,76,NORMAL,176.0,0.0,3.6,False
1767701021.66,2026-01-06 17:33:41,9,17,301,12.7%,76,NORMAL,176.0,0.0,3.6,False
1767701022.96,2026-01-06 17:33:42,9,17,301,12.8%,76,NORMAL,176.0,0.0,3.5,False
1767701024.11,2026-01-06 17:33:44,9,17,301,12.7%,76,NORMAL,176.0,0.0,3.5,False
1767701025.56,2026-01-06 17:33:45,9,17,302,12.8%,76,NORMAL,176.0,0.0,3.5,False
1767701027.10,2026-01-06 17:33:47,9,17,303,12.8%,76,NORMAL,177.0,0.0,3.5,False
1767701028.57,2026-01-06 17:33:48,9,17,303,12.9%,76,NORMAL,177.0,0.0,3.5,False
1767701029.62,2026-01-06 17:33:49,9,17,303,13.0%,76,NORMAL,177.0,0.0,3.5,False
1767701031.21,2026-01-06 17:33:51,9,17,303,13.0%,76,NORMAL,177.0,0.0,3.5,False
1767701032.42,2026-01-06 17:33:52,10,17,303,13.1%,76,NORMAL,177.0,0.0,3.5,False
1767701033.83,2026-01-06 17:33:53,9,17,303,13.2%,76,NORMAL,177.0,0.0,3.5,False
1767701035.28,2026-01-06 17:33:55,10,17,303,13.3%,76,NORMAL,176.0,0.0,3.5,False
1767701036.62,2026-01-06 17:33:56,9,17,303,13.4%,76,NORMAL,176.0,0.0,3.5,False
1767701038.16,2026-01-06 17:33:58,8,17,303,13.5%,76,NORMAL,175.0,0.0,3.6,False
1767701039.86,2026-01-06 17:33:59,10,17,304,13.6%,76,NORMAL,176.0,0.0,3.6,False
1767701041.02,2026-01-06 17:34:01,12,17,306,13.8%,76,NORMAL,178.0,0.0,3.6,False
1767701042.28,2026-01-06 17:34:02,9,17,306,13.9%,76,NORMAL,178.0,0.0,3.6,False
1767701043.29,2026-01-06 17:34:03,9,17,306,14.0%,76,NORMAL,178.0,0.0,3.6,False
1767701044.45,2026-01-06 17:34:04,9,17,306,14.0%,76,NORMAL,178.0,0.0,3.5,False
1767701046.09,2026-01-06 17:34:06,8,17,307,13.9%,76,NORMAL,179.0,0.0,3.5,False
1767701048.04,2026-01-06 17:34:08,9,17,307,13.9%,76,NORMAL,179.0,0.0,3.5,False
1767701049.08,2026-01-06 17:34:09,9,17,307,13.9%,76,NORMAL,179.0,0.0,3.5,False
1767701050.56,2026-01-06 17:34:10,11,17,308,14.1%,76,NORMAL,180.0,0.0,3.5,False
1767701052.04,2026-01-06 17:34:12,11,17,308,14.2%,76,NORMAL,179.0,0.0,3.4,False
1767701053.93,2026-01-06 17:34:13,9,17,309,14.2%,76,NORMAL,178.0,0.0,3.3,False
1767701055.00,2026-01-06 17:34:14,9,17,309,14.2%,76,NORMAL,178.0,0.0,3.3,False
1767701056.03,2026-01-06 17:34:16,10,17,309,14.2%,76,NORMAL,178.0,0.0,3.2,False
1767701057.73,2026-01-06 17:34:17,10,17,311,14.3%,76,NORMAL,179.0,0.0,3.2,False
1767701059.00,2026-01-06 17:34:18,10,17,311,14.4%,76,NORMAL,179.0,0.0,3.2,False
1767701060.23,2026-01-06 17:34:20,9,17,311,14.5%,76,NORMAL,179.0,0.0,3.1,False
1767701061.44,2026-01-06 17:34:21,10,17,313,14.6%,76,NORMAL,181.0,0.0,3.1,False
1767701063.12,2026-01-06 17:34:23,12,17,314,14.7%,76,NORMAL,182.0,0.0,3.1,False
1767701064.48,2026-01-06 17:34:24,11,17,314,14.8%,76,NORMAL,182.0,0.0,3.1,False
1767701065.75,2026-01-06 17:34:25,9,17,314,14.8%,76,NORMAL,181.0,0.0,3.0,False
1767701067.31,2026-01-06 17:34:27,11,17,314,14.9%,76,NORMAL,181.0,0.0,3.0,False
1767701068.44,2026-01-06 17:34:28,11,17,314,15.0%,76,NORMAL,180.0,0.0,3.0,False
1767701069.62,2026-01-06 17:34:29,10,17,314,15.0%,76,NORMAL,180.0,0.0,3.0,False
1767701071.29,2026-01-06 17:34:31,10,17,314,15.1%,76,NORMAL,180.0,0.0,3.0,False
1767701072.55,2026-01-06 17:34:32,10,17,315,15.1%,76,NORMAL,181.0,0.0,3.0,False
1767701073.81,2026-01-06 17:34:33,10,17,315,15.1%,76,NORMAL,181.0,0.0,3.0,False
1767701075.02,2026-01-06 17:34:35,9,17,316,15.1%,76,NORMAL,181.0,0.0,3.0,False
1767701076.02,2026-01-06 17:34:36,9,17,316,15.1%,76,NORMAL,180.0,0.0,3.0,False
1767701077.73,2026-01-06 17:34:37,11,17,317,15.2%,76,NORMAL,181.0,0.0,3.0,False
1767701079.38,2026-01-06 17:34:39,10,17,317,15.3%,76,NORMAL,181.0,0.0,3.0,False
1767701080.68,2026-01-06 17:34:40,8,17,318,15.2%,76,NORMAL,182.0,0.0,3.0,False
1767701081.91,2026-01-06 17:34:41,6,17,318,14.9%,76,NORMAL,182.0,0.0,3.1,False
1767701083.57,2026-01-06 17:34:43,9,17,319,14.9%,76,NORMAL,183.0,0.0,3.1,False
1767701084.59,2026-01-06 17:34:44,8,17,319,14.8%,76,NORMAL,182.0,0.0,3.1,False
1767701085.86,2026-01-06 17:34:45,7,17,319,14.7%,76,NORMAL,182.0,0.0,3.1,False
1767701087.86,2026-01-06 17:34:47,7,17,321,14.7%,76,NORMAL,183.0,0.0,3.1,False
1767701088.98,2026-01-06 17:34:48,7,17,322,14.6%,76,NORMAL,184.0,0.0,3.2,False
1767701090.52,2026-01-06 17:34:50,7,17,322,14.5%,76,NORMAL,184.0,0.0,3.2,False
1767701091.71,2026-01-06 17:34:51,9,17,324,14.4%,76,NORMAL,186.0,0.0,3.2,False
1767701093.07,2026-01-06 17:34:53,9,17,325,14.3%,76,NORMAL,187.0,0.0,3.2,False
1767701095.26,2026-01-06 17:34:55,10,17,327,14.4%,76,NORMAL,189.0,0.0,3.2,False
1767701096.41,2026-01-06 17:34:56,8,17,329,14.3%,76,NORMAL,191.0,0.0,3.2,False
1767701097.43,2026-01-06 17:34:57,9,17,329,14.3%,76,NORMAL,191.0,0.0,3.2,False
1767701098.65,2026-01-06 17:34:58,9,17,329,14.2%,76,NORMAL,191.0,0.0,3.3,False
1767701099.92,2026-01-06 17:34:59,9,17,329,14.2%,76,NORMAL,191.0,0.0,3.3,False
1767701101.10,2026-01-06 17:35:01,9,17,330,14.2%,76,NORMAL,191.0,0.0,3.3,False
1767701102.47,2026-01-06 17:35:02,9,17,330,14.1%,76,NORMAL,191.0,0.0,3.4,False
1767701103.64,2026-01-06 17:35:03,10,17,330,14.0%,76,NORMAL,191.0,0.0,3.4,False
1767701104.78,2026-01-06 17:35:04,10,17,330,14.0%,76,NORMAL,190.0,0.0,3.4,False
1767701105.95,2026-01-06 17:35:05,9,17,330,14.0%,76,NORMAL,190.0,0.0,3.4,False
1767701107.10,2026-01-06 17:35:07,6,17,330,13.7%,76,NORMAL,188.0,0.0,3.5,False
1767701108.24,2026-01-06 17:35:08,12,17,332,13.8%,76,NORMAL,190.0,0.0,3.5,False
1767701109.25,2026-01-06 17:35:09,11,17,332,13.8%,76,NORMAL,189.0,0.0,3.5,False
1767701110.75,2026-01-06 17:35:10,10,17,333,13.8%,76,NORMAL,189.0,0.0,3.6,False
1767701112.09,2026-01-06 17:35:12,8,17,333,13.7%,76,NORMAL,189.0,0.0,3.7,False
1767701113.23,2026-01-06 17:35:13,9,17,333,13.7%,76,NORMAL,189.0,0.0,3.7,False
1767701114.58,2026-01-06 17:35:14,9,17,333,13.7%,76,NORMAL,189.0,0.0,3.7,False
1767701116.45,2026-01-06 17:35:16,11,17,335,13.8%,76,NORMAL,191.0,0.0,3.7,False
1767701117.81,2026-01-06 17:35:17,11,17,335,13.8%,76,NORMAL,191.0,0.0,3.8,False
1767701118.89,2026-01-06 17:35:18,10,17,335,13.8%,76,NORMAL,191.0,0.0,3.8,False
1767701120.42,2026-01-06 17:35:20,9,17,335,13.8%,76,NORMAL,189.0,0.0,3.8,False
1767701122.41,2026-01-06 17:35:22,8,17,336,13.9%,76,NORMAL,190.0,0.0,3.8,False
1767701123.47,2026-01-06 17:35:23,7,17,336,13.8%,76,NORMAL,190.0,0.0,3.8,False
1767701124.95,2026-01-06 17:35:24,8,17,337,13.8%,76,NORMAL,190.0,0.0,3.8,False
1767701126.47,2026-01-06 17:35:26,8,17,338,13.9%,76,NORMAL,191.0,0.0,3.8,False
1767701127.63,2026-01-06 17:35:27,8,17,338,13.9%,76,NORMAL,191.0,0.0,3.8,False
1767701128.82,2026-01-06 17:35:28,10,17,338,14.1%,76,NORMAL,191.0,0.0,3.8,False
1767701130.69,2026-01-06 17:35:30,11,17,338,14.3%,76,NORMAL,191.0,0.0,3.8,False
1767701132.01,2026-01-06 17:35:32,9,17,338,14.3%,76,NORMAL,191.0,0.0,3.8,False
1767701133.39,2026-01-06 17:35:33,9,17,338,14.3%,76,NORMAL,191.0,0.0,3.8,False
1767701134.47,2026-01-06 17:35:34,9,17,339,14.2%,76,NORMAL,192.0,0.0,3.7,False
1767701135.93,2026-01-06 17:35:35,10,17,339,14.3%,76,NORMAL,192.0,0.0,3.7,False
1767701137.39,2026-01-06 17:35:37,10,17,340,14.4%,76,NORMAL,193.0,0.0,3.7,False
1767701138.49,2026-01-06 17:35:38,10,17,340,14.4%,76,NORMAL,193.0,0.0,3.6,False
1767701139.61,2026-01-06 17:35:39,9,17,342,14.4%,76,NORMAL,194.0,0.0,3.6,False
1767701140.99,2026-01-06 17:35:40,10,17,343,14.5%,76,NORMAL,195.0,0.0,3.6,False
1767701142.26,2026-01-06 17:35:42,9,17,343,14.5%,76,NORMAL,195.0,0.0,3.6,False
1767701143.60,2026-01-06 17:35:43,9,17,343,14.4%,76,NORMAL,195.0,0.0,3.5,False
1767701144.73,2026-01-06 17:35:44,10,17,343,14.4%,76,NORMAL,195.0,0.0,3.5,False
1767701145.84,2026-01-06 17:35:45,9,17,343,14.4%,76,NORMAL,195.0,0.0,3.5,False
1767701147.51,2026-01-06 17:35:47,9,17,343,14.6%,76,NORMAL,194.0,0.0,3.5,False
1767701149.15,2026-01-06 17:35:49,9,17,344,14.4%,76,NORMAL,195.0,0.0,3.5,False
1767701150.32,2026-01-06 17:35:50,9,17,344,14.3%,76,NORMAL,195.0,0.0,3.5,False
1767701152.07,2026-01-06 17:35:52,10,17,345,14.3%,76,NORMAL,196.0,0.0,3.5,False
1767701153.27,2026-01-06 17:35:53,10,17,345,14.4%,76,NORMAL,196.0,0.0,3.5,False
1767701154.46,2026-01-06 17:35:54,10,17,345,14.5%,76,NORMAL,196.0,0.0,3.4,False
1767701157.41,2026-01-06 17:35:57,11,17,345,14.6%,76,NORMAL,196.0,0.0,3.4,False
1767701159.16,2026-01-06 17:35:59,11,17,345,14.6%,76,NORMAL,196.0,0.0,3.4,False
1767701160.78,2026-01-06 17:36:00,11,17,346,14.6%,76,NORMAL,197.0,0.0,3.4,False
1767701162.34,2026-01-06 17:36:02,10,17,346,14.6%,76,NORMAL,197.0,0.0,3.3,False
1767701163.38,2026-01-06 17:36:03,10,17,346,14.6%,76,NORMAL,197.0,0.0,3.3,False
1767701165.03,2026-01-06 17:36:05,9,17,347,14.7%,76,NORMAL,198.0,0.0,3.3,False
1767701166.04,2026-01-06 17:36:06,10,17,347,14.8%,76,NORMAL,198.0,0.0,3.2,False
1767701167.66,2026-01-06 17:36:07,9,17,347,14.9%,76,NORMAL,198.0,0.0,3.2,False
1767701168.68,2026-01-06 17:36:08,8,17,347,14.9%,76,NORMAL,198.0,0.0,3.2,False
1767701169.95,2026-01-06 17:36:09,6,17,347,14.8%,76,NORMAL,198.0,0.0,3.1,False
1767701171.36,2026-01-06 17:36:11,7,17,347,14.6%,76,NORMAL,198.0,0.0,3.1,False
1767701172.45,2026-01-06 17:36:12,8,17,347,14.5%,76,NORMAL,198.0,0.0,3.1,False
1767701173.59,2026-01-06 17:36:13,7,17,347,14.4%,76,NORMAL,198.0,0.0,3.1,False
1767701174.62,2026-01-06 17:36:14,5,17,348,14.2%,76,NORMAL,199.0,0.0,3.2,False
1767701176.56,2026-01-06 17:36:16,8,17,349,14.1%,76,NORMAL,200.0,0.0,3.2,False
1767701177.61,2026-01-06 17:36:17,8,17,349,14.0%,76,NORMAL,200.0,0.0,3.2,False
1767701179.25,2026-01-06 17:36:19,9,17,349,14.0%,76,NORMAL,200.0,0.0,3.3,False
1767701180.68,2026-01-06 17:36:20,9,17,350,13.9%,76,NORMAL,201.0,0.0,3.4,False
1767701181.80,2026-01-06 17:36:21,11,17,351,14.0%,76,NORMAL,202.0,0.0,3.5,False
1767701182.93,2026-01-06 17:36:22,10,17,351,14.0%,76,NORMAL,202.0,0.0,3.5,False
1767701184.38,2026-01-06 17:36:24,11,17,352,14.1%,76,NORMAL,203.0,0.0,3.6,False
1767701185.83,2026-01-06 17:36:25,12,17,352,14.2%,76,NORMAL,203.0,0.0,3.6,False
1767701188.06,2026-01-06 17:36:28,11,17,352,14.3%,76,NORMAL,202.0,0.0,3.6,False
1767701189.13,2026-01-06 17:36:29,8,17,352,14.2%,76,NORMAL,202.0,0.0,3.7,False
1767701190.14,2026-01-06 17:36:30,9,17,352,14.2%,76,NORMAL,202.0,0.0,3.7,False
1767701191.23,2026-01-06 17:36:31,8,17,352,14.2%,76,NORMAL,202.0,0.0,3.7,False
1767701192.30,2026-01-06 17:36:32,8,17,352,14.1%,76,NORMAL,202.0,0.0,3.7,False
1767701193.37,2026-01-06 17:36:33,8,17,352,14.1%,76,NORMAL,202.0,0.0,3.7,False
1767701195.05,2026-01-06 17:36:35,9,17,353,14.0%,76,NORMAL,203.0,0.0,3.7,False
1767701196.43,2026-01-06 17:36:36,11,17,353,14.1%,76,NORMAL,203.0,0.0,3.7,False
1767701197.56,2026-01-06 17:36:37,11,17,354,14.1%,76,NORMAL,204.0,0.0,3.7,False
1767701199.08,2026-01-06 17:36:39,11,17,354,14.1%,76,NORMAL,203.0,0.0,3.7,False
1767701200.37,2026-01-06 17:36:40,10,17,354,14.0%,76,NORMAL,203.0,0.0,3.8,False
1767701201.55,2026-01-06 17:36:41,11,17,355,14.1%,76,NORMAL,204.0,0.0,3.8,False
1767701202.68,2026-01-06 17:36:42,10,17,355,14.1%,76,NORMAL,203.0,0.0,3.8,False
1767701204.12,2026-01-06 17:36:44,9,17,355,14.1%,76,NORMAL,203.0,0.0,3.8,False
1767701205.55,2026-01-06 17:36:45,9,17,356,14.0%,76,NORMAL,203.0,0.0,3.9,False
1767701207.00,2026-01-06 17:36:46,9,17,356,14.0%,76,NORMAL,203.0,0.0,3.9,False
1767701208.40,2026-01-06 17:36:48,9,17,356,14.1%,76,NORMAL,203.0,0.0,3.9,False
1767701209.63,2026-01-06 17:36:49,7,17,356,14.1%,76,NORMAL,203.0,0.0,3.9,False
1767701211.24,2026-01-06 17:36:51,8,17,356,14.2%,76,NORMAL,203.0,0.0,3.9,False
1767701212.53,2026-01-06 17:36:52,9,17,357,14.2%,76,NORMAL,204.0,0.0,3.9,False
1767701213.74,2026-01-06 17:36:53,7,17,357,14.2%,76,NORMAL,204.0,0.0,3.9,False
1767701214.94,2026-01-06 17:36:54,6,17,358,14.3%,76,NORMAL,205.0,0.0,3.9,False
1767701216.04,2026-01-06 17:36:56,8,17,358,14.3%,76,NORMAL,205.0,0.0,3.8,False
1767701217.25,2026-01-06 17:36:57,7,17,358,14.2%,76,NORMAL,204.0,0.0,3.8,False
1767701219.09,2026-01-06 17:36:59,7,17,358,14.1%,76,NORMAL,204.0,0.0,3.8,False
1767701221.08,2026-01-06 17:37:01,8,17,360,14.1%,76,NORMAL,206.0,0.0,3.8,False
1767701222.31,2026-01-06 17:37:02,8,17,360,13.9%,76,NORMAL,205.0,0.0,3.7,False
1767701223.67,2026-01-06 17:37:03,8,17,360,13.8%,76,NORMAL,205.0,0.0,3.7,False
1767701225.35,2026-01-06 17:37:05,8,17,360,13.7%,76,NORMAL,205.0,0.0,3.7,False
1767701226.52,2026-01-06 17:37:06,9,17,361,13.5%,76,NORMAL,206.0,0.0,3.7,False
1767701227.78,2026-01-06 17:37:07,9,17,361,13.4%,76,NORMAL,206.0,0.0,3.6,False
1767701229.11,2026-01-06 17:37:09,10,17,361,13.5%,76,NORMAL,205.0,0.0,3.6,False
1767701230.55,2026-01-06 17:37:10,12,17,364,13.7%,76,NORMAL,208.0,0.0,3.6,False
1767701231.62,2026-01-06 17:37:11,11,17,364,13.8%,76,NORMAL,208.0,0.0,3.6,False
1767701232.83,2026-01-06 17:37:12,11,17,364,14.0%,76,NORMAL,207.0,0.0,3.6,False
1767701234.10,2026-01-06 17:37:14,10,17,364,14.1%,76,NORMAL,207.0,0.0,3.5,False
1767701236.01,2026-01-06 17:37:16,10,17,364,14.1%,76,NORMAL,206.0,0.0,3.5,False
1767701237.34,2026-01-06 17:37:17,11,17,364,14.1%,76,NORMAL,206.0,0.0,3.5,False
1767701238.91,2026-01-06 17:37:18,9,17,364,14.0%,76,NORMAL,206.0,0.0,3.5,False
1767701240.16,2026-01-06 17:37:20,10,17,364,14.0%,76,NORMAL,206.0,0.0,3.5,False
1767701241.57,2026-01-06 17:37:21,9,17,364,13.9%,76,NORMAL,206.0,0.0,3.5,False
1767701242.75,2026-01-06 17:37:22,10,17,364,13.9%,76,NORMAL,206.0,0.0,3.5,False
1767701243.99,2026-01-06 17:37:23,10,17,364,13.9%,76,NORMAL,205.0,0.0,3.5,False
1767701245.19,2026-01-06 17:37:25,10,17,365,13.9%,76,NORMAL,206.0,0.0,3.5,False
1767701246.25,2026-01-06 17:37:26,10,17,365,14.0%,76,NORMAL,206.0,0.0,3.5,False
1767701247.46,2026-01-06 17:37:27,10,17,365,14.0%,76,NORMAL,206.0,0.0,3.5,False
1767701249.74,2026-01-06 17:37:29,12,17,366,14.2%,76,NORMAL,207.0,0.0,3.5,False
1767701251.18,2026-01-06 17:37:31,12,17,367,14.4%,76,NORMAL,207.0,0.0,3.4,False
1767701252.89,2026-01-06 17:37:32,11,17,367,14.5%,76,NORMAL,207.0,0.0,3.4,False
1767701254.08,2026-01-06 17:37:34,9,17,367,14.5%,76,NORMAL,206.0,0.0,3.4,False
1767701255.77,2026-01-06 17:37:35,9,17,368,14.6%,76,NORMAL,206.0,0.0,3.4,False
1767701257.18,2026-01-06 17:37:37,12,17,370,14.9%,76,NORMAL,207.0,0.0,3.4,False
1767701258.34,2026-01-06 17:37:38,11,17,370,15.1%,76,NORMAL,207.0,0.0,3.4,False
1767701259.81,2026-01-06 17:37:39,11,17,370,15.3%,76,NORMAL,206.0,0.0,3.4,False
1767701260.97,2026-01-06 17:37:40,10,17,370,15.4%,76,NORMAL,205.0,0.0,3.4,False
1767701262.43,2026-01-06 17:37:42,10,17,370,15.5%,76,NORMAL,205.0,0.0,3.3,False
1767701263.56,2026-01-06 17:37:43,10,17,370,15.6%,76,NORMAL,205.0,0.0,3.3,False
1767701265.81,2026-01-06 17:37:45,11,17,371,15.8%,76,NORMAL,206.0,0.0,3.3,False
1767701266.89,2026-01-06 17:37:46,12,17,372,16.0%,76,NORMAL,207.0,0.0,3.3,False
1767701268.63,2026-01-06 17:37:48,11,17,373,16.1%,76,NORMAL,207.0,0.0,3.2,False
1767701269.81,2026-01-06 17:37:49,10,17,373,16.1%,76,NORMAL,207.0,0.0,3.2,False
1767701271.52,2026-01-06 17:37:51,11,17,373,16.2%,76,NORMAL,207.0,0.0,3.2,False
1767701272.72,2026-01-06 17:37:52,12,17,374,16.2%,76,NORMAL,208.0,0.0,3.2,False
1767701273.96,2026-01-06 17:37:53,10,17,374,16.1%,76,NORMAL,208.0,0.0,3.2,False
1767701275.47,2026-01-06 17:37:55,11,17,375,16.1%,76,NORMAL,209.0,0.0,3.2,False
1767701276.49,2026-01-06 17:37:56,11,17,375,16.2%,76,NORMAL,209.0,0.0,3.2,False
1767701277.93,2026-01-06 17:37:57,11,17,376,16.2%,76,NORMAL,210.0,0.0,3.2,False
1767701279.82,2026-01-06 17:37:59,11,17,376,16.2%,76,NORMAL,210.0,0.0,3.2,False
1767701280.97,2026-01-06 17:38:00,9,17,376,16.2%,76,NORMAL,210.0,0.0,3.2,False
1767701282.00,2026-01-06 17:38:02,10,17,377,16.2%,76,NORMAL,211.0,0.0,3.3,False
1767701283.69,2026-01-06 17:38:03,11,17,378,16.3%,76,NORMAL,212.0,0.0,3.3,False
1767701284.79,2026-01-06 17:38:04,11,17,379,16.4%,76,NORMAL,213.0,0.0,3.4,False
1767701285.93,2026-01-06 17:38:05,11,17,379,16.4%,76,NORMAL,213.0,0.0,3.4,False
1767701287.61,2026-01-06 17:38:07,11,17,379,16.5%,76,NORMAL,212.0,0.0,3.4,False
1767701288.83,2026-01-06 17:38:08,11,17,379,16.5%,76,NORMAL,212.0,0.0,3.4,False
1767701289.90,2026-01-06 17:38:09,12,17,380,16.6%,76,NORMAL,213.0,0.0,3.5,False
1767701291.17,2026-01-06 17:38:11,12,17,380,16.6%,76,NORMAL,213.0,0.0,3.5,False
1767701293.26,2026-01-06 17:38:13,12,17,381,16.6%,76,NORMAL,214.0,0.0,3.5,False
1767701294.52,2026-01-06 17:38:14,12,17,381,16.6%,76,NORMAL,213.0,0.0,3.5,False
1767701295.66,2026-01-06 17:38:15,11,17,381,16.7%,76,NORMAL,213.0,0.0,3.5,False
1767701297.19,2026-01-06 17:38:17,12,17,381,16.9%,76,NORMAL,213.0,0.0,3.5,False
1767701298.83,2026-01-06 17:38:18,13,17,381,16.9%,76,NORMAL,212.0,0.0,3.5,False
1767701301.27,2026-01-06 17:38:21,11,17,381,16.9%,76,NORMAL,211.0,0.0,3.6,False
1767701303.33,2026-01-06 17:38:23,11,17,381,16.9%,76,NORMAL,211.0,0.0,3.6,False
1767701304.36,2026-01-06 17:38:24,10,17,381,16.9%,76,NORMAL,210.0,0.0,3.6,False
1767701305.55,2026-01-06 17:38:25,10,17,382,16.9%,76,NORMAL,211.0,0.0,3.6,False
1767701306.57,2026-01-06 17:38:26,11,17,382,17.0%,76,NORMAL,211.0,0.0,3.6,False
1767701307.77,2026-01-06 17:38:27,9,17,382,16.9%,76,NORMAL,210.0,0.0,3.6,False
1767701309.15,2026-01-06 17:38:29,10,17,383,16.8%,76,NORMAL,211.0,0.0,3.6,False
1767701310.33,2026-01-06 17:38:30,11,17,383,16.8%,76,NORMAL,210.0,0.0,3.6,False
1767701311.53,2026-01-06 17:38:31,11,17,383,16.8%,76,NORMAL,209.0,0.0,3.6,False
1767701313.28,2026-01-06 17:38:33,9,17,383,16.7%,76,NORMAL,209.0,0.0,3.6,False
1767701314.46,2026-01-06 17:38:34,7,17,383,16.5%,76,NORMAL,208.0,0.0,3.6,False
1767701315.69,2026-01-06 17:38:35,10,17,383,16.5%,76,NORMAL,208.0,0.0,3.6,False
1767701316.98,2026-01-06 17:38:36,10,17,383,16.4%,76,NORMAL,208.0,0.0,3.6,False
1767701318.96,2026-01-06 17:38:38,9,17,383,16.4%,76,NORMAL,207.0,0.0,3.7,False
1767701320.67,2026-01-06 17:38:40,9,17,383,16.3%,76,NORMAL,206.0,0.0,3.7,False
1767701321.81,2026-01-06 17:38:41,4,17,384,15.9%,76,NORMAL,207.0,0.0,3.7,False
1767701322.85,2026-01-06 17:38:42,3,17,384,15.6%,76,NORMAL,207.0,0.0,3.7,False
1767701324.08,2026-01-06 17:38:44,5,17,385,15.3%,76,NORMAL,207.0,0.0,3.7,False
1767701325.15,2026-01-06 17:38:45,7,17,387,15.2%,76,NORMAL,209.0,0.0,3.6,False
1767701326.77,2026-01-06 17:38:46,8,17,388,15.0%,76,NORMAL,210.0,0.0,3.6,False
1767701327.95,2026-01-06 17:38:47,9,17,388,14.9%,76,NORMAL,210.0,0.0,3.6,False
1767701329.25,2026-01-06 17:38:49,7,17,388,14.7%,76,NORMAL,210.0,0.0,3.5,False
1767701330.54,2026-01-06 17:38:50,8,17,390,14.6%,76,NORMAL,212.0,0.0,3.5,False
1767701332.15,2026-01-06 17:38:52,10,17,392,14.5%,76,NORMAL,214.0,0.0,3.5,False
1767701333.67,2026-01-06 17:38:53,9,17,392,14.3%,76,NORMAL,214.0,0.0,3.4,False
1767701335.30,2026-01-06 17:38:55,12,17,393,14.3%,76,NORMAL,215.0,0.0,3.4,False
1767701336.86,2026-01-06 17:38:56,10,17,393,14.2%,76,NORMAL,214.0,0.0,3.3,False
1767701338.11,2026-01-06 17:38:58,10,17,394,14.2%,76,NORMAL,214.0,0.0,3.3,False
1767701339.75,2026-01-06 17:38:59,10,17,395,14.1%,76,NORMAL,214.0,0.0,3.3,False
1767701340.93,2026-01-06 17:39:00,11,17,395,14.0%,76,NORMAL,213.0,0.0,3.3,False
1767701343.01,2026-01-06 17:39:03,11,17,396,14.0%,76,NORMAL,212.0,0.0,3.2,False
1767701344.81,2026-01-06 17:39:04,9,17,396,13.9%,76,NORMAL,212.0,0.0,3.2,False
1767701346.18,2026-01-06 17:39:06,10,17,396,13.9%,76,NORMAL,211.0,0.0,3.2,False
1767701348.01,2026-01-06 17:39:08,10,17,396,13.9%,76,NORMAL,211.0,0.0,3.2,False
1767701349.10,2026-01-06 17:39:09,10,17,396,13.8%,76,NORMAL,210.0,0.0,3.2,False
1767701350.38,2026-01-06 17:39:10,10,17,396,13.9%,76,NORMAL,209.0,0.0,3.2,False
1767701351.60,2026-01-06 17:39:11,10,17,396,13.9%,76,NORMAL,209.0,0.0,3.2,False
1767701352.83,2026-01-06 17:39:12,10,17,397,13.8%,76,NORMAL,210.0,0.0,3.2,False
1767701353.89,2026-01-06 17:39:13,10,17,397,13.8%,76,NORMAL,210.0,0.0,3.2,False
1767701354.94,2026-01-06 17:39:14,10,17,398,13.8%,76,NORMAL,211.0,0.0,3.2,False
1767701356.10,2026-01-06 17:39:16,10,17,398,14.0%,76,NORMAL,211.0,0.0,3.2,False
1767701357.21,2026-01-06 17:39:17,9,17,398,13.9%,76,NORMAL,211.0,0.0,3.2,False
1767701358.29,2026-01-06 17:39:18,9,17,399,13.9%,76,NORMAL,212.0,0.0,3.2,False
1767701359.49,2026-01-06 17:39:19,9,17,399,13.9%,76,NORMAL,212.0,0.0,3.2,False
1767701360.62,2026-01-06 17:39:20,8,17,399,13.8%,76,NORMAL,212.0,0.0,3.2,False
1767701361.87,2026-01-06 17:39:21,9,17,399,14.1%,76,NORMAL,212.0,0.0,3.2,False
1767701363.37,2026-01-06 17:39:23,10,17,400,14.5%,76,NORMAL,213.0,0.0,3.1,False
1767701364.41,2026-01-06 17:39:24,10,17,400,14.7%,76,NORMAL,213.0,0.0,3.1,False
1767701365.55,2026-01-06 17:39:25,10,17,400,14.8%,76,NORMAL,213.0,0.0,3.1,False
1767701366.65,2026-01-06 17:39:26,10,17,401,14.9%,76,NORMAL,214.0,0.0,3.1,False
1767701368.20,2026-01-06 17:39:28,11,17,401,15.0%,76,NORMAL,213.0,0.0,3.1,False
1767701369.58,2026-01-06 17:39:29,12,17,402,15.3%,76,NORMAL,213.0,0.0,3.0,False
1767701371.18,2026-01-06 17:39:31,11,17,402,15.4%,76,NORMAL,213.0,0.0,3.0,False
1767701372.49,2026-01-06 17:39:32,12,17,404,15.5%,76,NORMAL,215.0,0.0,3.0,False
1767701374.04,2026-01-06 17:39:34,12,17,405,15.7%,76,NORMAL,216.0,0.0,3.0,False
1767701375.04,2026-01-06 17:39:35,11,17,405,15.6%,76,NORMAL,216.0,0.0,3.0,False
1767701376.36,2026-01-06 17:39:36,13,17,407,15.8%,76,NORMAL,218.0,0.0,3.0,False
1767701377.67,2026-01-06 17:39:37,9,17,407,15.7%,76,NORMAL,217.0,0.0,3.1,False
1767701378.81,2026-01-06 17:39:38,10,17,407,15.7%,76,NORMAL,216.0,0.0,3.1,False
1767701379.96,2026-01-06 17:39:39,12,17,407,15.8%,76,NORMAL,216.0,0.0,3.1,False
1767701381.16,2026-01-06 17:39:41,11,17,407,15.8%,76,NORMAL,216.0,0.0,3.1,False
1767701382.68,2026-01-06 17:39:42,10,17,407,15.8%,76,NORMAL,215.0,0.0,3.1,False
1767701383.69,2026-01-06 17:39:43,10,17,407,15.8%,76,NORMAL,215.0,0.0,3.1,False
1767701384.79,2026-01-06 17:39:44,9,17,407,15.8%,76,NORMAL,214.0,0.0,3.1,False
1767701385.93,2026-01-06 17:39:45,10,17,407,15.8%,76,NORMAL,214.0,0.0,3.1,False
1767701387.11,2026-01-06 17:39:47,11,17,409,15.8%,76,NORMAL,216.0,0.0,3.2,False
1767701388.27,2026-01-06 17:39:48,10,17,409,15.8%,76,NORMAL,216.0,0.0,3.2,False
1767701389.52,2026-01-06 17:39:49,10,17,409,15.8%,76,NORMAL,215.0,0.0,3.2,False
1767701391.08,2026-01-06 17:39:51,11,17,409,15.9%,76,NORMAL,215.0,0.0,3.2,False
1767701392.59,2026-01-06 17:39:52,11,17,409,15.9%,76,NORMAL,215.0,0.0,3.2,False
1767701393.79,2026-01-06 17:39:53,10,17,409,15.9%,76,NORMAL,215.0,0.0,3.2,False
1767701395.00,2026-01-06 17:39:54,11,17,409,16.0%,76,NORMAL,215.0,0.0,3.2,False
1767701396.16,2026-01-06 17:39:56,9,17,409,16.0%,76,NORMAL,215.0,0.0,3.2,False
1767701397.40,2026-01-06 17:39:57,11,17,410,16.1%,76,NORMAL,215.0,0.0,3.2,False
1767701398.56,2026-01-06 17:39:58,11,17,411,16.3%,76,NORMAL,215.0,0.0,3.2,False
1767701399.89,2026-01-06 17:39:59,12,17,411,16.4%,76,NORMAL,215.0,0.0,3.2,False
1767701400.92,2026-01-06 17:40:00,10,17,412,16.4%,76,NORMAL,215.0,0.0,3.3,False
1767701402.35,2026-01-06 17:40:02,11,17,413,16.5%,76,NORMAL,216.0,0.0,3.3,False
1767701403.70,2026-01-06 17:40:03,10,17,413,16.5%,76,NORMAL,215.0,0.0,3.3,False
1767701404.91,2026-01-06 17:40:04,10,17,413,16.5%,76,NORMAL,215.0,0.0,3.3,False
1767701406.51,2026-01-06 17:40:06,12,17,414,16.5%,76,NORMAL,216.0,0.0,3.3,False
1767701408.28,2026-01-06 17:40:08,14,17,415,16.6%,76,NORMAL,217.0,0.0,3.3,False
1767701410.08,2026-01-06 17:40:10,15,17,415,16.8%,76,NORMAL,217.0,0.0,3.3,False
1767701412.34,2026-01-06 17:40:12,15,17,415,16.9%,76,NORMAL,216.0,0.0,3.3,False
1767701413.58,2026-01-06 17:40:13,14,17,417,17.0%,76,NORMAL,218.0,0.0,3.3,False
1767701414.84,2026-01-06 17:40:14,15,17,418,17.2%,76,NORMAL,219.0,0.0,3.3,False
1767701416.36,2026-01-06 17:40:16,14,17,418,17.2%,76,NORMAL,219.0,0.0,3.3,False
1767701417.49,2026-01-06 17:40:17,14,17,418,17.5%,76,NORMAL,219.0,0.0,3.3,False
1767701418.63,2026-01-06 17:40:18,14,17,418,17.7%,76,NORMAL,219.0,0.0,3.3,False
1767701420.00,2026-01-06 17:40:19,15,17,419,17.8%,76,NORMAL,219.0,0.0,3.3,False
1767701421.04,2026-01-06 17:40:21,15,17,419,18.0%,76,NORMAL,218.0,0.0,3.3,False
1767701422.88,2026-01-06 17:40:22,13,17,419,18.1%,76,NORMAL,217.0,0.0,3.3,False
1767701423.95,2026-01-06 17:40:23,13,17,419,18.3%,76,NORMAL,216.0,0.0,3.3,False
1767701425.24,2026-01-06 17:40:25,14,17,419,18.5%,76,NORMAL,215.0,0.0,3.3,False
1767701427.61,2026-01-06 17:40:27,15,17,420,18.8%,76,NORMAL,216.0,0.0,3.4,False
1767701429.00,2026-01-06 17:40:29,14,17,420,18.9%,76,NORMAL,216.0,0.0,3.4,False
1767701430.96,2026-01-06 17:40:30,15,17,420,19.1%,76,NORMAL,216.0,0.0,3.4,False
1767701432.06,2026-01-06 17:40:32,14,17,420,19.3%,76,NORMAL,215.0,0.0,3.4,False
1767701433.66,2026-01-06 17:40:33,15,17,420,19.5%,76,NORMAL,213.0,0.0,3.4,False
1767701435.27,2026-01-06 17:40:35,15,17,420,19.7%,76,NORMAL,212.0,0.0,3.4,False
1767701436.68,2026-01-06 17:40:36,16,17,421,20.0%,76,NORMAL,213.0,0.0,3.4,False
1767701438.61,2026-01-06 17:40:38,14,17,421,20.1%,76,NORMAL,212.0,0.0,3.4,False
1767701440.03,2026-01-06 17:40:40,16,17,422,20.5%,76,NORMAL,212.0,0.0,3.4,False
1767701442.15,2026-01-06 17:40:42,16,17,424,20.7%,76,NORMAL,214.0,0.0,3.4,False
1767701443.19,2026-01-06 17:40:43,17,17,424,21.0%,76,NORMAL,213.0,0.0,3.4,False
1767701444.79,2026-01-06 17:40:44,16,17,424,21.2%,76,NORMAL,212.0,0.0,3.3,False
1767701445.97,2026-01-06 17:40:45,16,17,424,21.4%,76,NORMAL,212.0,0.0,3.3,False
1767701447.84,2026-01-06 17:40:47,16,18,425,21.7%,76,NORMAL,213.0,0.0,3.3,False
1767701449.07,2026-01-06 17:40:49,17,18,425,22.0%,76,NORMAL,212.0,0.0,3.3,False
1767701450.33,2026-01-06 17:40:50,15,18,425,22.2%,76,NORMAL,212.0,0.0,3.3,False
1767701451.91,2026-01-06 17:40:51,15,18,425,22.4%,76,NORMAL,212.0,0.0,3.3,False
1767701452.95,2026-01-06 17:40:52,14,18,425,22.4%,76,NORMAL,212.0,0.0,3.3,False
1767701454.01,2026-01-06 17:40:54,16,18,426,22.4%,76,NORMAL,213.0,0.0,3.3,False
1767701455.94,2026-01-06 17:40:55,14,18,426,22.4%,76,NORMAL,212.0,0.0,3.3,False
1767701457.83,2026-01-06 17:40:57,13,18,426,22.3%,76,NORMAL,212.0,0.0,3.2,False
1767701458.99,2026-01-06 17:40:58,11,18,426,22.1%,76,NORMAL,212.0,0.0,3.2,False
1767701460.19,2026-01-06 17:41:00,12,18,426,22.0%,76,NORMAL,212.0,0.0,3.2,False
1767701461.44,2026-01-06 17:41:01,11,18,426,21.9%,76,NORMAL,212.0,0.0,3.2,False
1767701462.96,2026-01-06 17:41:02,14,18,429,21.9%,76,NORMAL,214.0,0.0,3.2,False
1767701464.12,2026-01-06 17:41:04,14,18,429,21.9%,76,NORMAL,214.0,0.0,3.2,False
1767701466.33,2026-01-06 17:41:06,13,18,429,21.8%,76,NORMAL,213.0,0.0,3.2,False
1767701467.65,2026-01-06 17:41:07,14,18,431,21.8%,76,NORMAL,214.0,0.0,3.2,False
1767701468.77,2026-01-06 17:41:08,14,18,431,21.9%,76,NORMAL,214.0,0.0,3.2,False
1767701470.13,2026-01-06 17:41:10,15,18,431,21.9%,76,NORMAL,214.0,0.0,3.2,False
1767701471.73,2026-01-06 17:41:11,14,18,431,21.9%,76,NORMAL,213.0,0.0,3.2,False
1767701473.95,2026-01-06 17:41:13,13,18,431,21.8%,76,NORMAL,210.0,0.0,3.2,False
1767701475.35,2026-01-06 17:41:15,13,18,431,21.7%,76,NORMAL,210.0,0.0,3.2,False
1767701477.71,2026-01-06 17:41:17,12,18,431,21.6%,76,NORMAL,210.0,0.0,3.2,False
1767701478.79,2026-01-06 17:41:18,11,18,431,21.4%,76,NORMAL,210.0,0.0,3.2,False
1767701480.26,2026-01-06 17:41:20,11,18,431,21.2%,76,NORMAL,209.0,0.0,3.2,False
1767701481.39,2026-01-06 17:41:21,12,18,431,21.1%,76,NORMAL,208.0,0.0,3.1,False
1767701482.49,2026-01-06 17:41:22,11,18,431,20.9%,76,NORMAL,208.0,0.0,3.1,False
1767701483.76,2026-01-06 17:41:23,12,18,431,20.7%,76,NORMAL,208.0,0.0,3.1,False
1767701484.95,2026-01-06 17:41:24,11,18,432,20.5%,76,NORMAL,208.0,0.0,3.1,False
1767701486.52,2026-01-06 17:41:26,12,18,432,20.3%,76,NORMAL,208.0,0.0,3.1,False
1767701487.67,2026-01-06 17:41:27,12,18,432,20.1%,76,NORMAL,208.0,0.0,3.0,False
1767701489.22,2026-01-06 17:41:29,11,18,432,19.9%,76,NORMAL,208.0,0.0,3.0,False
1767701490.23,2026-01-06 17:41:30,10,18,432,19.6%,76,NORMAL,208.0,0.0,3.0,False
1767701491.69,2026-01-06 17:41:31,9,18,432,19.2%,76,NORMAL,207.0,0.0,3.0,False
1767701492.72,2026-01-06 17:41:32,10,18,432,19.0%,76,NORMAL,207.0,0.0,3.0,False
1767701494.41,2026-01-06 17:41:34,10,18,432,18.7%,76,NORMAL,205.0,0.0,3.0,False
1767701495.50,2026-01-06 17:41:35,10,18,432,18.5%,76,NORMAL,205.0,0.0,3.0,False
1767701496.96,2026-01-06 17:41:36,10,18,432,18.3%,76,NORMAL,203.0,0.0,3.0,False
1767701498.32,2026-01-06 17:41:38,10,18,432,18.1%,76,NORMAL,202.0,0.0,3.0,False
1767701499.38,2026-01-06 17:41:39,10,18,432,17.9%,76,NORMAL,202.0,0.0,2.9,False
1767701500.38,2026-01-06 17:41:40,11,18,433,17.9%,76,NORMAL,203.0,0.0,3.0,False
1767701501.73,2026-01-06 17:41:41,10,18,433,17.8%,76,NORMAL,203.0,0.0,3.0,False
1767701503.36,2026-01-06 17:41:43,12,18,434,17.9%,76,NORMAL,203.0,0.0,3.0,False
1767701504.63,2026-01-06 17:41:44,11,18,434,17.7%,76,NORMAL,203.0,0.0,3.0,False
1767701505.89,2026-01-06 17:41:45,11,18,434,17.6%,76,NORMAL,202.0,0.0,3.0,False
1767701507.09,2026-01-06 17:41:47,11,18,434,17.5%,76,NORMAL,202.0,0.0,2.9,False
1767701508.35,2026-01-06 17:41:48,11,18,435,17.4%,76,NORMAL,203.0,0.0,2.9,False
1767701509.46,2026-01-06 17:41:49,12,18,435,17.3%,76,NORMAL,203.0,0.0,2.9,False
1767701510.58,2026-01-06 17:41:50,13,18,435,17.2%,76,NORMAL,202.0,0.0,2.9,False
1767701512.45,2026-01-06 17:41:52,13,18,436,17.1%,76,NORMAL,203.0,0.0,2.9,False
1767701513.57,2026-01-06 17:41:53,12,18,436,17.1%,76,NORMAL,203.0,0.0,2.9,False
1767701515.14,2026-01-06 17:41:55,11,18,436,17.0%,76,NORMAL,203.0,0.0,2.9,False
1767701516.15,2026-01-06 17:41:56,10,18,436,16.9%,76,NORMAL,203.0,0.0,2.9,False
1767701517.53,2026-01-06 17:41:57,10,18,436,16.8%,76,NORMAL,203.0,0.0,2.8,False
1767701519.38,2026-01-06 17:41:59,10,18,436,16.8%,76,NORMAL,202.0,0.0,2.8,False
1767701520.83,2026-01-06 17:42:00,10,18,436,16.7%,76,NORMAL,202.0,0.0,2.8,False
1767701522.30,2026-01-06 17:42:02,10,18,436,16.6%,76,NORMAL,202.0,0.0,2.8,False
1767701523.54,2026-01-06 17:42:03,10,18,436,16.5%,76,NORMAL,202.0,0.0,2.8,False
1767701524.55,2026-01-06 17:42:04,10,18,436,16.5%,76,NORMAL,202.0,0.0,2.8,False
1767701525.63,2026-01-06 17:42:05,10,18,436,16.4%,76,NORMAL,202.0,0.0,2.8,False
1767701526.84,2026-01-06 17:42:06,10,18,436,16.3%,76,NORMAL,201.0,0.0,2.8,False
1767701528.28,2026-01-06 17:42:08,10,18,436,16.3%,76,NORMAL,201.0,0.0,2.8,False
1767701529.29,2026-01-06 17:42:09,10,18,436,16.3%,76,NORMAL,201.0,0.0,2.8,False
1767701531.19,2026-01-06 17:42:11,10,18,436,16.3%,76,NORMAL,200.0,0.0,2.8,False
1767701532.98,2026-01-06 17:42:12,9,18,436,16.3%,76,NORMAL,199.0,0.0,2.9,False
1767701534.17,2026-01-06 17:42:14,9,18,436,16.2%,76,NORMAL,199.0,0.0,2.9,False
1767701535.25,2026-01-06 17:42:15,10,18,437,16.2%,76,NORMAL,199.0,0.0,2.9,False
1767701537.13,2026-01-06 17:42:17,10,18,437,16.2%,76,NORMAL,199.0,0.0,2.9,False
1767701538.96,2026-01-06 17:42:18,10,18,437,16.2%,76,NORMAL,199.0,0.0,2.9,False
1767701540.23,2026-01-06 17:42:20,9,18,437,16.2%,76,NORMAL,198.0,0.0,2.9,False
1767701541.82,2026-01-06 17:42:21,8,18,437,16.0%,76,NORMAL,197.0,0.0,3.0,False
1767701543.00,2026-01-06 17:42:22,8,18,437,15.9%,76,NORMAL,197.0,0.0,3.0,False
1767701544.04,2026-01-06 17:42:24,9,18,438,15.8%,76,NORMAL,198.0,0.0,3.0,False
1767701545.09,2026-01-06 17:42:25,9,18,438,15.7%,76,NORMAL,198.0,0.0,3.0,False
1767701546.36,2026-01-06 17:42:26,9,18,438,15.6%,76,NORMAL,198.0,0.0,3.0,False
1767701547.53,2026-01-06 17:42:27,9,18,438,15.5%,76,NORMAL,198.0,0.0,3.0,False
1767701549.23,2026-01-06 17:42:29,9,18,438,15.4%,76,NORMAL,198.0,0.0,3.0,False
1767701550.43,2026-01-06 17:42:30,9,18,438,15.2%,76,NORMAL,198.0,0.0,3.0,False
1767701551.57,2026-01-06 17:42:31,9,18,438,15.0%,76,NORMAL,198.0,0.0,3.0,False
1767701552.87,2026-01-06 17:42:32,9,18,438,14.9%,76,NORMAL,197.0,0.0,3.0,False
1767701554.50,2026-01-06 17:42:34,9,18,438,14.7%,76,NORMAL,197.0,0.0,3.0,False
1767701555.68,2026-01-06 17:42:35,9,18,439,14.6%,76,NORMAL,198.0,0.0,3.0,False
1767701556.85,2026-01-06 17:42:36,11,18,440,14.7%,76,NORMAL,199.0,0.0,3.0,False
1767701558.44,2026-01-06 17:42:38,10,18,440,14.7%,76,NORMAL,198.0,0.0,3.0,False
1767701559.90,2026-01-06 17:42:39,10,18,440,14.7%,76,NORMAL,198.0,0.0,3.0,False
1767701561.23,2026-01-06 17:42:41,10,18,440,14.7%,76,NORMAL,198.0,0.0,3.0,False
1767701562.27,2026-01-06 17:42:42,9,18,440,14.6%,76,NORMAL,198.0,0.0,3.0,False
1767701563.33,2026-01-06 17:42:43,9,18,440,14.6%,76,NORMAL,198.0,0.0,3.0,False
1767701565.18,2026-01-06 17:42:45,9,18,441,14.5%,76,NORMAL,199.0,0.0,3.0,False
1767701566.19,2026-01-06 17:42:46,9,18,441,14.5%,76,NORMAL,199.0,0.0,3.0,False
1767701567.81,2026-01-06 17:42:47,9,18,441,14.4%,76,NORMAL,199.0,0.0,3.0,False
1767701569.23,2026-01-06 17:42:49,10,18,442,14.4%,76,NORMAL,200.0,0.0,3.0,False
1767701570.32,2026-01-06 17:42:50,10,18,442,14.4%,76,NORMAL,200.0,0.0,3.0,False
1767701571.43,2026-01-06 17:42:51,11,18,443,14.5%,76,NORMAL,201.0,0.0,3.0,False
1767701572.98,2026-01-06 17:42:52,9,18,443,14.5%,76,NORMAL,201.0,0.0,3.0,False
1767701574.12,2026-01-06 17:42:54,10,18,444,14.5%,76,NORMAL,202.0,0.0,3.0,False
1767701575.15,2026-01-06 17:42:55,10,18,444,14.5%,76,NORMAL,202.0,0.0,3.0,False
1767701576.30,2026-01-06 17:42:56,10,18,444,14.5%,76,NORMAL,202.0,0.0,3.0,False
1767701577.74,2026-01-06 17:42:57,10,18,445,14.5%,76,NORMAL,203.0,0.0,2.9,False
1767701578.83,2026-01-06 17:42:58,10,18,445,14.6%,76,NORMAL,203.0,0.0,2.9,False
1767701580.27,2026-01-06 17:43:00,10,18,446,14.7%,76,NORMAL,204.0,0.0,2.9,False
1767701581.57,2026-01-06 17:43:01,9,18,446,14.7%,76,NORMAL,201.0,0.0,2.8,False
1767701582.76,2026-01-06 17:43:02,10,18,447,14.8%,76,NORMAL,202.0,0.0,2.8,False
1767701584.14,2026-01-06 17:43:04,9,18,448,14.8%,76,NORMAL,203.0,0.0,2.8,False
1767701585.36,2026-01-06 17:43:05,8,18,448,14.7%,76,NORMAL,203.0,0.0,2.8,False
1767701586.48,2026-01-06 17:43:06,9,18,449,14.7%,76,NORMAL,202.0,0.0,2.8,False
1767701587.64,2026-01-06 17:43:07,9,18,449,14.7%,76,NORMAL,202.0,0.0,2.8,False
1767701589.07,2026-01-06 17:43:09,9,18,449,14.7%,76,NORMAL,202.0,0.0,2.8,False
1767701590.29,2026-01-06 17:43:10,10,18,449,14.8%,76,NORMAL,202.0,0.0,2.8,False
1767701591.86,2026-01-06 17:43:11,9,18,449,14.8%,76,NORMAL,202.0,0.0,2.8,False
1767701593.13,2026-01-06 17:43:13,12,18,450,14.9%,76,NORMAL,202.0,0.0,2.8,False
1767701594.33,2026-01-06 17:43:14,11,18,450,15.0%,76,NORMAL,202.0,0.0,2.8,False
1767701595.78,2026-01-06 17:43:15,12,18,451,15.0%,76,NORMAL,203.0,0.0,2.8,False
1767701597.74,2026-01-06 17:43:17,12,18,451,15.1%,76,NORMAL,203.0,0.0,2.8,False
1767701598.89,2026-01-06 17:43:18,12,18,451,15.2%,76,NORMAL,202.0,0.0,2.7,False
1767701599.91,2026-01-06 17:43:19,10,18,452,15.2%,76,NORMAL,202.0,0.0,2.7,False
1767701601.07,2026-01-06 17:43:21,11,18,453,15.3%,76,NORMAL,203.0,0.0,2.7,False
1767701602.25,2026-01-06 17:43:22,10,18,453,15.4%,76,NORMAL,203.0,0.0,2.7,False
1767701603.71,2026-01-06 17:43:23,10,18,453,15.4%,76,NORMAL,203.0,0.0,2.7,False
1767701605.08,2026-01-06 17:43:25,10,18,453,15.5%,76,NORMAL,202.0,0.0,2.7,False
1767701606.32,2026-01-06 17:43:26,10,18,453,15.5%,76,NORMAL,202.0,0.0,2.7,False
1767701608.23,2026-01-06 17:43:28,10,18,453,15.5%,76,NORMAL,202.0,0.0,2.7,False
1767701609.41,2026-01-06 17:43:29,11,18,454,15.6%,76,NORMAL,203.0,0.0,2.7,False
1767701611.05,2026-01-06 17:43:31,12,18,455,15.6%,76,NORMAL,204.0,0.0,2.7,False
1767701612.07,2026-01-06 17:43:32,11,18,455,15.7%,76,NORMAL,203.0,0.0,2.7,False
1767701613.20,2026-01-06 17:43:33,10,18,455,15.7%,76,NORMAL,203.0,0.0,2.7,False
1767701614.31,2026-01-06 17:43:34,10,18,455,15.7%,76,NORMAL,203.0,0.0,2.7,False
1767701615.68,2026-01-06 17:43:35,11,18,455,15.8%,76,NORMAL,201.0,0.0,2.8,False
1767701616.79,2026-01-06 17:43:36,11,18,456,15.8%,76,NORMAL,202.0,0.0,2.8,False
1767701618.72,2026-01-06 17:43:38,10,18,456,15.8%,76,NORMAL,202.0,0.0,2.8,False
1767701620.17,2026-01-06 17:43:40,11,18,456,15.9%,76,NORMAL,202.0,0.0,2.8,False
1767701621.23,2026-01-06 17:43:41,10,18,456,15.9%,76,NORMAL,202.0,0.0,2.9,False
1767701622.32,2026-01-06 17:43:42,12,18,457,16.0%,76,NORMAL,203.0,0.0,2.9,False
1767701623.50,2026-01-06 17:43:43,11,18,458,16.1%,76,NORMAL,204.0,0.0,2.9,False
1767701624.62,2026-01-06 17:43:44,10,18,458,16.2%,76,NORMAL,204.0,0.0,2.9,False
1767701625.82,2026-01-06 17:43:45,11,18,458,16.3%,76,NORMAL,204.0,0.0,3.0,False
1767701626.90,2026-01-06 17:43:46,9,18,458,16.3%,76,NORMAL,204.0,0.0,3.0,False
1767701628.57,2026-01-06 17:43:48,10,18,458,16.4%,76,NORMAL,202.0,0.0,3.1,False
1767701629.76,2026-01-06 17:43:49,11,18,459,16.4%,76,NORMAL,202.0,0.0,3.1,False
1767701631.59,2026-01-06 17:43:51,11,18,459,16.5%,76,NORMAL,202.0,0.0,3.1,False
1767701632.80,2026-01-06 17:43:52,9,18,460,16.4%,76,NORMAL,203.0,0.0,3.2,False
1767701634.49,2026-01-06 17:43:54,10,18,461,16.3%,76,NORMAL,204.0,0.0,3.2,False
1767701635.59,2026-01-06 17:43:55,12,18,462,16.3%,76,NORMAL,205.0,0.0,3.2,False
1767701637.16,2026-01-06 17:43:57,12,18,462,16.3%,76,NORMAL,205.0,0.0,3.3,False
1767701638.24,2026-01-06 17:43:58,12,18,462,16.3%,76,NORMAL,204.0,0.0,3.3,False
1767701639.40,2026-01-06 17:43:59,12,18,462,16.4%,76,NORMAL,204.0,0.0,3.3,False
1767701641.11,2026-01-06 17:44:01,12,18,462,16.5%,76,NORMAL,204.0,0.0,3.3,False
1767701642.27,2026-01-06 17:44:02,12,18,462,16.5%,76,NORMAL,204.0,0.0,3.4,False
1767701643.49,2026-01-06 17:44:03,12,18,462,16.6%,76,NORMAL,204.0,0.0,3.4,False
1767701644.76,2026-01-06 17:44:04,12,18,462,16.7%,76,NORMAL,204.0,0.0,3.4,False
1767701645.97,2026-01-06 17:44:05,11,18,462,16.8%,76,NORMAL,204.0,0.0,3.4,False
1767701647.26,2026-01-06 17:44:07,10,18,462,16.8%,76,NORMAL,203.0,0.0,3.5,False
1767701648.96,2026-01-06 17:44:08,11,18,462,16.8%,76,NORMAL,203.0,0.0,3.5,False
1767701650.14,2026-01-06 17:44:10,10,18,462,16.7%,76,NORMAL,202.0,0.0,3.5,False
1767701651.39,2026-01-06 17:44:11,9,18,462,16.6%,76,NORMAL,202.0,0.0,3.5,False
1767701652.39,2026-01-06 17:44:12,9,18,462,16.5%,76,NORMAL,202.0,0.0,3.5,False
1767701653.51,2026-01-06 17:44:13,9,18,462,16.5%,76,NORMAL,202.0,0.0,3.6,False
1767701654.67,2026-01-06 17:44:14,8,18,462,16.4%,76,NORMAL,202.0,0.0,3.6,False
1767701655.83,2026-01-06 17:44:15,8,18,462,16.2%,76,NORMAL,202.0,0.0,3.6,False
1767701657.12,2026-01-06 17:44:17,9,18,462,16.2%,76,NORMAL,202.0,0.0,3.6,False
1767701658.35,2026-01-06 17:44:18,9,18,463,16.1%,76,NORMAL,202.0,0.0,3.6,False
1767701659.57,2026-01-06 17:44:19,8,18,463,16.0%,76,NORMAL,202.0,0.0,3.6,False
1767701661.46,2026-01-06 17:44:21,8,18,464,15.8%,76,NORMAL,203.0,0.0,3.7,False
1767701662.69,2026-01-06 17:44:22,8,18,465,15.6%,76,NORMAL,204.0,0.0,3.7,False
1767701664.01,2026-01-06 17:44:24,8,18,465,15.5%,76,NORMAL,204.0,0.0,3.7,False
1767701665.55,2026-01-06 17:44:25,8,18,466,15.4%,76,NORMAL,205.0,0.0,3.7,False
1767701666.73,2026-01-06 17:44:26,8,18,466,15.3%,76,NORMAL,205.0,0.0,3.6,False
1767701668.12,2026-01-06 17:44:28,8,18,466,15.2%,76,NORMAL,205.0,0.0,3.6,False
1767701669.13,2026-01-06 17:44:29,9,18,466,15.1%,76,NORMAL,204.0,0.0,3.6,False
1767701670.35,2026-01-06 17:44:30,9,18,466,15.0%,76,NORMAL,204.0,0.0,3.6,False
1767701671.38,2026-01-06 17:44:31,8,18,467,15.0%,76,NORMAL,205.0,0.0,3.6,False
1767701672.81,2026-01-06 17:44:32,8,18,467,14.9%,76,NORMAL,205.0,0.0,3.6,False
1767701673.93,2026-01-06 17:44:33,9,18,468,14.7%,76,NORMAL,206.0,0.0,3.5,False
1767701675.14,2026-01-06 17:44:35,8,18,468,14.5%,76,NORMAL,205.0,0.0,3.5,False
1767701676.63,2026-01-06 17:44:36,9,18,469,14.4%,76,NORMAL,206.0,0.0,3.5,False
1767701677.85,2026-01-06 17:44:37,11,18,471,14.4%,76,NORMAL,208.0,0.0,3.5,False
1767701679.63,2026-01-06 17:44:39,10,18,471,14.3%,76,NORMAL,208.0,0.0,3.5,False
1767701680.84,2026-01-06 17:44:40,9,18,471,14.1%,76,NORMAL,208.0,0.0,3.5,False
1767701682.09,2026-01-06 17:44:42,10,18,471,14.0%,76,NORMAL,208.0,0.0,3.5,False
1767701683.13,2026-01-06 17:44:43,10,18,471,13.9%,76,NORMAL,208.0,0.0,3.5,False
1767701684.25,2026-01-06 17:44:44,10,18,471,13.9%,76,NORMAL,208.0,0.0,3.5,False
1767701685.53,2026-01-06 17:44:45,10,18,471,13.9%,76,NORMAL,207.0,0.0,3.5,False
1767701687.18,2026-01-06 17:44:47,10,18,471,13.8%,76,NORMAL,207.0,0.0,3.5,False
1767701688.22,2026-01-06 17:44:48,11,18,471,13.9%,76,NORMAL,207.0,0.0,3.5,False
1767701689.44,2026-01-06 17:44:49,11,18,471,14.0%,76,NORMAL,207.0,0.0,3.5,False
1767701690.45,2026-01-06 17:44:50,10,18,471,14.0%,76,NORMAL,206.0,0.0,3.4,False
1767701692.26,2026-01-06 17:44:52,10,18,471,14.1%,76,NORMAL,206.0,0.0,3.4,False
1767701693.61,2026-01-06 17:44:53,11,18,472,14.2%,76,NORMAL,207.0,0.0,3.4,False
1767701694.72,2026-01-06 17:44:54,8,18,472,14.2%,76,NORMAL,207.0,0.0,3.4,False
1767701696.27,2026-01-06 17:44:56,8,18,472,14.2%,76,NORMAL,207.0,0.0,3.4,False
1767701698.01,2026-01-06 17:44:58,8,18,472,14.1%,76,NORMAL,207.0,0.0,3.4,False
1767701699.01,2026-01-06 17:44:59,8,18,472,14.1%,76,NORMAL,207.0,0.0,3.4,False
1767701700.50,2026-01-06 17:45:00,9,18,472,14.2%,76,NORMAL,207.0,0.0,3.4,False
1767701701.76,2026-01-06 17:45:01,8,18,472,14.2%,76,NORMAL,207.0,0.0,3.4,False
1767701703.25,2026-01-06 17:45:03,9,18,472,14.2%,76,NORMAL,207.0,0.0,3.4,False
1767701704.29,2026-01-06 17:45:04,9,18,472,14.3%,76,NORMAL,207.0,0.0,3.4,False
1767701706.06,2026-01-06 17:45:06,9,18,472,14.3%,76,NORMAL,207.0,0.0,3.4,False
1767701707.85,2026-01-06 17:45:07,8,18,472,14.3%,76,NORMAL,207.0,0.0,3.4,False
1767701709.03,2026-01-06 17:45:09,8,18,472,14.3%,76,NORMAL,207.0,0.0,3.4,False
1767701710.39,2026-01-06 17:45:10,11,18,474,14.4%,76,NORMAL,208.0,0.0,3.4,False
1767701711.97,2026-01-06 17:45:11,11,18,476,14.5%,76,NORMAL,210.0,0.0,3.4,False
1767701713.07,2026-01-06 17:45:13,10,18,476,14.6%,76,NORMAL,210.0,0.0,3.4,False
1767701714.10,2026-01-06 17:45:14,11,18,477,14.7%,76,NORMAL,210.0,0.0,3.4,False
1767701715.25,2026-01-06 17:45:15,11,18,477,14.8%,76,NORMAL,209.0,0.0,3.4,False
1767701716.47,2026-01-06 17:45:16,11,18,477,14.9%,76,NORMAL,208.0,0.0,3.4,False
1767701717.80,2026-01-06 17:45:17,12,18,477,15.0%,76,NORMAL,207.0,0.0,3.4,False
1767701718.94,2026-01-06 17:45:18,12,18,477,15.1%,76,NORMAL,206.0,0.0,3.4,False
1767701720.14,2026-01-06 17:45:20,10,18,477,15.1%,76,NORMAL,206.0,0.0,3.4,False
1767701721.67,2026-01-06 17:45:21,10,18,478,15.1%,76,NORMAL,206.0,0.0,3.4,False
1767701722.84,2026-01-06 17:45:22,10,18,478,15.1%,76,NORMAL,206.0,0.0,3.4,False
1767701724.71,2026-01-06 17:45:24,12,18,479,15.2%,76,NORMAL,207.0,0.0,3.4,False
1767701725.82,2026-01-06 17:45:25,11,18,479,15.3%,76,NORMAL,207.0,0.0,3.4,False
1767701727.45,2026-01-06 17:45:27,12,18,480,15.4%,76,NORMAL,207.0,0.0,3.4,False
1767701728.50,2026-01-06 17:45:28,10,18,480,15.3%,76,NORMAL,207.0,0.0,3.3,False
1767701729.54,2026-01-06 17:45:29,9,18,480,15.2%,76,NORMAL,207.0,0.0,3.3,False
1767701730.56,2026-01-06 17:45:30,11,18,480,15.3%,76,NORMAL,207.0,0.0,3.3,False
1767701732.23,2026-01-06 17:45:32,9,18,481,15.2%,76,NORMAL,207.0,0.0,3.3,False
1767701733.60,2026-01-06 17:45:33,10,18,481,15.2%,76,NORMAL,207.0,0.0,3.3,False
1767701734.83,2026-01-06 17:45:34,11,18,481,15.3%,76,NORMAL,207.0,0.0,3.3,False
1767701736.08,2026-01-06 17:45:36,12,18,481,15.5%,76,NORMAL,207.0,0.0,3.3,False
1767701737.37,2026-01-06 17:45:37,11,18,481,15.7%,76,NORMAL,207.0,0.0,3.3,False
1767701738.92,2026-01-06 17:45:38,11,18,481,15.8%,76,NORMAL,206.0,0.0,3.3,False
1767701740.03,2026-01-06 17:45:40,10,18,481,15.9%,76,NORMAL,205.0,0.0,3.3,False
1767701741.12,2026-01-06 17:45:41,11,18,481,16.0%,76,NORMAL,205.0,0.0,3.3,False
1767701742.36,2026-01-06 17:45:42,10,18,481,16.1%,76,NORMAL,205.0,0.0,3.3,False
1767701744.04,2026-01-06 17:45:44,10,18,481,16.1%,76,NORMAL,205.0,0.0,3.3,False
1767701745.18,2026-01-06 17:45:45,10,18,482,16.2%,76,NORMAL,206.0,0.0,3.2,False
1767701746.91,2026-01-06 17:45:46,10,18,482,16.3%,76,NORMAL,206.0,0.0,3.2,False
1767701747.94,2026-01-06 17:45:47,11,18,483,16.4%,76,NORMAL,207.0,0.0,3.2,False
1767701749.72,2026-01-06 17:45:49,11,18,484,16.4%,76,NORMAL,208.0,0.0,3.2,False
1767701750.83,2026-01-06 17:45:50,12,18,484,16.5%,76,NORMAL,208.0,0.0,3.2,False
1767701752.97,2026-01-06 17:45:52,12,18,485,16.5%,76,NORMAL,209.0,0.0,3.2,False
1767701754.12,2026-01-06 17:45:54,12,18,486,16.6%,76,NORMAL,209.0,0.0,3.2,False
1767701755.14,2026-01-06 17:45:55,12,18,486,16.6%,76,NORMAL,209.0,0.0,3.2,False
1767701756.72,2026-01-06 17:45:56,12,18,486,16.7%,76,NORMAL,209.0,0.0,3.2,False
1767701758.38,2026-01-06 17:45:58,12,18,486,16.7%,76,NORMAL,209.0,0.0,3.2,False
1767701759.73,2026-01-06 17:45:59,14,18,488,16.8%,76,NORMAL,210.0,0.0,3.2,False
1767701760.89,2026-01-06 17:46:00,14,18,488,17.0%,76,NORMAL,210.0,0.0,3.2,False
1767701762.60,2026-01-06 17:46:02,14,18,489,17.2%,76,NORMAL,210.0,0.0,3.2,False
1767701764.42,2026-01-06 17:46:04,14,18,489,17.4%,76,NORMAL,210.0,0.0,3.3,False
1767701766.37,2026-01-06 17:46:06,14,18,489,17.4%,76,NORMAL,207.0,0.0,3.3,False
1767701767.52,2026-01-06 17:46:07,14,18,489,17.6%,76,NORMAL,206.0,0.0,3.3,False
1767701768.73,2026-01-06 17:46:08,13,18,489,17.6%,76,NORMAL,206.0,0.0,3.3,False
1767701769.74,2026-01-06 17:46:09,12,18,489,17.7%,76,NORMAL,206.0,0.0,3.4,False
1767701770.77,2026-01-06 17:46:10,13,18,489,17.9%,76,NORMAL,206.0,0.0,3.4,False
1767701772.35,2026-01-06 17:46:12,13,18,489,18.0%,76,NORMAL,206.0,0.0,3.4,False
1767701773.42,2026-01-06 17:46:13,13,18,489,18.2%,76,NORMAL,206.0,0.0,3.4,False
1767701774.86,2026-01-06 17:46:14,11,18,489,18.3%,76,NORMAL,206.0,0.0,3.4,False
1767701775.96,2026-01-06 17:46:15,11,18,489,18.3%,76,NORMAL,205.0,0.0,3.5,False
1767701777.18,2026-01-06 17:46:17,10,18,489,18.2%,76,NORMAL,205.0,0.0,3.5,False
1767701778.81,2026-01-06 17:46:18,10,18,489,18.1%,76,NORMAL,205.0,0.0,3.5,False
1767701779.97,2026-01-06 17:46:19,11,18,489,18.1%,76,NORMAL,205.0,0.0,3.5,False
1767701781.04,2026-01-06 17:46:21,11,18,489,18.2%,76,NORMAL,203.0,0.0,3.5,False
1767701782.13,2026-01-06 17:46:22,11,18,489,18.2%,76,NORMAL,203.0,0.0,3.5,False
1767701783.29,2026-01-06 17:46:23,11,18,490,18.2%,76,NORMAL,204.0,0.0,3.5,False
1767701784.37,2026-01-06 17:46:24,11,18,490,18.3%,76,NORMAL,204.0,0.0,3.5,False
1767701785.96,2026-01-06 17:46:25,10,18,490,18.3%,76,NORMAL,204.0,0.0,3.5,False
1767701787.09,2026-01-06 17:46:27,9,18,490,18.2%,76,NORMAL,204.0,0.0,3.5,False
1767701788.27,2026-01-06 17:46:28,8,18,490,18.1%,76,NORMAL,204.0,0.0,3.5,False
1767701789.53,2026-01-06 17:46:29,9,18,490,18.0%,76,NORMAL,204.0,0.0,3.5,False
1767701790.69,2026-01-06 17:46:30,10,18,490,17.9%,76,NORMAL,204.0,0.0,3.5,False
1767701791.82,2026-01-06 17:46:31,10,18,490,17.8%,76,NORMAL,204.0,0.0,3.6,False
1767701793.35,2026-01-06 17:46:33,9,18,490,17.6%,76,NORMAL,204.0,0.0,3.6,False
1767701794.43,2026-01-06 17:46:34,9,18,490,17.5%,76,NORMAL,203.0,0.0,3.6,False
1767701795.46,2026-01-06 17:46:35,9,18,490,17.3%,76,NORMAL,203.0,0.0,3.6,False
1767701796.60,2026-01-06 17:46:36,9,18,490,17.2%,76,NORMAL,203.0,0.0,3.6,False
1767701797.74,2026-01-06 17:46:37,9,18,490,17.0%,76,NORMAL,203.0,0.0,3.6,False
1767701799.29,2026-01-06 17:46:39,11,18,490,16.8%,76,NORMAL,203.0,0.0,3.6,False
1767701800.34,2026-01-06 17:46:40,11,18,490,16.7%,76,NORMAL,203.0,0.0,3.6,False
1767701801.63,2026-01-06 17:46:41,13,18,492,16.6%,76,NORMAL,205.0,0.0,3.6,False
1767701802.77,2026-01-06 17:46:42,12,18,492,16.5%,76,NORMAL,204.0,0.0,3.6,False
1767701804.74,2026-01-06 17:46:44,9,18,492,16.3%,76,NORMAL,204.0,0.0,3.7,False
1767701806.00,2026-01-06 17:46:45,10,18,492,16.2%,76,NORMAL,204.0,0.0,3.7,False
1767701807.47,2026-01-06 17:46:47,10,18,492,16.1%,76,NORMAL,204.0,0.0,3.7,False
1767701808.65,2026-01-06 17:46:48,10,18,492,15.9%,76,NORMAL,204.0,0.0,3.7,False
1767701809.99,2026-01-06 17:46:49,10,18,492,15.8%,76,NORMAL,204.0,0.0,3.6,False
1767701811.25,2026-01-06 17:46:51,9,18,492,15.6%,76,NORMAL,204.0,0.0,3.6,False
1767701812.73,2026-01-06 17:46:52,10,18,492,15.5%,76,NORMAL,204.0,0.0,3.6,False
1767701813.88,2026-01-06 17:46:53,9,18,492,15.4%,76,NORMAL,204.0,0.0,3.6,False
1767701815.02,2026-01-06 17:46:55,10,18,492,15.4%,76,NORMAL,204.0,0.0,3.6,False
1767701816.74,2026-01-06 17:46:56,11,18,493,15.5%,76,NORMAL,205.0,0.0,3.7,False
1767701817.98,2026-01-06 17:46:57,8,18,494,15.3%,76,NORMAL,206.0,0.0,3.7,False
1767701819.31,2026-01-06 17:46:59,9,18,495,15.2%,76,NORMAL,207.0,0.0,3.7,False
1767701820.89,2026-01-06 17:47:00,9,18,495,15.1%,76,NORMAL,207.0,0.0,3.8,False
1767701822.03,2026-01-06 17:47:02,9,18,495,15.0%,76,NORMAL,206.0,0.0,3.8,False
1767701823.07,2026-01-06 17:47:03,10,18,495,15.0%,76,NORMAL,206.0,0.0,3.9,False
1767701824.15,2026-01-06 17:47:04,9,18,495,14.9%,76,NORMAL,206.0,0.0,3.9,False
1767701825.34,2026-01-06 17:47:05,11,18,495,15.0%,76,NORMAL,206.0,0.0,4.0,False
1767701826.36,2026-01-06 17:47:06,10,18,495,15.1%,76,NORMAL,206.0,0.0,4.0,False
1767701827.80,2026-01-06 17:47:07,9,18,496,15.1%,76,NORMAL,207.0,0.0,4.0,False
1767701829.91,2026-01-06 17:47:09,9,18,496,15.1%,76,NORMAL,207.0,0.0,4.1,False
1767701830.93,2026-01-06 17:47:10,10,18,496,15.1%,76,NORMAL,207.0,0.0,4.1,False
1767701832.04,2026-01-06 17:47:12,10,18,497,15.1%,76,NORMAL,208.0,0.0,4.1,False
1767701833.09,2026-01-06 17:47:13,9,18,497,15.1%,76,NORMAL,208.0,0.0,4.1,False
1767701834.33,2026-01-06 17:47:14,11,18,497,15.2%,76,NORMAL,207.0,0.0,4.1,False
1767701835.64,2026-01-06 17:47:15,10,18,497,15.3%,76,NORMAL,207.0,0.0,4.1,False
1767701836.68,2026-01-06 17:47:16,10,18,497,15.3%,76,NORMAL,206.0,0.0,4.1,False
1767701837.77,2026-01-06 17:47:17,11,18,498,15.3%,76,NORMAL,207.0,0.0,4.1,False
1767701838.90,2026-01-06 17:47:18,10,18,498,15.3%,76,NORMAL,207.0,0.0,4.1,False
1767701840.28,2026-01-06 17:47:20,10,18,498,15.1%,76,NORMAL,206.0,0.0,4.1,False
1767701841.78,2026-01-06 17:47:21,9,18,498,15.0%,76,NORMAL,206.0,0.0,4.1,False
1767701843.20,2026-01-06 17:47:23,8,18,498,14.9%,76,NORMAL,206.0,0.0,4.1,False
1767701844.20,2026-01-06 17:47:24,8,18,498,14.9%,76,NORMAL,206.0,0.0,4.1,False
1767701845.35,2026-01-06 17:47:25,9,18,498,14.8%,76,NORMAL,206.0,0.0,4.0,False
1767701846.49,2026-01-06 17:47:26,8,18,498,14.7%,76,NORMAL,206.0,0.0,4.0,False
1767701848.03,2026-01-06 17:47:28,10,18,499,14.7%,76,NORMAL,207.0,0.0,4.0,False
1767701849.05,2026-01-06 17:47:29,9,18,499,14.7%,76,NORMAL,207.0,0.0,4.0,False
1767701850.80,2026-01-06 17:47:30,9,18,499,14.7%,76,NORMAL,206.0,0.0,3.9,False
1767701851.96,2026-01-06 17:47:31,8,18,499,14.6%,76,NORMAL,206.0,0.0,3.9,False
1767701853.49,2026-01-06 17:47:33,8,18,499,14.5%,76,NORMAL,206.0,0.0,3.9,False
1767701854.58,2026-01-06 17:47:34,7,18,500,14.3%,76,NORMAL,207.0,0.0,3.9,False
1767701856.35,2026-01-06 17:47:36,7,18,500,14.3%,76,NORMAL,207.0,0.0,3.8,False
1767701857.45,2026-01-06 17:47:37,7,18,500,14.2%,76,NORMAL,206.0,0.0,3.8,False
1767701858.48,2026-01-06 17:47:38,7,18,500,14.1%,76,NORMAL,206.0,0.0,3.8,False
1767701859.64,2026-01-06 17:47:39,7,18,500,14.0%,76,NORMAL,206.0,0.0,3.8,False
1767701860.66,2026-01-06 17:47:40,9,18,502,13.9%,76,NORMAL,208.0,0.0,3.8,False
1767701861.73,2026-01-06 17:47:41,9,18,502,13.9%,76,NORMAL,208.0,0.0,3.7,False
1767701862.89,2026-01-06 17:47:42,7,18,502,13.7%,76,NORMAL,206.0,0.0,3.7,False
1767701864.34,2026-01-06 17:47:44,8,18,503,13.6%,76,NORMAL,207.0,0.0,3.6,False
1767701865.37,2026-01-06 17:47:45,7,18,503,13.5%,76,NORMAL,206.0,0.0,3.5,False
1767701866.99,2026-01-06 17:47:46,7,18,503,13.4%,76,NORMAL,206.0,0.0,3.5,False
1767701868.14,2026-01-06 17:47:48,7,18,503,13.3%,76,NORMAL,206.0,0.0,3.5,False
1767701869.33,2026-01-06 17:47:49,6,18,504,13.1%,76,NORMAL,207.0,0.0,3.5,False
1767701871.13,2026-01-06 17:47:51,7,18,505,13.0%,76,NORMAL,208.0,0.0,3.4,False
1767701872.30,2026-01-06 17:47:52,7,18,505,12.8%,76,NORMAL,208.0,0.0,3.4,False
1767701873.41,2026-01-06 17:47:53,7,18,505,12.6%,76,NORMAL,208.0,0.0,3.4,False
1767701874.67,2026-01-06 17:47:54,7,18,505,12.5%,76,NORMAL,207.0,0.0,3.4,False
1767701876.00,2026-01-06 17:47:56,7,18,506,12.3%,76,NORMAL,208.0,0.0,3.4,False
1767701877.09,2026-01-06 17:47:57,7,18,506,12.1%,76,NORMAL,208.0,0.0,3.4,False
1767701878.33,2026-01-06 17:47:58,8,18,506,12.0%,76,NORMAL,208.0,0.0,3.4,False
1767701879.49,2026-01-06 17:47:59,8,18,507,12.0%,76,NORMAL,208.0,0.0,3.4,False
1767701880.49,2026-01-06 17:48:00,8,18,507,12.0%,76,NORMAL,208.0,0.0,3.4,False
1767701881.70,2026-01-06 17:48:01,8,18,507,12.0%,76,NORMAL,208.0,0.0,3.4,False
1767701883.05,2026-01-06 17:48:03,6,18,507,11.8%,76,NORMAL,208.0,0.0,3.4,False
1767701884.30,2026-01-06 17:48:04,8,18,508,11.8%,76,NORMAL,209.0,0.0,3.4,False
1767701885.70,2026-01-06 17:48:05,7,18,508,11.7%,76,NORMAL,209.0,0.0,3.4,False
1767701887.42,2026-01-06 17:48:07,8,18,508,11.6%,76,NORMAL,209.0,0.0,3.4,False
1767701888.61,2026-01-06 17:48:08,9,18,509,11.6%,76,NORMAL,209.0,0.0,3.4,False
1767701889.87,2026-01-06 17:48:09,8,18,509,11.6%,76,NORMAL,209.0,0.0,3.4,False
1767701891.04,2026-01-06 17:48:11,10,18,510,11.7%,76,NORMAL,209.0,0.0,3.4,False
1767701892.63,2026-01-06 17:48:12,10,18,510,11.9%,76,NORMAL,209.0,0.0,3.4,False
1767701893.74,2026-01-06 17:48:13,9,18,510,12.0%,76,NORMAL,209.0,0.0,3.4,False
1767701894.99,2026-01-06 17:48:14,10,18,511,12.1%,76,NORMAL,210.0,0.0,3.3,False
1767701896.82,2026-01-06 17:48:16,8,18,512,12.2%,76,NORMAL,211.0,0.0,3.3,False
1767701897.98,2026-01-06 17:48:17,8,18,512,12.2%,76,NORMAL,211.0,0.0,3.3,False
1767701899.18,2026-01-06 17:48:19,9,18,513,12.2%,76,NORMAL,212.0,0.0,3.3,False
1767701900.20,2026-01-06 17:48:20,8,18,513,12.2%,76,NORMAL,211.0,0.0,3.3,False
1767701901.69,2026-01-06 17:48:21,10,18,515,12.3%,76,NORMAL,213.0,0.0,3.3,False
1767701903.11,2026-01-06 17:48:23,12,18,516,12.5%,76,NORMAL,213.0,0.0,3.3,False
1767701904.43,2026-01-06 17:48:24,10,18,516,12.7%,76,NORMAL,213.0,0.0,3.3,False
1767701906.02,2026-01-06 17:48:26,10,18,516,12.8%,76,NORMAL,213.0,0.0,3.3,False
1767701907.17,2026-01-06 17:48:27,11,18,516,13.0%,76,NORMAL,213.0,0.0,3.3,False
1767701908.30,2026-01-06 17:48:28,11,18,517,13.3%,76,NORMAL,214.0,0.0,3.3,False
1767701909.58,2026-01-06 17:48:29,10,18,517,13.4%,76,NORMAL,214.0,0.0,3.3,False
1767701910.69,2026-01-06 17:48:30,10,18,517,13.6%,76,NORMAL,214.0,0.0,3.4,False
1767701911.75,2026-01-06 17:48:31,11,18,518,13.8%,76,NORMAL,215.0,0.0,3.4,False
1767701912.92,2026-01-06 17:48:32,11,18,518,14.0%,76,NORMAL,215.0,0.0,3.3,False
1767701913.96,2026-01-06 17:48:33,11,18,518,14.2%,76,NORMAL,215.0,0.0,3.3,False
1767701915.00,2026-01-06 17:48:34,11,18,518,14.4%,76,NORMAL,215.0,0.0,3.3,False
1767701916.03,2026-01-06 17:48:36,12,18,519,14.5%,76,NORMAL,215.0,0.0,3.3,False
1767701917.76,2026-01-06 17:48:37,10,18,519,14.6%,76,NORMAL,213.0,0.0,3.3,False
1767701919.58,2026-01-06 17:48:39,10,18,519,14.7%,76,NORMAL,213.0,0.0,3.3,False
1767701920.62,2026-01-06 17:48:40,10,18,519,14.8%,76,NORMAL,213.0,0.0,3.3,False
1767701921.86,2026-01-06 17:48:41,10,18,519,15.0%,76,NORMAL,212.0,0.0,3.3,False
1767701923.21,2026-01-06 17:48:43,10,18,521,15.1%,76,NORMAL,214.0,0.0,3.3,False
1767701924.34,2026-01-06 17:48:44,12,18,522,15.4%,76,NORMAL,215.0,0.0,3.3,False
1767701925.49,2026-01-06 17:48:45,12,18,523,15.6%,76,NORMAL,215.0,0.0,3.3,False
1767701926.99,2026-01-06 17:48:46,12,18,523,15.7%,76,NORMAL,215.0,0.0,3.3,False
1767701928.09,2026-01-06 17:48:48,10,18,523,15.8%,76,NORMAL,215.0,0.0,3.3,False
1767701929.12,2026-01-06 17:48:49,11,18,523,15.9%,76,NORMAL,214.0,0.0,3.3,False
1767701930.23,2026-01-06 17:48:50,10,18,523,15.9%,76,NORMAL,214.0,0.0,3.3,False
1767701931.38,2026-01-06 17:48:51,9,18,523,15.9%,76,NORMAL,214.0,0.0,3.3,False
1767701932.75,2026-01-06 17:48:52,11,18,523,15.9%,76,NORMAL,212.0,0.0,3.3,False
1767701934.19,2026-01-06 17:48:54,11,18,523,16.1%,76,NORMAL,212.0,0.0,3.3,False
1767701935.47,2026-01-06 17:48:55,13,18,523,16.3%,76,NORMAL,212.0,0.0,3.3,False
1767701937.19,2026-01-06 17:48:57,13,18,523,16.5%,76,NORMAL,209.0,0.0,3.4,False
1767701938.43,2026-01-06 17:48:58,13,18,523,16.7%,76,NORMAL,209.0,0.0,3.4,False
1767701939.44,2026-01-06 17:48:59,13,18,523,16.9%,76,NORMAL,209.0,0.0,3.4,False
1767701940.55,2026-01-06 17:49:00,12,18,523,16.9%,76,NORMAL,209.0,0.0,3.4,False
1767701941.63,2026-01-06 17:49:01,12,18,523,17.0%,76,NORMAL,209.0,0.0,3.4,False
1767701942.84,2026-01-06 17:49:02,12,18,523,17.1%,76,NORMAL,209.0,0.0,3.4,False
1767701944.00,2026-01-06 17:49:03,11,18,523,17.1%,76,NORMAL,209.0,0.0,3.4,False
1767701945.54,2026-01-06 17:49:05,11,18,523,17.1%,76,NORMAL,208.0,0.0,3.4,False
1767701946.56,2026-01-06 17:49:06,11,18,523,17.1%,76,NORMAL,208.0,0.0,3.4,False
1767701948.15,2026-01-06 17:49:08,12,18,524,17.2%,76,NORMAL,208.0,0.0,3.4,False
1767701949.24,2026-01-06 17:49:09,12,18,524,17.3%,76,NORMAL,208.0,0.0,3.4,False
1767701950.48,2026-01-06 17:49:10,12,18,524,17.3%,76,NORMAL,207.0,0.0,3.4,False
1767701951.56,2026-01-06 17:49:11,12,18,524,17.4%,76,NORMAL,206.0,0.0,3.4,False
1767701952.59,2026-01-06 17:49:12,12,18,524,17.4%,76,NORMAL,206.0,0.0,3.4,False
1767701953.78,2026-01-06 17:49:13,12,18,524,17.4%,76,NORMAL,206.0,0.0,3.4,False
1767701955.20,2026-01-06 17:49:15,12,18,524,17.5%,76,NORMAL,205.0,0.0,3.4,False
1767701956.91,2026-01-06 17:49:16,12,18,525,17.6%,76,NORMAL,206.0,0.0,3.4,False
1767701958.19,2026-01-06 17:49:18,12,18,525,17.7%,76,NORMAL,206.0,0.0,3.4,False
1767701959.53,2026-01-06 17:49:19,12,18,525,17.8%,76,NORMAL,203.0,0.0,3.4,False
1767701960.90,2026-01-06 17:49:20,12,18,525,17.9%,76,NORMAL,203.0,0.0,3.4,False
1767701962.01,2026-01-06 17:49:22,11,18,525,17.8%,76,NORMAL,203.0,0.0,3.5,False
1767701963.14,2026-01-06 17:49:23,11,18,525,17.8%,76,NORMAL,201.0,0.0,3.5,False
1767701964.60,2026-01-06 17:49:24,11,18,525,17.7%,76,NORMAL,200.0,0.0,3.5,False
1767701965.75,2026-01-06 17:49:25,11,18,525,17.8%,76,NORMAL,200.0,0.0,3.5,False
1767701966.91,2026-01-06 17:49:26,11,18,525,17.8%,76,NORMAL,199.0,0.0,3.5,False
1767701968.08,2026-01-06 17:49:28,12,18,526,17.9%,76,NORMAL,197.0,0.0,3.5,False
1767701969.74,2026-01-06 17:49:29,11,18,526,18.0%,76,NORMAL,197.0,0.0,3.5,False
1767701971.53,2026-01-06 17:49:31,12,18,526,18.0%,76,NORMAL,197.0,0.0,3.5,False
1767701973.06,2026-01-06 17:49:33,12,18,526,18.1%,76,NORMAL,197.0,0.0,3.4,False
1767701974.39,2026-01-06 17:49:34,11,18,526,18.0%,76,NORMAL,196.0,0.0,3.4,False
1767701975.52,2026-01-06 17:49:35,11,18,526,17.9%,76,NORMAL,196.0,0.0,3.4,False
1767701977.46,2026-01-06 17:49:37,11,18,526,17.8%,76,NORMAL,196.0,0.0,3.4,False
1767701978.73,2026-01-06 17:49:38,11,18,526,17.7%,76,NORMAL,196.0,0.0,3.4,False
1767701979.78,2026-01-06 17:49:39,10,18,526,17.6%,76,NORMAL,196.0,0.0,3.3,False
1767701981.63,2026-01-06 17:49:41,10,18,526,17.5%,76,NORMAL,196.0,0.0,3.3,False
1767701982.82,2026-01-06 17:49:42,10,18,527,17.4%,76,NORMAL,195.0,0.0,3.3,False
1767701983.94,2026-01-06 17:49:43,9,18,527,17.3%,76,NORMAL,195.0,0.0,3.3,False
1767701985.32,2026-01-06 17:49:45,9,18,527,17.2%,76,NORMAL,194.0,0.0,3.3,False
1767701986.38,2026-01-06 17:49:46,11,18,529,17.2%,76,NORMAL,196.0,0.0,3.3,False
1767701988.34,2026-01-06 17:49:48,12,18,530,17.2%,76,NORMAL,197.0,0.0,3.2,False
1767701989.60,2026-01-06 17:49:49,11,18,530,17.2%,76,NORMAL,196.0,0.0,3.2,False
1767701990.84,2026-01-06 17:49:50,12,18,531,17.2%,76,NORMAL,196.0,0.0,3.2,False
1767701991.92,2026-01-06 17:49:51,11,18,531,17.1%,76,NORMAL,196.0,0.0,3.2,False
1767701993.13,2026-01-06 17:49:53,11,18,531,17.1%,76,NORMAL,196.0,0.0,3.2,False
1767701995.24,2026-01-06 17:49:55,12,18,531,17.1%,76,NORMAL,195.0,0.0,3.2,False
1767701996.36,2026-01-06 17:49:56,12,18,531,17.1%,76,NORMAL,195.0,0.0,3.2,False
1767701997.51,2026-01-06 17:49:57,12,18,532,17.1%,76,NORMAL,196.0,0.0,3.2,False
1767701998.94,2026-01-06 17:49:58,11,18,532,17.0%,76,NORMAL,195.0,0.0,3.2,False
1767702000.65,2026-01-06 17:50:00,11,18,532,17.0%,76,NORMAL,195.0,0.0,3.2,False
1767702002.05,2026-01-06 17:50:02,12,18,533,17.0%,76,NORMAL,195.0,0.0,3.2,False
1767702003.32,2026-01-06 17:50:03,10,18,533,16.9%,76,NORMAL,195.0,0.0,3.2,False
1767702004.47,2026-01-06 17:50:04,10,18,533,16.9%,76,NORMAL,195.0,0.0,3.2,False
1767702005.67,2026-01-06 17:50:05,11,18,534,16.9%,76,NORMAL,196.0,0.0,3.2,False
1767702007.00,2026-01-06 17:50:06,10,18,534,16.8%,76,NORMAL,196.0,0.0,3.2,False
1767702008.08,2026-01-06 17:50:08,11,18,535,16.8%,76,NORMAL,197.0,0.0,3.2,False
1767702009.61,2026-01-06 17:50:09,10,18,535,16.7%,76,NORMAL,196.0,0.0,3.2,False
1767702010.79,2026-01-06 17:50:10,11,18,536,16.7%,76,NORMAL,196.0,0.0,3.2,False
1767702011.87,2026-01-06 17:50:11,13,18,538,16.8%,76,NORMAL,198.0,0.0,3.2,False
1767702012.91,2026-01-06 17:50:12,14,18,539,16.9%,76,NORMAL,198.0,0.0,3.2,False
1767702014.07,2026-01-06 17:50:14,15,18,539,17.1%,76,NORMAL,197.0,0.0,3.2,False
1767702015.09,2026-01-06 17:50:15,12,18,539,17.1%,76,NORMAL,196.0,0.0,3.2,False
1767702016.09,2026-01-06 17:50:16,11,18,539,17.1%,76,NORMAL,196.0,0.0,3.3,False
1767702017.43,2026-01-06 17:50:17,12,18,540,17.2%,76,NORMAL,197.0,0.0,3.3,False
1767702018.67,2026-01-06 17:50:18,12,18,540,17.3%,76,NORMAL,197.0,0.0,3.3,False
1767702019.90,2026-01-06 17:50:19,11,18,540,17.3%,76,NORMAL,197.0,0.0,3.4,False
1767702021.35,2026-01-06 17:50:21,13,18,541,17.5%,76,NORMAL,198.0,0.0,3.4,False
1767702022.47,2026-01-06 17:50:22,12,18,541,17.6%,76,NORMAL,197.0,0.0,3.4,False
1767702023.68,2026-01-06 17:50:23,12,18,541,17.7%,76,NORMAL,197.0,0.0,3.4,False
1767702025.16,2026-01-06 17:50:25,12,18,541,17.8%,76,NORMAL,197.0,0.0,3.4,False
1767702026.74,2026-01-06 17:50:26,13,18,541,17.8%,76,NORMAL,196.0,0.0,3.5,False
1767702027.76,2026-01-06 17:50:27,13,18,541,17.9%,76,NORMAL,196.0,0.0,3.5,False
1767702029.58,2026-01-06 17:50:29,12,18,541,17.9%,76,NORMAL,196.0,0.0,3.5,False
1767702030.92,2026-01-06 17:50:30,12,18,541,18.0%,76,NORMAL,195.0,0.0,3.5,False
1767702031.93,2026-01-06 17:50:31,11,18,541,18.0%,76,NORMAL,195.0,0.0,3.4,False
1767702033.67,2026-01-06 17:50:33,11,18,541,17.9%,76,NORMAL,195.0,0.0,3.4,False
1767702035.12,2026-01-06 17:50:35,10,18,542,17.8%,76,NORMAL,195.0,0.0,3.4,False
1767702036.15,2026-01-06 17:50:36,7,18,542,17.6%,76,NORMAL,195.0,0.0,3.4,False
1767702038.15,2026-01-06 17:50:38,6,18,543,17.3%,76,NORMAL,196.0,0.0,3.4,False
1767702039.75,2026-01-06 17:50:39,9,18,545,17.2%,76,NORMAL,198.0,0.0,3.4,False
1767702040.81,2026-01-06 17:50:40,10,18,546,17.2%,76,NORMAL,199.0,0.0,3.3,False
1767702042.05,2026-01-06 17:50:42,11,18,546,17.2%,76,NORMAL,199.0,0.0,3.3,False
1767702043.24,2026-01-06 17:50:43,8,18,548,17.1%,76,NORMAL,201.0,0.0,3.3,False
1767702044.73,2026-01-06 17:50:44,9,18,549,17.0%,76,NORMAL,202.0,0.0,3.2,False
1767702046.03,2026-01-06 17:50:46,9,18,549,17.0%,76,NORMAL,201.0,0.0,3.2,False
1767702047.66,2026-01-06 17:50:47,11,18,550,17.0%,76,NORMAL,202.0,0.0,3.2,False
1767702048.90,2026-01-06 17:50:48,11,18,551,17.0%,76,NORMAL,202.0,0.0,3.2,False
1767702050.33,2026-01-06 17:50:50,13,18,551,17.1%,76,NORMAL,202.0,0.0,3.2,False
1767702051.38,2026-01-06 17:50:51,12,18,551,17.1%,76,NORMAL,202.0,0.0,3.2,False
1767702052.45,2026-01-06 17:50:52,12,18,551,17.0%,76,NORMAL,201.0,0.0,3.2,False
1767702053.92,2026-01-06 17:50:53,12,18,551,16.8%,76,NORMAL,201.0,0.0,3.2,False
1767702055.24,2026-01-06 17:50:55,12,18,551,16.8%,76,NORMAL,201.0,0.0,3.2,False
1767702056.29,2026-01-06 17:50:56,10,18,551,16.8%,76,NORMAL,200.0,0.0,3.2,False
1767702057.30,2026-01-06 17:50:57,9,18,551,16.6%,76,NORMAL,200.0,0.0,3.2,False
1767702058.39,2026-01-06 17:50:58,9,18,551,16.5%,76,NORMAL,199.0,0.0,3.2,False
1767702059.50,2026-01-06 17:50:59,10,18,551,16.4%,76,NORMAL,199.0,0.0,3.2,False
1767702061.21,2026-01-06 17:51:01,10,18,551,16.3%,76,NORMAL,199.0,0.0,3.2,False
1767702062.83,2026-01-06 17:51:02,10,18,551,16.2%,76,NORMAL,199.0,0.0,3.2,False
1767702063.98,2026-01-06 17:51:03,10,18,551,16.1%,76,NORMAL,199.0,0.0,3.2,False
1767702065.77,2026-01-06 17:51:05,10,18,551,16.0%,76,NORMAL,199.0,0.0,3.2,False
1767702067.55,2026-01-06 17:51:07,10,18,551,15.9%,76,NORMAL,199.0,0.0,3.2,False
1767702068.66,2026-01-06 17:51:08,9,18,551,15.7%,76,NORMAL,198.0,0.0,3.2,False
1767702070.41,2026-01-06 17:51:10,9,18,551,15.5%,76,NORMAL,197.0,0.0,3.2,False
1767702071.46,2026-01-06 17:51:11,8,18,551,15.3%,76,NORMAL,197.0,0.0,3.2,False
1767702072.61,2026-01-06 17:51:12,8,18,551,15.2%,76,NORMAL,197.0,0.0,3.2,False
1767702073.97,2026-01-06 17:51:13,8,18,552,15.0%,76,NORMAL,197.0,0.0,3.2,False
1767702075.51,2026-01-06 17:51:15,8,18,552,14.9%,76,NORMAL,197.0,0.0,3.2,False
1767702076.91,2026-01-06 17:51:16,9,18,553,15.0%,76,NORMAL,198.0,0.0,3.2,False
1767702078.11,2026-01-06 17:51:18,9,18,553,15.2%,76,NORMAL,198.0,0.0,3.2,False
1767702080.14,2026-01-06 17:51:20,9,18,553,15.2%,76,NORMAL,197.0,0.0,3.2,False
1767702081.47,2026-01-06 17:51:21,9,18,553,15.1%,76,NORMAL,197.0,0.0,3.2,False
1767702082.56,2026-01-06 17:51:22,10,18,554,15.1%,76,NORMAL,198.0,0.0,3.2,False
1767702084.11,2026-01-06 17:51:24,11,18,555,15.2%,76,NORMAL,199.0,0.0,3.2,False
1767702085.33,2026-01-06 17:51:25,10,18,555,15.3%,76,NORMAL,199.0,0.0,3.2,False
1767702086.35,2026-01-06 17:51:26,12,18,556,15.4%,76,NORMAL,199.0,0.0,3.2,False
1767702087.45,2026-01-06 17:51:27,10,18,556,15.4%,76,NORMAL,199.0,0.0,3.2,False
1767702088.80,2026-01-06 17:51:28,11,18,557,15.4%,76,NORMAL,199.0,0.0,3.2,False
1767702089.85,2026-01-06 17:51:29,9,18,557,15.2%,76,NORMAL,199.0,0.0,3.2,False
1767702090.96,2026-01-06 17:51:30,8,18,557,15.0%,76,NORMAL,199.0,0.0,3.2,False
1767702092.06,2026-01-06 17:51:32,6,18,557,14.7%,76,NORMAL,199.0,0.0,3.2,False
1767702093.58,2026-01-06 17:51:33,6,18,557,14.4%,76,NORMAL,199.0,0.0,3.2,False
1767702094.69,2026-01-06 17:51:34,6,18,557,14.1%,76,NORMAL,199.0,0.0,3.2,False
1767702095.79,2026-01-06 17:51:35,6,18,557,13.9%,76,NORMAL,197.0,0.0,3.2,False
1767702097.22,2026-01-06 17:51:37,6,18,557,13.8%,76,NORMAL,197.0,0.0,3.2,False
1767702098.29,2026-01-06 17:51:38,6,18,557,13.6%,76,NORMAL,197.0,0.0,3.2,False
1767702099.39,2026-01-06 17:51:39,6,18,558,13.4%,76,NORMAL,197.0,0.0,3.2,False
1767702100.91,2026-01-06 17:51:40,6,18,559,13.2%,76,NORMAL,198.0,0.0,3.2,False
1767702102.07,2026-01-06 17:51:42,6,18,559,13.0%,76,NORMAL,198.0,0.0,3.1,False
1767702103.59,2026-01-06 17:51:43,8,18,561,12.9%,76,NORMAL,199.0,0.0,3.1,False
1767702104.87,2026-01-06 17:51:44,7,18,561,12.8%,76,NORMAL,197.0,0.0,3.1,False
1767702106.24,2026-01-06 17:51:46,7,18,561,12.6%,76,NORMAL,197.0,0.0,3.1,False
1767702108.51,2026-01-06 17:51:48,7,18,562,12.5%,76,NORMAL,198.0,0.0,3.1,False
1767702109.89,2026-01-06 17:51:49,6,18,562,12.4%,76,NORMAL,198.0,0.0,3.1,False
1767702111.00,2026-01-06 17:51:51,7,18,563,12.3%,76,NORMAL,199.0,0.0,3.0,False
1767702112.51,2026-01-06 17:51:52,8,18,564,12.3%,76,NORMAL,200.0,0.0,3.0,False
1767702114.18,2026-01-06 17:51:54,8,18,564,12.3%,76,NORMAL,200.0,0.0,3.0,False
1767702115.73,2026-01-06 17:51:55,7,18,564,12.3%,76,NORMAL,200.0,0.0,3.0,False
1767702117.39,2026-01-06 17:51:57,7,18,564,12.2%,76,NORMAL,200.0,0.0,3.0,False
1767702118.53,2026-01-06 17:51:58,9,18,566,12.2%,76,NORMAL,202.0,0.0,3.0,False
1767702119.55,2026-01-06 17:51:59,9,18,566,12.2%,76,NORMAL,201.0,0.0,2.9,False
1767702121.02,2026-01-06 17:52:01,9,18,567,12.2%,76,NORMAL,202.0,0.0,2.9,False
1767702122.49,2026-01-06 17:52:02,10,18,567,12.2%,76,NORMAL,202.0,0.0,2.9,False
1767702124.61,2026-01-06 17:52:04,10,18,567,12.1%,76,NORMAL,202.0,0.0,2.9,False
1767702125.76,2026-01-06 17:52:05,10,18,567,12.1%,76,NORMAL,201.0,0.0,2.9,False
1767714942.97,2026-01-06 21:25:42,9,18,567,12.0%,76,NORMAL,200.0,0.0,2.8,False
1767714944.00,2026-01-06 21:25:43,9,18,567,11.9%,76,NORMAL,200.0,0.0,2.6,False
1767714945.04,2026-01-06 21:25:45,7,18,567,11.7%,76,NORMAL,197.0,0.0,2.4,False
1767714946.14,2026-01-06 21:25:46,9,18,567,11.7%,76,NORMAL,197.0,0.0,2.1,False
1767714947.22,2026-01-06 21:25:47,8,18,570,11.7%,76,NORMAL,197.0,0.0,2.3,False
1767714948.27,2026-01-06 21:25:48,7,18,570,11.8%,76,NORMAL,196.0,0.0,3.3,False
1767714949.29,2026-01-06 21:25:49,8,18,573,11.9%,76,NORMAL,197.0,0.0,4.2,False
1767714950.35,2026-01-06 21:25:50,7,18,574,11.9%,76,NORMAL,198.0,0.0,5.3,False
1767714951.41,2026-01-06 21:25:51,6,18,575,11.9%,76,NORMAL,197.0,0.0,6.4,False
1767714952.45,2026-01-06 21:25:52,7,18,576,12.0%,76,NORMAL,197.0,0.0,7.4,False
1767714953.46,2026-01-06 21:25:53,6,18,577,12.0%,76,NORMAL,197.0,0.0,8.2,False
1767714954.49,2026-01-06 21:25:54,7,18,577,12.0%,76,NORMAL,196.0,0.0,9.0,False
1767714955.74,2026-01-06 21:25:55,10,18,580,12.2%,76,NORMAL,199.0,0.0,10.3,False
1767714956.79,2026-01-06 21:25:56,8,18,581,12.3%,76,NORMAL,200.0,0.0,11.4,False
1767714957.85,2026-01-06 21:25:57,9,18,581,12.4%,76,NORMAL,199.0,0.0,12.3,False
1767714959.08,2026-01-06 21:25:59,9,18,584,12.5%,76,NORMAL,201.0,0.0,13.1,False
1767714960.10,2026-01-06 21:26:00,9,18,585,12.6%,76,NORMAL,202.0,0.0,13.0,False
1767714961.18,2026-01-06 21:26:01,10,18,586,12.7%,76,NORMAL,203.0,0.0,13.0,False
1767714962.42,2026-01-06 21:26:02,9,18,586,12.9%,76,NORMAL,201.0,0.0,13.0,False
1767714963.54,2026-01-06 21:26:03,13,18,589,13.2%,76,NORMAL,201.0,0.0,12.9,False
1767714964.71,2026-01-06 21:26:04,13,18,590,13.4%,76,NORMAL,198.0,0.0,12.8,False
1767714965.76,2026-01-06 21:26:05,12,18,590,13.6%,76,NORMAL,197.0,0.0,12.8,False
1767714967.03,2026-01-06 21:26:07,12,18,590,13.8%,76,NORMAL,195.0,0.0,12.7,False
1767714968.11,2026-01-06 21:26:08,11,18,592,14.0%,76,NORMAL,196.0,0.0,12.7,False
1767714969.47,2026-01-06 21:26:09,13,18,594,14.2%,76,NORMAL,198.0,0.0,12.7,False
1767714970.52,2026-01-06 21:26:10,15,18,595,14.5%,76,NORMAL,198.0,0.0,12.7,False
1767714971.56,2026-01-06 21:26:11,14,18,595,14.8%,76,NORMAL,197.0,0.0,12.7,False
1767714972.84,2026-01-06 21:26:12,13,18,597,14.9%,76,NORMAL,198.0,0.0,12.6,False
1767714973.90,2026-01-06 21:26:13,13,18,599,15.0%,76,NORMAL,199.0,0.0,12.5,False
1767714975.02,2026-01-06 21:26:15,14,18,601,15.2%,76,NORMAL,201.0,0.0,12.4,False
1767714976.02,2026-01-06 21:26:16,16,18,604,15.6%,76,NORMAL,203.0,0.0,12.3,False
1767714977.05,2026-01-06 21:26:17,14,18,606,15.8%,76,NORMAL,204.0,0.0,12.2,False
1767714978.36,2026-01-06 21:26:18,16,18,607,16.2%,76,NORMAL,202.0,0.0,12.1,False
1767714979.40,2026-01-06 21:26:19,13,18,608,16.4%,76,NORMAL,201.0,0.0,12.0,False
1767714980.53,2026-01-06 21:26:20,12,18,608,16.6%,76,NORMAL,201.0,0.0,12.0,False
1767714981.63,2026-01-06 21:26:21,12,18,608,16.9%,76,NORMAL,201.0,0.0,12.0,False
1767714982.95,2026-01-06 21:26:22,13,18,608,17.1%,76,NORMAL,199.0,0.0,12.0,False
1767714984.01,2026-01-06 21:26:24,12,18,609,17.4%,76,NORMAL,200.0,0.0,12.0,False
1767714985.06,2026-01-06 21:26:25,11,18,609,17.6%,76,NORMAL,200.0,0.0,12.1,False
1767714986.15,2026-01-06 21:26:26,11,18,610,17.8%,76,NORMAL,200.0,0.0,12.1,False
1767714987.23,2026-01-06 21:26:27,11,18,612,18.0%,76,NORMAL,200.0,0.0,12.1,False
1767714988.57,2026-01-06 21:26:28,12,18,613,18.3%,76,NORMAL,200.0,0.0,12.1,False
1767714989.58,2026-01-06 21:26:29,13,18,614,18.4%,76,NORMAL,199.0,0.0,12.1,False
1767714990.59,2026-01-06 21:26:30,12,18,614,18.6%,76,NORMAL,199.0,0.0,12.2,False
1767714991.79,2026-01-06 21:26:31,12,18,615,18.8%,76,NORMAL,197.0,0.0,12.3,False
1767714992.80,2026-01-06 21:26:32,11,18,617,18.9%,76,NORMAL,198.0,0.0,12.4,False
1767714993.87,2026-01-06 21:26:33,14,18,618,19.1%,76,NORMAL,199.0,0.0,12.4,False
1767714995.11,2026-01-06 21:26:35,14,18,620,19.3%,76,NORMAL,200.0,0.0,12.4,False
1767714996.14,2026-01-06 21:26:36,13,18,621,19.5%,76,NORMAL,201.0,0.0,12.4,False
1767714997.20,2026-01-06 21:26:37,13,18,621,19.5%,76,NORMAL,201.0,0.0,12.4,False
1767714998.33,2026-01-06 21:26:38,13,18,622,19.5%,76,NORMAL,201.0,0.0,12.4,False
1767714999.43,2026-01-06 21:26:39,10,18,623,19.4%,76,NORMAL,200.0,0.0,12.4,False
1767715000.66,2026-01-06 21:26:40,12,18,625,19.4%,76,NORMAL,201.0,0.0,12.4,False
1767715001.71,2026-01-06 21:26:41,13,18,625,19.5%,76,NORMAL,200.0,0.0,12.4,False
1767715002.71,2026-01-06 21:26:42,13,18,625,19.5%,76,NORMAL,200.0,0.0,12.4,False
1767715003.83,2026-01-06 21:26:43,13,18,625,19.4%,76,NORMAL,199.0,0.0,12.5,False
1767715004.92,2026-01-06 21:26:44,11,18,625,19.3%,76,NORMAL,199.0,0.0,12.5,False
1767715006.05,2026-01-06 21:26:46,11,18,625,19.2%,76,NORMAL,196.0,0.0,12.5,False
1767715007.13,2026-01-06 21:26:47,11,18,628,19.1%,76,NORMAL,197.0,0.0,12.6,False
1767715008.39,2026-01-06 21:26:48,12,18,628,19.0%,76,NORMAL,197.0,0.0,12.6,False
1767715009.40,2026-01-06 21:26:49,13,18,630,18.8%,76,NORMAL,199.0,0.0,12.7,False
1767715010.47,2026-01-06 21:26:50,13,18,632,18.8%,76,NORMAL,201.0,0.0,12.7,False
1767715011.56,2026-01-06 21:26:51,12,18,633,18.6%,76,NORMAL,202.0,0.0,12.7,False
1767715012.86,2026-01-06 21:26:52,13,18,634,18.6%,76,NORMAL,202.0,0.0,12.7,False
1767715013.95,2026-01-06 21:26:53,11,18,635,18.6%,76,NORMAL,203.0,0.0,12.6,False
1767715015.05,2026-01-06 21:26:55,11,18,636,18.5%,76,NORMAL,204.0,0.0,12.6,False
1767715016.11,2026-01-06 21:26:56,11,18,638,18.4%,76,NORMAL,206.0,0.0,12.6,False
1767715017.20,2026-01-06 21:26:57,9,18,638,18.3%,76,NORMAL,206.0,0.0,12.6,False
1767715018.26,2026-01-06 21:26:58,11,18,640,18.3%,76,NORMAL,206.0,0.0,12.5,False
1767715019.55,2026-01-06 21:26:59,11,18,643,18.3%,76,NORMAL,209.0,0.0,12.4,False
1767715020.63,2026-01-06 21:27:00,12,18,644,18.3%,76,NORMAL,209.0,0.0,12.4,False
1767715021.64,2026-01-06 21:27:01,10,18,645,18.2%,76,NORMAL,209.0,0.0,12.3,False
1767715022.84,2026-01-06 21:27:02,12,18,647,18.2%,76,NORMAL,211.0,0.0,12.3,False
1767715023.88,2026-01-06 21:27:03,11,18,647,18.1%,76,NORMAL,211.0,0.0,12.3,False
1767715024.99,2026-01-06 21:27:04,13,18,651,18.2%,76,NORMAL,215.0,0.0,12.2,False
1767715026.22,2026-01-06 21:27:06,13,18,651,18.3%,76,NORMAL,215.0,0.0,12.2,False
1767715027.32,2026-01-06 21:27:07,13,18,652,18.2%,76,NORMAL,216.0,0.0,12.2,False
1767715028.35,2026-01-06 21:27:08,12,18,652,18.1%,76,NORMAL,216.0,0.0,12.2,False
1767715029.63,2026-01-06 21:27:09,14,18,654,18.2%,76,NORMAL,217.0,0.0,12.2,False
1767715030.65,2026-01-06 21:27:10,14,18,656,18.2%,76,NORMAL,219.0,0.0,12.2,False
1767715031.70,2026-01-06 21:27:11,9,18,656,18.0%,76,NORMAL,218.0,0.0,12.3,False
1767715033.00,2026-01-06 21:27:13,11,18,656,18.1%,76,NORMAL,218.0,0.0,12.4,False
1767715034.02,2026-01-06 21:27:14,11,18,656,18.0%,76,NORMAL,218.0,0.0,12.5,False
1767715035.09,2026-01-06 21:27:15,11,18,657,17.9%,76,NORMAL,219.0,0.0,12.5,False
1767715036.29,2026-01-06 21:27:16,12,18,659,17.9%,76,NORMAL,219.0,0.0,12.5,False
1767715037.39,2026-01-06 21:27:17,10,18,660,17.7%,76,NORMAL,220.0,0.0,12.5,False
1767715038.49,2026-01-06 21:27:18,13,18,662,17.8%,76,NORMAL,222.0,0.0,12.4,False
1767715039.70,2026-01-06 21:27:19,12,18,663,17.9%,76,NORMAL,222.0,0.0,12.3,False
1767715040.71,2026-01-06 21:27:20,9,18,663,17.8%,76,NORMAL,221.0,0.0,12.3,False
1767715041.79,2026-01-06 21:27:21,9,18,664,17.6%,76,NORMAL,220.0,0.0,12.2,False
1767715042.91,2026-01-06 21:27:22,9,18,665,17.4%,76,NORMAL,220.0,0.0,12.2,False
1767715043.95,2026-01-06 21:27:23,10,18,667,17.3%,76,NORMAL,221.0,0.0,12.2,False
1767715045.26,2026-01-06 21:27:25,9,18,667,17.2%,76,NORMAL,219.0,0.0,12.2,False
1767715046.34,2026-01-06 21:27:26,8,18,667,16.9%,76,NORMAL,218.0,0.0,12.1,False
1767715047.53,2026-01-06 21:27:27,8,18,667,16.8%,76,NORMAL,218.0,0.0,12.1,False
1767715048.62,2026-01-06 21:27:28,7,18,668,16.6%,76,NORMAL,217.0,0.0,12.0,False
1767715049.80,2026-01-06 21:27:29,9,18,669,16.5%,76,NORMAL,216.0,0.0,12.0,False
1767715050.88,2026-01-06 21:27:30,8,18,670,16.4%,76,NORMAL,217.0,0.0,12.0,False
1767715051.93,2026-01-06 21:27:31,7,18,670,16.2%,76,NORMAL,217.0,0.0,12.0,False
1767715052.99,2026-01-06 21:27:32,7,18,670,16.0%,76,NORMAL,215.0,0.0,12.0,False
1767715054.03,2026-01-06 21:27:34,7,18,670,15.8%,76,NORMAL,215.0,0.0,12.0,False
1767715055.07,2026-01-06 21:27:35,7,18,670,15.6%,76,NORMAL,214.0,0.0,12.0,False
1767715056.08,2026-01-06 21:27:36,9,18,671,15.5%,76,NORMAL,215.0,0.0,12.0,False
1767715057.12,2026-01-06 21:27:37,9,18,672,15.4%,76,NORMAL,214.0,0.0,12.0,False
1767715058.24,2026-01-06 21:27:38,7,18,672,15.1%,76,NORMAL,214.0,0.0,12.0,False
1767715059.30,2026-01-06 21:27:39,8,18,672,14.9%,76,NORMAL,213.0,0.0,12.0,False
1767715060.32,2026-01-06 21:27:40,8,18,673,14.6%,76,NORMAL,212.0,0.0,11.9,False
1767715061.36,2026-01-06 21:27:41,7,18,673,14.4%,76,NORMAL,211.0,0.0,11.9,False
1767715062.43,2026-01-06 21:27:42,7,18,673,14.0%,76,NORMAL,211.0,0.0,11.9,False
1767715063.57,2026-01-06 21:27:43,8,18,673,13.8%,76,NORMAL,211.0,0.0,11.9,False
1767715064.69,2026-01-06 21:27:44,6,18,673,13.6%,76,NORMAL,211.0,0.0,11.9,False
1767715065.89,2026-01-06 21:27:45,8,18,674,13.5%,76,NORMAL,212.0,0.0,11.9,False
1767715066.98,2026-01-06 21:27:46,7,18,674,13.3%,76,NORMAL,212.0,0.0,11.9,False
1767715068.12,2026-01-06 21:27:48,7,18,674,13.1%,76,NORMAL,212.0,0.0,11.9,False
1767715069.19,2026-01-06 21:27:49,8,18,675,12.9%,76,NORMAL,211.0,0.0,11.9,False
1767715070.47,2026-01-06 21:27:50,7,18,675,12.7%,76,NORMAL,210.0,0.0,11.9,False
1767715071.55,2026-01-06 21:27:51,7,18,675,12.4%,76,NORMAL,209.0,0.0,11.9,False
1767715072.72,2026-01-06 21:27:52,6,18,675,12.1%,76,NORMAL,209.0,0.0,11.9,False
1767715073.76,2026-01-06 21:27:53,8,18,677,12.1%,76,NORMAL,209.0,0.0,12.0,False
1767715074.82,2026-01-06 21:27:54,6,18,677,11.9%,76,NORMAL,208.0,0.0,12.0,False
1767715075.90,2026-01-06 21:27:55,6,18,678,11.8%,76,NORMAL,207.0,0.0,12.0,False
1767715076.90,2026-01-06 21:27:56,7,18,679,11.6%,76,NORMAL,208.0,0.0,12.0,False
1767715077.95,2026-01-06 21:27:57,6,18,680,11.5%,76,NORMAL,209.0,0.0,12.0,False
1767715079.06,2026-01-06 21:27:59,6,18,682,11.4%,76,NORMAL,211.0,0.0,12.1,False
1767715080.28,2026-01-06 21:28:00,6,18,682,11.3%,76,NORMAL,210.0,0.0,12.1,False
1767715081.33,2026-01-06 21:28:01,7,18,682,11.3%,76,NORMAL,210.0,0.0,12.0,False
1767715082.51,2026-01-06 21:28:02,5,18,682,11.1%,76,NORMAL,210.0,0.0,12.0,False
1767715083.57,2026-01-06 21:28:03,4,18,683,10.9%,76,NORMAL,211.0,0.0,11.9,False
1767715084.61,2026-01-06 21:28:04,5,18,683,10.8%,76,NORMAL,211.0,0.0,11.9,False
1767715085.69,2026-01-06 21:28:05,5,18,683,10.7%,76,NORMAL,207.0,0.0,11.8,False
1767715086.74,2026-01-06 21:28:06,5,18,683,10.6%,76,NORMAL,206.0,0.0,11.8,False
1767715087.79,2026-01-06 21:28:07,5,18,683,10.5%,76,NORMAL,206.0,0.0,11.8,False
1767715088.82,2026-01-06 21:28:08,5,18,683,10.3%,76,NORMAL,205.0,0.0,11.8,False
1767715089.86,2026-01-06 21:28:09,5,18,683,10.1%,76,NORMAL,203.0,0.0,11.8,False
1767715090.91,2026-01-06 21:28:10,5,18,683,10.0%,76,NORMAL,203.0,0.0,11.7,False
1767715091.96,2026-01-06 21:28:11,5,18,683,9.8%,76,NORMAL,202.0,0.0,11.7,False
1767715093.03,2026-01-06 21:28:13,5,18,683,9.7%,76,NORMAL,202.0,0.0,11.6,False
1767715094.06,2026-01-06 21:28:14,3,18,683,9.5%,76,NORMAL,202.0,0.0,11.6,False
1767715095.14,2026-01-06 21:28:15,3,18,683,9.3%,76,NORMAL,200.0,0.0,11.6,False
1767715096.19,2026-01-06 21:28:16,4,18,683,9.0%,76,NORMAL,197.0,0.0,11.7,False
1767715097.23,2026-01-06 21:28:17,3,18,683,8.9%,76,NORMAL,197.0,0.0,11.7,False
1767715098.28,2026-01-06 21:28:18,3,18,683,8.6%,76,NORMAL,194.0,0.0,11.7,False
1767715099.30,2026-01-06 21:28:19,3,18,683,8.4%,76,NORMAL,194.0,0.0,11.7,False
1767715100.32,2026-01-06 21:28:20,3,18,683,8.2%,76,NORMAL,194.0,0.0,11.7,False
1767715101.36,2026-01-06 21:28:21,2,18,683,7.9%,76,NORMAL,194.0,0.0,11.8,False
1767715102.43,2026-01-06 21:28:22,2,18,683,7.7%,76,NORMAL,194.0,0.0,11.8,False
1767715103.50,2026-01-06 21:28:23,2,18,683,7.4%,76,NORMAL,193.0,0.0,11.8,False
1767715104.60,2026-01-06 21:28:24,2,18,683,7.2%,76,NORMAL,193.0,0.0,11.8,False
1767715105.75,2026-01-06 21:28:25,3,18,683,6.9%,76,NORMAL,193.0,0.0,11.9,False
1767715106.86,2026-01-06 21:28:26,4,18,684,6.8%,76,NORMAL,194.0,0.0,11.8,False
1767715107.92,2026-01-06 21:28:27,5,18,685,6.8%,76,NORMAL,195.0,0.0,11.8,False
1767715108.96,2026-01-06 21:28:28,4,18,685,6.6%,76,NORMAL,193.0,0.0,11.7,False
1767715110.04,2026-01-06 21:28:30,5,18,685,6.6%,76,NORMAL,193.0,0.0,11.7,False
1767715111.11,2026-01-06 21:28:31,5,18,685,6.5%,76,NORMAL,193.0,0.0,11.6,False
1767715112.11,2026-01-06 21:28:32,3,18,685,6.4%,76,NORMAL,193.0,0.0,11.5,False
1767715113.30,2026-01-06 21:28:33,4,18,685,6.2%,76,NORMAL,191.0,0.0,11.5,False
1767715114.32,2026-01-06 21:28:34,5,18,685,6.2%,76,NORMAL,190.0,0.0,11.4,False
1767715115.39,2026-01-06 21:28:35,5,18,685,6.3%,76,NORMAL,190.0,0.0,11.4,False
1767715116.39,2026-01-06 21:28:36,5,18,685,6.3%,76,NORMAL,189.0,0.0,11.4,False
1767715117.42,2026-01-06 21:28:37,4,18,685,6.2%,76,NORMAL,189.0,0.0,11.4,False
1767715118.59,2026-01-06 21:28:38,5,18,685,6.2%,76,NORMAL,188.0,0.0,11.4,False
1767715119.71,2026-01-06 21:28:39,4,18,685,6.2%,76,NORMAL,188.0,0.0,11.4,False
1767715120.79,2026-01-06 21:28:40,4,18,685,6.1%,76,NORMAL,187.0,0.0,11.4,False
1767715121.87,2026-01-06 21:28:41,5,18,687,6.1%,76,NORMAL,189.0,0.0,11.4,False
1767715122.91,2026-01-06 21:28:42,5,18,687,6.1%,76,NORMAL,188.0,0.0,11.4,False
1767715124.00,2026-01-06 21:28:43,5,18,687,6.1%,76,NORMAL,188.0,0.0,11.4,False
1767715125.15,2026-01-06 21:28:45,6,18,687,6.2%,76,NORMAL,187.0,0.0,11.4,False
1767715126.25,2026-01-06 21:28:46,6,18,687,6.3%,76,NORMAL,187.0,0.0,11.4,False
1767715127.44,2026-01-06 21:28:47,7,18,688,6.5%,76,NORMAL,186.0,0.0,11.4,False
1767715128.49,2026-01-06 21:28:48,5,18,688,6.6%,76,NORMAL,185.0,0.0,11.4,False
1767715129.77,2026-01-06 21:28:49,7,18,689,6.8%,76,NORMAL,186.0,0.0,11.4,False
1767715130.86,2026-01-06 21:28:50,6,18,689,6.9%,76,NORMAL,185.0,0.0,11.3,False
1767715131.95,2026-01-06 21:28:51,6,18,689,7.1%,76,NORMAL,184.0,0.0,11.2,False
1767715132.97,2026-01-06 21:28:52,5,18,689,7.2%,76,NORMAL,184.0,0.0,11.2,False
1767715134.03,2026-01-06 21:28:54,5,18,690,7.4%,76,NORMAL,184.0,0.0,11.2,False
1767715135.16,2026-01-06 21:28:55,5,18,691,7.5%,76,NORMAL,184.0,0.0,11.1,False
1767715136.19,2026-01-06 21:28:56,5,18,693,7.7%,76,NORMAL,186.0,0.0,11.1,False
1767715137.36,2026-01-06 21:28:57,5,18,693,7.8%,76,NORMAL,185.0,0.0,11.1,False
1767715138.37,2026-01-06 21:28:58,7,18,694,8.0%,76,NORMAL,186.0,0.0,11.1,False
1767715139.45,2026-01-06 21:28:59,8,18,696,8.2%,76,NORMAL,187.0,0.0,11.1,False
1767715140.45,2026-01-06 21:29:00,8,18,696,8.4%,76,NORMAL,186.0,0.0,11.0,False
1767715141.48,2026-01-06 21:29:01,6,18,696,8.5%,76,NORMAL,184.0,0.0,11.0,False
1767715142.76,2026-01-06 21:29:02,7,18,697,8.6%,76,NORMAL,184.0,0.0,10.9,False
1767715143.79,2026-01-06 21:29:03,7,18,697,8.7%,76,NORMAL,182.0,0.0,10.8,False
1767715144.83,2026-01-06 21:29:04,7,18,697,8.9%,76,NORMAL,181.0,0.0,10.8,False
1767715146.04,2026-01-06 21:29:06,7,18,697,9.1%,76,NORMAL,181.0,0.0,10.8,False
1767715147.16,2026-01-06 21:29:07,7,18,697,9.2%,76,NORMAL,180.0,0.0,10.8,False
1767715148.24,2026-01-06 21:29:08,8,18,698,9.3%,76,NORMAL,180.0,0.0,10.8,False
1767715149.56,2026-01-06 21:29:09,7,18,698,9.4%,76,NORMAL,179.0,0.0,10.8,False
1767715150.61,2026-01-06 21:29:10,7,18,699,9.6%,76,NORMAL,180.0,0.0,10.7,False
1767715151.68,2026-01-06 21:29:11,7,18,699,9.7%,76,NORMAL,178.0,0.0,10.7,False
1767715152.95,2026-01-06 21:29:12,7,18,699,9.8%,76,NORMAL,176.0,0.0,10.7,False
1767715154.07,2026-01-06 21:29:14,6,18,699,9.9%,76,NORMAL,176.0,0.0,10.7,False
1767715155.12,2026-01-06 21:29:15,6,18,699,10.0%,76,NORMAL,176.0,0.0,10.7,False
1767715156.35,2026-01-06 21:29:16,6,18,699,10.0%,76,NORMAL,176.0,0.0,10.7,False
1767715157.44,2026-01-06 21:29:17,6,18,699,10.1%,76,NORMAL,176.0,0.0,10.7,False
1767715158.49,2026-01-06 21:29:18,6,18,699,10.1%,76,NORMAL,176.0,0.0,10.7,False
1767715159.58,2026-01-06 21:29:19,4,18,699,10.0%,76,NORMAL,176.0,0.0,10.7,False
1767715160.68,2026-01-06 21:29:20,5,18,700,9.9%,76,NORMAL,176.0,0.0,10.6,False
1767715161.69,2026-01-06 21:29:21,5,18,700,9.9%,76,NORMAL,176.0,0.0,10.6,False
1767715162.70,2026-01-06 21:29:22,5,18,700,9.8%,76,NORMAL,176.0,0.0,10.5,False
1767715163.75,2026-01-06 21:29:23,5,18,700,9.7%,76,NORMAL,175.0,0.0,10.5,False
1767715164.82,2026-01-06 21:29:24,4,18,700,9.6%,76,NORMAL,175.0,0.0,10.5,False
1767715166.01,2026-01-06 21:29:26,3,18,700,9.5%,76,NORMAL,175.0,0.0,10.5,False
1767715167.11,2026-01-06 21:29:27,4,18,701,9.5%,76,NORMAL,175.0,0.0,10.5,False
1767715168.16,2026-01-06 21:29:28,4,18,701,9.4%,76,NORMAL,175.0,0.0,10.5,False
1767715169.16,2026-01-06 21:29:29,4,18,701,9.4%,76,NORMAL,175.0,0.0,10.5,False
1767715170.40,2026-01-06 21:29:30,5,18,702,9.4%,76,NORMAL,176.0,0.0,10.5,False
1767715171.47,2026-01-06 21:29:31,5,18,702,9.3%,76,NORMAL,175.0,0.0,10.4,False
1767715172.52,2026-01-06 21:29:32,4,18,702,9.0%,76,NORMAL,172.0,0.0,10.4,False
1767715173.59,2026-01-06 21:29:33,5,18,703,8.9%,76,NORMAL,172.0,0.0,10.4,False
1767715174.63,2026-01-06 21:29:34,5,18,703,8.8%,76,NORMAL,172.0,0.0,10.4,False
1767715175.67,2026-01-06 21:29:35,5,18,703,8.7%,76,NORMAL,171.0,0.0,10.4,False
1767715176.75,2026-01-06 21:29:36,5,18,703,8.6%,76,NORMAL,171.0,0.0,10.5,False
1767715177.76,2026-01-06 21:29:37,6,18,704,8.6%,76,NORMAL,171.0,0.0,10.5,False
1767715178.88,2026-01-06 21:29:38,6,18,704,8.5%,76,NORMAL,170.0,0.0,10.5,False
1767715179.93,2026-01-06 21:29:39,6,18,704,8.5%,76,NORMAL,168.0,0.0,10.5,False
1767715180.94,2026-01-06 21:29:40,6,18,704,8.4%,76,NORMAL,165.0,0.0,10.5,False
1767715181.99,2026-01-06 21:29:41,6,18,704,8.3%,76,NORMAL,165.0,0.0,10.5,False
1767715183.04,2026-01-06 21:29:43,6,18,704,8.3%,76,NORMAL,164.0,0.0,10.5,False
1767715184.11,2026-01-06 21:29:44,6,18,704,8.2%,76,NORMAL,163.0,0.0,10.5,False
1767715185.26,2026-01-06 21:29:45,7,18,705,8.2%,76,NORMAL,164.0,0.0,10.5,False
1767715186.38,2026-01-06 21:29:46,6,18,705,8.2%,76,NORMAL,164.0,0.0,10.5,False
1767715187.38,2026-01-06 21:29:47,6,18,705,8.2%,76,NORMAL,164.0,0.0,10.5,False
1767715188.57,2026-01-06 21:29:48,6,18,705,8.2%,76,NORMAL,163.0,0.0,10.5,False
1767715189.63,2026-01-06 21:29:49,6,18,706,8.2%,76,NORMAL,161.0,0.0,10.4,False
1767715190.79,2026-01-06 21:29:50,5,18,706,8.2%,76,NORMAL,158.0,0.0,10.4,False
1767715191.84,2026-01-06 21:29:51,6,18,706,8.3%,76,NORMAL,157.0,0.0,10.3,False
1767715192.84,2026-01-06 21:29:52,6,18,706,8.3%,76,NORMAL,155.0,0.0,10.3,False
1767715193.87,2026-01-06 21:29:53,6,18,706,8.4%,76,NORMAL,155.0,0.0,10.3,False
1767715195.05,2026-01-06 21:29:55,6,18,706,8.4%,76,NORMAL,155.0,0.0,10.2,False
1767715196.18,2026-01-06 21:29:56,6,18,706,8.5%,76,NORMAL,155.0,0.0,10.2,False
1767715197.20,2026-01-06 21:29:57,7,18,707,8.6%,76,NORMAL,156.0,0.0,10.2,False
1767715198.30,2026-01-06 21:29:58,6,18,707,8.8%,76,NORMAL,156.0,0.0,10.1,False
1767715199.59,2026-01-06 21:29:59,6,18,707,8.9%,76,NORMAL,156.0,0.0,10.0,False
1767715200.67,2026-01-06 21:30:00,6,18,707,9.0%,76,NORMAL,156.0,0.0,9.9,False
1767715201.71,2026-01-06 21:30:01,7,18,708,9.2%,76,NORMAL,157.0,0.0,9.9,False
1767715202.80,2026-01-06 21:30:02,8,18,709,9.3%,76,NORMAL,157.0,0.0,9.8,False
1767715203.87,2026-01-06 21:30:03,8,18,709,9.5%,76,NORMAL,156.0,0.0,9.8,False
1767715205.26,2026-01-06 21:30:05,8,18,710,9.7%,76,NORMAL,157.0,0.0,9.8,False
1767715206.31,2026-01-06 21:30:06,6,18,710,9.7%,76,NORMAL,155.0,0.0,9.8,False
1767715207.48,2026-01-06 21:30:07,7,18,710,9.8%,76,NORMAL,154.0,0.0,9.8,False
1767715208.52,2026-01-06 21:30:08,6,18,711,9.9%,76,NORMAL,154.0,0.0,9.8,False
1767715209.61,2026-01-06 21:30:09,6,18,711,9.9%,76,NORMAL,154.0,0.0,9.7,False
1767715210.71,2026-01-06 21:30:10,6,18,711,9.9%,76,NORMAL,154.0,0.0,9.7,False
1767715211.83,2026-01-06 21:30:11,7,18,711,10.0%,76,NORMAL,154.0,0.0,9.6,False
1767715212.87,2026-01-06 21:30:12,6,18,711,10.0%,76,NORMAL,154.0,0.0,9.6,False
1767715214.16,2026-01-06 21:30:14,6,18,711,10.0%,76,NORMAL,152.0,0.0,9.5,False
1767715215.31,2026-01-06 21:30:15,6,18,711,10.0%,76,NORMAL,150.0,0.0,9.5,False
1767715216.44,2026-01-06 21:30:16,6,18,712,10.0%,76,NORMAL,151.0,0.0,9.5,False
1767715217.54,2026-01-06 21:30:17,5,18,712,9.9%,76,NORMAL,149.0,0.0,9.5,False
1767715218.66,2026-01-06 21:30:18,5,18,712,9.8%,76,NORMAL,148.0,0.0,9.5,False
1767715219.69,2026-01-06 21:30:19,6,18,712,9.8%,76,NORMAL,148.0,0.0,9.5,False
1767715220.82,2026-01-06 21:30:20,4,18,712,9.7%,76,NORMAL,145.0,0.0,9.4,False
1767715221.90,2026-01-06 21:30:21,4,18,712,9.6%,76,NORMAL,145.0,0.0,9.4,False
1767715222.96,2026-01-06 21:30:22,5,18,713,9.6%,76,NORMAL,146.0,0.0,9.4,False
1767715224.10,2026-01-06 21:30:24,5,18,713,9.6%,76,NORMAL,146.0,0.0,9.4,False
1767715225.23,2026-01-06 21:30:25,4,18,713,9.5%,76,NORMAL,146.0,0.0,9.3,False
1767715226.27,2026-01-06 21:30:26,4,18,713,9.4%,76,NORMAL,146.0,0.0,9.3,False
1767715227.51,2026-01-06 21:30:27,4,18,713,9.3%,76,NORMAL,146.0,0.0,9.2,False
1767715228.57,2026-01-06 21:30:28,6,18,715,9.3%,76,NORMAL,146.0,0.0,9.2,False
1767715229.66,2026-01-06 21:30:29,5,18,716,9.2%,76,NORMAL,146.0,0.0,9.2,False
1767715230.99,2026-01-06 21:30:30,5,18,716,9.1%,76,NORMAL,145.0,0.0,9.2,False
1767715232.00,2026-01-06 21:30:32,5,18,716,9.1%,76,NORMAL,143.0,0.0,9.2,False
1767715233.04,2026-01-06 21:30:33,5,18,716,9.0%,76,NORMAL,142.0,0.0,9.3,False
1767715234.12,2026-01-06 21:30:34,5,18,716,8.9%,76,NORMAL,142.0,0.0,9.3,False
1767715235.27,2026-01-06 21:30:35,4,18,716,8.8%,76,NORMAL,141.0,0.0,9.3,False
1767715236.49,2026-01-06 21:30:36,4,18,716,8.6%,76,NORMAL,140.0,0.0,9.3,False
1767715237.56,2026-01-06 21:30:37,5,18,717,8.4%,76,NORMAL,140.0,0.0,9.2,False
1767715238.85,2026-01-06 21:30:38,5,18,717,8.3%,76,NORMAL,140.0,0.0,9.2,False
1767715239.98,2026-01-06 21:30:39,4,18,717,8.2%,76,NORMAL,140.0,0.0,9.2,False
1767715241.04,2026-01-06 21:30:41,4,18,717,8.0%,76,NORMAL,137.0,0.0,9.1,False
1767715242.10,2026-01-06 21:30:42,3,18,717,7.9%,76,NORMAL,136.0,0.0,9.2,False
1767715243.20,2026-01-06 21:30:43,3,18,717,7.7%,76,NORMAL,135.0,0.0,9.2,False
1767715244.24,2026-01-06 21:30:44,4,18,718,7.6%,76,NORMAL,135.0,0.0,9.2,False
1767715245.27,2026-01-06 21:30:45,5,18,719,7.5%,76,NORMAL,135.0,0.0,9.2,False
1767715246.50,2026-01-06 21:30:46,5,18,719,7.5%,76,NORMAL,133.0,0.0,9.2,False
1767715247.55,2026-01-06 21:30:47,5,18,719,7.4%,76,NORMAL,133.0,0.0,9.3,False
1767715248.71,2026-01-06 21:30:48,6,18,720,7.4%,76,NORMAL,134.0,0.0,9.2,False
1767715249.77,2026-01-06 21:30:49,6,18,720,7.4%,76,NORMAL,132.0,0.0,9.2,False
1767715250.82,2026-01-06 21:30:50,6,18,720,7.5%,76,NORMAL,131.0,0.0,9.2,False
1767715251.93,2026-01-06 21:30:51,6,18,720,7.5%,76,NORMAL,130.0,0.0,9.2,False
1767715253.21,2026-01-06 21:30:53,7,18,721,7.6%,76,NORMAL,131.0,0.0,9.3,False
1767715254.24,2026-01-06 21:30:54,6,18,721,7.7%,76,NORMAL,131.0,0.0,9.3,False
1767715255.39,2026-01-06 21:30:55,5,18,721,7.7%,76,NORMAL,129.0,0.0,9.3,False
1767715256.49,2026-01-06 21:30:56,5,18,721,7.7%,76,NORMAL,129.0,0.0,9.4,False
1767715257.63,2026-01-06 21:30:57,5,18,721,7.7%,76,NORMAL,127.0,0.0,9.4,False
1767715258.71,2026-01-06 21:30:58,5,18,721,7.8%,76,NORMAL,126.0,0.0,9.5,False
1767715259.71,2026-01-06 21:30:59,6,18,721,7.9%,76,NORMAL,126.0,0.0,9.6,False
1767715260.76,2026-01-06 21:31:00,6,18,721,8.0%,76,NORMAL,124.0,0.0,9.6,False
1767715262.07,2026-01-06 21:31:02,6,18,721,8.0%,76,NORMAL,122.0,0.0,9.6,False
1767715263.11,2026-01-06 21:31:03,6,18,721,8.0%,76,NORMAL,120.0,0.0,9.6,False
1767715264.13,2026-01-06 21:31:04,6,18,721,8.1%,76,NORMAL,117.0,0.0,9.6,False
1767715265.19,2026-01-06 21:31:05,7,18,722,8.2%,76,NORMAL,116.0,0.0,9.6,False
1767715266.28,2026-01-06 21:31:06,7,18,722,8.3%,76,NORMAL,115.0,0.0,9.6,False
1767715267.61,2026-01-06 21:31:07,9,18,724,8.5%,76,NORMAL,116.0,0.0,9.7,False
1767715268.71,2026-01-06 21:31:08,7,18,724,8.6%,76,NORMAL,116.0,0.0,9.7,False
1767715269.73,2026-01-06 21:31:09,7,18,724,8.8%,76,NORMAL,116.0,0.0,9.7,False
1767715270.82,2026-01-06 21:31:10,6,18,724,8.8%,76,NORMAL,116.0,0.0,9.7,False
1767715271.85,2026-01-06 21:31:11,6,18,724,8.9%,76,NORMAL,116.0,0.0,9.7,False
1767715272.98,2026-01-06 21:31:12,7,18,725,9.1%,76,NORMAL,116.0,0.0,9.7,False
1767715274.02,2026-01-06 21:31:14,7,18,725,9.2%,76,NORMAL,116.0,0.0,9.7,False
1767715275.09,2026-01-06 21:31:15,6,18,726,9.4%,76,NORMAL,116.0,0.0,9.7,False
1767715276.33,2026-01-06 21:31:16,6,18,726,9.5%,76,NORMAL,114.0,0.0,9.7,False
1767715277.37,2026-01-06 21:31:17,6,18,726,9.6%,76,NORMAL,113.0,0.0,9.7,False
1767715278.41,2026-01-06 21:31:18,7,18,727,9.7%,76,NORMAL,113.0,0.0,9.7,False
1767715279.45,2026-01-06 21:31:19,7,18,728,9.8%,76,NORMAL,114.0,0.0,9.6,False
1767715280.45,2026-01-06 21:31:20,8,18,729,10.0%,76,NORMAL,115.0,0.0,9.6,False
1767715281.59,2026-01-06 21:31:21,8,18,729,10.1%,76,NORMAL,114.0,0.0,9.6,False
1767715282.80,2026-01-06 21:31:22,7,18,729,10.1%,76,NORMAL,113.0,0.0,9.6,False
1767715283.96,2026-01-06 21:31:23,7,18,729,10.2%,76,NORMAL,111.0,0.0,9.6,False
1767715284.99,2026-01-06 21:31:24,5,18,730,10.1%,76,NORMAL,112.0,0.0,9.6,False
1767715286.07,2026-01-06 21:31:26,4,18,730,10.0%,76,NORMAL,109.0,0.0,9.5,False
1767715287.14,2026-01-06 21:31:27,5,18,730,9.9%,76,NORMAL,109.0,0.0,9.5,False
1767715288.26,2026-01-06 21:31:28,5,18,731,9.9%,76,NORMAL,110.0,0.0,9.4,False
1767715289.36,2026-01-06 21:31:29,4,18,731,9.9%,76,NORMAL,109.0,0.0,9.4,False
1767715290.41,2026-01-06 21:31:30,3,18,731,9.8%,76,NORMAL,107.0,0.0,9.4,False
1767715291.45,2026-01-06 21:31:31,4,18,731,9.7%,76,NORMAL,106.0,0.0,9.3,False
1767715292.49,2026-01-06 21:31:32,4,18,731,9.6%,76,NORMAL,106.0,0.0,9.3,False
1767715293.64,2026-01-06 21:31:33,4,18,731,9.5%,76,NORMAL,106.0,0.0,9.2,False
1767715294.70,2026-01-06 21:31:34,4,18,731,9.4%,76,NORMAL,106.0,0.0,9.2,False
1767715295.76,2026-01-06 21:31:35,4,18,731,9.3%,76,NORMAL,106.0,0.0,9.1,False
1767715296.83,2026-01-06 21:31:36,4,18,731,9.2%,76,NORMAL,106.0,0.0,9.1,False
1767715297.98,2026-01-06 21:31:37,5,18,732,9.1%,76,NORMAL,106.0,0.0,9.0,False
1767715299.05,2026-01-06 21:31:39,5,18,732,9.0%,76,NORMAL,104.0,0.0,9.0,False
1767715300.21,2026-01-06 21:31:40,5,18,733,8.8%,76,NORMAL,105.0,0.0,9.0,False
1767715301.40,2026-01-06 21:31:41,5,18,733,8.7%,76,NORMAL,103.0,0.0,9.0,False
1767715302.56,2026-01-06 21:31:42,6,18,733,8.6%,76,NORMAL,101.0,0.0,9.0,False
1767715303.63,2026-01-06 21:31:43,5,18,733,8.6%,76,NORMAL,100.0,0.0,9.0,False
1767715304.75,2026-01-06 21:31:44,5,18,733,8.5%,76,NORMAL,99.0,0.0,9.0,False
1767715305.84,2026-01-06 21:31:45,6,18,733,8.5%,76,NORMAL,98.0,0.0,9.0,False
1767715306.87,2026-01-06 21:31:46,6,18,733,8.4%,76,NORMAL,97.0,0.0,9.0,False
1767715307.97,2026-01-06 21:31:47,6,18,733,8.4%,76,NORMAL,96.0,0.0,9.0,False
1767715309.07,2026-01-06 21:31:49,6,18,733,8.4%,76,NORMAL,95.0,0.0,8.9,False
1767715310.12,2026-01-06 21:31:50,6,18,733,8.4%,76,NORMAL,95.0,0.0,8.9,False
1767715311.30,2026-01-06 21:31:51,7,18,734,8.4%,76,NORMAL,94.0,0.0,8.9,False
1767715312.33,2026-01-06 21:31:52,6,18,734,8.4%,76,NORMAL,94.0,0.0,8.9,False
1767715313.44,2026-01-06 21:31:53,6,18,734,8.3%,76,NORMAL,91.0,0.0,8.9,False
1767715314.45,2026-01-06 21:31:54,5,18,734,8.1%,76,NORMAL,91.0,0.0,8.9,False
1767715315.59,2026-01-06 21:31:55,5,18,734,8.0%,76,NORMAL,90.0,0.0,8.8,False
1767715316.61,2026-01-06 21:31:56,5,18,734,7.9%,76,NORMAL,89.0,0.0,8.8,False
1767715317.85,2026-01-06 21:31:57,5,18,734,7.9%,76,NORMAL,87.0,0.0,8.7,False
1767715318.89,2026-01-06 21:31:58,5,18,734,8.0%,76,NORMAL,87.0,0.0,8.7,False
1767715319.95,2026-01-06 21:31:59,4,18,734,7.9%,76,NORMAL,85.0,0.0,8.6,False
1767715321.01,2026-01-06 21:32:01,3,18,734,7.8%,76,NORMAL,83.0,0.0,8.6,False
1767715322.11,2026-01-06 21:32:02,3,18,734,7.8%,76,NORMAL,82.0,0.0,8.6,False
1767715323.22,2026-01-06 21:32:03,3,18,734,7.8%,76,NORMAL,82.0,0.0,8.5,False
1767715324.29,2026-01-06 21:32:04,4,18,734,7.8%,76,NORMAL,80.0,0.0,8.5,False
1767715325.30,2026-01-06 21:32:05,4,18,734,7.8%,76,NORMAL,78.0,0.0,8.6,False
1767715326.41,2026-01-06 21:32:06,4,18,734,7.8%,76,NORMAL,78.0,0.0,8.6,False
1767715327.45,2026-01-06 21:32:07,4,18,734,7.8%,76,NORMAL,78.0,0.0,8.6,False
1767715328.54,2026-01-06 21:32:08,5,18,735,7.8%,76,NORMAL,79.0,0.0,8.7,False
1767715329.64,2026-01-06 21:32:09,5,18,735,7.9%,76,NORMAL,79.0,0.0,8.7,False
1767715330.73,2026-01-06 21:32:10,5,18,735,7.9%,76,NORMAL,78.0,0.0,8.8,False
1767715331.85,2026-01-06 21:32:11,5,18,735,7.9%,76,NORMAL,76.0,0.0,8.9,False
1767715332.95,2026-01-06 21:32:12,6,18,736,7.9%,76,NORMAL,76.0,0.0,8.9,False
1767715334.06,2026-01-06 21:32:14,7,18,737,8.0%,76,NORMAL,76.0,0.0,9.0,False
1767715335.16,2026-01-06 21:32:15,6,18,737,8.0%,76,NORMAL,75.0,0.0,9.0,False
1767715336.20,2026-01-06 21:32:16,6,18,737,8.1%,76,NORMAL,74.0,0.0,9.1,False
1767715337.35,2026-01-06 21:32:17,5,18,737,8.1%,76,NORMAL,73.0,0.0,9.1,False
1767715338.42,2026-01-06 21:32:18,5,18,737,8.0%,76,NORMAL,72.0,0.0,9.2,False
1767715339.56,2026-01-06 21:32:19,6,18,738,8.0%,76,NORMAL,73.0,0.0,9.2,False
1767715340.66,2026-01-06 21:32:20,6,18,738,8.0%,76,NORMAL,71.0,0.0,9.2,False
1767715341.69,2026-01-06 21:32:21,6,18,739,8.0%,76,NORMAL,72.0,0.0,9.2,False
1767715342.85,2026-01-06 21:32:22,7,18,741,8.1%,76,NORMAL,74.0,0.0,9.1,False
1767715343.98,2026-01-06 21:32:23,7,18,741,8.1%,76,NORMAL,74.0,0.0,9.1,False
1767715345.22,2026-01-06 21:32:25,7,18,741,8.1%,76,NORMAL,74.0,0.0,9.0,False
1767715346.38,2026-01-06 21:32:26,7,18,741,8.2%,76,NORMAL,74.0,0.0,8.9,False
1767715347.47,2026-01-06 21:32:27,7,18,741,8.3%,76,NORMAL,73.0,0.0,8.8,False
1767715348.57,2026-01-06 21:32:28,7,18,741,8.4%,76,NORMAL,73.0,0.0,8.7,False
1767715349.81,2026-01-06 21:32:29,8,18,742,8.5%,76,NORMAL,73.0,0.0,8.7,False
1767715351.03,2026-01-06 21:32:31,8,18,742,8.7%,76,NORMAL,72.0,0.0,8.6,False
1767715352.24,2026-01-06 21:32:32,8,18,742,8.8%,76,NORMAL,72.0,0.0,8.5,False
1767715353.35,2026-01-06 21:32:33,7,18,742,9.0%,76,NORMAL,72.0,0.0,8.5,False
1767715354.66,2026-01-06 21:32:34,9,18,743,9.3%,76,NORMAL,73.0,0.0,8.5,False
1767715356.12,2026-01-06 21:32:36,11,18,745,9.7%,76,NORMAL,75.0,0.0,8.5,False
1767715357.35,2026-01-06 21:32:37,10,18,746,10.1%,76,NORMAL,76.0,0.0,8.4,False
1767715358.99,2026-01-06 21:32:38,9,18,747,10.3%,76,NORMAL,76.0,0.0,8.4,False
1767715360.00,2026-01-06 21:32:40,10,18,747,10.6%,76,NORMAL,76.0,0.0,8.3,False
1767715361.23,2026-01-06 21:32:41,11,18,748,11.0%,76,NORMAL,77.0,0.0,8.3,False
1767715362.48,2026-01-06 21:32:42,11,18,748,11.3%,76,NORMAL,77.0,0.0,8.2,False
1767715363.93,2026-01-06 21:32:43,10,18,748,11.6%,76,NORMAL,76.0,0.0,8.1,False
1767715365.19,2026-01-06 21:32:45,10,18,748,11.8%,76,NORMAL,76.0,0.0,8.1,False
1767715366.62,2026-01-06 21:32:46,9,18,748,12.0%,76,NORMAL,76.0,0.0,8.0,False
1767715368.00,2026-01-06 21:32:48,10,18,750,12.3%,76,NORMAL,77.0,0.0,8.0,False
1767715369.20,2026-01-06 21:32:49,10,18,751,12.5%,76,NORMAL,78.0,0.0,8.0,False
1767715370.52,2026-01-06 21:32:50,10,18,752,12.6%,76,NORMAL,79.0,0.0,8.0,False
1767715371.86,2026-01-06 21:32:51,10,18,752,12.8%,76,NORMAL,79.0,0.0,8.0,False
1767715373.15,2026-01-06 21:32:53,10,18,752,13.0%,76,NORMAL,79.0,0.0,8.0,False
1767715374.26,2026-01-06 21:32:54,8,18,752,13.2%,76,NORMAL,79.0,0.0,8.0,False
1767715375.27,2026-01-06 21:32:55,8,18,752,13.3%,76,NORMAL,79.0,0.0,8.0,False
1767715376.55,2026-01-06 21:32:56,7,18,753,13.4%,76,NORMAL,79.0,0.0,7.9,False
1767715377.55,2026-01-06 21:32:57,9,18,754,13.5%,76,NORMAL,80.0,0.0,7.9,False
1767715378.65,2026-01-06 21:32:58,7,18,754,13.6%,76,NORMAL,80.0,0.0,7.9,False
1767715379.68,2026-01-06 21:32:59,6,18,754,13.5%,76,NORMAL,80.0,0.0,7.9,False
1767715380.79,2026-01-06 21:33:00,6,18,754,13.5%,76,NORMAL,79.0,0.0,7.9,False
1767715381.80,2026-01-06 21:33:01,7,18,754,13.5%,76,NORMAL,79.0,0.0,7.9,False
1767715382.86,2026-01-06 21:33:02,9,18,756,13.6%,76,NORMAL,81.0,0.0,8.0,False
1767715383.99,2026-01-06 21:33:03,8,18,756,13.6%,76,NORMAL,81.0,0.0,8.1,False
1767715385.27,2026-01-06 21:33:05,9,18,757,13.7%,76,NORMAL,82.0,0.0,8.1,False
1767715386.35,2026-01-06 21:33:06,8,18,757,13.7%,76,NORMAL,82.0,0.0,8.2,False
1767715387.38,2026-01-06 21:33:07,8,18,757,13.7%,76,NORMAL,81.0,0.0,8.3,False
1767715388.45,2026-01-06 21:33:08,8,18,757,13.7%,76,NORMAL,80.0,0.0,8.3,False
1767715389.49,2026-01-06 21:33:09,8,18,758,13.8%,76,NORMAL,81.0,0.0,8.4,False
1767715390.61,2026-01-06 21:33:10,8,18,759,13.7%,76,NORMAL,81.0,0.0,8.4,False
1767715391.67,2026-01-06 21:33:11,9,18,760,13.6%,76,NORMAL,82.0,0.0,8.4,False
1767715393.10,2026-01-06 21:33:13,10,18,762,13.6%,76,NORMAL,84.0,0.0,8.4,False
1767715394.47,2026-01-06 21:33:14,12,18,765,13.8%,76,NORMAL,85.0,0.0,8.4,False
1767715395.83,2026-01-06 21:33:15,9,18,765,13.7%,76,NORMAL,85.0,0.0,8.3,False
1767715397.41,2026-01-06 21:33:17,11,18,767,13.7%,76,NORMAL,85.0,0.0,8.3,False
1767715398.99,2026-01-06 21:33:18,13,18,767,13.8%,76,NORMAL,85.0,0.0,8.2,False
1767715400.04,2026-01-06 21:33:20,14,18,769,14.0%,76,NORMAL,87.0,0.0,8.2,False
1767715401.11,2026-01-06 21:33:21,14,18,769,14.2%,76,NORMAL,87.0,0.0,8.1,False
1767715402.24,2026-01-06 21:33:22,14,18,769,14.4%,76,NORMAL,87.0,0.0,8.1,False
1767715403.64,2026-01-06 21:33:23,13,18,769,14.6%,76,NORMAL,87.0,0.0,8.1,False
1767715405.54,2026-01-06 21:33:25,13,18,770,14.7%,76,NORMAL,87.0,0.0,8.0,False
1767715407.03,2026-01-06 21:33:27,13,18,770,14.9%,76,NORMAL,87.0,0.0,8.0,False
1767715408.12,2026-01-06 21:33:28,13,18,770,15.0%,76,NORMAL,87.0,0.0,7.9,False
1767715409.18,2026-01-06 21:33:29,14,18,770,15.2%,76,NORMAL,87.0,0.0,7.9,False
1767715410.77,2026-01-06 21:33:30,15,18,770,15.5%,76,NORMAL,87.0,0.0,7.8,False
1767715412.24,2026-01-06 21:33:32,13,18,770,15.8%,76,NORMAL,87.0,0.0,7.7,False
1767715413.54,2026-01-06 21:33:33,11,18,770,16.0%,76,NORMAL,87.0,0.0,7.5,False
1767715414.93,2026-01-06 21:33:34,10,18,771,16.0%,76,NORMAL,88.0,0.0,7.4,False
1767715415.95,2026-01-06 21:33:35,12,18,771,16.3%,76,NORMAL,88.0,0.0,7.3,False
1767715417.03,2026-01-06 21:33:37,11,18,771,16.5%,76,NORMAL,88.0,0.0,7.3,False
1767715418.14,2026-01-06 21:33:38,10,18,771,16.7%,76,NORMAL,88.0,0.0,7.2,False
1767715419.15,2026-01-06 21:33:39,9,18,771,16.8%,76,NORMAL,88.0,0.0,7.1,False
1767715420.59,2026-01-06 21:33:40,10,18,773,16.8%,76,NORMAL,90.0,0.0,7.1,False
1767715421.70,2026-01-06 21:33:41,4,18,773,16.6%,76,NORMAL,90.0,0.0,7.1,False
1767715422.73,2026-01-06 21:33:42,4,18,773,16.4%,76,NORMAL,90.0,0.0,7.1,False
1767715423.79,2026-01-06 21:33:43,5,18,773,16.2%,76,NORMAL,90.0,0.0,7.1,False
1767715424.88,2026-01-06 21:33:44,6,18,775,16.1%,76,NORMAL,92.0,0.0,7.2,False
1767715425.97,2026-01-06 21:33:45,7,18,776,16.1%,76,NORMAL,93.0,0.0,7.3,False
1767715427.39,2026-01-06 21:33:47,7,18,777,16.0%,76,NORMAL,94.0,0.0,7.3,False
1767715428.88,2026-01-06 21:33:48,10,18,779,16.1%,76,NORMAL,96.0,0.0,7.3,False
1767715430.28,2026-01-06 21:33:50,10,18,781,16.2%,76,NORMAL,98.0,0.0,7.3,False
1767715431.58,2026-01-06 21:33:51,9,18,781,16.1%,76,NORMAL,98.0,0.0,7.4,False
1767715432.91,2026-01-06 21:33:52,8,18,782,15.9%,76,NORMAL,99.0,0.0,7.4,False
1767715434.17,2026-01-06 21:33:54,8,18,783,15.9%,76,NORMAL,100.0,0.0,7.4,False
1767715435.56,2026-01-06 21:33:55,8,18,784,15.7%,76,NORMAL,101.0,0.0,7.4,False
1767715436.72,2026-01-06 21:33:56,7,18,784,15.5%,76,NORMAL,101.0,0.0,7.5,False
1767715437.77,2026-01-06 21:33:57,8,18,784,15.2%,76,NORMAL,101.0,0.0,7.6,False
1767715438.89,2026-01-06 21:33:58,8,18,785,14.9%,76,NORMAL,102.0,0.0,7.6,False
1767715440.01,2026-01-06 21:34:00,7,18,785,14.5%,76,NORMAL,102.0,0.0,7.7,False
1767715441.42,2026-01-06 21:34:01,8,18,785,14.3%,76,NORMAL,102.0,0.0,7.8,False
1767715442.85,2026-01-06 21:34:02,8,18,786,14.1%,76,NORMAL,103.0,0.0,7.8,False
1767715443.99,2026-01-06 21:34:03,7,18,786,13.8%,76,NORMAL,103.0,0.0,7.9,False
1767715445.11,2026-01-06 21:34:05,7,18,786,13.5%,76,NORMAL,103.0,0.0,7.9,False
1767715446.24,2026-01-06 21:34:06,8,18,786,13.2%,76,NORMAL,103.0,0.0,7.9,False
1767715447.42,2026-01-06 21:34:07,9,18,786,12.9%,76,NORMAL,103.0,0.0,7.9,False
1767715448.60,2026-01-06 21:34:08,10,18,787,12.8%,76,NORMAL,104.0,0.0,7.9,False
1767715449.88,2026-01-06 21:34:09,9,18,787,12.7%,76,NORMAL,104.0,0.0,7.9,False
1767715451.09,2026-01-06 21:34:11,8,18,787,12.6%,76,NORMAL,104.0,0.0,7.9,False
1767715452.42,2026-01-06 21:34:12,8,18,788,12.4%,76,NORMAL,105.0,0.0,7.9,False
1767715453.64,2026-01-06 21:34:13,8,18,788,12.2%,76,NORMAL,105.0,0.0,7.9,False
1767715454.73,2026-01-06 21:34:14,7,18,788,12.1%,76,NORMAL,104.0,0.0,7.9,False
1767715455.76,2026-01-06 21:34:15,6,18,788,11.9%,76,NORMAL,103.0,0.0,7.9,False
1767715456.94,2026-01-06 21:34:16,7,18,788,11.8%,76,NORMAL,103.0,0.0,7.9,False
1767715458.08,2026-01-06 21:34:18,6,18,788,11.9%,76,NORMAL,103.0,0.0,7.8,False
1767715459.20,2026-01-06 21:34:19,6,18,788,12.0%,76,NORMAL,103.0,0.0,7.8,False
1767715460.46,2026-01-06 21:34:20,7,18,789,12.1%,76,NORMAL,104.0,0.0,7.7,False
1767715461.66,2026-01-06 21:34:21,6,18,789,12.1%,76,NORMAL,104.0,0.0,7.6,False
1767715462.72,2026-01-06 21:34:22,5,18,789,12.0%,76,NORMAL,104.0,0.0,7.5,False
1767715463.82,2026-01-06 21:34:23,7,18,789,12.0%,76,NORMAL,104.0,0.0,7.4,False
1767715465.40,2026-01-06 21:34:25,5,18,789,11.7%,76,NORMAL,104.0,0.0,7.4,False
1767715466.56,2026-01-06 21:34:26,6,18,789,11.5%,76,NORMAL,104.0,0.0,7.3,False
1767715467.60,2026-01-06 21:34:27,6,18,789,11.4%,76,NORMAL,104.0,0.0,7.2,False
1767715468.73,2026-01-06 21:34:28,5,18,789,11.2%,76,NORMAL,104.0,0.0,7.1,False
1767715470.07,2026-01-06 21:34:30,5,18,789,11.1%,76,NORMAL,104.0,0.0,7.1,False
1767715471.12,2026-01-06 21:34:31,6,18,790,11.0%,76,NORMAL,105.0,0.0,7.0,False
1767715472.28,2026-01-06 21:34:32,7,18,790,11.0%,76,NORMAL,105.0,0.0,6.9,False
1767715473.28,2026-01-06 21:34:33,6,18,790,10.9%,76,NORMAL,105.0,0.0,6.8,False
1767715474.51,2026-01-06 21:34:34,6,18,790,10.8%,76,NORMAL,105.0,0.0,6.7,False
1767715475.58,2026-01-06 21:34:35,6,18,790,10.7%,76,NORMAL,105.0,0.0,6.5,False
1767715476.75,2026-01-06 21:34:36,6,18,790,10.6%,76,NORMAL,105.0,0.0,6.4,False
1767715477.87,2026-01-06 21:34:37,6,18,790,10.5%,76,NORMAL,105.0,0.0,6.4,False
1767715479.04,2026-01-06 21:34:39,6,18,790,10.5%,76,NORMAL,105.0,0.0,6.2,False
1767715480.52,2026-01-06 21:34:40,7,18,792,10.5%,76,NORMAL,107.0,0.0,6.2,False
1767715481.97,2026-01-06 21:34:41,8,18,792,10.5%,76,NORMAL,107.0,0.0,6.1,False
1767715483.28,2026-01-06 21:34:43,7,18,792,10.4%,76,NORMAL,107.0,0.0,6.1,False
1767715484.35,2026-01-06 21:34:44,8,18,792,10.3%,76,NORMAL,107.0,0.0,6.1,False
1767715485.37,2026-01-06 21:34:45,8,18,793,10.2%,76,NORMAL,108.0,0.0,6.0,False
1767715486.66,2026-01-06 21:34:46,7,18,793,10.2%,76,NORMAL,106.0,0.0,6.0,False
1767715488.09,2026-01-06 21:34:48,8,18,794,10.2%,76,NORMAL,107.0,0.0,6.1,False
1767715489.33,2026-01-06 21:34:49,8,18,794,10.2%,76,NORMAL,107.0,0.0,6.1,False
1767715490.56,2026-01-06 21:34:50,8,18,794,10.2%,76,NORMAL,107.0,0.0,6.2,False
1767715491.80,2026-01-06 21:34:51,8,18,794,10.3%,76,NORMAL,107.0,0.0,6.2,False
1767715493.06,2026-01-06 21:34:53,7,18,794,10.3%,76,NORMAL,107.0,0.0,6.3,False
1767715494.44,2026-01-06 21:34:54,8,18,794,10.4%,76,NORMAL,107.0,0.0,6.3,False
1767715495.81,2026-01-06 21:34:55,7,18,794,10.5%,76,NORMAL,107.0,0.0,6.4,False
1767715497.31,2026-01-06 21:34:57,8,18,794,10.5%,76,NORMAL,106.0,0.0,6.5,False
1767715499.03,2026-01-06 21:34:59,8,18,794,10.6%,76,NORMAL,106.0,0.0,6.6,False
1767715500.52,2026-01-06 21:35:00,8,18,794,10.8%,76,NORMAL,106.0,0.0,6.7,False
1767715502.14,2026-01-06 21:35:02,8,18,795,10.8%,76,NORMAL,106.0,0.0,6.8,False
1767715503.48,2026-01-06 21:35:03,8,18,795,11.0%,76,NORMAL,106.0,0.0,6.9,False
1767715505.23,2026-01-06 21:35:05,8,18,795,11.1%,76,NORMAL,106.0,0.0,6.9,False
1767715506.98,2026-01-06 21:35:06,8,18,795,11.2%,76,NORMAL,106.0,0.0,6.9,False
1767715508.51,2026-01-06 21:35:08,8,18,795,11.3%,76,NORMAL,106.0,0.0,6.9,False
1767715509.77,2026-01-06 21:35:09,7,18,795,11.4%,76,NORMAL,105.0,0.0,6.9,False
1767715510.92,2026-01-06 21:35:10,8,18,796,11.5%,76,NORMAL,105.0,0.0,6.9,False
1767715511.94,2026-01-06 21:35:11,9,18,797,11.6%,76,NORMAL,106.0,0.0,6.9,False
1767715513.07,2026-01-06 21:35:13,9,18,797,11.8%,76,NORMAL,105.0,0.0,6.9,False
1767715514.55,2026-01-06 21:35:14,8,18,798,11.9%,76,NORMAL,105.0,0.0,6.9,False
1767715515.88,2026-01-06 21:35:15,8,18,798,12.0%,76,NORMAL,105.0,0.0,6.9,False
1767715517.10,2026-01-06 21:35:17,9,18,798,12.1%,76,NORMAL,104.0,0.0,6.8,False
1767715518.31,2026-01-06 21:35:18,8,18,799,12.2%,76,NORMAL,105.0,0.0,6.8,False
1767715519.45,2026-01-06 21:35:19,9,18,799,12.4%,76,NORMAL,103.0,0.0,6.8,False
1767715520.45,2026-01-06 21:35:20,8,18,799,12.4%,76,NORMAL,103.0,0.0,6.7,False
1767715521.81,2026-01-06 21:35:21,8,18,799,12.4%,76,NORMAL,103.0,0.0,6.7,False
1767715523.50,2026-01-06 21:35:23,9,18,801,12.5%,76,NORMAL,105.0,0.0,6.6,False
1767715525.05,2026-01-06 21:35:25,9,18,801,12.6%,76,NORMAL,104.0,0.0,6.5,False
1767715526.52,2026-01-06 21:35:26,9,18,801,12.6%,76,NORMAL,104.0,0.0,6.4,False
1767715527.91,2026-01-06 21:35:27,7,18,801,12.6%,76,NORMAL,104.0,0.0,6.4,False
1767715529.42,2026-01-06 21:35:29,10,18,802,12.7%,76,NORMAL,105.0,0.0,6.4,False
1767715530.80,2026-01-06 21:35:30,10,18,803,12.8%,76,NORMAL,106.0,0.0,6.5,False
1767715531.93,2026-01-06 21:35:31,9,18,803,12.9%,76,NORMAL,106.0,0.0,6.5,False
1767715533.14,2026-01-06 21:35:33,9,18,804,12.9%,76,NORMAL,107.0,0.0,6.5,False
1767715534.51,2026-01-06 21:35:34,8,18,804,13.0%,76,NORMAL,107.0,0.0,6.5,False
1767715535.89,2026-01-06 21:35:35,9,18,805,13.0%,76,NORMAL,107.0,0.0,6.5,False
1767715537.05,2026-01-06 21:35:37,8,18,805,13.1%,76,NORMAL,107.0,0.0,6.5,False
1767715538.08,2026-01-06 21:35:38,10,18,806,13.2%,76,NORMAL,108.0,0.0,6.5,False
1767715539.09,2026-01-06 21:35:39,10,18,806,13.3%,76,NORMAL,108.0,0.0,6.5,False
1767715540.23,2026-01-06 21:35:40,7,18,806,13.2%,76,NORMAL,107.0,0.0,6.4,False
1767715541.49,2026-01-06 21:35:41,8,18,806,13.2%,76,NORMAL,107.0,0.0,6.4,False
1767715542.52,2026-01-06 21:35:42,7,18,806,13.2%,76,NORMAL,107.0,0.0,6.4,False
1767715543.91,2026-01-06 21:35:43,8,18,806,13.2%,76,NORMAL,107.0,0.0,6.4,False
1767715545.40,2026-01-06 21:35:45,9,18,808,13.2%,76,NORMAL,109.0,0.0,6.4,False
1767715547.02,2026-01-06 21:35:47,9,18,808,13.3%,76,NORMAL,109.0,0.0,6.4,False
1767715548.57,2026-01-06 21:35:48,9,18,808,13.4%,76,NORMAL,109.0,0.0,6.4,False
1767715549.73,2026-01-06 21:35:49,9,18,808,13.4%,76,NORMAL,109.0,0.0,6.4,False
1767715550.89,2026-01-06 21:35:50,9,18,808,13.4%,76,NORMAL,109.0,0.0,6.4,False
1767715551.96,2026-01-06 21:35:51,8,18,808,13.4%,76,NORMAL,109.0,0.0,6.5,False
1767715553.21,2026-01-06 21:35:53,9,18,809,13.4%,76,NORMAL,110.0,0.0,6.5,False
1767715554.79,2026-01-06 21:35:54,8,18,809,13.4%,76,NORMAL,110.0,0.0,6.5,False
1767715555.98,2026-01-06 21:35:55,9,18,809,13.4%,76,NORMAL,110.0,0.0,6.4,False
1767715557.09,2026-01-06 21:35:57,10,18,809,13.5%,76,NORMAL,110.0,0.0,6.4,False
1767715558.61,2026-01-06 21:35:58,10,18,809,13.6%,76,NORMAL,110.0,0.0,6.3,False
1767715559.66,2026-01-06 21:35:59,9,18,809,13.6%,76,NORMAL,110.0,0.0,6.2,False
1767715561.01,2026-01-06 21:36:01,7,18,809,13.6%,76,NORMAL,109.0,0.0,6.2,False
1767715562.11,2026-01-06 21:36:02,9,18,810,13.6%,76,NORMAL,110.0,0.0,6.1,False
1767715563.13,2026-01-06 21:36:03,9,18,810,13.6%,76,NORMAL,110.0,0.0,6.1,False
1767715564.47,2026-01-06 21:36:04,9,18,810,13.6%,76,NORMAL,110.0,0.0,6.0,False
1767715565.54,2026-01-06 21:36:05,9,18,810,13.7%,76,NORMAL,110.0,0.0,6.0,False
1767715566.85,2026-01-06 21:36:06,9,18,810,13.6%,76,NORMAL,110.0,0.0,5.9,False
1767715567.94,2026-01-06 21:36:07,10,18,811,13.6%,76,NORMAL,111.0,0.0,5.9,False
1767715569.04,2026-01-06 21:36:09,10,18,811,13.7%,76,NORMAL,111.0,0.0,5.8,False
1767715570.59,2026-01-06 21:36:10,11,18,812,13.8%,76,NORMAL,112.0,0.0,5.8,False
1767715572.18,2026-01-06 21:36:12,12,18,813,14.0%,76,NORMAL,113.0,0.0,5.7,False
1767715573.52,2026-01-06 21:36:13,10,18,813,14.0%,76,NORMAL,113.0,0.0,5.7,False
1767715574.71,2026-01-06 21:36:14,11,18,813,14.2%,76,NORMAL,112.0,0.0,5.7,False
1767715575.97,2026-01-06 21:36:15,10,18,814,14.2%,76,NORMAL,113.0,0.0,5.6,False
1767715577.08,2026-01-06 21:36:17,10,18,814,14.2%,76,NORMAL,113.0,0.0,5.6,False
1767715578.23,2026-01-06 21:36:18,9,18,814,14.3%,76,NORMAL,113.0,0.0,5.6,False
1767715579.35,2026-01-06 21:36:19,9,18,814,14.3%,76,NORMAL,113.0,0.0,5.6,False
1767715580.72,2026-01-06 21:36:20,7,18,814,14.3%,76,NORMAL,113.0,0.0,5.5,False
1767715582.16,2026-01-06 21:36:22,10,18,815,14.4%,76,NORMAL,114.0,0.0,5.5,False
1767715583.19,2026-01-06 21:36:23,10,18,815,14.5%,76,NORMAL,113.0,0.0,5.5,False
1767715584.96,2026-01-06 21:36:24,9,18,815,14.5%,76,NORMAL,113.0,0.0,5.4,False
1767715586.28,2026-01-06 21:36:26,9,18,815,14.5%,76,NORMAL,113.0,0.0,5.4,False
1767715587.50,2026-01-06 21:36:27,10,18,816,14.5%,76,NORMAL,114.0,0.0,5.3,False
1767715589.06,2026-01-06 21:36:29,12,18,818,14.7%,76,NORMAL,116.0,0.0,5.3,False
1767715590.93,2026-01-06 21:36:30,11,18,818,14.8%,76,NORMAL,115.0,0.0,5.2,False
1767715592.10,2026-01-06 21:36:32,10,18,818,14.8%,76,NORMAL,115.0,0.0,5.2,False
1767715593.26,2026-01-06 21:36:33,11,18,819,15.0%,76,NORMAL,116.0,0.0,5.2,False
1767715594.55,2026-01-06 21:36:34,11,18,819,15.1%,76,NORMAL,116.0,0.0,5.1,False
1767715595.61,2026-01-06 21:36:35,10,18,819,15.1%,76,NORMAL,116.0,0.0,5.1,False
1767715596.90,2026-01-06 21:36:36,10,18,819,15.1%,76,NORMAL,116.0,0.0,5.1,False
1767715598.45,2026-01-06 21:36:38,9,18,819,15.1%,76,NORMAL,116.0,0.0,5.1,False
1767715599.88,2026-01-06 21:36:39,8,18,819,15.1%,76,NORMAL,116.0,0.0,5.2,False
1767715601.58,2026-01-06 21:36:41,11,18,821,15.2%,76,NORMAL,118.0,0.0,5.2,False
1767715603.00,2026-01-06 21:36:43,10,18,821,15.3%,76,NORMAL,117.0,0.0,5.3,False
1767715604.01,2026-01-06 21:36:44,10,18,821,15.3%,76,NORMAL,117.0,0.0,5.3,False
1767715605.17,2026-01-06 21:36:45,11,18,821,15.4%,76,NORMAL,117.0,0.0,5.4,False
1767715606.19,2026-01-06 21:36:46,11,18,822,15.5%,76,NORMAL,118.0,0.0,5.4,False
1767715607.62,2026-01-06 21:36:47,11,18,822,15.6%,76,NORMAL,118.0,0.0,5.4,False
1767715608.86,2026-01-06 21:36:48,11,18,823,15.6%,76,NORMAL,119.0,0.0,5.4,False
1767715610.14,2026-01-06 21:36:50,12,18,824,15.7%,76,NORMAL,120.0,0.0,5.4,False
1767715611.28,2026-01-06 21:36:51,12,18,824,15.7%,76,NORMAL,120.0,0.0,5.4,False
1767715612.33,2026-01-06 21:36:52,12,18,824,15.8%,76,NORMAL,120.0,0.0,5.4,False
1767715613.37,2026-01-06 21:36:53,11,18,824,15.8%,76,NORMAL,120.0,0.0,5.3,False
1767715614.38,2026-01-06 21:36:54,11,18,824,15.8%,76,NORMAL,120.0,0.0,5.3,False
1767715615.97,2026-01-06 21:36:55,12,18,826,15.9%,76,NORMAL,122.0,0.0,5.2,False
1767715617.07,2026-01-06 21:36:57,12,18,826,16.1%,76,NORMAL,122.0,0.0,5.2,False
1767715619.06,2026-01-06 21:36:59,11,18,826,16.2%,76,NORMAL,122.0,0.0,5.2,False
1767715620.83,2026-01-06 21:37:00,12,18,826,16.4%,76,NORMAL,122.0,0.0,5.1,False
1767715622.11,2026-01-06 21:37:02,13,18,827,16.5%,76,NORMAL,122.0,0.0,5.1,False
1767715623.19,2026-01-06 21:37:03,13,18,827,16.7%,76,NORMAL,122.0,0.0,5.1,False
1767715624.96,2026-01-06 21:37:04,12,18,827,16.8%,76,NORMAL,122.0,0.0,5.1,False
1767715626.16,2026-01-06 21:37:06,13,18,829,17.0%,76,NORMAL,124.0,0.0,5.1,False
1767715627.17,2026-01-06 21:37:07,13,18,829,17.2%,76,NORMAL,124.0,0.0,5.1,False
1767715628.54,2026-01-06 21:37:08,12,18,829,17.2%,76,NORMAL,124.0,0.0,5.1,False
1767715629.65,2026-01-06 21:37:09,12,18,829,17.2%,76,NORMAL,124.0,0.0,5.2,False
1767715630.94,2026-01-06 21:37:10,12,18,830,17.3%,76,NORMAL,125.0,0.0,5.2,False
1767715632.56,2026-01-06 21:37:12,11,18,830,17.3%,76,NORMAL,124.0,0.0,5.2,False
1767715634.40,2026-01-06 21:37:14,10,18,830,17.3%,76,NORMAL,124.0,0.0,5.2,False
1767715635.74,2026-01-06 21:37:15,11,18,831,17.3%,76,NORMAL,125.0,0.0,5.3,False
1767715636.91,2026-01-06 21:37:16,10,18,831,17.3%,76,NORMAL,125.0,0.0,5.3,False
1767715638.54,2026-01-06 21:37:18,10,18,831,17.4%,76,NORMAL,125.0,0.0,5.3,False
1767715639.82,2026-01-06 21:37:19,12,18,833,17.6%,76,NORMAL,127.0,0.0,5.3,False
1767715640.93,2026-01-06 21:37:20,12,18,833,17.6%,76,NORMAL,127.0,0.0,5.3,False
1767715641.93,2026-01-06 21:37:21,15,18,836,17.8%,76,NORMAL,130.0,0.0,5.3,False
1767715642.97,2026-01-06 21:37:22,15,18,836,18.1%,76,NORMAL,130.0,0.0,5.3,False
1767715644.02,2026-01-06 21:37:24,14,18,836,18.2%,76,NORMAL,130.0,0.0,5.3,False
1767715645.31,2026-01-06 21:37:25,17,18,836,18.5%,76,NORMAL,130.0,0.0,5.3,False
1767715646.33,2026-01-06 21:37:26,14,18,837,18.6%,76,NORMAL,131.0,0.0,5.3,False
1767715647.49,2026-01-06 21:37:27,15,18,837,18.8%,76,NORMAL,131.0,0.0,5.3,False
1767715649.28,2026-01-06 21:37:29,15,18,838,19.0%,76,NORMAL,132.0,0.0,5.3,False
1767715651.47,2026-01-06 21:37:31,14,18,838,19.1%,76,NORMAL,131.0,0.0,5.4,False
1767715652.54,2026-01-06 21:37:32,13,18,838,19.1%,76,NORMAL,131.0,0.0,5.4,False
1767715653.95,2026-01-06 21:37:33,14,18,840,19.2%,76,NORMAL,133.0,0.0,5.4,False
1767715655.11,2026-01-06 21:37:35,15,18,842,19.4%,76,NORMAL,135.0,0.0,5.5,False
1767715656.38,2026-01-06 21:37:36,15,18,842,19.6%,76,NORMAL,135.0,0.0,5.5,False
1767715657.52,2026-01-06 21:37:37,13,18,842,19.6%,76,NORMAL,135.0,0.0,5.5,False
1767715659.05,2026-01-06 21:37:39,13,18,842,19.7%,76,NORMAL,135.0,0.0,5.5,False
1767715660.22,2026-01-06 21:37:40,16,18,843,19.9%,76,NORMAL,136.0,0.0,5.5,False
1767715661.68,2026-01-06 21:37:41,17,18,844,20.1%,76,NORMAL,137.0,0.0,5.5,False
1767715663.44,2026-01-06 21:37:43,13,18,844,20.1%,76,NORMAL,136.0,0.0,5.5,False
1767715664.51,2026-01-06 21:37:44,14,18,845,20.2%,76,NORMAL,137.0,0.0,5.5,False
1767715665.79,2026-01-06 21:37:45,14,18,845,20.2%,76,NORMAL,136.0,0.0,5.5,False
1767715666.88,2026-01-06 21:37:46,12,18,845,20.2%,76,NORMAL,136.0,0.0,5.5,False
1767715667.98,2026-01-06 21:37:47,14,18,846,20.3%,76,NORMAL,137.0,0.0,5.5,False
1767715669.93,2026-01-06 21:37:49,13,18,846,20.3%,76,NORMAL,136.0,0.0,5.5,False
1767715671.09,2026-01-06 21:37:51,13,18,847,20.4%,76,NORMAL,137.0,0.0,5.5,False
1767715672.10,2026-01-06 21:37:52,12,18,847,20.4%,76,NORMAL,137.0,0.0,5.5,False
1767715674.44,2026-01-06 21:37:54,13,18,847,20.6%,76,NORMAL,137.0,0.0,5.5,False
1767715675.91,2026-01-06 21:37:55,12,18,847,20.6%,76,NORMAL,137.0,0.0,5.4,False
1767715676.96,2026-01-06 21:37:56,11,18,847,20.7%,76,NORMAL,137.0,0.0,5.4,False
1767715678.04,2026-01-06 21:37:58,12,18,849,20.7%,76,NORMAL,138.0,0.0,5.4,False
1767715679.15,2026-01-06 21:37:59,12,18,849,20.7%,76,NORMAL,138.0,0.0,5.4,False
1767715680.21,2026-01-06 21:38:00,13,18,850,20.8%,76,NORMAL,139.0,0.0,5.4,False
1767715681.69,2026-01-06 21:38:01,13,18,850,20.7%,76,NORMAL,139.0,0.0,5.4,False
1767715684.16,2026-01-06 21:38:04,15,18,852,20.7%,76,NORMAL,141.0,0.0,5.3,False
1767715685.42,2026-01-06 21:38:05,15,18,853,20.7%,76,NORMAL,142.0,0.0,5.3,False
1767715686.65,2026-01-06 21:38:06,14,18,853,20.6%,76,NORMAL,142.0,0.0,5.3,False
1767715687.91,2026-01-06 21:38:07,14,18,853,20.6%,76,NORMAL,142.0,0.0,5.3,False
1767715689.53,2026-01-06 21:38:09,16,18,854,20.7%,76,NORMAL,143.0,0.0,5.2,False
1767715690.88,2026-01-06 21:38:10,15,18,854,20.7%,76,NORMAL,143.0,0.0,5.2,False
1767715691.91,2026-01-06 21:38:11,17,18,855,20.8%,76,NORMAL,144.0,0.0,5.2,False
1767715692.92,2026-01-06 21:38:12,15,18,855,20.9%,76,NORMAL,144.0,0.0,5.2,False
1767715694.09,2026-01-06 21:38:14,15,18,855,20.9%,76,NORMAL,144.0,0.0,5.2,False
1767715695.39,2026-01-06 21:38:15,16,18,856,21.0%,76,NORMAL,145.0,0.0,5.1,False
1767715696.46,2026-01-06 21:38:16,17,18,856,21.1%,76,NORMAL,145.0,0.0,5.1,False
1767715697.89,2026-01-06 21:38:17,15,18,857,21.2%,76,NORMAL,146.0,0.0,5.1,False
1767715699.11,2026-01-06 21:38:19,16,18,858,21.3%,76,NORMAL,147.0,0.0,5.1,False
1767715700.23,2026-01-06 21:38:20,16,18,859,21.3%,76,NORMAL,147.0,0.0,5.1,False
1767715701.35,2026-01-06 21:38:21,15,18,859,21.2%,76,NORMAL,147.0,0.0,5.1,False
1767715703.09,2026-01-06 21:38:23,16,18,861,21.3%,76,NORMAL,149.0,0.0,5.1,False
1767715704.19,2026-01-06 21:38:24,15,18,861,21.4%,76,NORMAL,149.0,0.0,5.1,False
1767715705.67,2026-01-06 21:38:25,16,18,861,21.5%,76,NORMAL,149.0,0.0,5.1,False
1767715706.72,2026-01-06 21:38:26,15,18,862,21.6%,76,NORMAL,150.0,0.0,5.1,False
1767715707.90,2026-01-06 21:38:27,15,18,863,21.7%,76,NORMAL,151.0,0.0,5.2,False
1767715709.02,2026-01-06 21:38:29,14,18,863,21.7%,76,NORMAL,151.0,0.0,5.1,False
1767715710.37,2026-01-06 21:38:30,14,18,863,21.8%,76,NORMAL,151.0,0.0,5.1,False
1767715711.72,2026-01-06 21:38:31,14,18,864,21.9%,76,NORMAL,152.0,0.0,5.1,False
1767715713.57,2026-01-06 21:38:33,15,18,865,22.0%,76,NORMAL,153.0,0.0,5.1,False
1767715714.74,2026-01-06 21:38:34,13,18,865,22.0%,76,NORMAL,153.0,0.0,5.1,False
1767715715.89,2026-01-06 21:38:35,13,18,865,22.1%,76,NORMAL,152.0,0.0,5.1,False
1767715717.10,2026-01-06 21:38:37,14,18,865,22.2%,76,NORMAL,152.0,0.0,5.1,False
1767715718.49,2026-01-06 21:38:38,16,18,868,22.4%,76,NORMAL,155.0,0.0,5.0,False
1767715719.55,2026-01-06 21:38:39,15,18,869,22.5%,76,NORMAL,156.0,0.0,5.0,False
1767715720.75,2026-01-06 21:38:40,16,18,870,22.6%,76,NORMAL,157.0,0.0,5.0,False
1767715722.70,2026-01-06 21:38:42,15,18,870,22.6%,76,NORMAL,157.0,0.0,4.9,False
1767715723.95,2026-01-06 21:38:43,14,18,871,22.6%,76,NORMAL,158.0,0.0,4.9,False
1767715725.05,2026-01-06 21:38:45,15,18,871,22.6%,76,NORMAL,158.0,0.0,4.9,False
1767715726.22,2026-01-06 21:38:46,13,18,871,22.6%,76,NORMAL,158.0,0.0,4.9,False
1767715727.60,2026-01-06 21:38:47,15,18,872,22.5%,76,NORMAL,159.0,0.0,4.9,False
1767715729.31,2026-01-06 21:38:49,14,18,872,22.5%,76,NORMAL,159.0,0.0,4.9,False
1767715730.34,2026-01-06 21:38:50,14,18,872,22.3%,76,NORMAL,157.0,0.0,4.8,False
1767715731.54,2026-01-06 21:38:51,16,18,874,22.4%,76,NORMAL,158.0,0.0,4.8,False
1767715732.81,2026-01-06 21:38:52,15,18,874,22.4%,76,NORMAL,158.0,0.0,4.8,False
1767715734.01,2026-01-06 21:38:54,14,18,874,22.3%,76,NORMAL,158.0,0.0,4.8,False
1767715735.42,2026-01-06 21:38:55,14,18,874,22.1%,76,NORMAL,158.0,0.0,4.8,False
1767715736.68,2026-01-06 21:38:56,12,18,874,22.0%,76,NORMAL,158.0,0.0,4.8,False
1767715737.83,2026-01-06 21:38:57,15,18,875,22.0%,76,NORMAL,159.0,0.0,4.8,False
1767715739.76,2026-01-06 21:38:59,13,18,875,21.8%,76,NORMAL,159.0,0.0,4.7,False
1767715740.87,2026-01-06 21:39:00,15,18,877,21.8%,76,NORMAL,161.0,0.0,4.7,False
1767715742.37,2026-01-06 21:39:02,14,18,877,21.7%,76,NORMAL,161.0,0.0,4.7,False
1767715743.64,2026-01-06 21:39:03,14,18,878,21.7%,76,NORMAL,162.0,0.0,4.7,False
1767715745.48,2026-01-06 21:39:05,14,18,878,21.6%,76,NORMAL,162.0,0.0,4.6,False
1767715746.72,2026-01-06 21:39:06,14,18,879,21.5%,76,NORMAL,163.0,0.0,4.6,False
1767715747.86,2026-01-06 21:39:07,14,18,879,21.5%,76,NORMAL,163.0,0.0,4.6,False
1767715749.27,2026-01-06 21:39:09,14,18,879,21.5%,76,NORMAL,163.0,0.0,4.6,False
1767715750.76,2026-01-06 21:39:10,14,18,880,21.5%,76,NORMAL,164.0,0.0,4.6,False
1767715752.39,2026-01-06 21:39:12,13,18,880,21.5%,76,NORMAL,164.0,0.0,4.5,False
1767715753.64,2026-01-06 21:39:13,15,18,882,21.5%,76,NORMAL,166.0,0.0,4.5,False
1767715755.44,2026-01-06 21:39:15,14,18,882,21.5%,76,NORMAL,166.0,0.0,4.5,False
1767715756.59,2026-01-06 21:39:16,14,18,883,21.5%,76,NORMAL,166.0,0.0,4.5,False
1767715757.79,2026-01-06 21:39:17,16,18,885,21.6%,76,NORMAL,168.0,0.0,4.4,False
1767715758.99,2026-01-06 21:39:18,16,18,885,21.6%,76,NORMAL,168.0,0.0,4.4,False
1767715760.56,2026-01-06 21:39:20,13,18,886,21.5%,76,NORMAL,169.0,0.0,4.4,False
1767715762.00,2026-01-06 21:39:22,13,18,886,21.4%,76,NORMAL,169.0,0.0,4.4,False
1767715763.15,2026-01-06 21:39:23,14,18,886,21.4%,76,NORMAL,169.0,0.0,4.4,False
1767715764.41,2026-01-06 21:39:24,14,18,886,21.4%,76,NORMAL,169.0,0.0,4.4,False
1767715765.53,2026-01-06 21:39:25,14,18,887,21.3%,76,NORMAL,170.0,0.0,4.4,False
1767715767.27,2026-01-06 21:39:27,14,18,887,21.4%,76,NORMAL,170.0,0.0,4.3,False
1767715768.29,2026-01-06 21:39:28,12,18,887,21.2%,76,NORMAL,170.0,0.0,4.3,False
1767715769.33,2026-01-06 21:39:29,12,18,887,21.1%,76,NORMAL,170.0,0.0,4.3,False
1767715771.06,2026-01-06 21:39:31,12,18,887,21.0%,76,NORMAL,170.0,0.0,4.3,False
1767715772.54,2026-01-06 21:39:32,12,18,888,20.9%,76,NORMAL,171.0,0.0,4.3,False
1767715773.67,2026-01-06 21:39:33,14,18,889,20.8%,76,NORMAL,172.0,0.0,4.3,False
1767715774.83,2026-01-06 21:39:34,15,18,891,20.9%,76,NORMAL,173.0,0.0,4.3,False
1767715776.09,2026-01-06 21:39:36,15,18,891,20.9%,76,NORMAL,173.0,0.0,4.3,False
1767715777.34,2026-01-06 21:39:37,15,18,892,21.0%,76,NORMAL,173.0,0.0,4.3,False
1767715779.10,2026-01-06 21:39:39,15,18,892,21.0%,76,NORMAL,173.0,0.0,4.3,False
1767715780.18,2026-01-06 21:39:40,13,18,892,21.0%,76,NORMAL,173.0,0.0,4.2,False
1767715781.52,2026-01-06 21:39:41,13,18,894,20.9%,76,NORMAL,175.0,0.0,4.2,False
1767715782.74,2026-01-06 21:39:42,12,18,895,20.8%,76,NORMAL,176.0,0.0,4.2,False
1767715783.81,2026-01-06 21:39:43,13,18,895,20.8%,76,NORMAL,176.0,0.0,4.2,False
1767715786.01,2026-01-06 21:39:46,13,18,895,20.8%,76,NORMAL,176.0,0.0,4.2,False
1767715787.25,2026-01-06 21:39:47,13,18,895,20.7%,76,NORMAL,176.0,0.0,4.2,False
1767715788.73,2026-01-06 21:39:48,12,18,895,20.6%,76,NORMAL,176.0,0.0,4.2,False
1767715789.83,2026-01-06 21:39:49,12,18,895,20.5%,76,NORMAL,175.0,0.0,4.2,False
1767715791.82,2026-01-06 21:39:51,11,18,895,20.4%,76,NORMAL,175.0,0.0,4.2,False
1767715793.05,2026-01-06 21:39:53,12,18,896,20.3%,76,NORMAL,176.0,0.0,4.2,False
1767715795.19,2026-01-06 21:39:55,11,18,896,20.1%,76,NORMAL,176.0,0.0,4.2,False
1767715796.35,2026-01-06 21:39:56,9,18,896,19.9%,76,NORMAL,176.0,0.0,4.2,False
1767715797.38,2026-01-06 21:39:57,10,18,897,19.7%,76,NORMAL,177.0,0.0,4.2,False
1767715798.43,2026-01-06 21:39:58,9,18,897,19.4%,76,NORMAL,176.0,0.0,4.3,False
1767715799.72,2026-01-06 21:39:59,9,18,897,19.1%,76,NORMAL,176.0,0.0,4.3,False
1767715800.97,2026-01-06 21:40:00,9,18,897,18.9%,76,NORMAL,176.0,0.0,4.3,False
1767715802.05,2026-01-06 21:40:02,8,18,897,18.6%,76,NORMAL,176.0,0.0,4.3,False
1767715803.35,2026-01-06 21:40:03,11,18,898,18.5%,76,NORMAL,177.0,0.0,4.3,False
1767715804.58,2026-01-06 21:40:04,9,18,898,18.2%,76,NORMAL,177.0,0.0,4.3,False
1767715805.81,2026-01-06 21:40:05,9,18,899,18.0%,76,NORMAL,178.0,0.0,4.3,False
1767715807.01,2026-01-06 21:40:07,8,18,899,17.7%,76,NORMAL,178.0,0.0,4.3,False
1767715808.16,2026-01-06 21:40:08,9,18,901,17.6%,76,NORMAL,180.0,0.0,4.3,False
1767715809.34,2026-01-06 21:40:09,8,18,901,17.4%,76,NORMAL,180.0,0.0,4.3,False
1767715810.50,2026-01-06 21:40:10,10,18,902,17.3%,76,NORMAL,181.0,0.0,4.3,False
1767715811.82,2026-01-06 21:40:11,9,18,902,17.1%,76,NORMAL,181.0,0.0,4.3,False
1767715813.08,2026-01-06 21:40:13,9,18,902,16.9%,76,NORMAL,181.0,0.0,4.3,False
1767715814.87,2026-01-06 21:40:14,9,18,902,16.6%,76,NORMAL,181.0,0.0,4.3,False
1767715815.94,2026-01-06 21:40:15,12,18,905,16.5%,76,NORMAL,184.0,0.0,4.3,False
1767715817.07,2026-01-06 21:40:17,11,18,905,16.3%,76,NORMAL,184.0,0.0,4.3,False
1767715818.15,2026-01-06 21:40:18,10,18,905,16.0%,76,NORMAL,184.0,0.0,4.3,False
1767715819.42,2026-01-06 21:40:19,9,18,905,15.9%,76,NORMAL,184.0,0.0,4.3,False
1767715820.97,2026-01-06 21:40:20,9,18,905,15.7%,76,NORMAL,184.0,0.0,4.3,False
1767715822.57,2026-01-06 21:40:22,9,18,905,15.5%,76,NORMAL,184.0,0.0,4.4,False
1767715823.61,2026-01-06 21:40:23,8,18,905,15.3%,76,NORMAL,184.0,0.0,4.4,False
1767715824.70,2026-01-06 21:40:24,8,18,905,15.0%,76,NORMAL,184.0,0.0,4.4,False
1767715826.03,2026-01-06 21:40:26,9,18,906,14.8%,76,NORMAL,185.0,0.0,4.5,False
1767715827.35,2026-01-06 21:40:27,7,18,906,14.6%,76,NORMAL,184.0,0.0,4.5,False
1767715828.62,2026-01-06 21:40:28,7,18,906,14.4%,76,NORMAL,183.0,0.0,4.6,False
1767715830.32,2026-01-06 21:40:30,8,18,906,14.2%,76,NORMAL,183.0,0.0,4.6,False
1767715831.65,2026-01-06 21:40:31,8,18,906,14.0%,76,NORMAL,182.0,0.0,4.6,False
1767715832.67,2026-01-06 21:40:32,9,18,906,13.9%,76,NORMAL,182.0,0.0,4.7,False
1767715833.79,2026-01-06 21:40:33,10,18,907,14.0%,76,NORMAL,183.0,0.0,4.6,False
1767715835.25,2026-01-06 21:40:35,11,18,907,14.0%,76,NORMAL,183.0,0.0,4.6,False
1767715836.36,2026-01-06 21:40:36,11,18,907,14.1%,76,NORMAL,183.0,0.0,4.6,False
1767715837.84,2026-01-06 21:40:37,11,18,907,14.2%,76,NORMAL,183.0,0.0,4.6,False
1767715839.06,2026-01-06 21:40:39,10,18,907,14.3%,76,NORMAL,183.0,0.0,4.6,False
1767715840.22,2026-01-06 21:40:40,10,18,907,14.4%,76,NORMAL,183.0,0.0,4.6,False
1767715841.26,2026-01-06 21:40:41,10,18,907,14.3%,76,NORMAL,183.0,0.0,4.5,False
1767715842.31,2026-01-06 21:40:42,9,18,907,14.3%,76,NORMAL,183.0,0.0,4.5,False
1767715844.13,2026-01-06 21:40:44,9,18,908,14.3%,76,NORMAL,184.0,0.0,4.5,False
1767715845.34,2026-01-06 21:40:45,9,18,908,14.4%,76,NORMAL,183.0,0.0,4.5,False
1767715846.83,2026-01-06 21:40:46,8,18,908,14.3%,76,NORMAL,183.0,0.0,4.4,False
1767715848.24,2026-01-06 21:40:48,8,18,908,14.3%,76,NORMAL,183.0,0.0,4.4,False
1767715849.38,2026-01-06 21:40:49,8,18,908,14.2%,76,NORMAL,183.0,0.0,4.4,False
1767715850.45,2026-01-06 21:40:50,8,18,908,14.2%,76,NORMAL,183.0,0.0,4.4,False
1767715851.57,2026-01-06 21:40:51,8,18,908,14.1%,76,NORMAL,182.0,0.0,4.4,False
1767715852.79,2026-01-06 21:40:52,8,18,908,14.1%,76,NORMAL,182.0,0.0,4.4,False
1767715853.81,2026-01-06 21:40:53,7,18,908,13.8%,76,NORMAL,182.0,0.0,4.4,False
1767715855.14,2026-01-06 21:40:55,9,18,909,13.7%,76,NORMAL,183.0,0.0,4.4,False
1767715856.47,2026-01-06 21:40:56,7,18,909,13.6%,76,NORMAL,183.0,0.0,4.4,False
1767715857.79,2026-01-06 21:40:57,9,18,909,13.6%,76,NORMAL,183.0,0.0,4.4,False
1767715859.19,2026-01-06 21:40:59,9,18,909,13.6%,76,NORMAL,183.0,0.0,4.3,False
1767715861.05,2026-01-06 21:41:01,8,18,909,13.5%,76,NORMAL,183.0,0.0,4.3,False
1767715862.09,2026-01-06 21:41:02,10,18,911,13.6%,76,NORMAL,184.0,0.0,4.3,False
1767715863.24,2026-01-06 21:41:03,10,18,911,13.7%,76,NORMAL,184.0,0.0,4.2,False
1767715865.10,2026-01-06 21:41:05,9,18,911,13.7%,76,NORMAL,183.0,0.0,4.2,False
1767715866.28,2026-01-06 21:41:06,9,18,911,13.8%,76,NORMAL,183.0,0.0,4.1,False
1767715867.61,2026-01-06 21:41:07,9,18,911,13.9%,76,NORMAL,182.0,0.0,4.1,False
1767715868.70,2026-01-06 21:41:08,9,18,911,14.0%,76,NORMAL,182.0,0.0,4.1,False
1767715869.80,2026-01-06 21:41:09,9,18,911,14.0%,76,NORMAL,182.0,0.0,4.0,False
1767715871.81,2026-01-06 21:41:11,8,18,911,14.0%,76,NORMAL,182.0,0.0,4.0,False
1767715872.83,2026-01-06 21:41:12,7,18,911,13.8%,76,NORMAL,182.0,0.0,3.9,False
1767715874.00,2026-01-06 21:41:14,8,18,911,13.7%,76,NORMAL,182.0,0.0,3.9,False
1767715875.61,2026-01-06 21:41:15,10,18,913,13.6%,76,NORMAL,184.0,0.0,3.9,False
1767715876.70,2026-01-06 21:41:16,10,18,913,13.6%,76,NORMAL,183.0,0.0,3.9,False
1767715877.84,2026-01-06 21:41:17,8,18,913,13.5%,76,NORMAL,183.0,0.0,3.9,False
1767715878.93,2026-01-06 21:41:18,8,18,913,13.4%,76,NORMAL,183.0,0.0,3.9,False
1767715880.09,2026-01-06 21:41:20,7,18,913,13.2%,76,NORMAL,183.0,0.0,4.0,False
1767715881.80,2026-01-06 21:41:21,7,18,913,13.1%,76,NORMAL,183.0,0.0,4.0,False
1767715883.23,2026-01-06 21:41:23,7,18,913,13.0%,76,NORMAL,183.0,0.0,4.1,False
1767715884.29,2026-01-06 21:41:24,7,18,913,12.9%,76,NORMAL,183.0,0.0,4.1,False
1767715885.35,2026-01-06 21:41:25,7,18,913,12.9%,76,NORMAL,182.0,0.0,4.1,False
1767715886.62,2026-01-06 21:41:26,7,18,914,12.8%,76,NORMAL,183.0,0.0,4.1,False
1767715887.99,2026-01-06 21:41:27,8,18,915,12.8%,76,NORMAL,184.0,0.0,4.2,False
1767715889.21,2026-01-06 21:41:29,8,18,915,12.8%,76,NORMAL,184.0,0.0,4.2,False
1767715890.33,2026-01-06 21:41:30,9,18,915,12.9%,76,NORMAL,184.0,0.0,4.2,False
1767715891.47,2026-01-06 21:41:31,8,18,915,12.9%,76,NORMAL,184.0,0.0,4.2,False
1767715892.66,2026-01-06 21:41:32,7,18,915,12.9%,76,NORMAL,184.0,0.0,4.3,False
1767715894.14,2026-01-06 21:41:34,7,18,915,12.8%,76,NORMAL,184.0,0.0,4.3,False
1767715896.32,2026-01-06 21:41:36,7,18,915,12.8%,76,NORMAL,184.0,0.0,4.3,False
1767715897.41,2026-01-06 21:41:37,8,18,916,12.7%,76,NORMAL,185.0,0.0,4.3,False
