timestamp,datetime,current_occupancy,peak_occupancy,unique_people,utilization_pct,est_capacity,capacity_status,flow_rate_per_min,avg_dwell_time_sec,processing_fps,alert_active
1767694354.48,2026-01-06 15:42:34,0,0,0,0.0%,78,NORMAL,0.0,0.0,0.9,False
1767694359.21,2026-01-06 15:42:39,6,6,6,4.7%,78,NORMAL,0.0,0.0,1.3,False
1767694360.35,2026-01-06 15:42:40,5,6,6,5.7%,78,NORMAL,0.0,0.0,2.8,False
1767694361.43,2026-01-06 15:42:41,6,6,7,6.6%,78,NORMAL,0.0,0.0,3.8,False
1767694362.52,2026-01-06 15:42:42,6,6,8,7.1%,78,NORMAL,0.0,0.0,4.3,False
1767694363.55,2026-01-06 15:42:43,6,7,9,7.5%,78,NORMAL,0.0,0.0,4.8,False
1767694364.60,2026-01-06 15:42:44,4,7,9,7.3%,78,NORMAL,0.0,0.0,5.1,False
1767694365.73,2026-01-06 15:42:45,7,7,12,7.8%,78,NORMAL,635.3,0.0,5.6,False
1767694366.74,2026-01-06 15:42:46,6,7,12,7.9%,78,NORMAL,583.8,0.0,5.9,False
1767694367.90,2026-01-06 15:42:47,6,8,14,8.1%,78,NORMAL,600.0,0.0,6.3,False
1767694368.99,2026-01-06 15:42:48,8,8,15,8.5%,78,NORMAL,587.0,0.0,6.5,False
1767694370.15,2026-01-06 15:42:50,6,8,15,8.5%,78,NORMAL,529.4,0.0,6.7,False
1767694371.17,2026-01-06 15:42:51,4,8,15,8.3%,78,NORMAL,482.1,0.0,6.9,False
1767694372.27,2026-01-06 15:42:52,5,8,16,8.3%,78,NORMAL,472.1,0.0,7.1,False
1767694373.38,2026-01-06 15:42:53,6,8,17,8.4%,78,NORMAL,463.6,0.0,7.2,False
1767694374.54,2026-01-06 15:42:54,8,8,19,8.6%,78,NORMAL,481.7,0.0,7.4,False
1767694375.80,2026-01-06 15:42:55,7,8,19,8.7%,78,NORMAL,450.0,0.0,7.5,False
1767694377.08,2026-01-06 15:42:57,7,8,20,8.9%,78,NORMAL,444.4,0.0,7.6,False
1767694378.32,2026-01-06 15:42:58,7,8,20,9.0%,78,NORMAL,418.6,0.0,7.7,False
1767694379.68,2026-01-06 15:42:59,6,8,21,9.0%,78,NORMAL,415.4,0.0,7.8,False
1767694380.86,2026-01-06 15:43:00,5,8,21,8.9%,78,NORMAL,393.8,0.0,8.2,False
1767694382.08,2026-01-06 15:43:02,6,8,23,8.9%,78,NORMAL,409.9,0.0,8.4,False
1767694383.27,2026-01-06 15:43:03,7,8,23,9.0%,78,NORMAL,390.6,0.0,8.6,False
1767694384.56,2026-01-06 15:43:04,8,9,26,9.2%,78,NORMAL,421.6,0.0,8.8,False
1767694386.18,2026-01-06 15:43:06,8,9,27,9.3%,78,NORMAL,419.0,0.0,9.0,False
1767694388.04,2026-01-06 15:43:08,12,12,31,9.6%,78,NORMAL,461.2,0.0,9.1,False
1767694389.09,2026-01-06 15:43:09,9,12,31,9.8%,78,NORMAL,446.4,0.0,9.1,False
1767694390.32,2026-01-06 15:43:10,11,12,32,10.0%,78,NORMAL,453.5,0.0,9.1,False
1767694391.43,2026-01-06 15:43:11,8,12,33,10.1%,78,NORMAL,453.4,0.0,9.1,False
1767694392.78,2026-01-06 15:43:12,8,12,34,10.2%,78,NORMAL,450.0,0.0,9.1,False
1767694393.91,2026-01-06 15:43:13,7,12,34,10.5%,78,NORMAL,434.0,0.0,9.1,False
1767694395.16,2026-01-06 15:43:15,8,12,35,10.6%,78,NORMAL,431.5,0.0,9.1,False
1767694396.52,2026-01-06 15:43:16,6,12,36,10.7%,78,NORMAL,429.1,0.0,9.2,False
1767694398.09,2026-01-06 15:43:18,8,12,39,10.8%,78,NORMAL,450.0,0.0,9.2,False
1767694399.48,2026-01-06 15:43:19,8,12,40,10.9%,78,NORMAL,447.2,0.0,9.2,False
1767694401.11,2026-01-06 15:43:21,10,12,42,11.1%,78,NORMAL,455.4,0.0,9.2,False
1767694402.63,2026-01-06 15:43:22,11,12,42,11.4%,78,NORMAL,442.1,0.0,9.2,False
1767694403.72,2026-01-06 15:43:23,13,13,44,11.7%,78,NORMAL,452.6,0.0,9.2,False
1767694404.92,2026-01-06 15:43:24,11,13,44,11.9%,78,NORMAL,447.5,0.0,9.2,False
1767694406.68,2026-01-06 15:43:26,11,13,44,12.2%,78,NORMAL,437.6,0.0,9.2,False
1767694407.83,2026-01-06 15:43:27,12,13,44,12.4%,78,NORMAL,428.1,0.0,9.2,False
1767694408.85,2026-01-06 15:43:28,12,13,44,12.7%,78,NORMAL,423.5,0.0,9.2,False
1767694410.58,2026-01-06 15:43:30,11,13,45,13.0%,78,NORMAL,424.1,0.0,9.2,False
1767694411.72,2026-01-06 15:43:31,9,13,45,13.2%,78,NORMAL,415.4,0.0,9.2,False
1767694412.92,2026-01-06 15:43:32,10,13,45,13.4%,78,NORMAL,411.2,0.0,9.2,False
1767694414.62,2026-01-06 15:43:34,10,13,46,13.5%,78,NORMAL,411.9,0.0,9.1,False
1767694416.47,2026-01-06 15:43:36,11,13,47,13.7%,78,NORMAL,410.7,0.0,9.1,False
1767694418.33,2026-01-06 15:43:38,12,13,47,13.9%,78,NORMAL,400.9,0.0,9.0,False
1767694420.13,2026-01-06 15:43:40,13,13,49,14.2%,78,NORMAL,408.3,0.0,9.0,False
1767694421.21,2026-01-06 15:43:41,14,15,50,14.6%,78,NORMAL,411.0,0.0,8.9,False
1767694422.47,2026-01-06 15:43:42,12,15,50,14.9%,78,NORMAL,405.4,0.0,8.9,False
1767694423.72,2026-01-06 15:43:43,11,15,51,15.2%,78,NORMAL,406.2,0.0,8.8,False
1767694425.37,2026-01-06 15:43:45,12,15,52,15.4%,78,NORMAL,405.2,0.0,8.7,False
1767694426.74,2026-01-06 15:43:46,10,15,52,15.5%,78,NORMAL,396.6,0.0,8.6,False
1767694428.35,2026-01-06 15:43:48,10,15,53,15.6%,78,NORMAL,395.9,0.0,8.5,False
1767694429.36,2026-01-06 15:43:49,12,15,54,15.6%,78,NORMAL,396.7,0.0,8.4,False
1767694430.38,2026-01-06 15:43:50,13,15,54,15.8%,78,NORMAL,395.1,0.0,8.4,False
1767694432.13,2026-01-06 15:43:52,14,15,58,16.0%,78,NORMAL,415.9,0.0,8.3,False
1767694433.41,2026-01-06 15:43:53,17,17,58,16.4%,78,NORMAL,411.0,0.0,8.3,False
1767694434.45,2026-01-06 15:43:54,13,17,58,16.6%,78,NORMAL,407.8,0.0,8.3,False
1767694436.05,2026-01-06 15:43:56,14,17,58,16.9%,78,NORMAL,400.0,0.0,8.2,False
1767694437.12,2026-01-06 15:43:57,14,17,61,17.2%,78,NORMAL,414.3,0.0,8.1,False
1767694438.30,2026-01-06 15:43:58,15,17,61,17.7%,78,NORMAL,411.2,0.0,8.1,False
1767694439.35,2026-01-06 15:43:59,15,17,62,18.0%,78,NORMAL,413.3,0.0,8.1,False
1767694440.47,2026-01-06 15:44:00,15,17,62,18.3%,78,NORMAL,411.8,0.0,8.0,False
1767694442.20,2026-01-06 15:44:02,13,17,62,18.5%,78,NORMAL,404.3,0.0,7.9,False
1767694443.83,2026-01-06 15:44:03,12,17,62,18.5%,78,NORMAL,397.2,0.0,7.8,False
1767694445.57,2026-01-06 15:44:05,12,17,62,18.5%,78,NORMAL,390.2,0.0,7.7,False
1767694447.38,2026-01-06 15:44:07,14,17,63,18.6%,78,NORMAL,389.7,0.0,7.6,False
1767694449.25,2026-01-06 15:44:09,12,17,63,18.6%,78,NORMAL,383.1,0.0,7.6,False
1767694451.09,2026-01-06 15:44:11,12,17,63,18.6%,78,NORMAL,376.7,0.0,7.6,False
1767694452.13,2026-01-06 15:44:12,14,17,64,18.7%,78,NORMAL,378.9,0.0,7.5,False
1767694453.63,2026-01-06 15:44:13,16,17,66,19.0%,78,NORMAL,388.2,0.0,7.5,False
1767694455.91,2026-01-06 15:44:15,15,17,67,19.2%,78,NORMAL,387.8,0.0,7.5,False
1767694457.05,2026-01-06 15:44:17,17,18,68,19.6%,78,NORMAL,388.6,0.0,7.4,False
1767694458.24,2026-01-06 15:44:18,16,18,68,19.8%,78,NORMAL,387.3,0.0,7.4,False
1767694459.91,2026-01-06 15:44:19,11,18,68,19.8%,78,NORMAL,381.3,0.0,7.4,False
1767694461.53,2026-01-06 15:44:21,12,18,71,19.8%,78,NORMAL,392.0,0.0,7.4,False
1767694463.22,2026-01-06 15:44:23,11,18,73,19.8%,78,NORMAL,397.0,0.0,7.3,False
1767694464.29,2026-01-06 15:44:24,11,18,74,19.6%,78,NORMAL,397.6,0.0,7.4,False
1767694465.29,2026-01-06 15:44:25,14,18,74,19.7%,78,NORMAL,396.4,0.0,7.4,False
1767694467.09,2026-01-06 15:44:27,13,18,77,19.8%,78,NORMAL,406.5,0.0,7.3,False
1767694468.12,2026-01-06 15:44:28,13,18,77,19.8%,78,NORMAL,401.7,0.0,7.3,False
1767694469.19,2026-01-06 15:44:29,13,18,77,20.0%,78,NORMAL,400.6,0.0,7.3,False
1767694470.31,2026-01-06 15:44:30,11,18,78,20.0%,78,NORMAL,401.1,0.0,7.3,False
1767694471.37,2026-01-06 15:44:31,12,18,79,20.0%,78,NORMAL,405.1,0.0,7.3,False
1767694472.39,2026-01-06 15:44:32,12,18,79,20.0%,78,NORMAL,401.7,0.0,7.3,False
1767694474.23,2026-01-06 15:44:34,14,18,80,20.0%,78,NORMAL,404.5,0.0,7.2,False
1767694476.13,2026-01-06 15:44:36,14,18,81,19.9%,78,NORMAL,403.9,0.0,7.2,False
1767694477.47,2026-01-06 15:44:37,14,18,82,19.9%,78,NORMAL,405.5,0.0,7.2,False
1767694478.75,2026-01-06 15:44:38,13,18,82,19.9%,78,NORMAL,403.3,0.0,7.2,False
1767694479.84,2026-01-06 15:44:39,12,18,83,19.8%,78,NORMAL,403.8,0.0,7.1,False
1767694481.06,2026-01-06 15:44:41,13,18,84,19.7%,78,NORMAL,407.5,0.0,7.1,False
1767694482.33,2026-01-06 15:44:42,11,18,84,19.5%,78,NORMAL,403.2,0.0,7.0,False
1767694483.53,2026-01-06 15:44:43,11,18,84,19.3%,78,NORMAL,402.1,0.0,7.0,False
1767694484.70,2026-01-06 15:44:44,10,18,85,19.2%,78,NORMAL,402.6,0.0,6.9,False
1767694485.74,2026-01-06 15:44:45,11,18,85,19.1%,78,NORMAL,401.6,0.0,6.9,False
1767694487.47,2026-01-06 15:44:47,9,18,87,19.0%,78,NORMAL,405.7,0.0,6.8,False
1767694488.73,2026-01-06 15:44:48,10,18,90,18.8%,78,NORMAL,415.4,0.0,6.8,False
1767694489.84,2026-01-06 15:44:49,10,18,90,18.7%,78,NORMAL,413.3,0.0,6.7,False
1767694491.14,2026-01-06 15:44:51,8,18,90,18.5%,78,NORMAL,409.1,0.0,6.7,False
1767694492.32,2026-01-06 15:44:52,12,18,91,18.4%,78,NORMAL,409.5,0.0,6.7,False
1767694493.46,2026-01-06 15:44:53,11,18,91,18.2%,78,NORMAL,408.5,0.0,6.7,False
1767694494.66,2026-01-06 15:44:54,10,18,91,17.9%,78,NORMAL,404.4,0.0,6.7,False
1767694495.92,2026-01-06 15:44:55,11,18,91,17.7%,78,NORMAL,402.5,0.0,6.7,False
1767694497.17,2026-01-06 15:44:57,11,18,91,17.4%,78,NORMAL,399.5,0.0,6.7,False
1767694498.48,2026-01-06 15:44:58,11,18,91,17.4%,78,NORMAL,398.5,0.0,6.7,False
1767694500.86,2026-01-06 15:45:00,13,18,92,17.5%,78,NORMAL,398.1,0.0,6.6,False
1767694501.92,2026-01-06 15:45:01,11,18,93,17.5%,78,NORMAL,398.6,0.0,6.5,False
1767694503.66,2026-01-06 15:45:03,11,18,93,17.5%,78,NORMAL,397.6,0.0,6.5,False
1767694504.76,2026-01-06 15:45:04,12,18,95,17.4%,78,NORMAL,402.4,0.0,6.4,False
1767694506.08,2026-01-06 15:45:06,12,18,95,17.3%,78,NORMAL,401.4,0.0,6.4,False
1767694508.06,2026-01-06 15:45:08,9,18,96,17.2%,78,NORMAL,400.9,0.0,6.2,False
1767694509.99,2026-01-06 15:45:09,8,18,97,16.9%,78,NORMAL,400.5,0.0,6.1,False
1767694511.90,2026-01-06 15:45:11,9,18,97,16.8%,78,NORMAL,395.9,0.0,6.0,False
1767694513.78,2026-01-06 15:45:13,10,18,99,16.7%,78,NORMAL,399.6,0.0,5.9,False
1767694515.95,2026-01-06 15:45:15,11,18,100,16.7%,78,NORMAL,399.1,0.0,5.9,False
1767694517.98,2026-01-06 15:45:17,11,18,101,16.5%,78,NORMAL,398.7,0.0,5.9,False
1767694519.90,2026-01-06 15:45:19,8,18,101,16.3%,78,NORMAL,394.4,0.0,5.9,False
1767694520.93,2026-01-06 15:45:20,8,18,101,16.0%,78,NORMAL,391.0,0.0,6.0,False
1767694522.06,2026-01-06 15:45:22,9,18,101,15.8%,78,NORMAL,390.1,0.0,6.0,False
1767694523.19,2026-01-06 15:45:23,10,18,101,15.7%,78,NORMAL,387.6,0.0,6.0,False
1767694524.66,2026-01-06 15:45:24,11,18,101,15.6%,78,NORMAL,386.0,0.0,6.0,False
1767694526.41,2026-01-06 15:45:26,10,18,102,15.5%,78,NORMAL,385.7,0.0,6.0,False
1767694528.21,2026-01-06 15:45:28,12,18,104,15.6%,78,NORMAL,389.2,0.0,6.0,False
1767694529.27,2026-01-06 15:45:29,11,18,104,15.6%,78,NORMAL,387.6,0.0,6.0,False
1767694530.69,2026-01-06 15:45:30,11,18,104,15.6%,78,NORMAL,385.2,0.0,5.9,False
1767694532.06,2026-01-06 15:45:32,11,18,104,15.7%,78,NORMAL,382.0,0.0,5.9,False
1767694533.10,2026-01-06 15:45:33,11,18,104,15.8%,78,NORMAL,379.7,0.0,5.8,False
1767694534.14,2026-01-06 15:45:34,10,18,104,15.8%,78,NORMAL,377.4,0.0,5.8,False
1767694535.90,2026-01-06 15:45:35,9,18,104,15.8%,78,NORMAL,373.7,0.0,5.8,False
1767694537.11,2026-01-06 15:45:37,12,18,104,15.8%,78,NORMAL,370.7,0.0,5.8,False
1767694538.23,2026-01-06 15:45:38,11,18,104,15.8%,78,NORMAL,370.0,0.0,5.8,False
1767694539.51,2026-01-06 15:45:39,11,18,104,15.9%,78,NORMAL,367.1,0.0,5.8,False
1767694540.53,2026-01-06 15:45:40,11,18,104,15.9%,78,NORMAL,365.6,0.0,5.8,False
1767694541.58,2026-01-06 15:45:41,11,18,105,15.9%,78,NORMAL,367.0,0.0,5.8,False
1767694542.65,2026-01-06 15:45:42,11,18,105,15.9%,78,NORMAL,365.6,0.0,5.8,False
1767694544.32,2026-01-06 15:45:44,10,18,105,15.7%,78,NORMAL,362.8,0.0,5.9,False
1767694546.10,2026-01-06 15:45:46,9,18,105,15.6%,78,NORMAL,359.3,0.0,5.9,False
1767694547.96,2026-01-06 15:45:47,8,18,105,15.5%,78,NORMAL,355.9,0.0,5.9,False
1767694549.68,2026-01-06 15:45:49,10,18,106,15.4%,78,NORMAL,356.0,0.0,5.8,False
1767694551.21,2026-01-06 15:45:51,11,18,109,15.4%,78,NORMAL,362.7,0.0,5.8,False
1767694552.81,2026-01-06 15:45:52,10,18,110,15.4%,78,NORMAL,362.6,0.0,5.8,False
1767694554.33,2026-01-06 15:45:54,10,18,110,15.5%,78,NORMAL,359.3,0.0,5.8,False
1767694555.53,2026-01-06 15:45:55,12,18,112,15.6%,78,NORMAL,363.2,0.0,5.8,False
1767694556.71,2026-01-06 15:45:56,12,18,112,15.7%,78,NORMAL,362.6,0.0,5.8,False
1767694557.72,2026-01-06 15:45:57,13,18,113,15.8%,78,NORMAL,363.2,0.0,5.8,False
1767694558.99,2026-01-06 15:45:58,13,18,113,15.9%,78,NORMAL,362.6,0.0,5.8,False
1767694561.25,2026-01-06 15:46:01,13,18,114,16.2%,78,NORMAL,362.5,0.0,5.9,False
1767694563.47,2026-01-06 15:46:03,12,18,115,16.4%,78,NORMAL,362.5,0.0,5.9,False
1767694565.43,2026-01-06 15:46:05,11,18,115,16.5%,78,NORMAL,359.4,0.0,5.9,False
1767694566.44,2026-01-06 15:46:06,11,18,116,16.5%,78,NORMAL,360.6,0.0,5.9,False
1767694567.49,2026-01-06 15:46:07,10,18,116,16.5%,78,NORMAL,359.4,0.0,6.0,False
1767694568.50,2026-01-06 15:46:08,9,18,117,16.4%,78,NORMAL,360.0,0.0,6.0,False
1767694569.61,2026-01-06 15:46:09,9,18,117,16.3%,78,NORMAL,358.8,0.0,6.0,False
1767694570.63,2026-01-06 15:46:10,10,18,119,16.2%,78,NORMAL,363.1,0.0,6.0,False
1767694571.81,2026-01-06 15:46:11,11,18,120,16.2%,78,NORMAL,365.5,0.0,6.0,False
1767694572.83,2026-01-06 15:46:12,11,18,121,16.2%,78,NORMAL,366.1,0.0,6.0,False
1767694574.04,2026-01-06 15:46:14,11,18,121,16.2%,78,NORMAL,364.8,0.0,6.0,False
1767694576.33,2026-01-06 15:46:16,14,18,122,16.4%,78,NORMAL,365.4,0.0,6.0,False
1767694577.69,2026-01-06 15:46:17,14,18,123,16.6%,78,NORMAL,366.0,0.0,6.0,False
1767694578.96,2026-01-06 15:46:18,13,18,123,16.7%,78,NORMAL,365.3,0.0,6.0,False
1767694580.07,2026-01-06 15:46:20,13,18,123,16.8%,78,NORMAL,363.5,0.0,6.0,False
1767694581.68,2026-01-06 15:46:21,13,18,123,16.9%,78,NORMAL,362.4,0.0,6.0,False
1767694583.55,2026-01-06 15:46:23,12,18,123,16.9%,78,NORMAL,359.4,0.0,6.0,False
1767694585.23,2026-01-06 15:46:25,11,18,125,16.9%,78,NORMAL,362.3,0.0,6.0,False
1767694586.70,2026-01-06 15:46:26,11,18,127,16.9%,78,NORMAL,365.8,0.0,6.1,False
1767694587.83,2026-01-06 15:46:27,10,18,127,16.9%,78,NORMAL,364.0,0.0,6.1,False
1767694589.09,2026-01-06 15:46:29,11,18,127,17.0%,78,NORMAL,362.3,0.0,6.0,False
1767694590.78,2026-01-06 15:46:30,12,18,128,17.2%,78,NORMAL,362.3,0.0,6.0,False
1767694591.89,2026-01-06 15:46:31,13,18,128,17.3%,78,NORMAL,360.0,0.0,6.0,False
1767694592.89,2026-01-06 15:46:32,13,18,128,17.4%,78,NORMAL,359.4,0.0,6.0,False
1767694594.63,2026-01-06 15:46:34,11,18,128,17.5%,78,NORMAL,356.7,0.0,6.0,False
1767694596.50,2026-01-06 15:46:36,12,18,129,17.6%,78,NORMAL,356.7,0.0,6.0,False
1767694597.68,2026-01-06 15:46:37,13,18,131,17.6%,78,NORMAL,360.0,0.0,6.0,False
1767694598.75,2026-01-06 15:46:38,14,18,132,17.7%,78,NORMAL,362.2,0.0,6.0,False
1767694599.88,2026-01-06 15:46:39,12,18,132,17.7%,78,NORMAL,360.5,0.0,6.0,False
1767694600.96,2026-01-06 15:46:40,12,18,133,17.6%,78,NORMAL,362.2,0.0,6.0,False
1767694602.57,2026-01-06 15:46:42,10,18,133,17.5%,78,NORMAL,359.5,0.0,6.0,False
1767694603.61,2026-01-06 15:46:43,11,18,135,17.4%,78,NORMAL,363.2,0.0,6.0,False
1767694604.94,2026-01-06 15:46:44,12,18,135,17.5%,78,NORMAL,361.6,0.0,6.0,False
1767694606.79,2026-01-06 15:46:46,13,18,137,17.6%,78,NORMAL,364.8,0.0,5.9,False
1767694607.87,2026-01-06 15:46:47,15,18,139,17.8%,78,NORMAL,367.9,0.0,5.9,False
1767694608.98,2026-01-06 15:46:48,16,18,140,18.1%,78,NORMAL,369.5,0.0,5.9,False
1767694610.56,2026-01-06 15:46:50,16,18,141,18.5%,78,NORMAL,370.0,0.0,5.9,False
1767694611.58,2026-01-06 15:46:51,15,18,143,18.7%,78,NORMAL,373.0,0.0,5.9,False
1767694612.62,2026-01-06 15:46:52,14,18,143,18.8%,78,NORMAL,372.5,0.0,5.9,False
1767694613.78,2026-01-06 15:46:53,14,18,144,19.0%,78,NORMAL,372.9,0.0,5.9,False
1767694614.83,2026-01-06 15:46:54,13,18,144,19.1%,78,NORMAL,372.4,0.0,5.9,False
1767694616.26,2026-01-06 15:46:56,11,18,144,18.9%,78,NORMAL,370.3,0.0,6.0,False
1767694617.98,2026-01-06 15:46:57,12,18,144,18.8%,78,NORMAL,369.2,0.0,6.0,False
1767694619.71,2026-01-06 15:46:59,12,18,146,18.8%,78,NORMAL,372.2,0.0,6.0,False
1767694620.87,2026-01-06 15:47:00,15,18,147,18.9%,78,NORMAL,373.2,0.0,6.0,False
1767694622.42,2026-01-06 15:47:02,15,18,147,19.0%,78,NORMAL,372.2,0.0,6.0,False
1767694623.92,2026-01-06 15:47:03,15,18,148,19.1%,78,NORMAL,373.1,0.0,6.0,False
1767694625.84,2026-01-06 15:47:05,15,18,149,19.3%,78,NORMAL,374.6,0.0,6.0,False
1767694627.05,2026-01-06 15:47:07,14,18,149,19.4%,78,NORMAL,373.0,0.0,5.9,False
1767694628.88,2026-01-06 15:47:08,15,18,149,19.7%,78,NORMAL,372.0,0.0,5.9,False
1767694630.36,2026-01-06 15:47:10,13,18,150,19.8%,78,NORMAL,372.4,0.0,5.9,False
1767694631.39,2026-01-06 15:47:11,12,18,150,19.8%,78,NORMAL,371.9,0.0,5.9,False
1767694632.63,2026-01-06 15:47:12,14,18,151,19.8%,78,NORMAL,372.8,0.0,5.8,False
1767694634.34,2026-01-06 15:47:14,16,18,152,19.9%,78,NORMAL,374.3,0.0,5.7,False
1767694635.96,2026-01-06 15:47:15,15,18,153,20.1%,78,NORMAL,375.2,0.0,5.7,False
1767694637.61,2026-01-06 15:47:17,15,18,153,20.3%,78,NORMAL,374.2,0.0,5.6,False
1767694638.91,2026-01-06 15:47:18,13,18,153,20.3%,78,NORMAL,372.7,0.0,5.5,False
1767694640.48,2026-01-06 15:47:20,13,18,153,20.2%,78,NORMAL,371.7,0.0,5.5,False
1767694641.59,2026-01-06 15:47:21,12,18,154,20.2%,78,NORMAL,372.1,0.0,5.4,False
1767694642.99,2026-01-06 15:47:22,11,18,154,20.2%,78,NORMAL,371.6,0.0,5.4,False
1767694644.16,2026-01-06 15:47:24,14,18,156,20.4%,78,NORMAL,374.9,0.0,5.3,False
1767694645.92,2026-01-06 15:47:25,12,18,156,20.4%,78,NORMAL,373.9,0.0,5.3,False
1767694647.05,2026-01-06 15:47:27,14,18,157,20.5%,78,NORMAL,374.8,0.0,5.2,False
1767694648.95,2026-01-06 15:47:28,12,18,157,20.5%,78,NORMAL,373.8,0.0,5.2,False
1767694650.07,2026-01-06 15:47:30,13,18,158,20.4%,78,NORMAL,374.7,0.0,5.1,False
1767694651.63,2026-01-06 15:47:31,13,18,160,20.2%,78,NORMAL,378.4,0.0,5.1,False
1767694652.63,2026-01-06 15:47:32,12,18,160,20.0%,78,NORMAL,377.5,0.0,5.1,False
1767694654.62,2026-01-06 15:47:34,15,18,162,20.0%,78,NORMAL,380.7,0.0,5.0,False
1767694655.76,2026-01-06 15:47:35,14,18,162,20.0%,78,NORMAL,378.7,0.0,5.0,False
1767694657.13,2026-01-06 15:47:37,14,18,162,20.0%,78,NORMAL,378.2,0.0,5.0,False
1767694658.63,2026-01-06 15:47:38,13,18,162,20.0%,78,NORMAL,376.3,0.0,5.0,False
1767694659.93,2026-01-06 15:47:39,11,18,162,20.0%,78,NORMAL,375.8,0.0,5.0,False
1767694661.25,2026-01-06 15:47:41,12,18,162,20.0%,78,NORMAL,373.8,0.0,4.9,False
1767694662.50,2026-01-06 15:47:42,11,18,162,20.0%,78,NORMAL,373.4,0.0,4.9,False
1767694663.76,2026-01-06 15:47:43,11,18,163,19.8%,78,NORMAL,373.8,0.0,4.8,False
1767694664.86,2026-01-06 15:47:44,10,18,163,19.6%,78,NORMAL,372.8,0.0,4.8,False
1767694666.47,2026-01-06 15:47:46,10,18,164,19.3%,78,NORMAL,373.2,0.0,4.8,False
1767694667.67,2026-01-06 15:47:47,10,18,165,19.1%,78,NORMAL,373.6,0.0,4.8,False
1767694668.83,2026-01-06 15:47:48,10,18,165,18.9%,78,NORMAL,372.6,0.0,4.8,False
1767694670.67,2026-01-06 15:47:50,10,18,167,18.7%,78,NORMAL,375.3,0.0,4.8,False
1767694672.69,2026-01-06 15:47:52,11,18,167,18.6%,78,NORMAL,373.0,0.0,4.9,False
1767694674.82,2026-01-06 15:47:54,11,18,169,18.6%,78,NORMAL,375.1,0.0,5.0,False
1767694676.03,2026-01-06 15:47:56,10,18,169,18.4%,78,NORMAL,373.3,0.0,5.0,False
1767694677.06,2026-01-06 15:47:57,9,18,169,18.0%,78,NORMAL,372.3,0.0,5.1,False
1767694678.48,2026-01-06 15:47:58,7,18,169,17.7%,78,NORMAL,370.5,0.0,5.1,False
1767694679.59,2026-01-06 15:47:59,8,18,170,17.3%,78,NORMAL,370.9,0.0,5.2,False
1767694680.60,2026-01-06 15:48:00,8,18,170,17.1%,78,NORMAL,370.5,0.0,5.2,False
1767694681.91,2026-01-06 15:48:01,9,18,171,16.9%,78,NORMAL,370.8,0.0,5.3,False
1767694683.01,2026-01-06 15:48:03,8,18,171,16.7%,78,NORMAL,370.4,0.0,5.3,False
1767694684.16,2026-01-06 15:48:04,10,18,172,16.7%,78,NORMAL,370.8,0.0,5.4,False
1767694685.34,2026-01-06 15:48:05,10,18,172,16.5%,78,NORMAL,370.3,0.0,5.4,False
1767694687.11,2026-01-06 15:48:07,8,18,172,16.3%,78,NORMAL,368.1,0.0,5.5,False
1767694688.27,2026-01-06 15:48:08,10,18,174,16.1%,78,NORMAL,370.7,0.0,5.6,False
1767694689.42,2026-01-06 15:48:09,9,18,174,16.0%,78,NORMAL,369.8,0.0,5.6,False
1767694691.64,2026-01-06 15:48:11,11,18,177,15.9%,78,NORMAL,374.4,0.0,5.7,False
1767694692.76,2026-01-06 15:48:12,10,18,178,15.7%,78,NORMAL,375.2,0.0,5.8,False
1767694694.21,2026-01-06 15:48:14,10,18,178,15.6%,78,NORMAL,374.3,0.0,5.8,False
1767694695.36,2026-01-06 15:48:15,11,18,178,15.4%,78,NORMAL,372.6,0.0,5.8,False
1767694696.45,2026-01-06 15:48:16,11,18,178,15.3%,78,NORMAL,372.1,0.0,5.8,False
1767694698.55,2026-01-06 15:48:18,11,18,178,15.2%,78,NORMAL,370.0,0.0,5.9,False
1767694699.73,2026-01-06 15:48:19,10,18,178,15.0%,78,NORMAL,368.3,0.0,5.9,False
1767694700.90,2026-01-06 15:48:20,10,18,178,15.0%,78,NORMAL,367.4,0.0,5.9,False
1767694702.50,2026-01-06 15:48:22,9,18,178,14.8%,78,NORMAL,365.8,0.0,6.0,False
1767694704.35,2026-01-06 15:48:24,9,18,178,14.7%,78,NORMAL,363.7,0.0,6.0,False
1767694705.47,2026-01-06 15:48:25,10,18,179,14.7%,78,NORMAL,364.1,0.0,6.0,False
1767694706.57,2026-01-06 15:48:26,11,18,179,14.7%,78,NORMAL,363.7,0.0,6.0,False
1767694707.72,2026-01-06 15:48:27,10,18,180,14.7%,78,NORMAL,364.0,0.0,5.9,False
1767694709.26,2026-01-06 15:48:29,10,18,181,14.7%,78,NORMAL,365.2,0.0,5.9,False
1767694710.91,2026-01-06 15:48:30,10,18,181,14.7%,78,NORMAL,363.6,0.0,5.9,False
1767694712.96,2026-01-06 15:48:32,9,18,182,14.7%,78,NORMAL,363.6,0.0,5.9,False
1767694714.47,2026-01-06 15:48:34,11,18,183,14.7%,78,NORMAL,363.6,0.0,5.8,False
1767694716.31,2026-01-06 15:48:36,10,18,183,14.6%,78,NORMAL,361.6,0.0,5.8,False
1767694717.78,2026-01-06 15:48:37,9,18,183,14.6%,78,NORMAL,359.6,0.0,5.8,False
1767694719.63,2026-01-06 15:48:39,10,18,185,14.6%,78,NORMAL,361.6,0.0,5.8,False
1767694720.82,2026-01-06 15:48:40,10,18,186,14.8%,78,NORMAL,361.9,0.0,5.8,False
1767694721.85,2026-01-06 15:48:41,11,18,186,14.9%,78,NORMAL,361.6,0.0,5.8,False
1767694722.88,2026-01-06 15:48:42,9,18,186,15.0%,78,NORMAL,360.8,0.0,5.8,False
1767694724.21,2026-01-06 15:48:44,10,18,186,15.0%,78,NORMAL,359.6,0.0,5.8,False
1767694726.16,2026-01-06 15:48:46,11,18,186,15.2%,78,NORMAL,357.7,0.0,5.8,False
1767694727.29,2026-01-06 15:48:47,11,18,186,15.2%,78,NORMAL,356.2,0.0,5.8,False
1767694728.48,2026-01-06 15:48:48,11,18,187,15.3%,78,NORMAL,357.7,0.0,5.8,False
1767694729.65,2026-01-06 15:48:49,10,18,187,15.4%,78,NORMAL,356.6,0.0,5.8,False
1767694730.87,2026-01-06 15:48:50,8,18,187,15.3%,78,NORMAL,355.8,0.0,5.8,False
1767694732.54,2026-01-06 15:48:52,9,18,187,15.3%,78,NORMAL,353.9,0.0,5.8,False
1767694733.57,2026-01-06 15:48:53,7,18,187,15.1%,78,NORMAL,352.5,0.0,5.7,False
1767694734.89,2026-01-06 15:48:54,7,18,187,14.9%,78,NORMAL,351.4,0.0,5.7,False
1767694736.18,2026-01-06 15:48:56,7,18,187,14.8%,78,NORMAL,350.3,0.0,5.7,False
1767694737.34,2026-01-06 15:48:57,8,18,188,14.6%,78,NORMAL,350.7,0.0,5.7,False
1767694738.39,2026-01-06 15:48:58,7,18,188,14.4%,78,NORMAL,350.3,0.0,5.7,False
1767694739.43,2026-01-06 15:48:59,10,18,190,14.4%,78,NORMAL,352.6,0.0,5.6,False
1767694740.73,2026-01-06 15:49:00,10,18,190,14.4%,78,NORMAL,351.9,0.0,5.6,False
1767694742.88,2026-01-06 15:49:02,10,18,192,14.4%,78,NORMAL,354.1,0.0,5.6,False
1767694743.91,2026-01-06 15:49:03,10,18,192,14.4%,78,NORMAL,353.4,0.0,5.5,False
1767694745.66,2026-01-06 15:49:05,9,18,192,14.4%,78,NORMAL,352.3,0.0,5.5,False
1767694746.92,2026-01-06 15:49:06,9,18,192,14.4%,78,NORMAL,350.9,0.0,5.5,False
1767694748.04,2026-01-06 15:49:08,9,18,192,14.3%,78,NORMAL,350.2,0.0,5.5,False
1767694750.09,2026-01-06 15:49:10,9,18,192,14.3%,78,NORMAL,348.7,0.0,5.4,False
1767694751.31,2026-01-06 15:49:11,8,18,192,14.2%,78,NORMAL,347.7,0.0,5.4,False
1767694752.47,2026-01-06 15:49:12,8,18,192,14.1%,78,NORMAL,347.0,0.0,5.4,False
1767694753.60,2026-01-06 15:49:13,8,18,192,14.0%,78,NORMAL,345.9,0.0,5.4,False
1767694755.58,2026-01-06 15:49:15,9,18,193,13.9%,78,NORMAL,347.1,0.0,5.4,False
1767694756.73,2026-01-06 15:49:16,9,18,193,13.9%,78,NORMAL,346.0,0.0,5.3,False
1767694758.52,2026-01-06 15:49:18,9,18,193,13.9%,78,NORMAL,345.3,0.0,5.3,False
1767694760.79,2026-01-06 15:49:20,10,18,193,13.9%,78,NORMAL,343.6,0.0,5.2,False
1767694761.81,2026-01-06 15:49:21,11,18,195,13.9%,78,NORMAL,345.8,0.0,5.1,False
1767694763.24,2026-01-06 15:49:23,11,18,195,13.9%,78,NORMAL,345.5,0.0,5.1,False
1767694764.37,2026-01-06 15:49:24,12,18,197,14.1%,78,NORMAL,347.6,0.0,5.0,False
1767694765.83,2026-01-06 15:49:25,11,18,197,14.1%,78,NORMAL,347.3,0.0,5.0,False
1767694766.99,2026-01-06 15:49:26,10,18,198,14.1%,78,NORMAL,348.0,0.0,4.9,False
1767694768.62,2026-01-06 15:49:28,10,18,198,14.0%,78,NORMAL,347.4,0.0,4.9,False
1767694769.70,2026-01-06 15:49:29,11,18,198,14.0%,78,NORMAL,346.0,0.0,4.8,False
1767694771.26,2026-01-06 15:49:31,11,18,198,14.1%,78,NORMAL,345.7,0.0,4.8,False
1767694772.49,2026-01-06 15:49:32,11,18,200,14.2%,78,NORMAL,348.2,0.0,4.8,False
1767694773.99,2026-01-06 15:49:33,12,18,200,14.3%,78,NORMAL,347.5,0.0,4.9,False
1767694775.04,2026-01-06 15:49:35,12,18,200,14.6%,78,NORMAL,346.8,0.0,4.9,False
1767694776.83,2026-01-06 15:49:36,12,18,200,14.8%,78,NORMAL,345.8,0.0,4.9,False
1767694779.11,2026-01-06 15:49:39,13,18,202,15.1%,78,NORMAL,347.6,0.0,4.9,False
1767694780.43,2026-01-06 15:49:40,13,18,202,15.4%,78,NORMAL,346.3,0.0,4.9,False
1767694781.85,2026-01-06 15:49:41,12,18,202,15.6%,78,NORMAL,346.0,0.0,4.9,False
1767694782.95,2026-01-06 15:49:42,12,18,202,15.7%,78,NORMAL,345.0,0.0,4.9,False
1767694784.53,2026-01-06 15:49:44,11,18,202,15.7%,78,NORMAL,344.3,0.0,4.9,False
1767694785.54,2026-01-06 15:49:45,11,18,202,15.8%,78,NORMAL,343.7,0.0,4.9,False
1767694787.11,2026-01-06 15:49:47,13,18,204,15.9%,78,NORMAL,346.1,0.0,4.9,False
1767694788.16,2026-01-06 15:49:48,11,18,204,16.0%,78,NORMAL,345.4,0.0,4.9,False
1767694789.62,2026-01-06 15:49:49,11,18,204,16.1%,78,NORMAL,344.5,0.0,4.9,False
1767694790.66,2026-01-06 15:49:50,11,18,204,16.2%,78,NORMAL,343.5,0.0,4.9,False
1767694791.99,2026-01-06 15:49:51,11,18,205,16.3%,78,NORMAL,344.5,0.0,4.9,False
1767694793.01,2026-01-06 15:49:53,11,18,205,16.5%,78,NORMAL,343.6,0.0,4.9,False
1767694794.19,2026-01-06 15:49:54,10,18,205,16.5%,78,NORMAL,342.9,0.0,4.9,False
1767694795.28,2026-01-06 15:49:55,10,18,205,16.6%,78,NORMAL,342.3,0.0,4.9,False
1767694797.13,2026-01-06 15:49:57,12,18,206,16.8%,78,NORMAL,343.0,0.0,4.8,False
1767694798.75,2026-01-06 15:49:58,11,18,207,16.9%,78,NORMAL,343.1,0.0,4.8,False
1767694800.03,2026-01-06 15:50:00,14,18,211,17.1%,78,NORMAL,348.8,0.0,4.8,False
1767694801.25,2026-01-06 15:50:01,11,18,211,17.2%,78,NORMAL,348.1,0.0,4.8,False
1767694802.48,2026-01-06 15:50:02,10,18,211,17.1%,78,NORMAL,346.8,0.0,4.8,False
1767694803.62,2026-01-06 15:50:03,12,18,212,17.2%,78,NORMAL,347.9,0.0,4.8,False
1767694804.75,2026-01-06 15:50:04,10,18,212,17.1%,78,NORMAL,346.9,0.0,4.8,False
1767694806.22,2026-01-06 15:50:06,11,18,213,17.1%,78,NORMAL,347.9,0.0,4.8,False
1767694807.91,2026-01-06 15:50:07,11,18,214,17.1%,78,NORMAL,348.3,0.0,4.8,False
1767694808.99,2026-01-06 15:50:08,10,18,214,17.1%,78,NORMAL,347.3,0.0,4.8,False
1767694810.09,2026-01-06 15:50:10,10,18,214,17.1%,78,NORMAL,346.7,0.0,4.8,False
1767694812.03,2026-01-06 15:50:12,7,18,215,16.9%,78,NORMAL,346.8,0.0,4.8,False
1767694813.52,2026-01-06 15:50:13,10,18,216,16.8%,78,NORMAL,347.1,0.0,4.8,False
1767694814.67,2026-01-06 15:50:14,9,18,216,16.7%,78,NORMAL,345.9,0.0,4.7,False
1767694816.18,2026-01-06 15:50:16,10,18,216,16.6%,78,NORMAL,345.3,0.0,4.7,False
1767694817.86,2026-01-06 15:50:17,11,18,219,16.5%,78,NORMAL,348.5,0.0,4.6,False
1767694819.45,2026-01-06 15:50:19,13,18,221,16.5%,78,NORMAL,350.5,0.0,4.6,False
1767694820.70,2026-01-06 15:50:20,10,18,221,16.4%,78,NORMAL,350.2,0.0,4.6,False
1767694823.11,2026-01-06 15:50:23,11,18,221,16.4%,78,NORMAL,348.6,0.0,4.5,False
1767694824.66,2026-01-06 15:50:24,11,18,222,16.3%,78,NORMAL,349.0,0.0,4.4,False
1767694825.71,2026-01-06 15:50:25,12,18,222,16.4%,78,NORMAL,348.7,0.0,4.4,False
1767694826.75,2026-01-06 15:50:26,10,18,222,16.3%,78,NORMAL,347.8,0.0,4.4,False
1767694829.02,2026-01-06 15:50:29,11,18,223,16.2%,78,NORMAL,348.7,0.0,4.4,False
1767694830.17,2026-01-06 15:50:30,13,18,225,16.3%,78,NORMAL,351.0,0.0,4.3,False
1767694832.18,2026-01-06 15:50:32,13,18,225,16.4%,78,NORMAL,350.3,0.0,4.3,False
1767694833.50,2026-01-06 15:50:33,15,18,229,16.6%,78,NORMAL,355.3,0.0,4.2,False
1767694835.02,2026-01-06 15:50:35,17,18,230,16.9%,78,NORMAL,356.6,0.0,4.2,False
1767694836.65,2026-01-06 15:50:36,16,18,231,17.1%,78,NORMAL,357.2,0.0,4.2,False
1767694839.17,2026-01-06 15:50:39,17,18,231,17.4%,78,NORMAL,356.6,0.0,4.2,False
1767694840.17,2026-01-06 15:50:40,15,18,231,17.6%,78,NORMAL,356.0,0.0,4.1,False
1767694843.01,2026-01-06 15:50:43,14,18,232,17.7%,78,NORMAL,356.6,0.0,4.1,False
1767694844.69,2026-01-06 15:50:44,19,19,235,18.1%,78,NORMAL,360.6,0.0,4.1,False
1767694845.99,2026-01-06 15:50:45,16,19,235,18.2%,78,NORMAL,360.0,0.0,4.1,False
1767694848.12,2026-01-06 15:50:48,15,19,235,18.4%,78,NORMAL,359.7,0.0,4.1,False
1767694849.13,2026-01-06 15:50:49,18,19,236,18.7%,78,NORMAL,360.6,0.0,4.1,False
1767694852.24,2026-01-06 15:50:52,15,19,236,18.9%,78,NORMAL,359.7,0.0,4.0,False
1767694853.74,2026-01-06 15:50:53,15,19,237,19.1%,78,NORMAL,360.3,0.0,4.0,False
1767694856.02,2026-01-06 15:50:56,17,19,238,19.4%,78,NORMAL,361.2,0.0,4.0,False
1767694857.05,2026-01-06 15:50:57,15,19,238,19.6%,78,NORMAL,360.6,0.0,4.0,False
1767694859.54,2026-01-06 15:50:59,15,19,238,19.8%,78,NORMAL,359.7,0.0,4.0,False
1767694861.18,2026-01-06 15:51:01,17,19,240,20.1%,78,NORMAL,361.5,0.0,3.9,False
1767694862.70,2026-01-06 15:51:02,15,19,240,20.5%,78,NORMAL,361.2,0.0,3.9,False
1767694863.82,2026-01-06 15:51:03,14,19,241,20.7%,78,NORMAL,362.1,0.0,3.9,False
1767694865.62,2026-01-06 15:51:05,14,19,241,20.9%,78,NORMAL,361.2,0.0,3.9,False
1767694866.64,2026-01-06 15:51:06,12,19,242,21.0%,78,NORMAL,361.8,0.0,3.9,False
1767694868.05,2026-01-06 15:51:08,12,19,242,21.1%,78,NORMAL,361.2,0.0,3.9,False
1767694869.12,2026-01-06 15:51:09,13,19,242,21.1%,78,NORMAL,360.3,0.0,3.9,False
1767694870.93,2026-01-06 15:51:10,12,19,243,21.2%,78,NORMAL,361.2,0.0,3.9,False
1767694871.98,2026-01-06 15:51:11,10,19,243,21.1%,78,NORMAL,360.6,0.0,3.9,False
1767694873.88,2026-01-06 15:51:13,11,19,244,21.1%,78,NORMAL,361.2,0.0,3.9,False
1767694875.11,2026-01-06 15:51:15,11,19,244,21.1%,78,NORMAL,360.3,0.0,3.9,False
1767694876.45,2026-01-06 15:51:16,11,19,244,21.1%,78,NORMAL,359.7,0.0,3.9,False
1767694878.08,2026-01-06 15:51:18,11,19,245,21.1%,78,NORMAL,360.0,0.0,3.9,False
1767694879.28,2026-01-06 15:51:19,12,19,245,21.1%,78,NORMAL,359.7,0.0,3.9,False
1767694880.81,2026-01-06 15:51:20,10,19,245,20.9%,78,NORMAL,358.5,0.0,3.9,False
1767694882.15,2026-01-06 15:51:22,12,19,245,20.8%,78,NORMAL,358.0,0.0,3.9,False
1767694883.23,2026-01-06 15:51:23,13,19,245,20.6%,78,NORMAL,357.1,0.0,3.9,False
1767694884.83,2026-01-06 15:51:24,13,19,245,20.5%,78,NORMAL,356.8,0.0,3.9,False
1767694886.11,2026-01-06 15:51:26,11,19,245,20.2%,78,NORMAL,355.6,0.0,3.9,False
1767694887.37,2026-01-06 15:51:27,11,19,245,20.0%,78,NORMAL,355.4,0.0,3.9,False
1767694888.60,2026-01-06 15:51:28,11,19,245,19.9%,78,NORMAL,354.8,0.0,3.9,False
1767694890.62,2026-01-06 15:51:30,10,19,245,19.5%,78,NORMAL,353.9,0.0,4.0,False
1767694892.28,2026-01-06 15:51:32,9,19,246,19.1%,78,NORMAL,354.2,0.0,4.0,False
1767694893.34,2026-01-06 15:51:33,8,19,246,18.8%,78,NORMAL,353.7,0.0,4.0,False
1767694894.92,2026-01-06 15:51:34,9,19,247,18.4%,78,NORMAL,354.0,0.0,4.1,False
1767694896.18,2026-01-06 15:51:36,8,19,247,18.1%,78,NORMAL,353.4,0.0,4.1,False
1767694897.41,2026-01-06 15:51:37,9,19,247,17.8%,78,NORMAL,352.6,0.0,4.1,False
1767694899.16,2026-01-06 15:51:39,8,19,248,17.4%,78,NORMAL,352.6,0.0,4.2,False
1767694900.23,2026-01-06 15:51:40,9,19,249,17.1%,78,NORMAL,353.2,0.0,4.2,False
1767694901.48,2026-01-06 15:51:41,10,19,249,16.9%,78,NORMAL,352.6,0.0,4.2,False
1767694903.04,2026-01-06 15:51:43,10,19,250,16.5%,78,NORMAL,352.9,0.0,4.3,False
1767694904.67,2026-01-06 15:51:44,9,19,250,16.3%,78,NORMAL,352.4,0.0,4.3,False
1767694906.49,2026-01-06 15:51:46,9,19,251,16.0%,78,NORMAL,352.7,0.0,4.3,False
1767694907.60,2026-01-06 15:51:47,11,19,251,15.9%,78,NORMAL,352.1,0.0,4.3,False
1767694909.33,2026-01-06 15:51:49,12,19,252,15.9%,78,NORMAL,352.7,0.0,4.3,False
1767694911.00,2026-01-06 15:51:50,11,19,253,15.8%,78,NORMAL,353.0,0.0,4.3,False
1767694912.10,2026-01-06 15:51:52,11,19,253,15.7%,78,NORMAL,352.7,0.0,4.3,False
1767694914.17,2026-01-06 15:51:54,11,19,253,15.7%,78,NORMAL,351.4,0.0,4.3,False
1767694915.33,2026-01-06 15:51:55,11,19,253,15.7%,78,NORMAL,350.6,0.0,4.3,False
1767694917.18,2026-01-06 15:51:57,11,19,253,15.7%,78,NORMAL,350.0,0.0,4.3,False
1767694918.38,2026-01-06 15:51:58,12,19,253,15.8%,78,NORMAL,349.2,0.0,4.2,False
1767694919.88,2026-01-06 15:51:59,13,19,254,15.9%,78,NORMAL,350.1,0.0,4.2,False
1767694920.95,2026-01-06 15:52:00,12,19,254,15.9%,78,NORMAL,349.0,0.0,4.2,False
1767694922.04,2026-01-06 15:52:02,11,19,254,15.9%,78,NORMAL,348.7,0.0,4.2,False
1767694923.49,2026-01-06 15:52:03,8,19,254,15.8%,78,NORMAL,347.7,0.0,4.2,False
1767694924.60,2026-01-06 15:52:04,8,19,255,15.6%,78,NORMAL,348.5,0.0,4.2,False
1767694925.63,2026-01-06 15:52:05,9,19,256,15.4%,78,NORMAL,349.1,0.0,4.2,False
1767694926.86,2026-01-06 15:52:06,11,19,257,15.3%,78,NORMAL,349.9,0.0,4.2,False
1767694928.43,2026-01-06 15:52:08,9,19,258,15.2%,78,NORMAL,350.2,0.0,4.2,False
1767694930.68,2026-01-06 15:52:10,10,19,260,15.2%,78,NORMAL,351.6,0.0,4.3,False
1767694931.71,2026-01-06 15:52:11,9,19,260,15.1%,78,NORMAL,350.8,0.0,4.3,False
1767694932.75,2026-01-06 15:52:12,10,19,260,15.1%,78,NORMAL,350.3,0.0,4.3,False
1767694934.37,2026-01-06 15:52:14,9,19,260,15.1%,78,NORMAL,349.0,0.0,4.4,False
1767694935.61,2026-01-06 15:52:15,12,19,261,15.3%,78,NORMAL,349.3,0.0,4.4,False
1767694936.71,2026-01-06 15:52:16,10,19,261,15.3%,78,NORMAL,348.8,0.0,4.5,False
1767694937.84,2026-01-06 15:52:17,11,19,262,15.5%,78,NORMAL,349.6,0.0,4.5,False
1767694939.96,2026-01-06 15:52:19,10,19,263,15.5%,78,NORMAL,350.4,0.0,4.5,False
1767694941.03,2026-01-06 15:52:21,13,19,265,15.7%,78,NORMAL,352.3,0.0,4.5,False
1767694947.44,2026-01-06 15:52:27,13,19,265,15.9%,78,NORMAL,351.8,0.0,4.5,False
1767694948.45,2026-01-06 15:52:28,12,19,266,16.0%,78,NORMAL,352.6,0.0,4.5,False
1767694950.73,2026-01-06 15:52:30,14,19,268,16.2%,78,NORMAL,354.4,0.0,4.6,False
1767694951.93,2026-01-06 15:52:31,16,19,268,16.5%,78,NORMAL,353.9,0.0,4.6,False
1767694954.03,2026-01-06 15:52:34,13,19,269,16.7%,78,NORMAL,354.5,0.0,4.6,False
1767694955.28,2026-01-06 15:52:35,14,19,270,16.9%,78,NORMAL,354.7,0.0,4.6,False
1767694957.02,2026-01-06 15:52:37,14,19,270,17.0%,78,NORMAL,354.5,0.0,4.6,False
1767694958.07,2026-01-06 15:52:38,12,19,270,17.0%,78,NORMAL,353.7,0.0,4.6,False
1767694959.91,2026-01-06 15:52:39,12,19,270,17.0%,78,NORMAL,353.2,0.0,4.6,False
1767694960.92,2026-01-06 15:52:40,12,19,270,17.1%,78,NORMAL,352.2,0.0,4.6,False
1767694962.40,2026-01-06 15:52:42,11,19,270,17.1%,78,NORMAL,351.9,0.0,4.6,False
1767694963.60,2026-01-06 15:52:43,10,19,270,17.0%,78,NORMAL,350.9,0.0,4.7,False
1767694964.87,2026-01-06 15:52:44,10,19,270,17.0%,78,NORMAL,350.6,0.0,4.7,False
1767694966.21,2026-01-06 15:52:46,10,19,272,16.8%,78,NORMAL,352.2,0.0,4.7,False
1767694967.51,2026-01-06 15:52:47,11,19,272,16.8%,78,NORMAL,352.0,0.0,4.7,False
1767694968.53,2026-01-06 15:52:48,11,19,272,16.8%,78,NORMAL,351.2,0.0,4.8,False
1767694970.38,2026-01-06 15:52:50,11,19,272,16.9%,78,NORMAL,350.7,0.0,4.8,False
1767694972.05,2026-01-06 15:52:52,10,19,272,17.0%,78,NORMAL,349.7,0.0,4.9,False
1767694973.50,2026-01-06 15:52:53,10,19,272,17.1%,78,NORMAL,349.5,0.0,4.9,False
1767694975.48,2026-01-06 15:52:55,10,19,272,17.0%,78,NORMAL,348.5,0.0,4.9,False
1767694976.73,2026-01-06 15:52:56,8,19,272,17.0%,78,NORMAL,348.2,0.0,4.9,False
1767694978.02,2026-01-06 15:52:58,8,19,272,16.9%,78,NORMAL,347.2,0.0,4.9,False
1767694979.02,2026-01-06 15:52:59,7,19,272,16.8%,78,NORMAL,347.0,0.0,4.9,False
1767694980.19,2026-01-06 15:53:00,7,19,272,16.6%,78,NORMAL,346.5,0.0,4.9,False
1767694981.47,2026-01-06 15:53:01,7,19,272,16.5%,78,NORMAL,345.8,0.0,4.9,False
1767694984.06,2026-01-06 15:53:04,7,19,273,16.3%,78,NORMAL,345.8,0.0,4.8,False
1767694985.18,2026-01-06 15:53:05,7,19,273,16.1%,78,NORMAL,345.3,0.0,4.8,False
1767694986.88,2026-01-06 15:53:06,8,19,274,16.0%,78,NORMAL,345.9,0.0,4.8,False
1767694988.13,2026-01-06 15:53:08,11,19,276,16.0%,78,NORMAL,347.4,0.0,4.7,False
1767694989.29,2026-01-06 15:53:09,10,19,276,15.9%,78,NORMAL,347.2,0.0,4.7,False
1767694990.50,2026-01-06 15:53:10,10,19,277,15.8%,78,NORMAL,347.7,0.0,4.7,False
1767694991.61,2026-01-06 15:53:11,9,19,277,15.6%,78,NORMAL,347.2,0.0,4.7,False
1767694992.69,2026-01-06 15:53:12,8,19,277,15.3%,78,NORMAL,346.2,0.0,4.6,False
1767694994.04,2026-01-06 15:53:14,9,19,277,15.0%,78,NORMAL,346.0,0.0,4.6,False
1767694995.17,2026-01-06 15:53:15,9,19,277,14.8%,78,NORMAL,345.1,0.0,4.6,False
1767694996.54,2026-01-06 15:53:16,10,19,278,14.6%,78,NORMAL,345.8,0.0,4.6,False
1767694997.71,2026-01-06 15:53:17,12,19,280,14.5%,78,NORMAL,347.6,0.0,4.6,False
1767694999.31,2026-01-06 15:53:19,11,19,280,14.5%,78,NORMAL,347.3,0.0,4.6,False
1767695000.55,2026-01-06 15:53:20,12,19,280,14.5%,78,NORMAL,346.9,0.0,4.6,False
1767695002.50,2026-01-06 15:53:22,14,19,282,14.6%,78,NORMAL,348.6,0.0,4.6,False
1767695003.61,2026-01-06 15:53:23,13,19,282,14.7%,78,NORMAL,347.7,0.0,4.5,False
1767695005.46,2026-01-06 15:53:25,13,19,282,14.8%,78,NORMAL,347.4,0.0,4.5,False
1767695006.60,2026-01-06 15:53:26,14,19,284,15.0%,78,NORMAL,348.9,0.0,4.5,False
1767695008.00,2026-01-06 15:53:28,13,19,284,15.1%,78,NORMAL,348.7,0.0,4.5,False
1767695009.14,2026-01-06 15:53:29,14,19,284,15.3%,78,NORMAL,347.8,0.0,4.5,False
1767695010.56,2026-01-06 15:53:30,13,19,284,15.4%,78,NORMAL,347.5,0.0,4.5,False
1767695011.80,2026-01-06 15:53:31,13,19,285,15.5%,78,NORMAL,347.8,0.0,4.5,False
1767695012.90,2026-01-06 15:53:32,12,19,285,15.6%,78,NORMAL,347.3,0.0,4.5,False
1767695014.00,2026-01-06 15:53:33,10,19,286,15.6%,78,NORMAL,348.1,0.0,4.5,False
1767695015.55,2026-01-06 15:53:35,10,19,286,15.6%,78,NORMAL,347.6,0.0,4.5,False
1767695016.64,2026-01-06 15:53:36,13,19,288,15.8%,78,NORMAL,349.3,0.0,4.5,False
1767695017.74,2026-01-06 15:53:37,11,19,288,15.9%,78,NORMAL,348.9,0.0,4.5,False
1767695018.86,2026-01-06 15:53:38,11,19,288,16.1%,78,NORMAL,348.4,0.0,4.4,False
1767695020.35,2026-01-06 15:53:40,10,19,288,16.3%,78,NORMAL,347.7,0.0,4.4,False
1767695021.46,2026-01-06 15:53:41,12,19,288,16.5%,78,NORMAL,347.2,0.0,4.4,False
1767695022.48,2026-01-06 15:53:42,12,19,288,16.8%,78,NORMAL,346.8,0.0,4.4,False
1767695023.51,2026-01-06 15:53:43,11,19,288,17.0%,78,NORMAL,346.5,0.0,4.4,False
1767695024.57,2026-01-06 15:53:44,12,19,288,17.2%,78,NORMAL,346.1,0.0,4.4,False
1767695026.12,2026-01-06 15:53:46,3,19,288,16.8%,78,NORMAL,345.4,0.0,4.3,False
1767695027.65,2026-01-06 15:53:47,7,19,289,16.6%,78,NORMAL,346.1,0.0,4.3,False
1767695028.94,2026-01-06 15:53:48,8,19,291,16.5%,78,NORMAL,348.0,0.0,4.3,False
1767695030.11,2026-01-06 15:53:50,8,19,292,16.5%,78,NORMAL,348.5,0.0,4.3,False
1767695031.22,2026-01-06 15:53:51,9,19,292,16.5%,78,NORMAL,348.3,0.0,4.3,False
1767695032.81,2026-01-06 15:53:52,10,19,293,16.6%,78,NORMAL,349.0,0.0,4.3,False
1767695033.92,2026-01-06 15:53:53,10,19,295,16.6%,78,NORMAL,350.7,0.0,4.2,False
1767695035.90,2026-01-06 15:53:55,12,19,295,16.7%,78,NORMAL,350.3,0.0,4.2,False
1767695037.07,2026-01-06 15:53:57,10,19,295,16.6%,78,NORMAL,349.3,0.0,4.2,False
1767695038.34,2026-01-06 15:53:58,9,19,295,16.5%,78,NORMAL,349.1,0.0,4.2,False
1767695039.44,2026-01-06 15:53:59,10,19,296,16.4%,78,NORMAL,349.6,0.0,4.2,False
1767695041.79,2026-01-06 15:54:01,9,19,296,16.2%,78,NORMAL,349.1,0.0,4.2,False
1767695043.58,2026-01-06 15:54:03,9,19,297,16.0%,78,NORMAL,349.2,0.0,4.1,False
1767695044.76,2026-01-06 15:54:04,9,19,297,15.8%,78,NORMAL,348.7,0.0,4.1,False
1767695046.09,2026-01-06 15:54:06,8,19,297,15.5%,78,NORMAL,348.0,0.0,4.1,False
1767695047.50,2026-01-06 15:54:07,7,19,299,15.2%,78,NORMAL,349.7,0.0,4.1,False
1767695049.76,2026-01-06 15:54:09,10,19,300,15.0%,78,NORMAL,350.4,0.0,4.1,False
1767695050.79,2026-01-06 15:54:10,11,19,303,15.0%,78,NORMAL,353.5,0.0,4.1,False
1767695052.69,2026-01-06 15:54:12,9,19,303,14.8%,78,NORMAL,352.8,0.0,4.0,False
1767695054.40,2026-01-06 15:54:14,9,19,303,14.6%,78,NORMAL,351.9,0.0,4.0,False
1767695055.42,2026-01-06 15:54:15,9,19,303,14.6%,78,NORMAL,351.6,0.0,4.0,False
1767695057.33,2026-01-06 15:54:17,9,19,304,14.5%,78,NORMAL,351.7,0.0,3.9,False
1767695058.93,2026-01-06 15:54:18,10,19,304,14.4%,78,NORMAL,351.0,0.0,3.9,False
1767695060.25,2026-01-06 15:54:20,10,19,304,14.3%,78,NORMAL,350.5,0.0,3.9,False
1767695062.27,2026-01-06 15:54:22,10,19,304,14.3%,78,NORMAL,349.4,0.0,3.9,False
1767695063.37,2026-01-06 15:54:23,9,19,304,14.2%,78,NORMAL,348.5,0.0,3.8,False
1767695064.61,2026-01-06 15:54:24,10,19,304,14.1%,78,NORMAL,348.1,0.0,3.8,False
1767695066.07,2026-01-06 15:54:26,11,19,304,14.1%,78,NORMAL,347.4,0.0,3.8,False
1767695067.48,2026-01-06 15:54:27,11,19,304,14.1%,78,NORMAL,347.2,0.0,3.8,False
1767695069.56,2026-01-06 15:54:29,11,19,304,14.1%,78,NORMAL,346.1,0.0,3.8,False
1767695070.78,2026-01-06 15:54:30,11,19,305,14.4%,78,NORMAL,346.6,0.0,3.8,False
1767695072.44,2026-01-06 15:54:32,12,19,306,14.7%,78,NORMAL,347.3,0.0,3.8,False
1767695073.65,2026-01-06 15:54:33,12,19,306,14.9%,78,NORMAL,346.9,0.0,3.8,False
1767695075.48,2026-01-06 15:54:35,11,19,306,15.0%,78,NORMAL,346.2,0.0,3.8,False
1767695077.03,2026-01-06 15:54:37,11,19,307,15.1%,78,NORMAL,346.5,0.0,3.8,False
1767695078.55,2026-01-06 15:54:38,11,19,307,15.2%,78,NORMAL,346.0,0.0,3.8,False
1767695079.95,2026-01-06 15:54:39,9,19,307,15.1%,78,NORMAL,345.2,0.0,3.8,False
1767695080.98,2026-01-06 15:54:40,11,19,307,15.1%,78,NORMAL,344.9,0.0,3.8,False
1767695082.04,2026-01-06 15:54:42,10,19,307,15.1%,78,NORMAL,344.3,0.0,3.8,False
1767695083.42,2026-01-06 15:54:43,10,19,307,15.1%,78,NORMAL,344.1,0.0,3.8,False
1767695085.03,2026-01-06 15:54:45,8,19,307,15.0%,78,NORMAL,343.0,0.0,3.8,False
1767695086.14,2026-01-06 15:54:46,7,19,307,14.9%,78,NORMAL,342.4,0.0,3.8,False
1767695087.60,2026-01-06 15:54:47,7,19,307,14.8%,78,NORMAL,342.0,0.0,3.8,False
1767695088.86,2026-01-06 15:54:48,7,19,308,14.7%,78,NORMAL,342.2,0.0,3.8,False
1767695090.39,2026-01-06 15:54:50,6,19,308,14.6%,78,NORMAL,342.0,0.0,3.8,False
1767695091.56,2026-01-06 15:54:51,11,19,311,14.8%,78,NORMAL,344.5,0.0,3.8,False
1767695093.10,2026-01-06 15:54:53,10,19,312,14.8%,78,NORMAL,345.2,0.0,3.8,False
1767695094.53,2026-01-06 15:54:54,11,19,313,14.8%,78,NORMAL,345.9,0.0,3.8,False
1767695095.95,2026-01-06 15:54:55,11,19,314,14.9%,78,NORMAL,346.5,0.0,3.8,False
1767695097.81,2026-01-06 15:54:57,12,19,315,15.1%,78,NORMAL,346.8,0.0,3.8,False
1767695098.82,2026-01-06 15:54:58,11,19,315,15.2%,78,NORMAL,346.6,0.0,3.9,False
1767695099.82,2026-01-06 15:54:59,9,19,315,15.2%,78,NORMAL,345.9,0.0,3.9,False
1767695101.75,2026-01-06 15:55:01,9,19,315,15.1%,78,NORMAL,345.5,0.0,3.9,False
1767695102.92,2026-01-06 15:55:02,9,19,315,15.1%,78,NORMAL,344.9,0.0,3.9,False
1767695104.62,2026-01-06 15:55:04,9,19,316,15.0%,78,NORMAL,345.6,0.0,3.9,False
1767695105.87,2026-01-06 15:55:05,10,19,317,15.1%,78,NORMAL,345.8,0.0,3.9,False
1767695107.01,2026-01-06 15:55:07,10,19,317,15.1%,78,NORMAL,345.6,0.0,3.9,False
1767695108.09,2026-01-06 15:55:08,9,19,317,15.0%,78,NORMAL,345.2,0.0,3.9,False
1767695109.76,2026-01-06 15:55:09,9,19,317,14.9%,78,NORMAL,344.6,0.0,3.9,False
1767695110.84,2026-01-06 15:55:10,9,19,317,14.8%,78,NORMAL,344.1,0.0,3.9,False
1767695112.89,2026-01-06 15:55:12,8,19,317,14.6%,78,NORMAL,343.5,0.0,3.8,False
1767695114.04,2026-01-06 15:55:14,10,19,318,14.5%,78,NORMAL,344.2,0.0,3.8,False
1767695115.32,2026-01-06 15:55:15,7,19,318,14.3%,78,NORMAL,343.6,0.0,3.8,False
1767695116.58,2026-01-06 15:55:16,9,19,318,14.2%,78,NORMAL,343.2,0.0,3.8,False
1767695118.30,2026-01-06 15:55:18,8,19,318,14.1%,78,NORMAL,342.5,0.0,3.7,False
1767695120.40,2026-01-06 15:55:20,9,19,319,14.0%,78,NORMAL,342.6,0.0,3.7,False
1767695121.63,2026-01-06 15:55:21,8,19,319,13.9%,78,NORMAL,341.8,0.0,3.7,False
1767695122.76,2026-01-06 15:55:22,7,19,319,13.7%,78,NORMAL,341.6,0.0,3.7,False
1767695123.89,2026-01-06 15:55:23,9,19,321,13.7%,78,NORMAL,342.9,0.0,3.7,False
1767695125.56,2026-01-06 15:55:25,10,19,321,13.7%,78,NORMAL,342.5,0.0,3.7,False
1767695127.23,2026-01-06 15:55:27,9,19,322,13.7%,78,NORMAL,342.8,0.0,3.7,False
1767695128.28,2026-01-06 15:55:28,10,19,322,13.9%,78,NORMAL,342.4,0.0,3.7,False
1767695129.54,2026-01-06 15:55:29,9,19,322,14.0%,78,NORMAL,341.7,0.0,3.7,False
1767695131.01,2026-01-06 15:55:31,10,19,323,14.1%,78,NORMAL,342.4,0.0,3.7,False
1767695132.40,2026-01-06 15:55:32,10,19,323,14.3%,78,NORMAL,341.8,0.0,3.7,False
1767695134.08,2026-01-06 15:55:34,10,19,324,14.3%,78,NORMAL,341.9,0.0,3.8,False
1767695135.27,2026-01-06 15:55:35,11,19,324,14.3%,78,NORMAL,341.1,0.0,3.8,False
1767695136.69,2026-01-06 15:55:36,11,19,324,14.3%,78,NORMAL,340.9,0.0,3.8,False
1767695137.84,2026-01-06 15:55:37,11,19,324,14.3%,78,NORMAL,340.5,0.0,3.8,False
1767695139.99,2026-01-06 15:55:39,9,19,324,14.2%,78,NORMAL,339.9,0.0,3.8,False
1767695141.92,2026-01-06 15:55:41,8,19,324,14.0%,78,NORMAL,338.9,0.0,3.8,False
1767695143.51,2026-01-06 15:55:43,10,19,326,14.1%,78,NORMAL,340.4,0.0,3.7,False
1767695144.83,2026-01-06 15:55:44,9,19,326,14.1%,78,NORMAL,340.0,0.0,3.7,False
1767695146.16,2026-01-06 15:55:46,10,19,326,14.1%,78,NORMAL,339.2,0.0,3.7,False
1767695147.26,2026-01-06 15:55:47,10,19,326,14.2%,78,NORMAL,339.0,0.0,3.7,False
1767695148.98,2026-01-06 15:55:48,9,19,327,14.1%,78,NORMAL,339.1,0.0,3.7,False
1767695150.74,2026-01-06 15:55:50,11,19,328,14.2%,78,NORMAL,339.1,0.0,3.7,False
1767695151.96,2026-01-06 15:55:51,10,19,328,14.2%,78,NORMAL,338.5,0.0,3.8,False
1767695153.77,2026-01-06 15:55:53,10,19,328,14.3%,78,NORMAL,338.1,0.0,3.8,False
1767695155.30,2026-01-06 15:55:55,12,19,329,14.4%,78,NORMAL,338.4,0.0,3.8,False
1767695156.75,2026-01-06 15:55:56,12,19,329,14.6%,78,NORMAL,338.2,0.0,3.8,False
1767695157.78,2026-01-06 15:55:57,10,19,329,14.6%,78,NORMAL,337.4,0.0,3.9,False
1767695159.02,2026-01-06 15:55:59,10,19,329,14.7%,78,NORMAL,337.2,0.0,3.9,False
1767695160.19,2026-01-06 15:56:00,10,19,330,14.8%,78,NORMAL,337.5,0.0,4.0,False
1767695161.37,2026-01-06 15:56:01,10,19,331,14.9%,78,NORMAL,338.3,0.0,4.0,False
1767695162.66,2026-01-06 15:56:02,9,19,332,14.9%,78,NORMAL,338.6,0.0,4.1,False
1767695163.85,2026-01-06 15:56:03,9,19,332,14.9%,78,NORMAL,338.4,0.0,4.1,False
1767695165.01,2026-01-06 15:56:05,11,19,334,15.1%,78,NORMAL,339.9,0.0,4.2,False
1767695166.57,2026-01-06 15:56:06,11,19,334,15.2%,78,NORMAL,339.5,0.0,4.2,False
1767695167.75,2026-01-06 15:56:07,12,19,335,15.3%,78,NORMAL,340.1,0.0,4.2,False
1767695169.65,2026-01-06 15:56:09,12,19,335,15.5%,78,NORMAL,339.5,0.0,4.3,False
1767695170.79,2026-01-06 15:56:10,12,19,338,15.6%,78,NORMAL,342.0,0.0,4.3,False
1767695172.89,2026-01-06 15:56:12,13,19,338,15.7%,78,NORMAL,341.6,0.0,4.3,False
1767695174.10,2026-01-06 15:56:14,12,19,339,15.8%,78,NORMAL,342.0,0.0,4.4,False
1767695175.63,2026-01-06 15:56:15,11,19,340,15.9%,78,NORMAL,342.7,0.0,4.4,False
1767695177.38,2026-01-06 15:56:17,10,19,340,15.9%,78,NORMAL,341.9,0.0,4.5,False
1767695178.76,2026-01-06 15:56:18,12,19,341,15.9%,78,NORMAL,342.7,0.0,4.5,False
1767695179.99,2026-01-06 15:56:19,12,19,343,16.0%,78,NORMAL,344.0,0.0,4.5,False
1767695181.48,2026-01-06 15:56:21,12,19,343,16.0%,78,NORMAL,343.8,0.0,4.5,False
1767695182.63,2026-01-06 15:56:22,14,19,345,16.3%,78,NORMAL,345.0,0.0,4.5,False
1767695184.12,2026-01-06 15:56:24,13,19,345,16.5%,78,NORMAL,339.0,0.0,4.6,False
1767695185.28,2026-01-06 15:56:25,12,19,345,16.6%,78,NORMAL,339.0,0.0,4.6,False
1767695186.50,2026-01-06 15:56:26,10,19,345,16.6%,78,NORMAL,339.0,0.0,4.6,False
1767695187.54,2026-01-06 15:56:27,10,19,345,16.6%,78,NORMAL,339.0,0.0,4.7,False
1767695189.08,2026-01-06 15:56:29,10,19,345,16.6%,78,NORMAL,339.0,0.0,4.7,False
1767695190.24,2026-01-06 15:56:30,12,19,345,16.8%,78,NORMAL,338.0,0.0,4.8,False
1767695192.06,2026-01-06 15:56:32,12,19,345,16.8%,78,NORMAL,337.0,0.0,4.8,False
1767695193.44,2026-01-06 15:56:33,11,19,346,16.9%,78,NORMAL,338.0,0.0,4.8,False
1767695195.14,2026-01-06 15:56:35,11,19,347,16.9%,78,NORMAL,338.0,0.0,4.9,False
1767695196.16,2026-01-06 15:56:36,11,19,347,16.9%,78,NORMAL,338.0,0.0,4.9,False
1767695197.75,2026-01-06 15:56:37,10,19,347,16.8%,78,NORMAL,338.0,0.0,5.0,False
1767695198.87,2026-01-06 15:56:38,10,19,348,16.8%,78,NORMAL,339.0,0.0,5.0,False
1767695200.21,2026-01-06 15:56:40,11,19,348,16.8%,78,NORMAL,338.0,0.0,5.0,False
1767695202.37,2026-01-06 15:56:42,10,19,348,16.8%,78,NORMAL,336.0,0.0,5.1,False
1767695203.42,2026-01-06 15:56:43,11,19,349,16.9%,78,NORMAL,336.0,0.0,5.1,False
1767695204.89,2026-01-06 15:56:44,10,19,349,16.9%,78,NORMAL,335.0,0.0,5.2,False
1767695206.58,2026-01-06 15:56:46,10,19,351,17.0%,78,NORMAL,336.0,0.0,5.2,False
1767695207.64,2026-01-06 15:56:47,10,19,351,16.9%,78,NORMAL,336.0,0.0,5.2,False
1767695208.68,2026-01-06 15:56:48,10,19,351,16.9%,78,NORMAL,336.0,0.0,5.2,False
1767695209.71,2026-01-06 15:56:49,9,19,351,16.7%,78,NORMAL,336.0,0.0,5.2,False
1767695210.73,2026-01-06 15:56:50,11,19,352,16.7%,78,NORMAL,337.0,0.0,5.2,False
1767695211.96,2026-01-06 15:56:51,12,19,354,16.7%,78,NORMAL,339.0,0.0,5.2,False
1767695214.08,2026-01-06 15:56:54,11,19,354,16.6%,78,NORMAL,338.0,0.0,5.3,False
1767695215.18,2026-01-06 15:56:55,8,19,355,16.4%,78,NORMAL,338.0,0.0,5.3,False
1767695216.26,2026-01-06 15:56:56,9,19,355,16.3%,78,NORMAL,338.0,0.0,5.4,False
1767695217.33,2026-01-06 15:56:57,9,19,356,16.3%,78,NORMAL,339.0,0.0,5.4,False
1767695218.84,2026-01-06 15:56:58,8,19,357,16.1%,78,NORMAL,338.0,0.0,5.4,False
1767695220.44,2026-01-06 15:57:00,9,19,359,15.9%,78,NORMAL,340.0,0.0,5.4,False
1767695221.54,2026-01-06 15:57:01,10,19,361,15.8%,78,NORMAL,342.0,0.0,5.4,False
1767695222.76,2026-01-06 15:57:02,10,19,361,15.6%,78,NORMAL,341.0,0.0,5.5,False
1767695223.99,2026-01-06 15:57:03,13,19,362,15.6%,78,NORMAL,342.0,0.0,5.5,False
1767695225.80,2026-01-06 15:57:05,13,19,363,15.7%,78,NORMAL,343.0,0.0,5.5,False
1767695227.79,2026-01-06 15:57:07,12,19,363,15.8%,78,NORMAL,342.0,0.0,5.6,False
1767695229.42,2026-01-06 15:57:09,14,19,364,16.0%,78,NORMAL,343.0,0.0,5.6,False
1767695230.80,2026-01-06 15:57:10,12,19,364,16.1%,78,NORMAL,342.0,0.0,5.6,False
1767695231.87,2026-01-06 15:57:11,14,19,367,16.2%,78,NORMAL,345.0,0.0,5.6,False
1767695233.23,2026-01-06 15:57:13,15,19,368,16.3%,78,NORMAL,345.0,0.0,5.6,False
1767695234.44,2026-01-06 15:57:14,15,19,369,16.5%,78,NORMAL,346.0,0.0,5.6,False
1767695236.46,2026-01-06 15:57:16,15,19,370,16.7%,78,NORMAL,347.0,0.0,5.6,False
1767695237.76,2026-01-06 15:57:17,12,19,372,16.7%,78,NORMAL,346.0,0.0,5.5,False
1767695238.77,2026-01-06 15:57:18,12,19,373,16.8%,78,NORMAL,346.0,0.0,5.5,False
1767695239.98,2026-01-06 15:57:19,10,19,374,16.8%,78,NORMAL,347.0,0.0,5.5,False
1767695241.27,2026-01-06 15:57:21,9,19,375,16.7%,78,NORMAL,348.0,0.0,5.5,False
1767695242.40,2026-01-06 15:57:22,12,19,375,16.8%,78,NORMAL,345.0,0.0,5.5,False
1767695243.88,2026-01-06 15:57:23,12,19,375,16.9%,78,NORMAL,344.0,0.0,5.5,False
1767695245.10,2026-01-06 15:57:25,12,19,376,17.0%,78,NORMAL,345.0,0.0,5.4,False
1767695246.53,2026-01-06 15:57:26,12,19,377,17.0%,78,NORMAL,345.0,0.0,5.4,False
1767695247.98,2026-01-06 15:57:27,13,19,377,17.2%,78,NORMAL,344.0,0.0,5.4,False
1767695249.23,2026-01-06 15:57:29,13,19,378,17.3%,78,NORMAL,345.0,0.0,5.4,False
1767695250.46,2026-01-06 15:57:30,14,19,380,17.6%,78,NORMAL,346.0,0.0,5.4,False
1767695251.79,2026-01-06 15:57:31,14,19,381,17.7%,78,NORMAL,347.0,0.0,5.4,False
1767695253.07,2026-01-06 15:57:33,15,19,381,17.8%,78,NORMAL,347.0,0.0,5.4,False
1767695254.62,2026-01-06 15:57:34,14,19,381,18.0%,78,NORMAL,347.0,0.0,5.4,False
1767695256.32,2026-01-06 15:57:36,15,19,382,18.3%,78,NORMAL,347.0,0.0,5.4,False
1767695258.45,2026-01-06 15:57:38,13,19,382,18.5%,78,NORMAL,347.0,0.0,5.3,False
1767695259.64,2026-01-06 15:57:39,13,19,382,18.7%,78,NORMAL,346.0,0.0,5.3,False
1767695261.06,2026-01-06 15:57:41,12,19,382,18.9%,78,NORMAL,346.0,0.0,5.2,False
1767695262.21,2026-01-06 15:57:42,11,19,384,19.0%,78,NORMAL,347.0,0.0,5.2,False
1767695264.03,2026-01-06 15:57:44,10,19,384,19.0%,78,NORMAL,345.0,0.0,5.2,False
1767695266.37,2026-01-06 15:57:46,11,19,385,19.0%,78,NORMAL,345.0,0.0,5.1,False
1767695267.65,2026-01-06 15:57:47,11,19,385,18.9%,78,NORMAL,343.0,0.0,5.0,False
1767695268.95,2026-01-06 15:57:48,10,19,385,18.8%,78,NORMAL,343.0,0.0,5.0,False
1767695270.08,2026-01-06 15:57:50,13,19,386,18.8%,78,NORMAL,344.0,0.0,4.9,False
1767695271.57,2026-01-06 15:57:51,12,19,386,18.7%,78,NORMAL,344.0,0.0,4.9,False
1767695272.59,2026-01-06 15:57:52,16,19,388,18.9%,78,NORMAL,344.0,0.0,4.9,False
1767695274.80,2026-01-06 15:57:54,14,19,390,18.9%,78,NORMAL,346.0,0.0,4.8,False
1767695275.98,2026-01-06 15:57:55,13,19,390,18.8%,78,NORMAL,346.0,0.0,4.8,False
1767695278.47,2026-01-06 15:57:58,12,19,391,18.7%,78,NORMAL,347.0,0.0,4.7,False
1767695279.52,2026-01-06 15:57:59,10,19,393,18.5%,78,NORMAL,349.0,0.0,4.7,False
1767695281.06,2026-01-06 15:58:01,13,19,393,18.5%,78,NORMAL,349.0,0.0,4.7,False
1767695282.14,2026-01-06 15:58:02,15,19,395,18.6%,78,NORMAL,350.0,0.0,4.6,False
1767695283.46,2026-01-06 15:58:03,12,19,395,18.7%,78,NORMAL,350.0,0.0,4.6,False
1767695285.00,2026-01-06 15:58:04,15,19,396,19.0%,78,NORMAL,351.0,0.0,4.6,False
1767695286.83,2026-01-06 15:58:06,14,19,397,19.1%,78,NORMAL,352.0,0.0,4.5,False
1767695288.22,2026-01-06 15:58:08,12,19,397,19.1%,78,NORMAL,351.0,0.0,4.5,False
1767695290.40,2026-01-06 15:58:10,12,19,397,19.1%,78,NORMAL,351.0,0.0,4.5,False
1767695291.52,2026-01-06 15:58:11,13,19,397,19.2%,78,NORMAL,350.0,0.0,4.5,False
1767695294.02,2026-01-06 15:58:14,12,19,397,19.1%,78,NORMAL,350.0,0.0,4.4,False
1767695295.27,2026-01-06 15:58:15,11,19,397,19.0%,78,NORMAL,350.0,0.0,4.4,False
1767695297.31,2026-01-06 15:58:17,10,19,397,18.8%,78,NORMAL,350.0,0.0,4.4,False
1767695298.31,2026-01-06 15:58:18,10,19,398,18.6%,78,NORMAL,349.0,0.0,4.5,False
1767695300.10,2026-01-06 15:58:20,11,19,399,18.5%,78,NORMAL,350.0,0.0,4.5,False
1767695302.40,2026-01-06 15:58:22,9,19,400,18.2%,78,NORMAL,350.0,0.0,4.5,False
1767695303.50,2026-01-06 15:58:23,15,19,404,18.2%,78,NORMAL,353.0,0.0,4.5,False
1767695305.48,2026-01-06 15:58:25,13,19,404,18.2%,78,NORMAL,353.0,0.0,4.5,False
1767695306.83,2026-01-06 15:58:26,14,19,406,18.3%,78,NORMAL,355.0,0.0,4.5,False
1767695309.05,2026-01-06 15:58:29,14,19,406,18.4%,78,NORMAL,354.0,0.0,4.5,False
1767695310.27,2026-01-06 15:58:30,16,19,410,18.6%,78,NORMAL,358.0,0.0,4.6,False
1767695311.76,2026-01-06 15:58:31,15,19,410,18.8%,78,NORMAL,358.0,0.0,4.6,False
1767695312.91,2026-01-06 15:58:32,14,19,410,19.0%,78,NORMAL,357.0,0.0,4.7,False
1767695314.60,2026-01-06 15:58:34,15,19,410,19.2%,78,NORMAL,357.0,0.0,4.7,False
1767695316.20,2026-01-06 15:58:36,13,19,410,19.3%,78,NORMAL,356.0,0.0,4.8,False
1767695318.45,2026-01-06 15:58:38,14,19,410,19.3%,78,NORMAL,355.0,0.0,4.8,False
1767695319.53,2026-01-06 15:58:39,14,19,412,19.4%,78,NORMAL,356.0,0.0,4.8,False
1767695322.21,2026-01-06 15:58:42,14,19,412,19.3%,78,NORMAL,354.0,0.0,4.8,False
1767695323.47,2026-01-06 15:58:43,15,19,415,19.4%,78,NORMAL,357.0,0.0,4.9,False
1767695325.92,2026-01-06 15:58:45,12,19,416,19.3%,78,NORMAL,358.0,0.0,4.9,False
1767695327.50,2026-01-06 15:58:47,13,19,416,19.4%,78,NORMAL,358.0,0.0,4.9,False
1767695329.27,2026-01-06 15:58:49,12,19,417,19.5%,78,NORMAL,359.0,0.0,4.9,False
1767695330.87,2026-01-06 15:58:50,11,19,419,19.4%,78,NORMAL,358.0,0.0,4.9,False
1767695331.87,2026-01-06 15:58:51,12,19,419,19.3%,78,NORMAL,358.0,0.0,4.9,False
1767695333.10,2026-01-06 15:58:53,12,19,420,19.3%,78,NORMAL,358.0,0.0,4.9,False
1767695334.71,2026-01-06 15:58:54,11,19,420,19.1%,78,NORMAL,358.0,0.0,4.9,False
1767695335.83,2026-01-06 15:58:55,10,19,421,18.9%,78,NORMAL,359.0,0.0,4.9,False
1767695337.59,2026-01-06 15:58:57,11,19,421,18.8%,78,NORMAL,359.0,0.0,4.9,False
1767695338.75,2026-01-06 15:58:58,12,19,421,18.8%,78,NORMAL,359.0,0.0,4.9,False
1767695340.38,2026-01-06 15:59:00,14,19,423,18.9%,78,NORMAL,361.0,0.0,4.9,False
1767695341.97,2026-01-06 15:59:01,15,19,423,19.0%,78,NORMAL,361.0,0.0,4.9,False
1767695344.87,2026-01-06 15:59:04,13,19,423,19.1%,78,NORMAL,360.0,0.0,4.9,False
1767695346.48,2026-01-06 15:59:06,12,19,424,19.2%,78,NORMAL,361.0,0.0,4.9,False
1767695349.01,2026-01-06 15:59:09,14,19,426,19.4%,78,NORMAL,363.0,0.0,4.9,False
1767695350.23,2026-01-06 15:59:10,14,19,427,19.5%,78,NORMAL,364.0,0.0,4.9,False
1767695352.20,2026-01-06 15:59:12,14,19,428,19.8%,78,NORMAL,365.0,0.0,4.9,False
1767695353.23,2026-01-06 15:59:13,15,19,429,19.8%,78,NORMAL,366.0,0.0,4.9,False
1767695356.09,2026-01-06 15:59:16,16,19,431,19.9%,78,NORMAL,368.0,0.0,4.9,False
1767695357.14,2026-01-06 15:59:17,10,19,431,19.7%,78,NORMAL,366.0,0.0,4.9,False
1767695358.99,2026-01-06 15:59:18,13,19,432,19.7%,78,NORMAL,365.0,0.0,4.9,False
1767695360.84,2026-01-06 15:59:20,14,19,435,19.6%,78,NORMAL,368.0,0.0,4.8,False
1767695361.99,2026-01-06 15:59:21,12,19,435,19.4%,78,NORMAL,368.0,0.0,4.8,False
1767695363.42,2026-01-06 15:59:23,10,19,435,19.3%,78,NORMAL,367.0,0.0,4.8,False
1767695364.62,2026-01-06 15:59:24,12,19,437,19.1%,78,NORMAL,369.0,0.0,4.7,False
1767695365.68,2026-01-06 15:59:25,15,19,438,19.2%,78,NORMAL,370.0,0.0,4.7,False
1767695367.61,2026-01-06 15:59:27,12,19,439,19.1%,78,NORMAL,370.0,0.0,4.7,False
1767695368.90,2026-01-06 15:59:28,14,19,439,19.1%,78,NORMAL,368.0,0.0,4.7,False
1767695371.49,2026-01-06 15:59:31,15,19,439,19.2%,78,NORMAL,368.0,0.0,4.6,False
1767695373.14,2026-01-06 15:59:33,11,19,440,19.0%,78,NORMAL,367.0,0.0,4.6,False
1767695374.51,2026-01-06 15:59:34,12,19,440,19.0%,78,NORMAL,367.0,0.0,4.5,False
1767695375.73,2026-01-06 15:59:35,13,19,440,19.0%,78,NORMAL,366.0,0.0,4.5,False
1767695376.78,2026-01-06 15:59:36,12,19,440,19.0%,78,NORMAL,365.0,0.0,4.5,False
1767695377.83,2026-01-06 15:59:37,14,19,441,19.1%,78,NORMAL,365.0,0.0,4.4,False
1767695379.71,2026-01-06 15:59:39,13,19,442,19.2%,78,NORMAL,365.0,0.0,4.4,False
1767695381.17,2026-01-06 15:59:41,13,19,442,19.2%,78,NORMAL,365.0,0.0,4.4,False
1767695382.33,2026-01-06 15:59:42,15,19,442,19.4%,78,NORMAL,365.0,0.0,4.4,False
1767695383.34,2026-01-06 15:59:43,11,19,442,19.4%,78,NORMAL,364.0,0.0,4.4,False
1767695385.58,2026-01-06 15:59:45,13,19,442,19.5%,78,NORMAL,363.0,0.0,4.4,False
1767695386.77,2026-01-06 15:59:46,10,19,442,19.4%,78,NORMAL,362.0,0.0,4.4,False
1767695388.23,2026-01-06 15:59:48,10,19,442,19.3%,78,NORMAL,362.0,0.0,4.4,False
1767695389.32,2026-01-06 15:59:49,10,19,442,19.0%,78,NORMAL,361.0,0.0,4.4,False
1767695390.83,2026-01-06 15:59:50,11,19,442,18.9%,78,NORMAL,361.0,0.0,4.4,False
1767695392.18,2026-01-06 15:59:52,12,19,445,18.9%,78,NORMAL,363.0,0.0,4.4,False
1767695393.88,2026-01-06 15:59:53,12,19,445,18.8%,78,NORMAL,362.0,0.0,4.4,False
1767695394.96,2026-01-06 15:59:54,11,19,445,18.7%,78,NORMAL,362.0,0.0,4.5,False
1767695397.27,2026-01-06 15:59:57,12,19,445,18.6%,78,NORMAL,361.0,0.0,4.5,False
1767695398.54,2026-01-06 15:59:58,11,19,445,18.4%,78,NORMAL,361.0,0.0,4.5,False
1767695400.28,2026-01-06 16:00:00,11,19,445,18.2%,78,NORMAL,360.0,0.0,4.5,False
1767695401.42,2026-01-06 16:00:01,12,19,445,18.3%,78,NORMAL,360.0,0.0,4.6,False
1767695403.36,2026-01-06 16:00:03,12,19,445,18.2%,78,NORMAL,359.0,0.0,4.6,False
1767695404.69,2026-01-06 16:00:04,14,19,446,18.2%,78,NORMAL,359.0,0.0,4.6,False
1767695406.68,2026-01-06 16:00:06,13,19,446,18.3%,78,NORMAL,358.0,0.0,4.7,False
1767695408.19,2026-01-06 16:00:08,12,19,448,18.4%,78,NORMAL,358.0,0.0,4.7,False
1767695410.69,2026-01-06 16:00:10,16,19,449,18.6%,78,NORMAL,359.0,0.0,4.7,False
1767695411.73,2026-01-06 16:00:11,14,19,449,18.5%,78,NORMAL,359.0,0.0,4.8,False
1767695413.29,2026-01-06 16:00:13,14,19,449,18.6%,78,NORMAL,358.0,0.0,4.8,False
1767695414.31,2026-01-06 16:00:14,15,19,449,18.7%,78,NORMAL,358.0,0.0,4.8,False
1767695416.50,2026-01-06 16:00:16,15,19,449,18.7%,78,NORMAL,358.0,0.0,4.8,False
1767695417.64,2026-01-06 16:00:17,14,19,449,18.8%,78,NORMAL,358.0,0.0,4.9,False
1767695419.71,2026-01-06 16:00:19,14,19,450,18.9%,78,NORMAL,359.0,0.0,4.9,False
1767695420.75,2026-01-06 16:00:20,15,19,451,19.0%,78,NORMAL,360.0,0.0,4.9,False
1767695422.54,2026-01-06 16:00:22,13,19,453,19.0%,78,NORMAL,361.0,0.0,4.9,False
1767695423.87,2026-01-06 16:00:23,12,19,454,18.9%,78,NORMAL,362.0,0.0,4.8,False
1767695425.75,2026-01-06 16:00:25,14,19,456,19.0%,78,NORMAL,364.0,0.0,4.8,False
1767695426.92,2026-01-06 16:00:26,13,19,456,19.0%,78,NORMAL,364.0,0.0,4.8,False
1767695428.92,2026-01-06 16:00:28,13,19,456,18.9%,78,NORMAL,362.0,0.0,4.7,False
1767695429.94,2026-01-06 16:00:29,12,19,456,18.9%,78,NORMAL,362.0,0.0,4.7,False
1767695431.90,2026-01-06 16:00:31,13,19,457,18.9%,78,NORMAL,362.0,0.0,4.7,False
1767695433.14,2026-01-06 16:00:33,14,19,458,19.1%,78,NORMAL,362.0,0.0,4.6,False
1767695435.12,2026-01-06 16:00:35,14,19,459,19.3%,78,NORMAL,363.0,0.0,4.6,False
1767695436.89,2026-01-06 16:00:36,16,19,459,19.6%,78,NORMAL,362.0,0.0,4.5,False
1767695438.10,2026-01-06 16:00:38,16,19,459,19.8%,78,NORMAL,362.0,0.0,4.5,False
1767695439.16,2026-01-06 16:00:39,17,19,459,20.0%,78,NORMAL,362.0,0.0,4.5,False
1767695440.83,2026-01-06 16:00:40,15,19,460,20.2%,78,NORMAL,363.0,0.0,4.5,False
1767695442.66,2026-01-06 16:00:42,16,19,462,20.4%,78,NORMAL,365.0,0.0,4.4,False
1767695444.54,2026-01-06 16:00:44,16,19,462,20.6%,78,NORMAL,363.0,0.0,4.4,False
1767695445.67,2026-01-06 16:00:45,14,19,462,20.7%,78,NORMAL,363.0,0.0,4.4,False
1767695448.10,2026-01-06 16:00:48,14,19,463,20.9%,78,NORMAL,363.0,0.0,4.3,False
1767695449.33,2026-01-06 16:00:49,13,19,463,20.9%,78,NORMAL,362.0,0.0,4.3,False
1767695451.00,2026-01-06 16:00:51,13,19,463,21.0%,78,NORMAL,362.0,0.0,4.3,False
1767695452.73,2026-01-06 16:00:52,14,19,464,21.0%,78,NORMAL,363.0,0.0,4.2,False
1767695454.68,2026-01-06 16:00:54,15,19,465,21.1%,78,NORMAL,364.0,0.0,4.2,False
1767695455.89,2026-01-06 16:00:55,15,19,465,21.2%,78,NORMAL,364.0,0.0,4.2,False
1767695457.88,2026-01-06 16:00:57,15,19,466,21.1%,78,NORMAL,365.0,0.0,4.1,False
1767695459.13,2026-01-06 16:00:59,17,19,467,21.3%,78,NORMAL,366.0,0.0,4.1,False
1767695461.84,2026-01-06 16:01:01,16,19,469,21.4%,78,NORMAL,368.0,0.0,4.0,False
1767695462.91,2026-01-06 16:01:02,15,19,470,21.4%,78,NORMAL,368.0,0.0,4.0,False
1767695464.60,2026-01-06 16:01:04,13,19,470,21.3%,78,NORMAL,368.0,0.0,3.9,False
1767695465.70,2026-01-06 16:01:05,15,19,471,21.3%,78,NORMAL,369.0,0.0,3.9,False
1767695467.53,2026-01-06 16:01:07,15,19,471,21.4%,78,NORMAL,367.0,0.0,3.8,False
1767695469.08,2026-01-06 16:01:09,17,19,474,21.5%,78,NORMAL,370.0,0.0,3.7,False
1767695470.44,2026-01-06 16:01:10,15,19,474,21.5%,78,NORMAL,370.0,0.0,3.7,False
1767695471.47,2026-01-06 16:01:11,13,19,475,21.6%,78,NORMAL,371.0,0.0,3.7,False
1767695473.33,2026-01-06 16:01:13,14,19,475,21.6%,78,NORMAL,371.0,0.0,3.6,False
1767695474.51,2026-01-06 16:01:14,12,19,475,21.5%,78,NORMAL,371.0,0.0,3.6,False
1767695476.35,2026-01-06 16:01:16,13,19,476,21.5%,78,NORMAL,372.0,0.0,3.6,False
1767695478.58,2026-01-06 16:01:18,13,19,477,21.6%,78,NORMAL,373.0,0.0,3.5,False
1767695479.89,2026-01-06 16:01:19,13,19,477,21.6%,78,NORMAL,373.0,0.0,3.5,False
1767695481.39,2026-01-06 16:01:21,14,19,478,21.6%,78,NORMAL,374.0,0.0,3.5,False
1767695482.47,2026-01-06 16:01:22,14,19,478,21.6%,78,NORMAL,374.0,0.0,3.6,False
1767695484.10,2026-01-06 16:01:24,14,19,478,21.5%,78,NORMAL,374.0,0.0,3.6,False
1767695485.38,2026-01-06 16:01:25,14,19,479,21.4%,78,NORMAL,374.0,0.0,3.6,False
1767695487.49,2026-01-06 16:01:27,17,19,481,21.4%,78,NORMAL,376.0,0.0,3.6,False
1767695489.09,2026-01-06 16:01:29,16,19,482,21.5%,78,NORMAL,377.0,0.0,3.6,False
1767695491.45,2026-01-06 16:01:31,14,19,482,21.4%,78,NORMAL,377.0,0.0,3.7,False
1767695493.26,2026-01-06 16:01:33,15,19,484,21.3%,78,NORMAL,379.0,0.0,3.7,False
1767695495.71,2026-01-06 16:01:35,15,19,484,21.4%,78,NORMAL,379.0,0.0,3.7,False
1767695496.89,2026-01-06 16:01:36,15,19,485,21.4%,78,NORMAL,380.0,0.0,3.7,False
1767695499.59,2026-01-06 16:01:39,15,19,485,21.5%,78,NORMAL,380.0,0.0,3.7,False
1767695500.62,2026-01-06 16:01:40,14,19,485,21.6%,78,NORMAL,380.0,0.0,3.8,False
1767695503.20,2026-01-06 16:01:43,15,19,485,21.6%,78,NORMAL,379.0,0.0,3.8,False
1767695504.38,2026-01-06 16:01:44,15,19,485,21.6%,78,NORMAL,377.0,0.0,3.8,False
1767695506.59,2026-01-06 16:01:46,15,19,487,21.6%,78,NORMAL,378.0,0.0,3.8,False
1767695507.93,2026-01-06 16:01:47,16,19,487,21.6%,78,NORMAL,378.0,0.0,3.8,False
1767695509.48,2026-01-06 16:01:49,14,19,487,21.5%,78,NORMAL,377.0,0.0,3.8,False
1767695510.71,2026-01-06 16:01:50,15,19,488,21.5%,78,NORMAL,378.0,0.0,3.8,False
1767695512.44,2026-01-06 16:01:52,15,19,488,21.5%,78,NORMAL,378.0,0.0,3.8,False
1767695513.75,2026-01-06 16:01:53,12,19,488,21.4%,78,NORMAL,376.0,0.0,3.8,False
1767695515.88,2026-01-06 16:01:55,12,19,488,21.3%,78,NORMAL,376.0,0.0,3.8,False
1767695517.45,2026-01-06 16:01:57,15,19,490,21.3%,78,NORMAL,377.0,0.0,3.8,False
1767695519.83,2026-01-06 16:01:59,12,19,490,21.1%,78,NORMAL,377.0,0.0,3.8,False
1767695520.99,2026-01-06 16:02:00,11,19,490,20.9%,78,NORMAL,376.0,0.0,3.8,False
1767695522.41,2026-01-06 16:02:02,11,19,490,20.8%,78,NORMAL,376.0,0.0,3.8,False
1767695523.71,2026-01-06 16:02:03,12,19,491,20.7%,78,NORMAL,376.0,0.0,3.9,False
1767695525.07,2026-01-06 16:02:05,10,19,491,20.6%,78,NORMAL,376.0,0.0,3.9,False
1767695526.30,2026-01-06 16:02:06,13,19,492,20.6%,78,NORMAL,377.0,0.0,3.9,False
1767695528.19,2026-01-06 16:02:08,11,19,492,20.5%,78,NORMAL,377.0,0.0,3.9,False
1767695529.37,2026-01-06 16:02:09,12,19,492,20.4%,78,NORMAL,376.0,0.0,3.9,False
1767695531.88,2026-01-06 16:02:11,12,19,492,20.4%,78,NORMAL,376.0,0.0,3.9,False
1767695532.95,2026-01-06 16:02:12,12,19,493,20.3%,78,NORMAL,376.0,0.0,3.9,False
1767695534.93,2026-01-06 16:02:14,12,19,493,20.2%,78,NORMAL,376.0,0.0,4.0,False
1767695536.19,2026-01-06 16:02:16,10,19,493,20.0%,78,NORMAL,373.0,0.0,4.0,False
1767695537.38,2026-01-06 16:02:17,11,19,493,19.7%,78,NORMAL,373.0,0.0,4.0,False
1767695538.60,2026-01-06 16:02:18,13,19,494,19.6%,78,NORMAL,373.0,0.0,4.0,False
1767695540.96,2026-01-06 16:02:20,14,19,494,19.6%,78,NORMAL,373.0,0.0,4.0,False
1767695542.06,2026-01-06 16:02:22,14,19,494,19.5%,78,NORMAL,373.0,0.0,4.0,False
1767695544.16,2026-01-06 16:02:24,14,19,494,19.5%,78,NORMAL,371.0,0.0,4.0,False
1767695545.33,2026-01-06 16:02:25,15,19,494,19.5%,78,NORMAL,371.0,0.0,4.0,False
1767695547.10,2026-01-06 16:02:27,15,19,494,19.5%,78,NORMAL,371.0,0.0,4.0,False
1767695548.21,2026-01-06 16:02:28,11,19,494,19.3%,78,NORMAL,371.0,0.0,4.0,False
1767695549.55,2026-01-06 16:02:29,11,19,494,19.2%,78,NORMAL,371.0,0.0,4.1,False
1767695550.69,2026-01-06 16:02:30,10,19,494,18.9%,78,NORMAL,371.0,0.0,4.1,False
1767695552.92,2026-01-06 16:02:32,11,19,494,18.7%,78,NORMAL,369.0,0.0,4.1,False
1767695554.04,2026-01-06 16:02:34,11,19,494,18.5%,78,NORMAL,369.0,0.0,4.1,False
1767695555.23,2026-01-06 16:02:35,10,19,494,18.3%,78,NORMAL,367.0,0.0,4.1,False
1767695556.23,2026-01-06 16:02:36,10,19,494,18.1%,78,NORMAL,367.0,0.0,4.2,False
1767695557.80,2026-01-06 16:02:37,10,19,495,17.9%,78,NORMAL,368.0,0.0,4.2,False
1767695559.84,2026-01-06 16:02:39,9,19,495,17.7%,78,NORMAL,368.0,0.0,4.2,False
1767695561.11,2026-01-06 16:02:41,9,19,495,17.6%,78,NORMAL,367.0,0.0,4.3,False
1767695562.41,2026-01-06 16:02:42,10,19,495,17.3%,78,NORMAL,367.0,0.0,4.3,False
1767695564.01,2026-01-06 16:02:44,11,19,496,17.3%,78,NORMAL,368.0,0.0,4.3,False
1767695565.26,2026-01-06 16:02:45,10,19,496,17.2%,78,NORMAL,368.0,0.0,4.3,False
1767695566.35,2026-01-06 16:02:46,11,19,498,17.2%,78,NORMAL,370.0,0.0,4.4,False
1767695567.89,2026-01-06 16:02:47,12,19,498,17.2%,78,NORMAL,370.0,0.0,4.4,False
1767695569.09,2026-01-06 16:02:49,12,19,498,17.3%,78,NORMAL,369.0,0.0,4.5,False
1767695570.40,2026-01-06 16:02:50,12,19,498,17.3%,78,NORMAL,369.0,0.0,4.5,False
1767695571.55,2026-01-06 16:02:51,12,19,499,17.3%,78,NORMAL,367.0,0.0,4.5,False
1767695572.90,2026-01-06 16:02:52,12,19,499,17.3%,78,NORMAL,367.0,0.0,4.5,False
1767695573.97,2026-01-06 16:02:53,14,19,501,17.4%,78,NORMAL,368.0,0.0,4.6,False
1767695575.47,2026-01-06 16:02:55,14,19,501,17.5%,78,NORMAL,368.0,0.0,4.6,False
1767695576.86,2026-01-06 16:02:56,13,19,501,17.6%,78,NORMAL,368.0,0.0,4.6,False
1767695578.69,2026-01-06 16:02:58,13,19,501,17.7%,78,NORMAL,367.0,0.0,4.6,False
1767695579.86,2026-01-06 16:02:59,13,19,503,17.8%,78,NORMAL,368.0,0.0,4.7,False
1767695581.37,2026-01-06 16:03:01,13,19,503,17.8%,78,NORMAL,368.0,0.0,4.7,False
1767695582.91,2026-01-06 16:03:02,13,19,503,17.8%,78,NORMAL,367.0,0.0,4.7,False
1767695584.81,2026-01-06 16:03:04,13,19,503,17.7%,78,NORMAL,366.0,0.0,4.7,False
1767695586.20,2026-01-06 16:03:06,12,19,503,17.6%,78,NORMAL,363.0,0.0,4.7,False
1767695587.80,2026-01-06 16:03:07,13,19,503,17.5%,78,NORMAL,363.0,0.0,4.7,False
1767695588.92,2026-01-06 16:03:08,15,19,504,17.5%,78,NORMAL,364.0,0.0,4.7,False
1767695590.90,2026-01-06 16:03:10,16,19,504,17.8%,78,NORMAL,363.0,0.0,4.7,False
1767695592.07,2026-01-06 16:03:12,16,19,504,18.0%,78,NORMAL,361.0,0.0,4.7,False
1767695593.88,2026-01-06 16:03:13,15,19,504,18.2%,78,NORMAL,360.0,0.0,4.7,False
1767695595.02,2026-01-06 16:03:15,12,19,504,18.3%,78,NORMAL,360.0,0.0,4.7,False
1767695596.59,2026-01-06 16:03:16,11,19,504,18.3%,78,NORMAL,360.0,0.0,4.7,False
1767695598.54,2026-01-06 16:03:18,12,19,504,18.4%,78,NORMAL,360.0,0.0,4.7,False
1767695599.56,2026-01-06 16:03:19,13,19,506,18.5%,78,NORMAL,360.0,0.0,4.7,False
1767695600.74,2026-01-06 16:03:20,10,19,506,18.5%,78,NORMAL,360.0,0.0,4.7,False
1767695601.89,2026-01-06 16:03:21,13,19,508,18.7%,78,NORMAL,361.0,0.0,4.7,False
1767695603.90,2026-01-06 16:03:23,12,19,508,18.8%,78,NORMAL,360.0,0.0,4.7,False
1767695604.94,2026-01-06 16:03:24,14,19,509,19.0%,78,NORMAL,361.0,0.0,4.7,False
1767695606.88,2026-01-06 16:03:26,12,19,511,19.1%,78,NORMAL,362.0,0.0,4.7,False
1767695607.92,2026-01-06 16:03:27,13,19,512,19.2%,78,NORMAL,363.0,0.0,4.7,False
1767695610.71,2026-01-06 16:03:30,12,19,512,19.3%,78,NORMAL,363.0,0.0,4.7,False
1767695611.84,2026-01-06 16:03:31,13,19,513,19.3%,78,NORMAL,363.0,0.0,4.7,False
1767695613.81,2026-01-06 16:03:33,11,19,513,19.3%,78,NORMAL,363.0,0.0,4.7,False
1767695614.88,2026-01-06 16:03:34,11,19,513,19.2%,78,NORMAL,361.0,0.0,4.7,False
1767695617.04,2026-01-06 16:03:37,11,19,513,19.2%,78,NORMAL,360.0,0.0,4.7,False
1767695618.22,2026-01-06 16:03:38,12,19,514,19.2%,78,NORMAL,361.0,0.0,4.7,False
1767695620.13,2026-01-06 16:03:40,12,19,515,19.1%,78,NORMAL,362.0,0.0,4.7,False
1767695621.19,2026-01-06 16:03:41,11,19,516,18.9%,78,NORMAL,363.0,0.0,4.7,False
1767695623.23,2026-01-06 16:03:43,11,19,516,18.8%,78,NORMAL,362.0,0.0,4.7,False
1767695624.31,2026-01-06 16:03:44,14,19,517,18.9%,78,NORMAL,363.0,0.0,4.7,False
1767695626.17,2026-01-06 16:03:46,12,19,518,18.8%,78,NORMAL,364.0,0.0,4.7,False
1767695627.53,2026-01-06 16:03:47,12,19,518,18.8%,78,NORMAL,362.0,0.0,4.7,False
1767695629.27,2026-01-06 16:03:49,13,19,518,18.8%,78,NORMAL,362.0,0.0,4.7,False
1767695630.85,2026-01-06 16:03:50,13,19,519,18.8%,78,NORMAL,362.0,0.0,4.6,False
1767695632.73,2026-01-06 16:03:52,12,19,519,18.8%,78,NORMAL,362.0,0.0,4.6,False
1767695633.88,2026-01-06 16:03:53,11,19,521,18.7%,78,NORMAL,363.0,0.0,4.6,False
1767695635.80,2026-01-06 16:03:55,11,19,521,18.5%,78,NORMAL,361.0,0.0,4.6,False
1767695636.88,2026-01-06 16:03:56,9,19,521,18.2%,78,NORMAL,359.0,0.0,4.6,False
1767695638.12,2026-01-06 16:03:58,9,19,521,17.9%,78,NORMAL,359.0,0.0,4.6,False
1767695639.29,2026-01-06 16:03:59,10,19,521,17.6%,78,NORMAL,359.0,0.0,4.6,False
1767695640.99,2026-01-06 16:04:00,11,19,522,17.6%,78,NORMAL,360.0,0.0,4.6,False
1767695642.03,2026-01-06 16:04:02,11,19,523,17.6%,78,NORMAL,361.0,0.0,4.6,False
1767695644.14,2026-01-06 16:04:04,12,19,524,17.6%,78,NORMAL,362.0,0.0,4.6,False
1767695645.46,2026-01-06 16:04:05,10,19,525,17.4%,78,NORMAL,363.0,0.0,4.6,False
1767695647.06,2026-01-06 16:04:07,11,19,525,17.5%,78,NORMAL,362.0,0.0,4.6,False
1767695648.31,2026-01-06 16:04:08,11,19,526,17.4%,78,NORMAL,363.0,0.0,4.6,False
1767695650.48,2026-01-06 16:04:10,12,19,526,17.4%,78,NORMAL,363.0,0.0,4.7,False
1767695652.04,2026-01-06 16:04:12,13,19,527,17.4%,78,NORMAL,363.0,0.0,4.7,False
1767695653.47,2026-01-06 16:04:13,12,19,527,17.4%,78,NORMAL,363.0,0.0,4.7,False
1767695655.90,2026-01-06 16:04:15,14,19,527,17.4%,78,NORMAL,362.0,0.0,4.7,False
1767695656.97,2026-01-06 16:04:16,14,19,529,17.5%,78,NORMAL,362.0,0.0,4.7,False
1767695658.20,2026-01-06 16:04:18,13,19,529,17.5%,78,NORMAL,362.0,0.0,4.7,False
1767695659.27,2026-01-06 16:04:19,15,19,531,17.7%,78,NORMAL,364.0,0.0,4.7,False
1767695661.40,2026-01-06 16:04:21,15,19,531,17.9%,78,NORMAL,364.0,0.0,4.7,False
1767695663.24,2026-01-06 16:04:23,15,19,532,18.0%,78,NORMAL,363.0,0.0,4.6,False
1767695665.43,2026-01-06 16:04:25,15,19,533,18.2%,78,NORMAL,364.0,0.0,4.6,False
1767695667.06,2026-01-06 16:04:27,14,19,534,18.3%,78,NORMAL,365.0,0.0,4.6,False
1767695669.35,2026-01-06 16:04:29,13,19,534,18.4%,78,NORMAL,365.0,0.0,4.6,False
1767695670.52,2026-01-06 16:04:30,12,19,534,18.4%,78,NORMAL,365.0,0.0,4.6,False
1767695672.28,2026-01-06 16:04:32,11,19,534,18.3%,78,NORMAL,364.0,0.0,4.6,False
1767695673.55,2026-01-06 16:04:33,11,19,534,18.2%,78,NORMAL,364.0,0.0,4.6,False
1767695675.02,2026-01-06 16:04:35,11,19,534,18.2%,78,NORMAL,364.0,0.0,4.6,False
1767695676.06,2026-01-06 16:04:36,14,19,535,18.2%,78,NORMAL,365.0,0.0,4.6,False
1767695678.65,2026-01-06 16:04:38,12,19,535,18.2%,78,NORMAL,364.0,0.0,4.6,False
1767695679.83,2026-01-06 16:04:39,13,19,535,18.2%,78,NORMAL,363.0,0.0,4.5,False
1767695681.83,2026-01-06 16:04:41,14,19,535,18.4%,78,NORMAL,363.0,0.0,4.5,False
1767695684.43,2026-01-06 16:04:44,11,19,536,18.4%,78,NORMAL,364.0,0.0,4.5,False
1767695686.14,2026-01-06 16:04:46,12,19,537,18.5%,78,NORMAL,363.0,0.0,4.5,False
1767695687.29,2026-01-06 16:04:47,12,19,538,18.7%,78,NORMAL,364.0,0.0,4.5,False
1767695688.95,2026-01-06 16:04:48,12,19,538,18.7%,78,NORMAL,361.0,0.0,4.5,False
1767695690.00,2026-01-06 16:04:49,12,19,538,18.8%,78,NORMAL,361.0,0.0,4.5,False
1767695691.88,2026-01-06 16:04:51,8,19,539,18.6%,78,NORMAL,361.0,0.0,4.4,False
1767695693.16,2026-01-06 16:04:53,10,19,540,18.6%,78,NORMAL,362.0,0.0,4.4,False
1767695694.57,2026-01-06 16:04:54,11,19,542,18.6%,78,NORMAL,364.0,0.0,4.4,False
1767695695.59,2026-01-06 16:04:55,11,19,542,18.6%,78,NORMAL,364.0,0.0,4.4,False
1767695696.80,2026-01-06 16:04:56,12,19,543,18.6%,78,NORMAL,365.0,0.0,4.4,False
1767695697.90,2026-01-06 16:04:57,13,19,544,18.7%,78,NORMAL,366.0,0.0,4.4,False
1767695699.81,2026-01-06 16:04:59,13,19,545,18.7%,78,NORMAL,367.0,0.0,4.4,False
1767695700.90,2026-01-06 16:05:00,14,19,547,18.8%,78,NORMAL,369.0,0.0,4.4,False
1767695702.27,2026-01-06 16:05:02,14,19,547,18.8%,78,NORMAL,369.0,0.0,4.4,False
1767695703.30,2026-01-06 16:05:03,12,19,547,18.7%,78,NORMAL,369.0,0.0,4.4,False
1767695704.46,2026-01-06 16:05:04,11,19,547,18.6%,78,NORMAL,369.0,0.0,4.5,False
1767695705.70,2026-01-06 16:05:05,12,19,547,18.5%,78,NORMAL,368.0,0.0,4.5,False
1767695707.59,2026-01-06 16:05:07,12,19,547,18.3%,78,NORMAL,368.0,0.0,4.5,False
1767695708.87,2026-01-06 16:05:08,13,19,549,18.2%,78,NORMAL,369.0,0.0,4.5,False
1767695710.52,2026-01-06 16:05:10,10,19,549,18.0%,78,NORMAL,368.0,0.0,4.5,False
1767695711.54,2026-01-06 16:05:11,13,19,550,18.0%,78,NORMAL,369.0,0.0,4.5,False
1767695713.10,2026-01-06 16:05:13,17,19,552,18.1%,78,NORMAL,371.0,0.0,4.4,False
1767695714.46,2026-01-06 16:05:14,13,19,553,18.2%,78,NORMAL,371.0,0.0,4.5,False
1767695715.62,2026-01-06 16:05:15,12,19,553,18.2%,78,NORMAL,371.0,0.0,4.5,False
1767695716.79,2026-01-06 16:05:16,9,19,553,18.1%,78,NORMAL,370.0,0.0,4.5,False
1767695717.93,2026-01-06 16:05:17,11,19,553,18.1%,78,NORMAL,370.0,0.0,4.5,False
1767695719.68,2026-01-06 16:05:19,10,19,553,17.9%,78,NORMAL,370.0,0.0,4.5,False
1767695721.07,2026-01-06 16:05:21,10,19,553,17.9%,78,NORMAL,370.0,0.0,4.5,False
1767695722.14,2026-01-06 16:05:22,11,19,553,17.8%,78,NORMAL,369.0,0.0,4.5,False
1767695723.63,2026-01-06 16:05:23,11,19,554,17.6%,78,NORMAL,369.0,0.0,4.6,False
1767695725.79,2026-01-06 16:05:25,11,19,554,17.6%,78,NORMAL,369.0,0.0,4.6,False
1767695727.26,2026-01-06 16:05:27,11,19,554,17.6%,78,NORMAL,368.0,0.0,4.6,False
1767695729.06,2026-01-06 16:05:29,12,19,554,17.6%,78,NORMAL,368.0,0.0,4.6,False
1767695730.49,2026-01-06 16:05:30,11,19,554,17.5%,78,NORMAL,368.0,0.0,4.6,False
1767695731.68,2026-01-06 16:05:31,11,19,554,17.5%,78,NORMAL,368.0,0.0,4.6,False
1767695734.03,2026-01-06 16:05:34,10,19,554,17.6%,78,NORMAL,368.0,0.0,4.5,False
1767695735.25,2026-01-06 16:05:35,10,19,554,17.6%,78,NORMAL,367.0,0.0,4.5,False
1767695736.28,2026-01-06 16:05:36,10,19,554,17.5%,78,NORMAL,367.0,0.0,4.5,False
1767695737.43,2026-01-06 16:05:37,11,19,555,17.5%,78,NORMAL,368.0,0.0,4.5,False
1767695738.63,2026-01-06 16:05:38,10,19,555,17.4%,78,NORMAL,368.0,0.0,4.5,False
1767695740.04,2026-01-06 16:05:40,9,19,555,17.2%,78,NORMAL,368.0,0.0,4.4,False
1767695741.44,2026-01-06 16:05:41,10,19,555,17.1%,78,NORMAL,368.0,0.0,4.4,False
1767695743.70,2026-01-06 16:05:43,11,19,557,17.0%,78,NORMAL,370.0,0.0,4.4,False
1767695745.34,2026-01-06 16:05:45,10,19,557,16.8%,78,NORMAL,370.0,0.0,4.3,False
1767695746.39,2026-01-06 16:05:46,11,19,558,16.7%,78,NORMAL,370.0,0.0,4.3,False
1767695747.68,2026-01-06 16:05:47,11,19,559,16.7%,78,NORMAL,370.0,0.0,4.3,False
1767695748.68,2026-01-06 16:05:48,9,19,559,16.6%,78,NORMAL,369.0,0.0,4.3,False
1767695750.34,2026-01-06 16:05:50,9,19,559,16.4%,78,NORMAL,369.0,0.0,4.2,False
1767695752.46,2026-01-06 16:05:52,9,19,559,16.3%,78,NORMAL,367.0,0.0,4.1,False
1767695753.71,2026-01-06 16:05:53,11,19,560,16.3%,78,NORMAL,368.0,0.0,4.1,False
1767695754.91,2026-01-06 16:05:54,11,19,561,16.2%,78,NORMAL,369.0,0.0,4.1,False
1767695756.02,2026-01-06 16:05:56,11,19,561,15.9%,78,NORMAL,369.0,0.0,4.1,False
1767695757.06,2026-01-06 16:05:57,11,19,561,15.8%,78,NORMAL,369.0,0.0,4.1,False
1767695759.13,2026-01-06 16:05:59,10,19,561,15.7%,78,NORMAL,369.0,0.0,4.0,False
1767695760.68,2026-01-06 16:06:00,9,19,561,15.7%,78,NORMAL,369.0,0.0,4.0,False
1767695762.56,2026-01-06 16:06:02,10,19,561,15.7%,78,NORMAL,368.0,0.0,4.0,False
1767695764.43,2026-01-06 16:06:04,11,19,562,15.7%,78,NORMAL,369.0,0.0,4.0,False
1767695765.44,2026-01-06 16:06:05,10,19,562,15.7%,78,NORMAL,369.0,0.0,4.1,False
1767695766.91,2026-01-06 16:06:06,10,19,562,15.7%,78,NORMAL,369.0,0.0,4.1,False
1767695768.36,2026-01-06 16:06:08,9,19,562,15.6%,78,NORMAL,367.0,0.0,4.1,False
1767695770.08,2026-01-06 16:06:10,9,19,562,15.5%,78,NORMAL,367.0,0.0,4.1,False
1767695772.07,2026-01-06 16:06:12,10,19,562,15.5%,78,NORMAL,364.0,0.0,4.2,False
1767695773.70,2026-01-06 16:06:13,9,19,562,15.3%,78,NORMAL,364.0,0.0,4.3,False
1767695775.39,2026-01-06 16:06:15,9,19,563,15.2%,78,NORMAL,365.0,0.0,4.3,False
1767695777.16,2026-01-06 16:06:17,9,19,563,15.1%,78,NORMAL,365.0,0.0,4.3,False
1767695778.97,2026-01-06 16:06:18,9,19,564,15.1%,78,NORMAL,364.0,0.0,4.3,False
1767695780.21,2026-01-06 16:06:20,9,19,565,15.0%,78,NORMAL,365.0,0.0,4.3,False
1767695781.59,2026-01-06 16:06:21,10,19,566,15.0%,78,NORMAL,366.0,0.0,4.3,False
1767695782.66,2026-01-06 16:06:22,10,19,566,15.0%,78,NORMAL,366.0,0.0,4.3,False
1767695783.96,2026-01-06 16:06:23,11,19,567,15.0%,78,NORMAL,367.0,0.0,4.3,False
1767695785.15,2026-01-06 16:06:25,13,19,569,15.2%,78,NORMAL,369.0,0.0,4.3,False
1767695787.01,2026-01-06 16:06:27,13,19,569,15.4%,78,NORMAL,367.0,0.0,4.3,False
1767695788.47,2026-01-06 16:06:28,11,19,569,15.4%,78,NORMAL,367.0,0.0,4.3,False
1767695790.24,2026-01-06 16:06:30,11,19,569,15.4%,78,NORMAL,367.0,0.0,4.3,False
1767695792.23,2026-01-06 16:06:32,9,19,569,15.3%,78,NORMAL,367.0,0.0,4.3,False
1767695793.53,2026-01-06 16:06:33,9,19,569,15.2%,78,NORMAL,367.0,0.0,4.3,False
1767695794.85,2026-01-06 16:06:34,8,19,569,15.2%,78,NORMAL,365.0,0.0,4.3,False
1767695795.87,2026-01-06 16:06:35,10,19,572,15.2%,78,NORMAL,368.0,0.0,4.3,False
1767695796.95,2026-01-06 16:06:36,11,19,573,15.3%,78,NORMAL,369.0,0.0,4.3,False
1767695798.36,2026-01-06 16:06:38,9,19,574,15.2%,78,NORMAL,369.0,0.0,4.3,False
1767695799.38,2026-01-06 16:06:39,9,19,574,15.1%,78,NORMAL,369.0,0.0,4.3,False
1767695800.79,2026-01-06 16:06:40,10,19,574,15.1%,78,NORMAL,369.0,0.0,4.3,False
1767695802.07,2026-01-06 16:06:42,11,19,575,15.1%,78,NORMAL,370.0,0.0,4.3,False
1767695803.63,2026-01-06 16:06:43,10,19,575,15.1%,78,NORMAL,369.0,0.0,4.3,False
1767695804.73,2026-01-06 16:06:44,10,19,575,15.1%,78,NORMAL,368.0,0.0,4.3,False
1767695806.77,2026-01-06 16:06:46,10,19,575,15.1%,78,NORMAL,368.0,0.0,4.4,False
1767695807.95,2026-01-06 16:06:47,9,19,576,15.0%,78,NORMAL,365.0,0.0,4.4,False
1767695810.03,2026-01-06 16:06:50,11,19,576,15.1%,78,NORMAL,365.0,0.0,4.3,False
1767695811.21,2026-01-06 16:06:51,10,19,577,15.1%,78,NORMAL,366.0,0.0,4.3,False
1767695813.13,2026-01-06 16:06:53,13,19,579,15.3%,78,NORMAL,367.0,0.0,4.3,False
1767695814.21,2026-01-06 16:06:54,13,19,580,15.5%,78,NORMAL,367.0,0.0,4.2,False
1767695815.53,2026-01-06 16:06:55,12,19,580,15.5%,78,NORMAL,367.0,0.0,4.2,False
1767695816.83,2026-01-06 16:06:56,13,19,580,15.7%,78,NORMAL,366.0,0.0,4.2,False
1767695818.54,2026-01-06 16:06:58,13,19,581,15.9%,78,NORMAL,367.0,0.0,4.2,False
1767695819.86,2026-01-06 16:06:59,12,19,581,16.1%,78,NORMAL,367.0,0.0,4.2,False
1767695822.44,2026-01-06 16:07:02,14,19,581,16.3%,78,NORMAL,367.0,0.0,4.1,False
1767695823.63,2026-01-06 16:07:03,11,19,581,16.4%,78,NORMAL,366.0,0.0,4.1,False
1767695825.67,2026-01-06 16:07:05,12,19,581,16.5%,78,NORMAL,366.0,0.0,4.1,False
1767695826.71,2026-01-06 16:07:06,10,19,581,16.5%,78,NORMAL,365.0,0.0,4.1,False
1767695827.99,2026-01-06 16:07:07,11,19,581,16.5%,78,NORMAL,365.0,0.0,4.1,False
1767695829.21,2026-01-06 16:07:09,10,19,581,16.4%,78,NORMAL,365.0,0.0,4.1,False
1767695830.99,2026-01-06 16:07:10,1,19,583,15.8%,78,NORMAL,367.0,0.0,4.1,False
1767695832.17,2026-01-06 16:07:12,13,19,583,15.9%,78,NORMAL,367.0,0.0,4.1,False
1767695834.15,2026-01-06 16:07:14,14,19,583,16.0%,78,NORMAL,365.0,0.0,4.1,False
1767695835.72,2026-01-06 16:07:15,14,19,583,16.2%,78,NORMAL,365.0,0.0,4.1,False
1767695837.44,2026-01-06 16:07:17,14,19,583,16.5%,78,NORMAL,364.0,0.0,4.1,False
1767695839.11,2026-01-06 16:07:19,13,19,583,16.7%,78,NORMAL,363.0,0.0,4.1,False
1767695840.73,2026-01-06 16:07:20,13,19,583,16.8%,78,NORMAL,362.0,0.0,4.1,False
1767695842.63,2026-01-06 16:07:22,12,19,583,16.9%,78,NORMAL,362.0,0.0,4.1,False
1767695844.20,2026-01-06 16:07:24,13,19,583,17.1%,78,NORMAL,362.0,0.0,4.1,False
1767695846.18,2026-01-06 16:07:26,14,19,583,17.3%,78,NORMAL,362.0,0.0,4.1,False
1767695848.48,2026-01-06 16:07:28,12,19,583,17.4%,78,NORMAL,362.0,0.0,4.1,False
1767695850.84,2026-01-06 16:07:30,13,19,583,17.5%,78,NORMAL,361.0,0.0,4.1,False
1767695852.90,2026-01-06 16:07:32,11,19,583,17.5%,78,NORMAL,361.0,0.0,4.1,False
1767695855.13,2026-01-06 16:07:35,13,19,583,17.7%,78,NORMAL,360.0,0.0,4.1,False
1767695856.78,2026-01-06 16:07:36,12,19,583,17.8%,78,NORMAL,359.0,0.0,4.0,False
1767695858.34,2026-01-06 16:07:38,10,19,583,17.8%,78,NORMAL,358.0,0.0,4.0,False
1767695859.86,2026-01-06 16:07:39,10,19,583,17.8%,78,NORMAL,358.0,0.0,4.0,False
1767695861.08,2026-01-06 16:07:41,1,19,583,17.3%,78,NORMAL,356.0,0.0,4.0,False
1767695862.26,2026-01-06 16:07:42,9,19,585,17.1%,78,NORMAL,358.0,0.0,3.9,False
1767695864.01,2026-01-06 16:07:44,12,19,588,17.1%,78,NORMAL,357.0,0.0,3.9,False
1767695865.18,2026-01-06 16:07:45,11,19,588,17.0%,78,NORMAL,357.0,0.0,3.9,False
1767695866.90,2026-01-06 16:07:46,11,19,589,17.0%,78,NORMAL,358.0,0.0,3.9,False
1767695868.17,2026-01-06 16:07:48,10,19,590,16.8%,78,NORMAL,358.0,0.0,3.8,False
1767695869.24,2026-01-06 16:07:49,11,19,591,16.8%,78,NORMAL,359.0,0.0,3.8,False
1767695870.79,2026-01-06 16:07:50,10,19,591,16.6%,78,NORMAL,356.0,0.0,3.8,False
1767695871.96,2026-01-06 16:07:51,12,19,592,16.6%,78,NORMAL,357.0,0.0,3.7,False
1767695873.35,2026-01-06 16:07:53,12,19,593,16.6%,78,NORMAL,357.0,0.0,3.7,False
1767695875.17,2026-01-06 16:07:55,10,19,593,16.6%,78,NORMAL,357.0,0.0,3.7,False
1767695876.72,2026-01-06 16:07:56,9,19,593,16.5%,78,NORMAL,356.0,0.0,3.7,False
1767695878.15,2026-01-06 16:07:58,8,19,593,16.4%,78,NORMAL,355.0,0.0,3.7,False
1767695880.06,2026-01-06 16:08:00,7,19,593,16.7%,78,NORMAL,355.0,0.0,3.7,False
1767695881.88,2026-01-06 16:08:01,8,19,593,16.5%,78,NORMAL,353.0,0.0,3.7,False
1767695883.22,2026-01-06 16:08:03,9,19,594,16.3%,78,NORMAL,353.0,0.0,3.7,False
1767695884.59,2026-01-06 16:08:04,9,19,595,16.0%,78,NORMAL,354.0,0.0,3.7,False
1767695886.13,2026-01-06 16:08:06,9,19,595,15.8%,78,NORMAL,354.0,0.0,3.7,False
1767695887.16,2026-01-06 16:08:07,9,19,595,15.6%,78,NORMAL,353.0,0.0,3.6,False
1767695889.06,2026-01-06 16:08:09,8,19,596,15.4%,78,NORMAL,354.0,0.0,3.6,False
1767695890.20,2026-01-06 16:08:10,7,19,596,15.1%,78,NORMAL,354.0,0.0,3.6,False
1767695891.56,2026-01-06 16:08:11,10,19,598,15.0%,78,NORMAL,355.0,0.0,3.6,False
1767695892.79,2026-01-06 16:08:12,8,19,598,14.7%,78,NORMAL,355.0,0.0,3.6,False
1767695893.93,2026-01-06 16:08:13,9,19,598,14.6%,78,NORMAL,355.0,0.0,3.6,False
1767695895.60,2026-01-06 16:08:15,8,19,598,14.3%,78,NORMAL,354.0,0.0,3.6,False
1767695896.60,2026-01-06 16:08:16,8,19,598,14.2%,78,NORMAL,354.0,0.0,3.6,False
1767695898.07,2026-01-06 16:08:18,8,19,598,13.9%,78,NORMAL,354.0,0.0,3.6,False
1767695899.30,2026-01-06 16:08:19,8,19,598,13.7%,78,NORMAL,353.0,0.0,3.5,False
1767695901.61,2026-01-06 16:08:21,11,19,600,13.8%,78,NORMAL,355.0,0.0,3.5,False
1767695902.98,2026-01-06 16:08:22,12,19,600,13.9%,78,NORMAL,355.0,0.0,3.5,False
1767695904.67,2026-01-06 16:08:24,11,19,600,14.4%,78,NORMAL,355.0,0.0,3.5,False
1767695905.99,2026-01-06 16:08:25,11,19,600,14.5%,78,NORMAL,355.0,0.0,3.5,False
1767695908.62,2026-01-06 16:08:28,12,19,600,14.5%,78,NORMAL,355.0,0.0,3.5,False
1767695909.67,2026-01-06 16:08:29,13,19,600,14.6%,78,NORMAL,355.0,0.0,3.5,False
1767695910.70,2026-01-06 16:08:30,12,19,600,14.6%,78,NORMAL,355.0,0.0,3.5,False
1767695912.31,2026-01-06 16:08:32,11,19,600,14.7%,78,NORMAL,355.0,0.0,3.5,False
1767695914.74,2026-01-06 16:08:34,9,19,600,14.6%,78,NORMAL,354.0,0.0,3.5,False
1767695916.05,2026-01-06 16:08:36,9,19,600,14.5%,78,NORMAL,354.0,0.0,3.5,False
1767695917.72,2026-01-06 16:08:37,7,19,600,14.3%,78,NORMAL,354.0,0.0,3.5,False
1767695919.44,2026-01-06 16:08:39,8,19,600,14.1%,78,NORMAL,353.0,0.0,3.5,False
1767695920.55,2026-01-06 16:08:40,7,19,600,14.0%,78,NORMAL,353.0,0.0,3.5,False
1767695921.74,2026-01-06 16:08:41,8,19,601,13.9%,78,NORMAL,354.0,0.0,3.6,False
1767695922.92,2026-01-06 16:08:42,8,19,601,13.9%,78,NORMAL,354.0,0.0,3.6,False
1767695924.60,2026-01-06 16:08:44,9,19,603,14.0%,78,NORMAL,355.0,0.0,3.6,False
1767695925.93,2026-01-06 16:08:45,9,19,603,14.1%,78,NORMAL,355.0,0.0,3.6,False
1767695927.11,2026-01-06 16:08:47,9,19,603,14.1%,78,NORMAL,354.0,0.0,3.5,False
1767695928.53,2026-01-06 16:08:48,9,19,603,14.1%,78,NORMAL,353.0,0.0,3.5,False
1767695929.69,2026-01-06 16:08:49,11,19,603,14.1%,78,NORMAL,353.0,0.0,3.5,False
1767695931.01,2026-01-06 16:08:51,11,19,603,14.2%,78,NORMAL,353.0,0.0,3.5,False
1767695932.12,2026-01-06 16:08:52,8,19,603,14.2%,78,NORMAL,352.0,0.0,3.5,False
1767695933.15,2026-01-06 16:08:53,8,19,603,14.3%,78,NORMAL,352.0,0.0,3.5,False
1767695934.66,2026-01-06 16:08:54,7,19,603,14.1%,78,NORMAL,351.0,0.0,3.5,False
1767695935.80,2026-01-06 16:08:55,6,19,603,14.0%,78,NORMAL,350.0,0.0,3.6,False
1767695937.19,2026-01-06 16:08:57,7,19,603,13.9%,78,NORMAL,350.0,0.0,3.6,False
1767695938.36,2026-01-06 16:08:58,6,19,603,13.9%,78,NORMAL,350.0,0.0,3.6,False
1767695940.12,2026-01-06 16:09:00,6,19,603,13.8%,78,NORMAL,350.0,0.0,3.7,False
1767695941.48,2026-01-06 16:09:01,6,19,603,13.7%,78,NORMAL,350.0,0.0,3.7,False
1767695942.58,2026-01-06 16:09:02,6,19,603,13.6%,78,NORMAL,350.0,0.0,3.7,False
1767695943.76,2026-01-06 16:09:03,8,19,604,13.4%,78,NORMAL,350.0,0.0,3.7,False
1767695945.29,2026-01-06 16:09:05,9,19,606,13.3%,78,NORMAL,352.0,0.0,3.8,False
1767695946.43,2026-01-06 16:09:06,9,19,608,13.2%,78,NORMAL,354.0,0.0,3.8,False
1767695947.86,2026-01-06 16:09:07,8,19,608,13.0%,78,NORMAL,354.0,0.0,3.8,False
1767695949.28,2026-01-06 16:09:09,9,19,608,12.9%,78,NORMAL,354.0,0.0,3.9,False
1767695950.34,2026-01-06 16:09:10,9,19,609,12.7%,78,NORMAL,354.0,0.0,3.9,False
1767695952.07,2026-01-06 16:09:12,7,19,609,12.5%,78,NORMAL,353.0,0.0,3.9,False
1767695953.13,2026-01-06 16:09:13,7,19,609,12.3%,78,NORMAL,352.0,0.0,4.0,False
1767695954.63,2026-01-06 16:09:14,10,19,610,12.3%,78,NORMAL,352.0,0.0,4.0,False
1767695955.71,2026-01-06 16:09:15,8,19,610,12.3%,78,NORMAL,351.0,0.0,4.0,False
1767695957.10,2026-01-06 16:09:17,7,19,610,12.3%,78,NORMAL,350.0,0.0,4.0,False
1767695958.44,2026-01-06 16:09:18,9,19,611,12.3%,78,NORMAL,351.0,0.0,4.1,False
1767695959.51,2026-01-06 16:09:19,8,19,611,12.4%,78,NORMAL,351.0,0.0,4.1,False
1767695961.22,2026-01-06 16:09:21,8,19,611,12.4%,78,NORMAL,351.0,0.0,4.1,False
1767695962.37,2026-01-06 16:09:22,9,19,612,12.4%,78,NORMAL,352.0,0.0,4.1,False
1767695963.50,2026-01-06 16:09:23,8,19,612,12.4%,78,NORMAL,352.0,0.0,4.1,False
1767695965.17,2026-01-06 16:09:25,8,19,612,12.3%,78,NORMAL,351.0,0.0,4.1,False
1767695966.38,2026-01-06 16:09:26,8,19,613,12.3%,78,NORMAL,350.0,0.0,4.1,False
1767695967.98,2026-01-06 16:09:27,8,19,613,12.2%,78,NORMAL,348.0,0.0,4.1,False
1767695969.62,2026-01-06 16:09:29,7,19,614,12.0%,78,NORMAL,348.0,0.0,4.1,False
1767695970.66,2026-01-06 16:09:30,8,19,614,11.9%,78,NORMAL,346.0,0.0,4.2,False
1767695971.84,2026-01-06 16:09:31,7,19,614,11.8%,78,NORMAL,346.0,0.0,4.2,False
1767695973.56,2026-01-06 16:09:33,7,19,614,11.8%,78,NORMAL,344.0,0.0,4.2,False
1767695974.56,2026-01-06 16:09:34,8,19,615,11.8%,78,NORMAL,345.0,0.0,4.2,False
1767695976.23,2026-01-06 16:09:36,11,19,615,12.1%,78,NORMAL,345.0,0.0,4.3,False
1767695977.23,2026-01-06 16:09:37,10,19,616,12.2%,78,NORMAL,346.0,0.0,4.3,False
1767695978.74,2026-01-06 16:09:38,9,19,616,12.4%,78,NORMAL,346.0,0.0,4.3,False
1767695979.77,2026-01-06 16:09:39,9,19,616,12.5%,78,NORMAL,346.0,0.0,4.2,False
1767695980.95,2026-01-06 16:09:40,9,19,616,12.7%,78,NORMAL,346.0,0.0,4.2,False
1767695982.22,2026-01-06 16:09:42,10,19,616,12.9%,78,NORMAL,346.0,0.0,4.2,False
1767695983.69,2026-01-06 16:09:43,10,19,616,12.9%,78,NORMAL,346.0,0.0,4.2,False
1767695984.77,2026-01-06 16:09:44,10,19,616,13.0%,78,NORMAL,344.0,0.0,4.2,False
1767695985.92,2026-01-06 16:09:45,10,19,616,13.0%,78,NORMAL,344.0,0.0,4.2,False
1767695987.06,2026-01-06 16:09:47,10,19,617,13.1%,78,NORMAL,345.0,0.0,4.2,False
1767695988.23,2026-01-06 16:09:48,11,19,617,13.2%,78,NORMAL,345.0,0.0,4.2,False
1767695989.95,2026-01-06 16:09:49,10,19,617,13.3%,78,NORMAL,345.0,0.0,4.2,False
1767695991.29,2026-01-06 16:09:51,10,19,617,13.4%,78,NORMAL,345.0,0.0,4.2,False
1767695992.42,2026-01-06 16:09:52,11,19,617,13.6%,78,NORMAL,345.0,0.0,4.2,False
1767695994.55,2026-01-06 16:09:54,10,19,617,13.6%,78,NORMAL,345.0,0.0,4.3,False
1767695995.60,2026-01-06 16:09:55,11,19,619,13.8%,78,NORMAL,347.0,0.0,4.3,False
1767695997.76,2026-01-06 16:09:57,12,19,620,14.0%,78,NORMAL,348.0,0.0,4.3,False
1767695999.01,2026-01-06 16:09:59,15,19,621,14.3%,78,NORMAL,349.0,0.0,4.3,False
1767696001.82,2026-01-06 16:10:01,15,19,622,14.6%,78,NORMAL,349.0,0.0,4.3,False
1767696003.17,2026-01-06 16:10:03,15,19,622,15.0%,78,NORMAL,349.0,0.0,4.3,False
1767696005.68,2026-01-06 16:10:05,14,19,622,15.2%,78,NORMAL,348.0,0.0,4.3,False
1767696006.96,2026-01-06 16:10:06,14,19,622,15.5%,78,NORMAL,346.0,0.0,4.4,False
1767696008.71,2026-01-06 16:10:08,13,19,622,15.7%,78,NORMAL,346.0,0.0,4.4,False
1767696009.85,2026-01-06 16:10:09,13,19,622,15.9%,78,NORMAL,345.0,0.0,4.4,False
1767696011.27,2026-01-06 16:10:11,11,19,622,16.1%,78,NORMAL,345.0,0.0,4.4,False
1767696012.49,2026-01-06 16:10:12,10,19,622,16.2%,78,NORMAL,345.0,0.0,4.5,False
1767696013.83,2026-01-06 16:10:13,10,19,623,16.3%,78,NORMAL,346.0,0.0,4.5,False
1767696015.56,2026-01-06 16:10:15,12,19,623,16.6%,78,NORMAL,346.0,0.0,4.5,False
1767696017.81,2026-01-06 16:10:17,12,19,623,16.8%,78,NORMAL,345.0,0.0,4.5,False
1767696019.04,2026-01-06 16:10:19,11,19,623,17.0%,78,NORMAL,344.0,0.0,4.5,False
1767696021.61,2026-01-06 16:10:21,13,19,624,17.1%,78,NORMAL,344.0,0.0,4.5,False
1767696022.64,2026-01-06 16:10:22,13,19,624,17.2%,78,NORMAL,343.0,0.0,4.5,False
1767696025.12,2026-01-06 16:10:25,11,19,624,17.3%,78,NORMAL,342.0,0.0,4.5,False
1767696026.37,2026-01-06 16:10:26,10,19,624,17.3%,78,NORMAL,342.0,0.0,4.4,False
1767696027.62,2026-01-06 16:10:27,10,19,624,17.4%,78,NORMAL,341.0,0.0,4.4,False
1767696029.32,2026-01-06 16:10:29,9,19,624,17.3%,78,NORMAL,340.0,0.0,4.4,False
1767696030.34,2026-01-06 16:10:30,10,19,625,17.3%,78,NORMAL,341.0,0.0,4.4,False
1767696032.32,2026-01-06 16:10:32,10,19,626,17.3%,78,NORMAL,342.0,0.0,4.3,False
1767696033.33,2026-01-06 16:10:33,9,19,626,17.3%,78,NORMAL,341.0,0.0,4.3,False
1767696035.02,2026-01-06 16:10:35,10,19,627,17.3%,78,NORMAL,342.0,0.0,4.3,False
1767696036.14,2026-01-06 16:10:36,12,19,627,17.3%,78,NORMAL,341.0,0.0,4.3,False
1767696037.31,2026-01-06 16:10:37,11,19,627,17.4%,78,NORMAL,340.0,0.0,4.3,False
1767696038.50,2026-01-06 16:10:38,12,19,629,17.5%,78,NORMAL,341.0,0.0,4.3,False
1767696039.58,2026-01-06 16:10:39,11,19,629,17.5%,78,NORMAL,341.0,0.0,4.3,False
1767696041.90,2026-01-06 16:10:41,11,19,629,17.5%,78,NORMAL,341.0,0.0,4.3,False
1767696044.36,2026-01-06 16:10:44,11,19,629,17.5%,78,NORMAL,341.0,0.0,4.3,False
1767696046.99,2026-01-06 16:10:46,11,19,630,17.5%,78,NORMAL,341.0,0.0,4.3,False
1767696048.14,2026-01-06 16:10:48,9,19,630,17.2%,78,NORMAL,339.0,0.0,4.3,False
1767696049.53,2026-01-06 16:10:49,10,19,630,17.0%,78,NORMAL,338.0,0.0,4.3,False
1767696050.72,2026-01-06 16:10:50,10,19,632,16.7%,78,NORMAL,339.0,0.0,4.3,False
1767696051.90,2026-01-06 16:10:51,10,19,632,16.5%,78,NORMAL,338.0,0.0,4.3,False
1767696052.90,2026-01-06 16:10:52,11,19,633,16.4%,78,NORMAL,338.0,0.0,4.4,False
1767696054.70,2026-01-06 16:10:54,10,19,634,16.3%,78,NORMAL,339.0,0.0,4.4,False
1767696055.99,2026-01-06 16:10:55,10,19,635,16.1%,78,NORMAL,340.0,0.0,4.4,False
1767696057.83,2026-01-06 16:10:57,9,19,635,16.0%,78,NORMAL,340.0,0.0,4.4,False
1767696058.98,2026-01-06 16:10:58,11,19,636,16.1%,78,NORMAL,340.0,0.0,4.4,False
1767696060.01,2026-01-06 16:11:00,11,19,636,16.1%,78,NORMAL,340.0,0.0,4.4,False
1767696061.56,2026-01-06 16:11:01,11,19,636,16.1%,78,NORMAL,340.0,0.0,4.4,False
1767696062.57,2026-01-06 16:11:02,11,19,637,16.0%,78,NORMAL,341.0,0.0,4.3,False
1767696064.15,2026-01-06 16:11:04,10,19,637,16.0%,78,NORMAL,340.0,0.0,4.3,False
1767696065.21,2026-01-06 16:11:05,11,19,637,15.9%,78,NORMAL,340.0,0.0,4.3,False
1767696066.95,2026-01-06 16:11:06,10,19,637,15.7%,78,NORMAL,339.0,0.0,4.3,False
1767696068.06,2026-01-06 16:11:08,13,19,638,15.8%,78,NORMAL,339.0,0.0,4.3,False
1767696069.16,2026-01-06 16:11:09,13,19,639,16.0%,78,NORMAL,339.0,0.0,4.3,False
1767696071.14,2026-01-06 16:11:11,13,19,639,16.1%,78,NORMAL,337.0,0.0,4.3,False
1767696072.19,2026-01-06 16:11:12,15,19,640,16.4%,78,NORMAL,337.0,0.0,4.2,False
1767696074.09,2026-01-06 16:11:14,13,19,640,16.5%,78,NORMAL,337.0,0.0,4.2,False
1767696075.69,2026-01-06 16:11:15,10,19,642,16.5%,78,NORMAL,339.0,0.0,4.2,False
1767696077.13,2026-01-06 16:11:17,11,19,642,16.6%,78,NORMAL,339.0,0.0,4.2,False
1767696078.54,2026-01-06 16:11:18,9,19,643,16.6%,78,NORMAL,339.0,0.0,4.2,False
1767696080.51,2026-01-06 16:11:20,10,19,644,16.5%,78,NORMAL,340.0,0.0,4.2,False
1767696082.22,2026-01-06 16:11:22,13,19,646,16.6%,78,NORMAL,342.0,0.0,4.2,False
1767696084.67,2026-01-06 16:11:24,14,19,647,16.7%,78,NORMAL,343.0,0.0,4.2,False
1767696085.83,2026-01-06 16:11:25,13,19,649,16.8%,78,NORMAL,345.0,0.0,4.1,False
1767696087.06,2026-01-06 16:11:27,13,19,649,16.9%,78,NORMAL,345.0,0.0,4.1,False
1767696088.69,2026-01-06 16:11:28,14,19,651,17.0%,78,NORMAL,347.0,0.0,4.1,False
1767696090.31,2026-01-06 16:11:30,13,19,651,17.1%,78,NORMAL,347.0,0.0,4.1,False
1767696091.42,2026-01-06 16:11:31,10,19,651,17.2%,78,NORMAL,347.0,0.0,4.1,False
1767696092.59,2026-01-06 16:11:32,9,19,651,17.1%,78,NORMAL,347.0,0.0,4.0,False
1767696094.21,2026-01-06 16:11:34,13,19,655,17.2%,78,NORMAL,351.0,0.0,4.0,False
1767696095.49,2026-01-06 16:11:35,13,19,655,17.4%,78,NORMAL,350.0,0.0,4.0,False
1767696096.71,2026-01-06 16:11:36,14,19,655,17.5%,78,NORMAL,350.0,0.0,4.0,False
1767696097.72,2026-01-06 16:11:37,12,19,655,17.6%,78,NORMAL,349.0,0.0,4.0,False
1767696099.08,2026-01-06 16:11:39,11,19,655,17.7%,78,NORMAL,349.0,0.0,3.9,False
1767696100.28,2026-01-06 16:11:40,10,19,655,17.7%,78,NORMAL,349.0,0.0,3.9,False
1767696101.84,2026-01-06 16:11:41,12,19,655,17.8%,78,NORMAL,349.0,0.0,3.9,False
1767696103.25,2026-01-06 16:11:43,13,19,656,17.9%,78,NORMAL,349.0,0.0,3.9,False
1767696106.94,2026-01-06 16:11:46,13,19,657,18.0%,78,NORMAL,350.0,0.0,3.8,False
1767696108.20,2026-01-06 16:11:48,12,19,658,18.0%,78,NORMAL,351.0,0.0,3.8,False
1767696110.08,2026-01-06 16:11:50,13,19,658,18.1%,78,NORMAL,351.0,0.0,3.8,False
1767696111.30,2026-01-06 16:11:51,13,19,658,18.2%,78,NORMAL,351.0,0.0,3.7,False
1767696113.46,2026-01-06 16:11:53,12,19,658,18.3%,78,NORMAL,351.0,0.0,3.7,False
1767696114.66,2026-01-06 16:11:54,15,19,661,18.4%,78,NORMAL,354.0,0.0,3.6,False
1767696116.77,2026-01-06 16:11:56,14,19,662,18.5%,78,NORMAL,355.0,0.0,3.6,False
1767696117.86,2026-01-06 16:11:57,13,19,663,18.5%,78,NORMAL,356.0,0.0,3.6,False
1767696120.16,2026-01-06 16:12:00,13,19,663,18.4%,78,NORMAL,356.0,0.0,3.6,False
1767696121.40,2026-01-06 16:12:01,11,19,663,18.3%,78,NORMAL,355.0,0.0,3.6,False
1767696123.54,2026-01-06 16:12:03,10,19,663,18.3%,78,NORMAL,355.0,0.0,3.6,False
1767696124.71,2026-01-06 16:12:04,10,19,665,18.2%,78,NORMAL,354.0,0.0,3.6,False
1767696125.73,2026-01-06 16:12:05,10,19,665,18.3%,78,NORMAL,353.0,0.0,3.6,False
1767696126.74,2026-01-06 16:12:06,11,19,667,18.3%,78,NORMAL,353.0,0.0,3.6,False
1767696128.04,2026-01-06 16:12:08,10,19,668,18.2%,78,NORMAL,354.0,0.0,3.6,False
1767696129.55,2026-01-06 16:12:09,9,19,669,18.0%,78,NORMAL,354.0,0.0,3.7,False
1767696130.81,2026-01-06 16:12:10,8,19,669,17.7%,78,NORMAL,354.0,0.0,3.7,False
1767696132.09,2026-01-06 16:12:12,9,19,669,17.5%,78,NORMAL,354.0,0.0,3.7,False
1767696134.00,2026-01-06 16:12:14,9,19,669,17.3%,78,NORMAL,354.0,0.0,3.7,False
1767696135.27,2026-01-06 16:12:15,8,19,670,17.1%,78,NORMAL,354.0,0.0,3.8,False
1767696136.42,2026-01-06 16:12:16,10,19,671,17.1%,78,NORMAL,355.0,0.0,3.8,False
1767696137.59,2026-01-06 16:12:17,8,19,671,17.0%,78,NORMAL,354.0,0.0,3.8,False
1767696138.81,2026-01-06 16:12:18,9,19,672,16.8%,78,NORMAL,355.0,0.0,3.8,False
1767696140.07,2026-01-06 16:12:20,9,19,672,16.6%,78,NORMAL,355.0,0.0,3.8,False
1767696141.33,2026-01-06 16:12:21,9,19,672,16.4%,78,NORMAL,355.0,0.0,3.8,False
1767696143.28,2026-01-06 16:12:23,9,19,673,16.2%,78,NORMAL,356.0,0.0,3.8,False
1767696145.12,2026-01-06 16:12:25,11,19,673,16.2%,78,NORMAL,356.0,0.0,3.8,False
1767696146.25,2026-01-06 16:12:26,9,19,674,16.2%,78,NORMAL,356.0,0.0,3.8,False
1767696148.50,2026-01-06 16:12:28,9,19,674,16.1%,78,NORMAL,356.0,0.0,3.8,False
1767696149.65,2026-01-06 16:12:29,9,19,674,15.9%,78,NORMAL,356.0,0.0,3.8,False
1767696152.30,2026-01-06 16:12:32,10,19,674,15.7%,78,NORMAL,356.0,0.0,3.8,False
1767696153.49,2026-01-06 16:12:33,13,19,674,15.8%,78,NORMAL,355.0,0.0,3.8,False
1767696155.29,2026-01-06 16:12:35,12,19,674,15.7%,78,NORMAL,355.0,0.0,3.8,False
1767696156.59,2026-01-06 16:12:36,11,19,675,15.6%,78,NORMAL,356.0,0.0,3.8,False
1767696157.70,2026-01-06 16:12:37,10,19,675,15.5%,78,NORMAL,356.0,0.0,3.8,False
1767696158.88,2026-01-06 16:12:38,12,19,676,15.4%,78,NORMAL,356.0,0.0,3.8,False
1767696160.32,2026-01-06 16:12:40,11,19,676,15.3%,78,NORMAL,356.0,0.0,3.8,False
1767696161.36,2026-01-06 16:12:41,9,19,677,15.1%,78,NORMAL,356.0,0.0,3.8,False
1767696162.37,2026-01-06 16:12:42,6,19,678,14.7%,78,NORMAL,357.0,0.0,3.8,False
1767696163.50,2026-01-06 16:12:43,7,19,678,14.5%,78,NORMAL,357.0,0.0,3.8,False
1767696164.63,2026-01-06 16:12:44,7,19,678,14.4%,78,NORMAL,356.0,0.0,3.7,False
1767696166.70,2026-01-06 16:12:46,8,19,679,14.3%,78,NORMAL,357.0,0.0,3.7,False
1767696167.81,2026-01-06 16:12:47,8,19,681,14.2%,78,NORMAL,358.0,0.0,3.7,False
1767696168.95,2026-01-06 16:12:48,9,19,681,14.1%,78,NORMAL,358.0,0.0,3.7,False
1767696170.32,2026-01-06 16:12:50,11,19,682,14.2%,78,NORMAL,358.0,0.0,3.7,False
1767696171.60,2026-01-06 16:12:51,11,19,682,14.2%,78,NORMAL,358.0,0.0,3.7,False
1767696172.65,2026-01-06 16:12:52,11,19,682,14.4%,78,NORMAL,358.0,0.0,3.7,False
1767696173.95,2026-01-06 16:12:53,10,19,682,14.4%,78,NORMAL,358.0,0.0,3.6,False
1767696175.33,2026-01-06 16:12:55,11,19,684,14.5%,78,NORMAL,360.0,0.0,3.6,False
1767696176.52,2026-01-06 16:12:56,13,19,685,14.8%,78,NORMAL,361.0,0.0,3.6,False
1767696177.94,2026-01-06 16:12:57,12,19,685,14.9%,78,NORMAL,361.0,0.0,3.6,False
1767696179.03,2026-01-06 16:12:59,11,19,686,15.0%,78,NORMAL,362.0,0.0,3.6,False
1767696180.06,2026-01-06 16:13:00,10,19,686,15.1%,78,NORMAL,362.0,0.0,3.5,False
1767696181.63,2026-01-06 16:13:01,10,19,686,15.1%,78,NORMAL,360.0,0.0,3.5,False
1767696182.83,2026-01-06 16:13:02,9,19,686,15.1%,78,NORMAL,360.0,0.0,3.5,False
1767696184.54,2026-01-06 16:13:04,8,19,686,15.1%,78,NORMAL,360.0,0.0,3.5,False
1767696185.88,2026-01-06 16:13:05,9,19,686,15.0%,78,NORMAL,360.0,0.0,3.5,False
1767696187.08,2026-01-06 16:13:07,8,19,687,14.9%,78,NORMAL,360.0,0.0,3.5,False
1767696188.30,2026-01-06 16:13:08,8,19,687,14.9%,78,NORMAL,360.0,0.0,3.5,False
1767696189.90,2026-01-06 16:13:09,8,19,687,14.8%,78,NORMAL,360.0,0.0,3.5,False
1767696191.58,2026-01-06 16:13:11,9,19,687,14.8%,78,NORMAL,359.0,0.0,3.5,False
1767696192.81,2026-01-06 16:13:12,9,19,688,14.6%,78,NORMAL,360.0,0.0,3.5,False
1767696194.34,2026-01-06 16:13:14,8,19,688,14.4%,78,NORMAL,360.0,0.0,3.5,False
1767696195.52,2026-01-06 16:13:15,9,19,689,14.3%,78,NORMAL,360.0,0.0,3.5,False
1767696196.57,2026-01-06 16:13:16,9,19,689,14.2%,78,NORMAL,360.0,0.0,3.5,False
1767696198.00,2026-01-06 16:13:17,8,19,689,14.1%,78,NORMAL,360.0,0.0,3.5,False
1767696199.68,2026-01-06 16:13:19,8,19,689,13.9%,78,NORMAL,360.0,0.0,3.5,False
1767696201.14,2026-01-06 16:13:21,10,19,690,14.0%,78,NORMAL,361.0,0.0,3.5,False
1767696202.84,2026-01-06 16:13:22,10,19,691,14.2%,78,NORMAL,360.0,0.0,3.4,False
1767696204.19,2026-01-06 16:13:24,10,19,691,14.3%,78,NORMAL,359.0,0.0,3.4,False
1767696205.64,2026-01-06 16:13:25,9,19,691,14.4%,78,NORMAL,358.0,0.0,3.4,False
1767696207.31,2026-01-06 16:13:27,8,19,691,14.4%,78,NORMAL,357.0,0.0,3.4,False
1767696208.55,2026-01-06 16:13:28,9,19,691,14.4%,78,NORMAL,356.0,0.0,3.4,False
1767696209.68,2026-01-06 16:13:29,8,19,691,14.4%,78,NORMAL,354.0,0.0,3.5,False
1767696210.81,2026-01-06 16:13:30,8,19,691,14.3%,78,NORMAL,353.0,0.0,3.5,False
1767696212.24,2026-01-06 16:13:32,7,19,691,14.1%,78,NORMAL,352.0,0.0,3.5,False
1767696214.61,2026-01-06 16:13:34,6,19,691,13.8%,78,NORMAL,351.0,0.0,3.6,False
1767696215.64,2026-01-06 16:13:35,8,19,691,13.7%,78,NORMAL,350.0,0.0,3.6,False
1767696217.15,2026-01-06 16:13:37,8,19,691,13.6%,78,NORMAL,349.0,0.0,3.6,False
1767696218.17,2026-01-06 16:13:38,8,19,692,13.3%,78,NORMAL,349.0,0.0,3.7,False
1767696219.40,2026-01-06 16:13:39,8,19,692,13.1%,78,NORMAL,348.0,0.0,3.7,False
1767696220.96,2026-01-06 16:13:40,8,19,693,13.0%,78,NORMAL,348.0,0.0,3.8,False
1767696222.54,2026-01-06 16:13:42,8,19,693,12.9%,78,NORMAL,348.0,0.0,3.8,False
1767696224.71,2026-01-06 16:13:44,8,19,694,12.8%,78,NORMAL,349.0,0.0,3.8,False
1767696225.86,2026-01-06 16:13:45,7,19,694,12.7%,78,NORMAL,349.0,0.0,3.8,False
1767696227.20,2026-01-06 16:13:47,7,19,694,12.7%,78,NORMAL,349.0,0.0,3.8,False
1767696228.93,2026-01-06 16:13:48,6,19,694,12.5%,78,NORMAL,348.0,0.0,3.8,False
1767696230.29,2026-01-06 16:13:50,6,19,695,12.4%,78,NORMAL,348.0,0.0,3.8,False
1767696232.18,2026-01-06 16:13:52,6,19,695,12.3%,78,NORMAL,348.0,0.0,3.8,False
1767696233.25,2026-01-06 16:13:53,5,19,695,12.2%,78,NORMAL,347.0,0.0,3.8,False
1767696234.64,2026-01-06 16:13:54,5,19,695,12.0%,78,NORMAL,347.0,0.0,3.8,False
1767696235.98,2026-01-06 16:13:55,6,19,696,11.8%,78,NORMAL,348.0,0.0,3.8,False
1767696237.34,2026-01-06 16:13:57,5,19,697,11.7%,78,NORMAL,349.0,0.0,3.8,False
1767696238.46,2026-01-06 16:13:58,5,19,697,11.5%,78,NORMAL,348.0,0.0,3.8,False
1767696239.62,2026-01-06 16:13:59,5,19,697,11.3%,78,NORMAL,348.0,0.0,3.8,False
1767696241.26,2026-01-06 16:14:01,5,19,697,11.1%,78,NORMAL,346.0,0.0,3.8,False
1767696242.27,2026-01-06 16:14:02,6,19,699,11.0%,78,NORMAL,348.0,0.0,3.9,False
1767696243.56,2026-01-06 16:14:03,6,19,699,10.8%,78,NORMAL,347.0,0.0,3.9,False
1767696244.68,2026-01-06 16:14:04,7,19,699,10.7%,78,NORMAL,347.0,0.0,3.9,False
1767696245.72,2026-01-06 16:14:05,6,19,699,10.5%,78,NORMAL,345.0,0.0,3.9,False
1767696247.35,2026-01-06 16:14:07,7,19,699,10.4%,78,NORMAL,345.0,0.0,3.9,False
1767696249.03,2026-01-06 16:14:09,7,19,699,10.3%,78,NORMAL,343.0,0.0,4.0,False
1767696250.68,2026-01-06 16:14:10,7,19,700,10.2%,78,NORMAL,344.0,0.0,4.0,False
1767696252.02,2026-01-06 16:14:12,7,19,700,10.2%,78,NORMAL,341.0,0.0,4.0,False
1767696253.55,2026-01-06 16:14:13,8,19,702,10.2%,78,NORMAL,341.0,0.0,4.1,False
1767696254.61,2026-01-06 16:14:14,7,19,702,10.2%,78,NORMAL,341.0,0.0,4.1,False
1767696255.70,2026-01-06 16:14:15,7,19,702,10.2%,78,NORMAL,340.0,0.0,4.1,False
1767696257.36,2026-01-06 16:14:17,7,19,702,10.2%,78,NORMAL,339.0,0.0,4.1,False
1767696259.37,2026-01-06 16:14:19,7,19,702,10.1%,78,NORMAL,339.0,0.0,4.1,False
1767696261.10,2026-01-06 16:14:21,7,19,702,10.1%,78,NORMAL,337.0,0.0,4.2,False
1767696262.52,2026-01-06 16:14:22,6,19,702,10.0%,78,NORMAL,335.0,0.0,4.2,False
1767696264.09,2026-01-06 16:14:24,7,19,702,9.9%,78,NORMAL,333.0,0.0,4.2,False
1767696265.25,2026-01-06 16:14:25,6,19,702,9.8%,78,NORMAL,332.0,0.0,4.3,False
1767696266.51,2026-01-06 16:14:26,6,19,702,9.7%,78,NORMAL,332.0,0.0,4.3,False
1767696267.79,2026-01-06 16:14:27,6,19,702,9.7%,78,NORMAL,329.0,0.0,4.3,False
1767696268.81,2026-01-06 16:14:28,6,19,702,9.6%,78,NORMAL,328.0,0.0,4.3,False
1767696269.87,2026-01-06 16:14:29,5,19,702,9.6%,78,NORMAL,328.0,0.0,4.3,False
1767696271.28,2026-01-06 16:14:31,5,19,702,9.5%,78,NORMAL,327.0,0.0,4.3,False
1767696272.83,2026-01-06 16:14:32,4,19,702,9.4%,78,NORMAL,327.0,0.0,4.3,False
1767696274.23,2026-01-06 16:14:34,5,19,703,9.4%,78,NORMAL,327.0,0.0,4.3,False
1767696275.38,2026-01-06 16:14:35,5,19,703,9.4%,78,NORMAL,326.0,0.0,4.3,False
1767696276.48,2026-01-06 16:14:36,4,19,703,9.3%,78,NORMAL,326.0,0.0,4.3,False
1767696277.51,2026-01-06 16:14:37,4,19,703,9.3%,78,NORMAL,324.0,0.0,4.3,False
1767696279.18,2026-01-06 16:14:39,4,19,703,9.2%,78,NORMAL,322.0,0.0,4.3,False
1767696280.59,2026-01-06 16:14:40,4,19,704,9.2%,78,NORMAL,323.0,0.0,4.3,False
1767696281.73,2026-01-06 16:14:41,6,19,705,9.2%,78,NORMAL,323.0,0.0,4.3,False
1767696282.88,2026-01-06 16:14:42,6,19,705,9.2%,78,NORMAL,323.0,0.0,4.3,False
1767696284.62,2026-01-06 16:14:44,6,19,706,9.2%,78,NORMAL,323.0,0.0,4.3,False
1767696286.52,2026-01-06 16:14:46,5,19,707,9.1%,78,NORMAL,323.0,0.0,4.2,False
1767696288.10,2026-01-06 16:14:48,5,19,707,9.1%,78,NORMAL,322.0,0.0,4.2,False
1767696290.43,2026-01-06 16:14:50,7,19,709,9.1%,78,NORMAL,324.0,0.0,4.3,False
1767696292.12,2026-01-06 16:14:52,6,19,710,9.0%,78,NORMAL,324.0,0.0,4.3,False
1767696293.76,2026-01-06 16:14:53,6,19,710,9.0%,78,NORMAL,320.0,0.0,4.3,False
1767696294.82,2026-01-06 16:14:54,7,19,711,9.0%,78,NORMAL,320.0,0.0,4.4,False
1767696295.90,2026-01-06 16:14:55,7,19,711,8.9%,78,NORMAL,319.0,0.0,4.4,False
1767696297.57,2026-01-06 16:14:57,7,19,711,8.9%,78,NORMAL,318.0,0.0,4.4,False
1767696298.69,2026-01-06 16:14:58,7,19,711,8.9%,78,NORMAL,316.0,0.0,4.4,False
1767696299.83,2026-01-06 16:14:59,7,19,711,8.9%,78,NORMAL,316.0,0.0,4.4,False
1767696302.23,2026-01-06 16:15:02,7,19,712,8.9%,78,NORMAL,315.0,0.0,4.5,False
1767696303.38,2026-01-06 16:15:03,6,19,712,8.9%,78,NORMAL,315.0,0.0,4.5,False
1767696304.52,2026-01-06 16:15:04,6,19,712,8.9%,78,NORMAL,315.0,0.0,4.5,False
1767696305.80,2026-01-06 16:15:05,7,19,712,8.9%,78,NORMAL,315.0,0.0,4.5,False
1767696306.90,2026-01-06 16:15:06,7,19,712,8.9%,78,NORMAL,315.0,0.0,4.5,False
1767696307.93,2026-01-06 16:15:07,7,19,712,9.0%,78,NORMAL,315.0,0.0,4.6,False
1767696309.35,2026-01-06 16:15:09,7,19,712,9.0%,78,NORMAL,315.0,0.0,4.6,False
1767696311.43,2026-01-06 16:15:11,7,19,712,9.1%,78,NORMAL,313.0,0.0,4.6,False
1767696313.04,2026-01-06 16:15:13,5,19,712,9.1%,78,NORMAL,311.0,0.0,4.7,False
1767696314.05,2026-01-06 16:15:14,5,19,712,9.1%,78,NORMAL,308.0,0.0,4.7,False
1767696315.47,2026-01-06 16:15:15,5,19,712,9.1%,78,NORMAL,307.0,0.0,4.8,False
1767696317.78,2026-01-06 16:15:17,5,19,712,9.1%,78,NORMAL,306.0,0.0,4.8,False
1767696318.82,2026-01-06 16:15:18,6,19,713,9.2%,78,NORMAL,303.0,0.0,4.9,False
1767696320.07,2026-01-06 16:15:20,6,19,713,9.3%,78,NORMAL,303.0,0.0,4.9,False
1767696321.70,2026-01-06 16:15:21,5,19,713,9.3%,78,NORMAL,303.0,0.0,4.9,False
1767696322.72,2026-01-06 16:15:22,5,19,713,9.4%,78,NORMAL,303.0,0.0,4.9,False
1767696323.87,2026-01-06 16:15:23,6,19,714,9.5%,78,NORMAL,303.0,0.0,4.9,False
1767696325.36,2026-01-06 16:15:25,6,19,714,9.5%,78,NORMAL,300.0,0.0,4.9,False
1767696327.12,2026-01-06 16:15:27,8,19,716,9.6%,78,NORMAL,300.0,0.0,4.9,False
1767696328.22,2026-01-06 16:15:28,6,19,716,9.6%,78,NORMAL,300.0,0.0,4.8,False
1767696329.78,2026-01-06 16:15:29,7,19,717,9.7%,78,NORMAL,300.0,0.0,4.8,False
1767696331.91,2026-01-06 16:15:31,8,19,718,9.8%,78,NORMAL,299.0,0.0,4.8,False
1767696333.01,2026-01-06 16:15:33,8,19,718,9.9%,78,NORMAL,298.0,0.0,4.8,False
1767696334.15,2026-01-06 16:15:34,7,19,719,9.9%,78,NORMAL,299.0,0.0,4.8,False
1767696335.56,2026-01-06 16:15:35,6,19,720,9.9%,78,NORMAL,299.0,0.0,4.7,False
1767696336.93,2026-01-06 16:15:36,6,19,720,9.9%,78,NORMAL,299.0,0.0,4.7,False
1767696338.30,2026-01-06 16:15:38,5,19,720,9.8%,78,NORMAL,297.0,0.0,4.7,False
1767696339.33,2026-01-06 16:15:39,5,19,720,9.7%,78,NORMAL,297.0,0.0,4.6,False
1767696340.45,2026-01-06 16:15:40,5,19,720,9.6%,78,NORMAL,297.0,0.0,4.6,False
1767696341.62,2026-01-06 16:15:41,7,19,722,9.6%,78,NORMAL,299.0,0.0,4.5,False
1767696342.98,2026-01-06 16:15:42,6,19,723,9.5%,78,NORMAL,297.0,0.0,4.5,False
1767696344.61,2026-01-06 16:15:44,6,19,723,9.5%,78,NORMAL,295.0,0.0,4.4,False
1767696346.19,2026-01-06 16:15:46,6,19,723,9.5%,78,NORMAL,294.0,0.0,4.4,False
1767696347.66,2026-01-06 16:15:47,6,19,723,9.5%,78,NORMAL,292.0,0.0,4.3,False
1767696349.53,2026-01-06 16:15:49,7,19,723,9.5%,78,NORMAL,290.0,0.0,4.3,False
1767696350.89,2026-01-06 16:15:50,7,19,723,9.5%,78,NORMAL,288.0,0.0,4.2,False
1767696352.32,2026-01-06 16:15:52,7,19,723,9.5%,78,NORMAL,288.0,0.0,4.2,False
1767696353.80,2026-01-06 16:15:53,7,19,723,9.5%,78,NORMAL,285.0,0.0,4.2,False
1767696354.82,2026-01-06 16:15:54,7,19,723,9.6%,78,NORMAL,285.0,0.0,4.1,False
1767696356.35,2026-01-06 16:15:56,6,19,723,9.6%,78,NORMAL,284.0,0.0,4.1,False
1767696357.56,2026-01-06 16:15:57,7,19,723,9.7%,78,NORMAL,284.0,0.0,4.1,False
1767696359.05,2026-01-06 16:15:59,6,19,723,9.8%,78,NORMAL,284.0,0.0,4.0,False
1767696360.32,2026-01-06 16:16:00,6,19,723,9.8%,78,NORMAL,283.0,0.0,4.0,False
1767696361.50,2026-01-06 16:16:01,7,19,723,9.8%,78,NORMAL,283.0,0.0,4.0,False
1767696363.01,2026-01-06 16:16:03,7,19,723,9.9%,78,NORMAL,283.0,0.0,4.0,False
1767696365.01,2026-01-06 16:16:05,7,19,723,10.0%,78,NORMAL,283.0,0.0,3.9,False
1767696366.42,2026-01-06 16:16:06,7,19,723,10.1%,78,NORMAL,281.0,0.0,3.9,False
1767696367.75,2026-01-06 16:16:07,7,19,723,10.1%,78,NORMAL,281.0,0.0,3.8,False
1767696369.19,2026-01-06 16:16:09,6,19,723,10.0%,78,NORMAL,281.0,0.0,3.8,False
1767696370.23,2026-01-06 16:16:10,7,19,723,10.1%,78,NORMAL,281.0,0.0,3.8,False
1767696372.20,2026-01-06 16:16:12,7,19,723,10.1%,78,NORMAL,281.0,0.0,3.7,False
1767696374.31,2026-01-06 16:16:14,8,19,724,10.1%,78,NORMAL,282.0,0.0,3.6,False
1767696376.39,2026-01-06 16:16:16,7,19,725,10.0%,78,NORMAL,282.0,0.0,3.6,False
1767696378.06,2026-01-06 16:16:18,7,19,725,10.0%,78,NORMAL,280.0,0.0,3.5,False
1767696379.15,2026-01-06 16:16:19,9,19,727,10.2%,78,NORMAL,282.0,0.0,3.5,False
1767696380.20,2026-01-06 16:16:20,8,19,727,10.3%,78,NORMAL,282.0,0.0,3.6,False
1767696382.09,2026-01-06 16:16:22,9,19,728,10.5%,78,NORMAL,283.0,0.0,3.6,False
1767696383.94,2026-01-06 16:16:23,8,19,728,10.6%,78,NORMAL,283.0,0.0,3.7,False
1767696385.00,2026-01-06 16:16:24,9,19,729,10.8%,78,NORMAL,283.0,0.0,3.8,False
1767696386.09,2026-01-06 16:16:26,9,19,729,10.9%,78,NORMAL,282.0,0.0,3.8,False
1767696387.23,2026-01-06 16:16:27,10,19,729,11.1%,78,NORMAL,280.0,0.0,3.9,False
1767696388.55,2026-01-06 16:16:28,10,19,729,11.3%,78,NORMAL,280.0,0.0,3.9,False
1767696389.61,2026-01-06 16:16:29,10,19,729,11.5%,78,NORMAL,280.0,0.0,4.0,False
1767696391.54,2026-01-06 16:16:31,10,19,729,11.7%,78,NORMAL,280.0,0.0,4.0,False
1767696393.43,2026-01-06 16:16:33,10,19,729,11.9%,78,NORMAL,280.0,0.0,4.1,False
1767696395.93,2026-01-06 16:16:35,9,19,729,12.0%,78,NORMAL,279.0,0.0,4.2,False
1767696396.96,2026-01-06 16:16:36,8,19,729,12.0%,78,NORMAL,276.0,0.0,4.2,False
1767696398.30,2026-01-06 16:16:38,8,19,729,12.1%,78,NORMAL,275.0,0.0,4.3,False
1767696399.64,2026-01-06 16:16:39,8,19,730,12.1%,78,NORMAL,276.0,0.0,4.3,False
1767696401.35,2026-01-06 16:16:41,7,19,730,12.2%,78,NORMAL,274.0,0.0,4.3,False
1767696402.46,2026-01-06 16:16:42,7,19,731,12.2%,78,NORMAL,275.0,0.0,4.4,False
1767696403.48,2026-01-06 16:16:43,6,19,731,12.2%,78,NORMAL,275.0,0.0,4.4,False
1767696404.61,2026-01-06 16:16:44,6,19,732,12.2%,78,NORMAL,275.0,0.0,4.5,False
1767696405.81,2026-01-06 16:16:45,6,19,732,12.1%,78,NORMAL,275.0,0.0,4.5,False
1767696407.37,2026-01-06 16:16:47,7,19,733,12.1%,78,NORMAL,274.0,0.0,4.6,False
1767696409.00,2026-01-06 16:16:48,7,19,734,12.1%,78,NORMAL,275.0,0.0,4.6,False
1767696410.01,2026-01-06 16:16:50,6,19,734,12.1%,78,NORMAL,275.0,0.0,4.7,False
1767696411.25,2026-01-06 16:16:51,6,19,734,12.0%,78,NORMAL,275.0,0.0,4.7,False
1767696412.58,2026-01-06 16:16:52,6,19,734,12.0%,78,NORMAL,274.0,0.0,4.7,False
1767696414.46,2026-01-06 16:16:54,7,19,734,12.0%,78,NORMAL,273.0,0.0,4.7,False
1767696415.58,2026-01-06 16:16:55,8,19,734,12.1%,78,NORMAL,272.0,0.0,4.8,False
1767696416.70,2026-01-06 16:16:56,7,19,734,12.0%,78,NORMAL,272.0,0.0,4.8,False
1767696417.97,2026-01-06 16:16:57,7,19,735,12.0%,78,NORMAL,272.0,0.0,4.8,False
1767696419.37,2026-01-06 16:16:59,7,19,735,12.0%,78,NORMAL,272.0,0.0,4.8,False
1767696420.98,2026-01-06 16:17:00,7,19,736,11.9%,78,NORMAL,273.0,0.0,4.8,False
1767696422.94,2026-01-06 16:17:02,8,19,736,11.9%,78,NORMAL,272.0,0.0,4.8,False
1767696424.95,2026-01-06 16:17:04,7,19,736,11.8%,78,NORMAL,272.0,0.0,4.8,False
1767696426.14,2026-01-06 16:17:06,7,19,737,11.8%,78,NORMAL,272.0,0.0,4.8,False
1767696427.80,2026-01-06 16:17:07,8,19,737,11.7%,78,NORMAL,271.0,0.0,4.8,False
1767696428.85,2026-01-06 16:17:08,7,19,738,11.6%,78,NORMAL,271.0,0.0,4.7,False
1767696432.16,2026-01-06 16:17:12,7,19,738,11.5%,78,NORMAL,268.0,0.0,4.7,False
1767696433.86,2026-01-06 16:17:13,8,19,739,11.4%,78,NORMAL,269.0,0.0,4.6,False
1767696435.73,2026-01-06 16:17:15,7,19,739,11.2%,78,NORMAL,268.0,0.0,4.6,False
1767696437.14,2026-01-06 16:17:17,6,19,739,11.0%,78,NORMAL,267.0,0.0,4.5,False
1767696438.38,2026-01-06 16:17:18,6,19,739,10.8%,78,NORMAL,265.0,0.0,4.5,False
1767696440.20,2026-01-06 16:17:20,5,19,739,10.6%,78,NORMAL,264.0,0.0,4.5,False
1767696441.24,2026-01-06 16:17:21,5,19,739,10.5%,78,NORMAL,264.0,0.0,4.4,False
1767696442.27,2026-01-06 16:17:22,5,19,739,10.3%,78,NORMAL,263.0,0.0,4.4,False
1767696444.04,2026-01-06 16:17:24,5,19,739,10.2%,78,NORMAL,263.0,0.0,4.3,False
1767696445.14,2026-01-06 16:17:25,5,19,739,10.1%,78,NORMAL,262.0,0.0,4.3,False
1767696447.25,2026-01-06 16:17:27,7,19,740,10.1%,78,NORMAL,262.0,0.0,4.2,False
1767696448.49,2026-01-06 16:17:28,7,19,740,10.1%,78,NORMAL,262.0,0.0,4.2,False
1767696449.65,2026-01-06 16:17:29,7,19,740,10.2%,78,NORMAL,261.0,0.0,4.2,False
1767696451.69,2026-01-06 16:17:31,8,19,741,10.3%,78,NORMAL,260.0,0.0,4.1,False
1767696452.88,2026-01-06 16:17:32,7,19,741,10.3%,78,NORMAL,259.0,0.0,4.1,False
1767696454.74,2026-01-06 16:17:34,7,19,741,10.3%,78,NORMAL,259.0,0.0,4.1,False
1767696455.88,2026-01-06 16:17:35,7,19,741,10.3%,78,NORMAL,257.0,0.0,4.1,False
1767696457.07,2026-01-06 16:17:37,8,19,742,10.4%,78,NORMAL,257.0,0.0,4.0,False
1767696459.21,2026-01-06 16:17:39,8,19,742,10.5%,78,NORMAL,257.0,0.0,4.0,False
1767696460.36,2026-01-06 16:17:40,7,19,742,10.5%,78,NORMAL,257.0,0.0,4.0,False
1767696461.56,2026-01-06 16:17:41,8,19,742,10.5%,78,NORMAL,256.0,0.0,4.0,False
1767696462.77,2026-01-06 16:17:42,7,19,742,10.5%,78,NORMAL,255.0,0.0,4.0,False
1767696464.53,2026-01-06 16:17:44,9,19,744,10.6%,78,NORMAL,256.0,0.0,4.0,False
1767696466.72,2026-01-06 16:17:46,8,19,744,10.7%,78,NORMAL,256.0,0.0,4.1,False
1767696468.36,2026-01-06 16:17:48,8,19,744,10.7%,78,NORMAL,256.0,0.0,4.1,False
1767696469.52,2026-01-06 16:17:49,7,19,744,10.7%,78,NORMAL,255.0,0.0,4.2,False
1767696470.99,2026-01-06 16:17:50,9,19,744,10.8%,78,NORMAL,254.0,0.0,4.2,False
1767696472.78,2026-01-06 16:17:52,10,19,745,10.9%,78,NORMAL,255.0,0.0,4.2,False
1767696473.84,2026-01-06 16:17:53,8,19,745,10.9%,78,NORMAL,255.0,0.0,4.2,False
1767696475.47,2026-01-06 16:17:55,9,19,745,11.0%,78,NORMAL,255.0,0.0,4.2,False
1767696477.55,2026-01-06 16:17:57,10,19,746,11.2%,78,NORMAL,255.0,0.0,4.2,False
1767696478.58,2026-01-06 16:17:58,9,19,746,11.2%,78,NORMAL,254.0,0.0,4.2,False
1767696479.85,2026-01-06 16:17:59,10,19,746,11.4%,78,NORMAL,254.0,0.0,4.2,False
1767696480.90,2026-01-06 16:18:00,9,19,746,11.5%,78,NORMAL,254.0,0.0,4.2,False
1767696483.20,2026-01-06 16:18:03,9,19,747,11.7%,78,NORMAL,255.0,0.0,4.2,False
1767696484.43,2026-01-06 16:18:04,9,19,748,11.9%,78,NORMAL,255.0,0.0,4.2,False
1767696486.31,2026-01-06 16:18:06,9,19,748,12.1%,78,NORMAL,255.0,0.0,4.1,False
1767696487.58,2026-01-06 16:18:07,8,19,748,12.2%,78,NORMAL,255.0,0.0,4.1,False
1767696489.40,2026-01-06 16:18:09,8,19,748,12.4%,78,NORMAL,254.0,0.0,4.1,False
1767696491.23,2026-01-06 16:18:11,7,19,748,12.5%,78,NORMAL,254.0,0.0,4.1,False
1767696492.57,2026-01-06 16:18:12,8,19,748,12.5%,78,NORMAL,254.0,0.0,4.1,False
1767696494.23,2026-01-06 16:18:14,8,19,748,12.6%,78,NORMAL,254.0,0.0,4.1,False
1767696496.28,2026-01-06 16:18:16,7,19,748,12.6%,78,NORMAL,254.0,0.0,4.1,False
1767696497.41,2026-01-06 16:18:17,6,19,748,12.5%,78,NORMAL,254.0,0.0,4.1,False
1767696498.58,2026-01-06 16:18:18,5,19,748,12.4%,78,NORMAL,254.0,0.0,4.1,False
1767696499.92,2026-01-06 16:18:19,5,19,748,12.3%,78,NORMAL,254.0,0.0,4.1,False
1767696501.38,2026-01-06 16:18:21,6,19,749,12.2%,78,NORMAL,255.0,0.0,4.1,False
1767696502.54,2026-01-06 16:18:22,5,19,749,12.1%,78,NORMAL,255.0,0.0,4.1,False
1767696503.95,2026-01-06 16:18:23,6,19,749,12.0%,78,NORMAL,255.0,0.0,4.1,False
1767696505.08,2026-01-06 16:18:25,6,19,750,11.9%,78,NORMAL,256.0,0.0,4.1,False
1767696506.27,2026-01-06 16:18:26,6,19,750,11.8%,78,NORMAL,255.0,0.0,4.0,False
1767696507.82,2026-01-06 16:18:27,7,19,750,11.8%,78,NORMAL,255.0,0.0,4.0,False
1767696509.16,2026-01-06 16:18:29,7,19,750,11.7%,78,NORMAL,255.0,0.0,4.0,False
1767696510.18,2026-01-06 16:18:30,7,19,750,11.7%,78,NORMAL,255.0,0.0,4.0,False
1767696511.67,2026-01-06 16:18:31,7,19,750,11.6%,78,NORMAL,254.0,0.0,3.9,False
1767696512.68,2026-01-06 16:18:32,6,19,750,11.6%,78,NORMAL,254.0,0.0,3.8,False
1767696514.20,2026-01-06 16:18:34,7,19,750,11.5%,78,NORMAL,253.0,0.0,3.8,False
1767696515.71,2026-01-06 16:18:35,6,19,750,11.3%,78,NORMAL,252.0,0.0,3.7,False
1767696517.19,2026-01-06 16:18:37,7,19,750,11.2%,78,NORMAL,252.0,0.0,3.7,False
1767696518.95,2026-01-06 16:18:38,7,19,750,11.1%,78,NORMAL,251.0,0.0,3.6,False
1767696520.72,2026-01-06 16:18:40,7,19,750,11.0%,78,NORMAL,251.0,0.0,3.6,False
1767696521.80,2026-01-06 16:18:41,6,19,750,10.8%,78,NORMAL,249.0,0.0,3.7,False
1767696522.84,2026-01-06 16:18:42,5,19,750,10.6%,78,NORMAL,249.0,0.0,3.7,False
1767696524.47,2026-01-06 16:18:44,5,19,750,10.4%,78,NORMAL,249.0,0.0,3.7,False
1767696525.69,2026-01-06 16:18:45,4,19,750,10.1%,78,NORMAL,247.0,0.0,3.8,False
1767696526.77,2026-01-06 16:18:46,4,19,752,9.9%,78,NORMAL,249.0,0.0,3.8,False
1767696527.82,2026-01-06 16:18:47,4,19,752,9.6%,78,NORMAL,249.0,0.0,3.9,False
1767696529.74,2026-01-06 16:18:49,5,19,752,9.5%,78,NORMAL,249.0,0.0,3.9,False
1767696531.55,2026-01-06 16:18:51,5,19,753,9.3%,78,NORMAL,249.0,0.0,4.0,False
1767696532.67,2026-01-06 16:18:52,6,19,753,9.3%,78,NORMAL,249.0,0.0,4.0,False
1767696534.01,2026-01-06 16:18:54,5,19,753,9.1%,78,NORMAL,249.0,0.0,4.0,False
1767696535.36,2026-01-06 16:18:55,5,19,753,9.0%,78,NORMAL,249.0,0.0,4.1,False
1767696536.47,2026-01-06 16:18:56,6,19,753,8.9%,78,NORMAL,249.0,0.0,4.2,False
1767696537.57,2026-01-06 16:18:57,6,19,754,8.9%,78,NORMAL,250.0,0.0,4.2,False
1767696539.06,2026-01-06 16:18:59,6,19,755,9.0%,78,NORMAL,249.0,0.0,4.3,False
1767696540.47,2026-01-06 16:19:00,9,19,758,9.2%,78,NORMAL,250.0,0.0,4.3,False
1767696542.88,2026-01-06 16:19:02,10,19,759,9.4%,78,NORMAL,251.0,0.0,4.3,False
1767696544.03,2026-01-06 16:19:04,9,19,759,9.6%,78,NORMAL,248.0,0.0,4.4,False
1767696545.16,2026-01-06 16:19:05,9,19,759,9.7%,78,NORMAL,247.0,0.0,4.4,False
1767696546.29,2026-01-06 16:19:06,8,19,759,9.8%,78,NORMAL,247.0,0.0,4.4,False
1767696547.40,2026-01-06 16:19:07,7,19,759,9.9%,78,NORMAL,247.0,0.0,4.5,False
1767696548.69,2026-01-06 16:19:08,7,19,760,9.9%,78,NORMAL,247.0,0.0,4.5,False
1767696549.82,2026-01-06 16:19:09,7,19,760,9.9%,78,NORMAL,247.0,0.0,4.5,False
1767696551.78,2026-01-06 16:19:11,9,19,761,10.0%,78,NORMAL,248.0,0.0,4.6,False
1767696552.93,2026-01-06 16:19:12,9,19,762,10.1%,78,NORMAL,248.0,0.0,4.6,False
1767696553.99,2026-01-06 16:19:13,7,19,762,10.1%,78,NORMAL,247.0,0.0,4.6,False
1767696555.17,2026-01-06 16:19:15,7,19,762,10.1%,78,NORMAL,246.0,0.0,4.6,False
1767696556.97,2026-01-06 16:19:16,8,19,763,10.2%,78,NORMAL,246.0,0.0,4.6,False
1767696558.32,2026-01-06 16:19:18,7,19,763,10.2%,78,NORMAL,246.0,0.0,4.6,False
1767696560.26,2026-01-06 16:19:20,7,19,763,10.2%,78,NORMAL,245.0,0.0,4.6,False
1767696561.28,2026-01-06 16:19:21,6,19,763,10.2%,78,NORMAL,245.0,0.0,4.6,False
1767696563.08,2026-01-06 16:19:23,7,19,763,10.2%,78,NORMAL,245.0,0.0,4.5,False
1767696564.25,2026-01-06 16:19:24,8,19,764,10.4%,78,NORMAL,245.0,0.0,4.5,False
1767696566.66,2026-01-06 16:19:26,6,19,765,10.4%,78,NORMAL,246.0,0.0,4.4,False
1767696568.08,2026-01-06 16:19:28,9,19,766,10.7%,78,NORMAL,245.0,0.0,4.4,False
1767696569.96,2026-01-06 16:19:29,10,19,767,11.0%,78,NORMAL,246.0,0.0,4.3,False
1767696571.14,2026-01-06 16:19:31,10,19,767,11.3%,78,NORMAL,246.0,0.0,4.2,False
1767696572.90,2026-01-06 16:19:32,9,19,767,11.5%,78,NORMAL,246.0,0.0,4.2,False
1767696574.63,2026-01-06 16:19:34,8,19,767,11.6%,78,NORMAL,245.0,0.0,4.1,False
1767696575.88,2026-01-06 16:19:35,9,19,767,11.8%,78,NORMAL,244.0,0.0,4.1,False
1767696578.01,2026-01-06 16:19:38,10,19,769,12.0%,78,NORMAL,245.0,0.0,4.0,False
1767696579.03,2026-01-06 16:19:39,10,19,769,12.3%,78,NORMAL,245.0,0.0,4.0,False
1767696580.08,2026-01-06 16:19:40,9,19,769,12.4%,78,NORMAL,244.0,0.0,3.9,False
1767696581.28,2026-01-06 16:19:41,9,19,769,12.6%,78,NORMAL,244.0,0.0,3.9,False
1767696582.39,2026-01-06 16:19:42,9,19,769,12.7%,78,NORMAL,243.0,0.0,3.9,False
1767696583.87,2026-01-06 16:19:43,9,19,769,12.7%,78,NORMAL,242.0,0.0,3.8,False
1767696584.92,2026-01-06 16:19:44,2,19,770,12.3%,78,NORMAL,243.0,0.0,3.8,False
1767696586.05,2026-01-06 16:19:46,2,19,770,11.9%,78,NORMAL,243.0,0.0,3.7,False
1767696587.87,2026-01-06 16:19:47,9,19,770,11.9%,78,NORMAL,242.0,0.0,3.7,False
1767696589.46,2026-01-06 16:19:49,11,19,770,12.1%,78,NORMAL,241.0,0.0,3.7,False
1767696591.05,2026-01-06 16:19:51,10,19,771,12.2%,78,NORMAL,242.0,0.0,3.7,False
1767696592.16,2026-01-06 16:19:52,9,19,771,12.3%,78,NORMAL,240.0,0.0,3.6,False
1767696593.29,2026-01-06 16:19:53,9,19,771,12.4%,78,NORMAL,240.0,0.0,3.6,False
1767696595.07,2026-01-06 16:19:55,10,19,771,12.5%,78,NORMAL,240.0,0.0,3.6,False
1767696596.21,2026-01-06 16:19:56,4,19,771,12.2%,78,NORMAL,239.0,0.0,3.6,False
1767696597.68,2026-01-06 16:19:57,5,19,771,12.1%,78,NORMAL,237.0,0.0,3.6,False
1767696599.01,2026-01-06 16:19:59,4,19,771,12.0%,78,NORMAL,237.0,0.0,3.5,False
1767696600.50,2026-01-06 16:20:00,4,19,771,11.8%,78,NORMAL,237.0,0.0,3.5,False
1767696602.42,2026-01-06 16:20:02,11,19,771,12.0%,78,NORMAL,237.0,0.0,3.5,False
1767696603.96,2026-01-06 16:20:03,5,19,771,11.9%,78,NORMAL,237.0,0.0,3.5,False
1767696605.09,2026-01-06 16:20:05,5,19,772,11.8%,78,NORMAL,238.0,0.0,3.4,False
1767696606.22,2026-01-06 16:20:06,10,19,773,12.0%,78,NORMAL,239.0,0.0,3.4,False
1767696607.22,2026-01-06 16:20:07,9,19,773,12.0%,78,NORMAL,238.0,0.0,3.4,False
1767696608.57,2026-01-06 16:20:08,9,19,773,12.2%,78,NORMAL,238.0,0.0,3.4,False
1767696610.11,2026-01-06 16:20:10,9,19,773,12.2%,78,NORMAL,238.0,0.0,3.4,False
1767696611.21,2026-01-06 16:20:11,9,19,773,12.1%,78,NORMAL,238.0,0.0,3.3,False
1767696612.66,2026-01-06 16:20:12,9,19,773,12.1%,78,NORMAL,238.0,0.0,3.3,False
1767696613.98,2026-01-06 16:20:13,9,19,773,12.1%,78,NORMAL,238.0,0.0,3.3,False
1767696615.21,2026-01-06 16:20:15,8,19,773,12.1%,78,NORMAL,236.0,0.0,3.3,False
1767696616.79,2026-01-06 16:20:16,9,19,773,12.1%,78,NORMAL,236.0,0.0,3.3,False
1767696617.97,2026-01-06 16:20:17,8,19,773,12.0%,78,NORMAL,235.0,0.0,3.3,False
1767696619.41,2026-01-06 16:20:19,9,19,773,11.9%,78,NORMAL,235.0,0.0,3.3,False
1767696620.58,2026-01-06 16:20:20,9,19,773,11.9%,78,NORMAL,235.0,0.0,3.2,False
1767696622.03,2026-01-06 16:20:22,10,19,774,12.0%,78,NORMAL,235.0,0.0,3.2,False
1767696623.38,2026-01-06 16:20:23,10,19,774,12.0%,78,NORMAL,234.0,0.0,3.2,False
1767696624.59,2026-01-06 16:20:24,7,19,774,11.9%,78,NORMAL,232.0,0.0,3.2,False
1767696625.63,2026-01-06 16:20:25,7,19,774,12.2%,78,NORMAL,232.0,0.0,3.2,False
1767696627.81,2026-01-06 16:20:27,9,19,776,12.5%,78,NORMAL,232.0,0.0,3.2,False
1767696628.88,2026-01-06 16:20:28,7,19,776,12.4%,78,NORMAL,231.0,0.0,3.1,False
1767696630.38,2026-01-06 16:20:30,8,19,776,12.3%,78,NORMAL,230.0,0.0,3.1,False
1767696631.90,2026-01-06 16:20:31,8,19,776,12.2%,78,NORMAL,229.0,0.0,3.2,False
1767696633.02,2026-01-06 16:20:33,8,19,777,12.1%,78,NORMAL,230.0,0.0,3.1,False
1767696634.63,2026-01-06 16:20:34,7,19,777,12.0%,78,NORMAL,230.0,0.0,3.1,False
1767696635.69,2026-01-06 16:20:35,6,19,777,11.9%,78,NORMAL,230.0,0.0,3.1,False
1767696636.84,2026-01-06 16:20:36,6,19,777,12.0%,78,NORMAL,230.0,0.0,3.1,False
1767696638.22,2026-01-06 16:20:38,7,19,777,12.1%,78,NORMAL,228.0,0.0,3.1,False
1767696639.37,2026-01-06 16:20:39,7,19,777,12.2%,78,NORMAL,228.0,0.0,3.1,False
1767696640.90,2026-01-06 16:20:40,6,19,777,12.3%,78,NORMAL,225.0,0.0,3.1,False
1767696642.28,2026-01-06 16:20:42,5,19,777,12.0%,78,NORMAL,224.0,0.0,3.1,False
1767696643.33,2026-01-06 16:20:43,5,19,777,12.0%,78,NORMAL,224.0,0.0,3.1,False
1767696644.88,2026-01-06 16:20:44,5,19,779,12.0%,78,NORMAL,226.0,0.0,3.1,False
1767696646.41,2026-01-06 16:20:46,5,19,779,11.8%,78,NORMAL,226.0,0.0,3.1,False
1767696647.93,2026-01-06 16:20:47,5,19,779,11.6%,78,NORMAL,226.0,0.0,3.2,False
1767696649.34,2026-01-06 16:20:49,6,19,779,11.4%,78,NORMAL,225.0,0.0,3.2,False
1767696650.49,2026-01-06 16:20:50,7,19,781,11.3%,78,NORMAL,227.0,0.0,3.2,False
1767696651.67,2026-01-06 16:20:51,9,19,782,11.3%,78,NORMAL,228.0,0.0,3.2,False
1767696653.30,2026-01-06 16:20:53,9,19,783,11.3%,78,NORMAL,229.0,0.0,3.2,False
1767696654.61,2026-01-06 16:20:54,8,19,783,11.3%,78,NORMAL,229.0,0.0,3.3,False
1767696656.27,2026-01-06 16:20:56,10,19,783,11.4%,78,NORMAL,229.0,0.0,3.3,False
1767696657.61,2026-01-06 16:20:57,9,19,783,11.4%,78,NORMAL,229.0,0.0,3.3,False
1767696658.81,2026-01-06 16:20:58,9,19,783,11.4%,78,NORMAL,229.0,0.0,3.3,False
1767696660.42,2026-01-06 16:21:00,9,19,784,11.4%,78,NORMAL,230.0,0.0,3.4,False
1767696661.96,2026-01-06 16:21:01,8,19,784,11.4%,78,NORMAL,229.0,0.0,3.4,False
1767696663.49,2026-01-06 16:21:03,9,19,784,11.3%,78,NORMAL,229.0,0.0,3.4,False
1767696664.74,2026-01-06 16:21:04,11,19,785,11.4%,78,NORMAL,230.0,0.0,3.4,False
1767696665.98,2026-01-06 16:21:05,9,19,785,11.5%,78,NORMAL,230.0,0.0,3.4,False
1767696667.80,2026-01-06 16:21:07,10,19,785,11.6%,78,NORMAL,230.0,0.0,3.4,False
1767696669.66,2026-01-06 16:21:09,10,19,786,11.7%,78,NORMAL,229.0,0.0,3.4,False
1767696670.79,2026-01-06 16:21:10,9,19,786,11.8%,78,NORMAL,229.0,0.0,3.4,False
1767696673.22,2026-01-06 16:21:13,12,19,786,12.0%,78,NORMAL,229.0,0.0,3.4,False
1767696675.10,2026-01-06 16:21:15,12,19,786,12.1%,78,NORMAL,228.0,0.0,3.4,False
1767696676.37,2026-01-06 16:21:16,11,19,786,12.3%,78,NORMAL,227.0,0.0,3.4,False
1767696677.53,2026-01-06 16:21:17,10,19,786,12.4%,78,NORMAL,227.0,0.0,3.4,False
1767696679.66,2026-01-06 16:21:19,9,19,786,12.6%,78,NORMAL,227.0,0.0,3.4,False
1767696681.13,2026-01-06 16:21:21,9,19,786,12.7%,78,NORMAL,227.0,0.0,3.4,False
1767696682.77,2026-01-06 16:21:22,9,19,786,12.8%,78,NORMAL,227.0,0.0,3.3,False
1767696683.96,2026-01-06 16:21:23,9,19,786,12.9%,78,NORMAL,226.0,0.0,3.3,False
1767696685.33,2026-01-06 16:21:25,9,19,786,13.1%,78,NORMAL,225.0,0.0,3.3,False
1767696687.22,2026-01-06 16:21:27,7,19,787,13.2%,78,NORMAL,226.0,0.0,3.3,False
1767696688.40,2026-01-06 16:21:28,9,19,787,13.4%,78,NORMAL,226.0,0.0,3.3,False
1767696689.45,2026-01-06 16:21:29,7,19,787,13.5%,78,NORMAL,226.0,0.0,3.3,False
1767696690.47,2026-01-06 16:21:30,9,19,788,13.7%,78,NORMAL,227.0,0.0,3.3,False
1767696692.04,2026-01-06 16:21:32,8,19,788,13.8%,78,NORMAL,227.0,0.0,3.3,False
1767696693.48,2026-01-06 16:21:33,8,19,788,13.9%,78,NORMAL,227.0,0.0,3.3,False
1767696694.57,2026-01-06 16:21:34,8,19,788,14.0%,78,NORMAL,226.0,0.0,3.3,False
1767696696.54,2026-01-06 16:21:36,9,19,789,14.0%,78,NORMAL,227.0,0.0,3.3,False
1767696697.67,2026-01-06 16:21:37,7,19,789,13.9%,78,NORMAL,227.0,0.0,3.3,False
1767696699.02,2026-01-06 16:21:39,8,19,789,13.9%,78,NORMAL,227.0,0.0,3.4,False
1767696700.20,2026-01-06 16:21:40,8,19,790,13.8%,78,NORMAL,228.0,0.0,3.4,False
1767696701.29,2026-01-06 16:21:41,8,19,790,13.7%,78,NORMAL,228.0,0.0,3.4,False
1767696702.63,2026-01-06 16:21:42,9,19,790,13.7%,78,NORMAL,228.0,0.0,3.4,False
1767696704.36,2026-01-06 16:21:44,10,19,791,13.8%,78,NORMAL,229.0,0.0,3.4,False
1767696705.65,2026-01-06 16:21:45,9,19,791,13.8%,78,NORMAL,228.0,0.0,3.4,False
1767696707.12,2026-01-06 16:21:47,9,19,791,13.8%,78,NORMAL,228.0,0.0,3.4,False
1767696708.26,2026-01-06 16:21:48,9,19,791,13.7%,78,NORMAL,228.0,0.0,3.4,False
1767696710.06,2026-01-06 16:21:50,9,19,791,13.7%,78,NORMAL,227.0,0.0,3.4,False
1767696711.40,2026-01-06 16:21:51,9,19,791,13.7%,78,NORMAL,225.0,0.0,3.4,False
1767696712.46,2026-01-06 16:21:52,9,19,792,13.6%,78,NORMAL,226.0,0.0,3.4,False
1767696713.70,2026-01-06 16:21:53,8,19,792,13.6%,78,NORMAL,226.0,0.0,3.4,False
1767696714.85,2026-01-06 16:21:54,7,19,792,13.3%,78,NORMAL,225.0,0.0,3.4,False
1767696716.16,2026-01-06 16:21:56,7,19,792,13.1%,78,NORMAL,223.0,0.0,3.4,False
1767696717.67,2026-01-06 16:21:57,7,19,792,12.9%,78,NORMAL,223.0,0.0,3.5,False
1767696719.27,2026-01-06 16:21:59,7,19,792,12.8%,78,NORMAL,223.0,0.0,3.5,False
1767696720.47,2026-01-06 16:22:00,7,19,792,12.7%,78,NORMAL,223.0,0.0,3.5,False
1767696722.01,2026-01-06 16:22:02,7,19,792,12.6%,78,NORMAL,223.0,0.0,3.5,False
1767696723.20,2026-01-06 16:22:03,7,19,792,12.5%,78,NORMAL,223.0,0.0,3.5,False
1767696724.82,2026-01-06 16:22:04,7,19,792,12.4%,78,NORMAL,223.0,0.0,3.5,False
1767696726.44,2026-01-06 16:22:06,7,19,793,12.3%,78,NORMAL,220.0,0.0,3.5,False
1767696727.60,2026-01-06 16:22:07,7,19,793,12.3%,78,NORMAL,220.0,0.0,3.5,False
1767696729.28,2026-01-06 16:22:09,9,19,794,12.3%,78,NORMAL,220.0,0.0,3.5,False
1767696730.61,2026-01-06 16:22:10,8,19,794,12.3%,78,NORMAL,219.0,0.0,3.6,False
1767696731.68,2026-01-06 16:22:11,8,19,794,12.3%,78,NORMAL,219.0,0.0,3.6,False
1767696733.17,2026-01-06 16:22:13,7,19,794,12.2%,78,NORMAL,219.0,0.0,3.6,False
1767696734.98,2026-01-06 16:22:14,7,19,794,12.2%,78,NORMAL,219.0,0.0,3.7,False
1767696736.34,2026-01-06 16:22:16,6,19,794,12.1%,78,NORMAL,218.0,0.0,3.7,False
1767696737.44,2026-01-06 16:22:17,6,19,794,11.9%,78,NORMAL,218.0,0.0,3.7,False
1767696739.09,2026-01-06 16:22:19,6,19,795,11.9%,78,NORMAL,219.0,0.0,3.7,False
1767696740.23,2026-01-06 16:22:20,6,19,795,11.8%,78,NORMAL,218.0,0.0,3.7,False
1767696741.85,2026-01-06 16:22:21,6,19,795,11.7%,78,NORMAL,215.0,0.0,3.7,False
1767696742.87,2026-01-06 16:22:22,6,19,795,11.6%,78,NORMAL,215.0,0.0,3.6,False
1767696744.41,2026-01-06 16:22:24,6,19,795,11.4%,78,NORMAL,215.0,0.0,3.6,False
1767696745.70,2026-01-06 16:22:25,6,19,795,11.2%,78,NORMAL,215.0,0.0,3.6,False
1767696746.87,2026-01-06 16:22:26,6,19,795,11.1%,78,NORMAL,214.0,0.0,3.6,False
1767696748.48,2026-01-06 16:22:28,4,19,795,10.8%,78,NORMAL,214.0,0.0,3.5,False
1767696749.60,2026-01-06 16:22:29,4,19,795,10.6%,78,NORMAL,214.0,0.0,3.5,False
1767696750.95,2026-01-06 16:22:30,4,19,795,10.3%,78,NORMAL,214.0,0.0,3.4,False
1767696752.29,2026-01-06 16:22:32,3,19,796,10.0%,78,NORMAL,215.0,0.0,3.4,False
1767696753.41,2026-01-06 16:22:33,3,19,796,9.7%,78,NORMAL,213.0,0.0,3.4,False
1767696754.66,2026-01-06 16:22:34,6,19,797,9.6%,78,NORMAL,214.0,0.0,3.3,False
1767696755.89,2026-01-06 16:22:35,5,19,797,9.5%,78,NORMAL,214.0,0.0,3.3,False
1767696756.92,2026-01-06 16:22:36,5,19,797,9.4%,78,NORMAL,214.0,0.0,3.3,False
1767696758.30,2026-01-06 16:22:38,5,19,797,9.3%,78,NORMAL,214.0,0.0,3.3,False
1767696759.35,2026-01-06 16:22:39,6,19,798,9.3%,78,NORMAL,215.0,0.0,3.3,False
1767696760.45,2026-01-06 16:22:40,6,19,798,9.2%,78,NORMAL,215.0,0.0,3.4,False
1767696762.06,2026-01-06 16:22:42,5,19,798,9.1%,78,NORMAL,215.0,0.0,3.4,False
1767696763.20,2026-01-06 16:22:43,5,19,798,9.0%,78,NORMAL,215.0,0.0,3.4,False
1767696764.24,2026-01-06 16:22:44,5,19,798,8.9%,78,NORMAL,215.0,0.0,3.4,False
1767696765.44,2026-01-06 16:22:45,5,19,798,8.8%,78,NORMAL,215.0,0.0,3.5,False
1767696766.73,2026-01-06 16:22:46,5,19,798,8.7%,78,NORMAL,210.0,0.0,3.5,False
1767696767.92,2026-01-06 16:22:47,5,19,798,8.5%,78,NORMAL,210.0,0.0,3.5,False
1767696769.63,2026-01-06 16:22:49,4,19,798,8.3%,78,NORMAL,209.0,0.0,3.4,False
1767696770.83,2026-01-06 16:22:50,5,19,799,8.2%,78,NORMAL,210.0,0.0,3.4,False
1767696772.25,2026-01-06 16:22:52,4,19,799,8.0%,78,NORMAL,208.0,0.0,3.4,False
1767696773.70,2026-01-06 16:22:53,3,19,799,7.8%,78,NORMAL,207.0,0.0,3.3,False
1767696775.32,2026-01-06 16:22:55,3,19,799,7.7%,78,NORMAL,207.0,0.0,3.3,False
1767696776.55,2026-01-06 16:22:56,3,19,799,7.5%,78,NORMAL,206.0,0.0,3.2,False
1767696777.60,2026-01-06 16:22:57,3,19,799,7.4%,78,NORMAL,206.0,0.0,3.2,False
1767696778.98,2026-01-06 16:22:58,3,19,799,7.2%,78,NORMAL,206.0,0.0,3.2,False
1767696780.39,2026-01-06 16:23:00,3,19,800,7.1%,78,NORMAL,207.0,0.0,3.2,False
1767696781.39,2026-01-06 16:23:01,3,19,800,6.9%,78,NORMAL,207.0,0.0,3.2,False
1767696782.54,2026-01-06 16:23:02,3,19,800,6.8%,78,NORMAL,207.0,0.0,3.2,False
1767696783.85,2026-01-06 16:23:03,5,19,801,6.7%,78,NORMAL,207.0,0.0,3.2,False
1767696785.00,2026-01-06 16:23:04,5,19,802,6.7%,78,NORMAL,207.0,0.0,3.2,False
1767696786.09,2026-01-06 16:23:06,4,19,804,6.7%,78,NORMAL,209.0,0.0,3.2,False
1767696787.55,2026-01-06 16:23:07,8,19,804,6.9%,78,NORMAL,208.0,0.0,3.2,False
1767696789.40,2026-01-06 16:23:09,8,19,805,7.1%,78,NORMAL,207.0,0.0,3.3,False
1767696790.75,2026-01-06 16:23:10,6,19,805,7.2%,78,NORMAL,207.0,0.0,3.4,False
1767696791.93,2026-01-06 16:23:11,6,19,805,7.4%,78,NORMAL,207.0,0.0,3.4,False
1767696793.51,2026-01-06 16:23:13,6,19,805,7.4%,78,NORMAL,207.0,0.0,3.4,False
1767696795.15,2026-01-06 16:23:15,7,19,806,7.5%,78,NORMAL,206.0,0.0,3.5,False
1767696796.39,2026-01-06 16:23:16,7,19,808,7.6%,78,NORMAL,208.0,0.0,3.5,False
1767696797.91,2026-01-06 16:23:17,8,19,808,7.7%,78,NORMAL,208.0,0.0,3.5,False
1767696799.48,2026-01-06 16:23:19,6,19,809,7.7%,78,NORMAL,209.0,0.0,3.5,False
1767696800.54,2026-01-06 16:23:20,7,19,809,7.8%,78,NORMAL,209.0,0.0,3.6,False
1767696802.04,2026-01-06 16:23:22,8,19,809,7.9%,78,NORMAL,209.0,0.0,3.6,False
1767696803.41,2026-01-06 16:23:23,8,19,809,8.1%,78,NORMAL,209.0,0.0,3.6,False
1767696805.00,2026-01-06 16:23:25,7,19,809,8.2%,78,NORMAL,209.0,0.0,3.6,False
1767696806.05,2026-01-06 16:23:26,6,19,809,8.2%,78,NORMAL,209.0,0.0,3.6,False
1767696807.16,2026-01-06 16:23:27,5,19,809,8.2%,78,NORMAL,209.0,0.0,3.6,False
1767696808.37,2026-01-06 16:23:28,5,19,809,8.2%,78,NORMAL,209.0,0.0,3.6,False
1767696809.80,2026-01-06 16:23:29,5,19,809,8.3%,78,NORMAL,209.0,0.0,3.6,False
1767696810.85,2026-01-06 16:23:30,6,19,809,8.3%,78,NORMAL,208.0,0.0,3.6,False
1767696812.02,2026-01-06 16:23:32,5,19,809,8.4%,78,NORMAL,206.0,0.0,3.6,False
1767696813.86,2026-01-06 16:23:33,5,19,809,8.5%,78,NORMAL,206.0,0.0,3.6,False
1767696814.98,2026-01-06 16:23:34,5,19,809,8.6%,78,NORMAL,206.0,0.0,3.6,False
1767696816.49,2026-01-06 16:23:36,5,19,810,8.7%,78,NORMAL,207.0,0.0,3.6,False
1767696817.77,2026-01-06 16:23:37,5,19,811,8.8%,78,NORMAL,208.0,0.0,3.6,False
1767696820.32,2026-01-06 16:23:40,7,19,811,9.0%,78,NORMAL,208.0,0.0,3.6,False
1767696822.29,2026-01-06 16:23:42,8,19,812,9.2%,78,NORMAL,209.0,0.0,3.6,False
1767696823.31,2026-01-06 16:23:43,6,19,812,9.4%,78,NORMAL,209.0,0.0,3.6,False
1767696824.76,2026-01-06 16:23:44,7,19,813,9.6%,78,NORMAL,210.0,0.0,3.6,False
1767696825.91,2026-01-06 16:23:45,7,19,813,9.7%,78,NORMAL,210.0,0.0,3.6,False
1767696827.19,2026-01-06 16:23:47,5,19,813,9.7%,78,NORMAL,210.0,0.0,3.6,False
1767696828.39,2026-01-06 16:23:48,5,19,813,9.7%,78,NORMAL,210.0,0.0,3.6,False
1767696829.53,2026-01-06 16:23:49,5,19,813,9.6%,78,NORMAL,210.0,0.0,3.6,False
1767696830.69,2026-01-06 16:23:50,6,19,814,9.5%,78,NORMAL,208.0,0.0,3.6,False
1767696832.31,2026-01-06 16:23:52,6,19,814,9.5%,78,NORMAL,207.0,0.0,3.6,False
1767696833.47,2026-01-06 16:23:53,4,19,814,9.4%,78,NORMAL,206.0,0.0,3.6,False
1767696834.56,2026-01-06 16:23:54,5,19,815,9.3%,78,NORMAL,207.0,0.0,3.6,False
1767696835.87,2026-01-06 16:23:55,5,19,815,9.2%,78,NORMAL,206.0,0.0,3.6,False
1767696837.29,2026-01-06 16:23:57,7,19,815,9.2%,78,NORMAL,206.0,0.0,3.6,False
1767696838.78,2026-01-06 16:23:58,8,19,816,9.2%,78,NORMAL,207.0,0.0,3.6,False
1767696839.82,2026-01-06 16:23:59,5,19,816,9.2%,78,NORMAL,206.0,0.0,3.6,False
1767696840.86,2026-01-06 16:24:00,6,19,816,9.1%,78,NORMAL,205.0,0.0,3.6,False
1767696842.16,2026-01-06 16:24:02,5,19,816,9.0%,78,NORMAL,205.0,0.0,3.5,False
1767696844.03,2026-01-06 16:24:04,5,19,816,8.8%,78,NORMAL,205.0,0.0,3.5,False
1767696845.09,2026-01-06 16:24:05,5,19,816,8.7%,78,NORMAL,204.0,0.0,3.6,False
1767696846.34,2026-01-06 16:24:06,5,19,816,8.7%,78,NORMAL,204.0,0.0,3.5,False
1767696847.50,2026-01-06 16:24:07,6,19,816,8.7%,78,NORMAL,204.0,0.0,3.5,False
1767696848.75,2026-01-06 16:24:08,7,19,816,8.8%,78,NORMAL,204.0,0.0,3.6,False
1767696850.00,2026-01-06 16:24:09,7,19,816,8.9%,78,NORMAL,203.0,0.0,3.6,False
1767696851.17,2026-01-06 16:24:11,8,19,816,9.0%,78,NORMAL,203.0,0.0,3.6,False
1767696852.32,2026-01-06 16:24:12,8,19,816,9.2%,78,NORMAL,202.0,0.0,3.6,False
1767696853.34,2026-01-06 16:24:13,7,19,816,9.3%,78,NORMAL,202.0,0.0,3.6,False
1767696855.00,2026-01-06 16:24:14,7,19,816,9.4%,78,NORMAL,202.0,0.0,3.6,False
1767696856.13,2026-01-06 16:24:16,7,19,816,9.5%,78,NORMAL,202.0,0.0,3.6,False
1767696857.36,2026-01-06 16:24:17,7,19,816,9.6%,78,NORMAL,202.0,0.0,3.6,False
1767696858.43,2026-01-06 16:24:18,7,19,816,9.6%,78,NORMAL,202.0,0.0,3.6,False
1767696859.50,2026-01-06 16:24:19,7,19,816,9.5%,78,NORMAL,201.0,0.0,3.7,False
1767696861.08,2026-01-06 16:24:21,7,19,816,9.6%,78,NORMAL,200.0,0.0,3.7,False
1767696862.21,2026-01-06 16:24:22,6,19,816,9.5%,78,NORMAL,200.0,0.0,3.7,False
1767696863.80,2026-01-06 16:24:23,7,19,816,9.5%,78,NORMAL,200.0,0.0,3.6,False
1767696864.98,2026-01-06 16:24:24,7,19,816,9.6%,78,NORMAL,200.0,0.0,3.6,False
1767696866.19,2026-01-06 16:24:26,8,19,817,9.8%,78,NORMAL,201.0,0.0,3.6,False
1767696867.50,2026-01-06 16:24:27,7,19,817,9.9%,78,NORMAL,201.0,0.0,3.6,False
1767696868.60,2026-01-06 16:24:28,8,19,817,10.0%,78,NORMAL,200.0,0.0,3.6,False
1767696869.92,2026-01-06 16:24:29,8,19,817,10.1%,78,NORMAL,200.0,0.0,3.6,False
1767696871.18,2026-01-06 16:24:31,7,19,817,10.2%,78,NORMAL,200.0,0.0,3.6,False
1767696872.29,2026-01-06 16:24:32,5,19,817,10.2%,78,NORMAL,200.0,0.0,3.6,False
1767696874.23,2026-01-06 16:24:34,7,19,817,10.3%,78,NORMAL,200.0,0.0,3.5,False
1767696875.69,2026-01-06 16:24:35,9,19,819,10.4%,78,NORMAL,202.0,0.0,3.5,False
1767696877.32,2026-01-06 16:24:37,11,19,820,10.6%,78,NORMAL,203.0,0.0,3.5,False
1767696879.39,2026-01-06 16:24:39,9,19,820,10.8%,78,NORMAL,202.0,0.0,3.5,False
1767696880.61,2026-01-06 16:24:40,9,19,820,10.9%,78,NORMAL,201.0,0.0,3.5,False
1767696881.83,2026-01-06 16:24:41,7,19,820,11.0%,78,NORMAL,200.0,0.0,3.5,False
1767696883.37,2026-01-06 16:24:43,7,19,820,11.1%,78,NORMAL,198.0,0.0,3.5,False
1767696884.86,2026-01-06 16:24:44,7,19,820,11.2%,78,NORMAL,198.0,0.0,3.4,False
1767696886.67,2026-01-06 16:24:46,8,19,821,11.4%,78,NORMAL,199.0,0.0,3.4,False
1767696887.71,2026-01-06 16:24:47,7,19,822,11.4%,78,NORMAL,200.0,0.0,3.4,False
1767696889.10,2026-01-06 16:24:49,8,19,823,11.5%,78,NORMAL,201.0,0.0,3.4,False
1767696890.62,2026-01-06 16:24:50,9,19,823,11.6%,78,NORMAL,201.0,0.0,3.4,False
1767696891.64,2026-01-06 16:24:51,8,19,823,11.6%,78,NORMAL,201.0,0.0,3.4,False
1767696892.93,2026-01-06 16:24:52,6,19,823,11.5%,78,NORMAL,200.0,0.0,3.4,False
1767696894.13,2026-01-06 16:24:54,6,19,823,11.4%,78,NORMAL,200.0,0.0,3.4,False
1767696895.20,2026-01-06 16:24:55,6,19,823,11.4%,78,NORMAL,199.0,0.0,3.4,False
1767696896.70,2026-01-06 16:24:56,7,19,824,11.4%,78,NORMAL,200.0,0.0,3.5,False
1767696897.75,2026-01-06 16:24:57,6,19,824,11.3%,78,NORMAL,200.0,0.0,3.5,False
1767696899.28,2026-01-06 16:24:59,6,19,824,11.3%,78,NORMAL,200.0,0.0,3.5,False
1767696901.41,2026-01-06 16:25:01,7,19,826,11.3%,78,NORMAL,202.0,0.0,3.6,False
1767696902.62,2026-01-06 16:25:02,7,19,826,11.3%,78,NORMAL,202.0,0.0,3.6,False
1767696903.89,2026-01-06 16:25:03,6,19,826,11.3%,78,NORMAL,202.0,0.0,3.6,False
1767696906.08,2026-01-06 16:25:06,6,19,826,11.2%,78,NORMAL,200.0,0.0,3.7,False
1767696907.26,2026-01-06 16:25:07,6,19,826,11.2%,78,NORMAL,200.0,0.0,3.7,False
1767696909.03,2026-01-06 16:25:09,7,19,827,11.1%,78,NORMAL,200.0,0.0,3.7,False
1767696910.15,2026-01-06 16:25:10,7,19,827,11.1%,78,NORMAL,200.0,0.0,3.7,False
1767696911.51,2026-01-06 16:25:11,7,19,827,11.1%,78,NORMAL,200.0,0.0,3.7,False
1767696912.69,2026-01-06 16:25:12,7,19,827,11.0%,78,NORMAL,198.0,0.0,3.6,False
1767696913.88,2026-01-06 16:25:13,7,19,827,11.0%,78,NORMAL,198.0,0.0,3.6,False
1767696915.27,2026-01-06 16:25:15,8,19,828,11.2%,78,NORMAL,199.0,0.0,3.6,False
1767696917.34,2026-01-06 16:25:17,7,19,829,11.2%,78,NORMAL,200.0,0.0,3.6,False
1767696918.48,2026-01-06 16:25:18,7,19,829,11.1%,78,NORMAL,200.0,0.0,3.6,False
1767696919.90,2026-01-06 16:25:19,8,19,829,10.9%,78,NORMAL,200.0,0.0,3.6,False
1767696922.30,2026-01-06 16:25:22,9,19,829,10.9%,78,NORMAL,199.0,0.0,3.6,False
1767696923.40,2026-01-06 16:25:23,9,19,829,10.9%,78,NORMAL,199.0,0.0,3.6,False
1767696925.26,2026-01-06 16:25:25,9,19,829,11.0%,78,NORMAL,198.0,0.0,3.5,False
1767696926.54,2026-01-06 16:25:26,10,19,829,11.2%,78,NORMAL,197.0,0.0,3.5,False
1767696928.43,2026-01-06 16:25:28,11,19,830,11.4%,78,NORMAL,198.0,0.0,3.5,False
1767696929.69,2026-01-06 16:25:29,10,19,830,11.5%,78,NORMAL,197.0,0.0,3.5,False
1767696931.73,2026-01-06 16:25:31,9,19,830,11.6%,78,NORMAL,196.0,0.0,3.5,False
1767696932.74,2026-01-06 16:25:32,9,19,830,11.6%,78,NORMAL,195.0,0.0,3.5,False
1767696933.85,2026-01-06 16:25:33,9,19,830,11.6%,78,NORMAL,195.0,0.0,3.5,False
1767696935.14,2026-01-06 16:25:35,9,19,830,11.7%,78,NORMAL,194.0,0.0,3.5,False
1767696936.24,2026-01-06 16:25:36,8,19,830,11.8%,78,NORMAL,194.0,0.0,3.5,False
1767696937.28,2026-01-06 16:25:37,8,19,830,11.9%,78,NORMAL,193.0,0.0,3.5,False
1767696940.01,2026-01-06 16:25:40,8,19,830,12.0%,78,NORMAL,193.0,0.0,3.5,False
1767696942.00,2026-01-06 16:25:42,7,19,830,12.0%,78,NORMAL,192.0,0.0,3.4,False
1767696943.07,2026-01-06 16:25:43,7,19,831,12.0%,78,NORMAL,192.0,0.0,3.4,False
1767696944.21,2026-01-06 16:25:44,7,19,831,12.1%,78,NORMAL,191.0,0.0,3.4,False
1767696946.30,2026-01-06 16:25:46,7,19,831,12.1%,78,NORMAL,191.0,0.0,3.4,False
1767696947.32,2026-01-06 16:25:47,6,19,831,12.0%,78,NORMAL,189.0,0.0,3.5,False
1767696948.41,2026-01-06 16:25:48,6,19,831,12.0%,78,NORMAL,188.0,0.0,3.5,False
1767696949.82,2026-01-06 16:25:49,7,19,832,12.1%,78,NORMAL,187.0,0.0,3.5,False
1767696951.79,2026-01-06 16:25:51,7,19,832,12.1%,78,NORMAL,185.0,0.0,3.6,False
1767696953.99,2026-01-06 16:25:53,7,19,832,12.1%,78,NORMAL,182.0,0.0,3.7,False
1767696955.17,2026-01-06 16:25:55,7,19,832,12.1%,78,NORMAL,181.0,0.0,3.7,False
1767696956.43,2026-01-06 16:25:56,7,19,832,12.1%,78,NORMAL,181.0,0.0,3.7,False
1767696958.42,2026-01-06 16:25:58,7,19,832,12.1%,78,NORMAL,181.0,0.0,3.8,False
1767696959.57,2026-01-06 16:25:59,7,19,832,12.1%,78,NORMAL,177.0,0.0,3.8,False
1767696961.35,2026-01-06 16:26:01,7,19,832,12.1%,78,NORMAL,177.0,0.0,3.8,False
1767696962.44,2026-01-06 16:26:02,7,19,832,12.1%,78,NORMAL,177.0,0.0,3.8,False
1767696963.93,2026-01-06 16:26:03,7,19,832,12.1%,78,NORMAL,177.0,0.0,3.8,False
1767696965.22,2026-01-06 16:26:05,7,19,832,12.0%,78,NORMAL,177.0,0.0,3.8,False
1767696966.58,2026-01-06 16:26:06,7,19,832,11.9%,78,NORMAL,177.0,0.0,3.8,False
1767696968.19,2026-01-06 16:26:08,7,19,832,11.8%,78,NORMAL,175.0,0.0,3.8,False
1767696969.30,2026-01-06 16:26:09,7,19,832,11.7%,78,NORMAL,174.0,0.0,3.8,False
1767696970.37,2026-01-06 16:26:10,7,19,832,11.6%,78,NORMAL,174.0,0.0,3.8,False
1767696971.60,2026-01-06 16:26:11,7,19,832,11.4%,78,NORMAL,174.0,0.0,3.8,False
1767696972.97,2026-01-06 16:26:12,7,19,832,11.2%,78,NORMAL,174.0,0.0,3.8,False
1767696974.68,2026-01-06 16:26:14,7,19,832,11.1%,78,NORMAL,174.0,0.0,3.8,False
1767696975.92,2026-01-06 16:26:15,7,19,832,11.0%,78,NORMAL,171.0,0.0,3.8,False
1767696977.04,2026-01-06 16:26:17,7,19,832,10.9%,78,NORMAL,170.0,0.0,3.8,False
1767696978.42,2026-01-06 16:26:18,6,19,832,10.8%,78,NORMAL,169.0,0.0,3.8,False
1767696980.24,2026-01-06 16:26:20,6,19,832,10.7%,78,NORMAL,169.0,0.0,3.8,False
1767696981.45,2026-01-06 16:26:21,5,19,832,10.5%,78,NORMAL,169.0,0.0,3.8,False
1767696982.55,2026-01-06 16:26:22,5,19,832,10.4%,78,NORMAL,168.0,0.0,3.8,False
1767696983.84,2026-01-06 16:26:23,5,19,832,10.3%,78,NORMAL,167.0,0.0,3.8,False
1767696985.00,2026-01-06 16:26:25,5,19,832,10.2%,78,NORMAL,165.0,0.0,3.8,False
1767696986.12,2026-01-06 16:26:26,5,19,832,10.1%,78,NORMAL,164.0,0.0,3.8,False
1767696987.43,2026-01-06 16:26:27,5,19,832,10.0%,78,NORMAL,164.0,0.0,3.7,False
1767696988.60,2026-01-06 16:26:28,7,19,834,10.0%,78,NORMAL,165.0,0.0,3.7,False
1767696989.61,2026-01-06 16:26:29,7,19,834,10.1%,78,NORMAL,165.0,0.0,3.7,False
1767696991.03,2026-01-06 16:26:31,6,19,834,10.0%,78,NORMAL,165.0,0.0,3.7,False
1767696992.61,2026-01-06 16:26:32,7,19,835,10.0%,78,NORMAL,166.0,0.0,3.6,False
1767696994.52,2026-01-06 16:26:34,5,19,835,9.9%,78,NORMAL,164.0,0.0,3.5,False
1767696995.79,2026-01-06 16:26:35,6,19,835,9.9%,78,NORMAL,164.0,0.0,3.5,False
1767696997.71,2026-01-06 16:26:37,5,19,835,9.8%,78,NORMAL,163.0,0.0,3.4,False
1767696998.80,2026-01-06 16:26:38,3,19,835,9.6%,78,NORMAL,163.0,0.0,3.4,False
1767696999.99,2026-01-06 16:26:39,4,19,836,9.4%,78,NORMAL,164.0,0.0,3.4,False
1767697001.32,2026-01-06 16:26:41,4,19,836,9.3%,78,NORMAL,163.0,0.0,3.4,False
1767697002.80,2026-01-06 16:26:42,4,19,836,9.1%,78,NORMAL,163.0,0.0,3.3,False
1767697003.98,2026-01-06 16:26:43,3,19,836,8.9%,78,NORMAL,162.0,0.0,3.3,False
1767697005.33,2026-01-06 16:26:45,4,19,837,8.8%,78,NORMAL,163.0,0.0,3.3,False
1767697006.68,2026-01-06 16:26:46,4,19,837,8.6%,78,NORMAL,163.0,0.0,3.2,False
1767697007.78,2026-01-06 16:26:47,3,19,837,8.4%,78,NORMAL,163.0,0.0,3.2,False
1767697009.11,2026-01-06 16:26:49,3,19,837,8.2%,78,NORMAL,163.0,0.0,3.2,False
1767697010.73,2026-01-06 16:26:50,3,19,837,8.0%,78,NORMAL,162.0,0.0,3.2,False
1767697011.75,2026-01-06 16:26:51,4,19,837,7.9%,78,NORMAL,160.0,0.0,3.2,False
1767697013.32,2026-01-06 16:26:53,4,19,837,7.7%,78,NORMAL,159.0,0.0,3.3,False
1767697014.70,2026-01-06 16:26:54,4,19,839,7.6%,78,NORMAL,161.0,0.0,3.3,False
1767697015.79,2026-01-06 16:26:55,3,19,839,7.4%,78,NORMAL,161.0,0.0,3.3,False
1767697017.08,2026-01-06 16:26:57,3,19,839,7.2%,78,NORMAL,160.0,0.0,3.3,False
1767697018.64,2026-01-06 16:26:58,3,19,839,7.0%,78,NORMAL,158.0,0.0,3.3,False
1767697020.10,2026-01-06 16:27:00,3,19,839,6.9%,78,NORMAL,157.0,0.0,3.4,False
1767697021.34,2026-01-06 16:27:01,3,19,839,6.8%,78,NORMAL,157.0,0.0,3.4,False
1767697022.40,2026-01-06 16:27:02,3,19,839,6.7%,78,NORMAL,157.0,0.0,3.4,False
1767697023.51,2026-01-06 16:27:03,3,19,839,6.6%,78,NORMAL,155.0,0.0,3.4,False
1767697024.75,2026-01-06 16:27:04,1,19,839,6.4%,78,NORMAL,154.0,0.0,3.5,False
1767697025.99,2026-01-06 16:27:05,2,19,839,6.2%,78,NORMAL,154.0,0.0,3.4,False
1767697027.01,2026-01-06 16:27:07,2,19,840,6.0%,78,NORMAL,154.0,0.0,3.5,False
1767697028.16,2026-01-06 16:27:08,0,19,840,5.7%,78,NORMAL,154.0,0.0,3.5,False
1767697029.69,2026-01-06 16:27:09,0,19,840,5.3%,78,NORMAL,154.0,0.0,3.5,False
1767697031.01,2026-01-06 16:27:11,0,19,840,5.0%,78,NORMAL,154.0,0.0,3.5,False
1767697032.39,2026-01-06 16:27:12,0,19,840,4.7%,78,NORMAL,154.0,0.0,3.5,False
1767697033.44,2026-01-06 16:27:13,0,19,840,4.4%,78,NORMAL,153.0,0.0,3.5,False
1767697034.50,2026-01-06 16:27:14,0,19,840,4.1%,78,NORMAL,153.0,0.0,3.4,False
1767697035.68,2026-01-06 16:27:15,0,19,840,3.8%,78,NORMAL,153.0,0.0,3.4,False
1767697036.76,2026-01-06 16:27:16,0,19,840,3.7%,78,NORMAL,151.0,0.0,3.4,False
1767697037.80,2026-01-06 16:27:17,0,19,840,3.5%,78,NORMAL,151.0,0.0,3.4,False
1767697039.10,2026-01-06 16:27:19,0,19,840,3.3%,78,NORMAL,151.0,0.0,3.4,False
1767697040.14,2026-01-06 16:27:20,0,19,840,3.0%,78,NORMAL,150.0,0.0,3.4,False
1767697041.37,2026-01-06 16:27:21,0,19,840,2.9%,78,NORMAL,149.0,0.0,3.5,False
1767697042.56,2026-01-06 16:27:22,0,19,840,2.7%,78,NORMAL,149.0,0.0,3.5,False
1767697043.89,2026-01-06 16:27:23,0,19,840,2.5%,78,NORMAL,149.0,0.0,3.5,False
1767697044.91,2026-01-06 16:27:24,0,19,840,2.3%,78,NORMAL,149.0,0.0,3.5,False
1767697045.92,2026-01-06 16:27:25,0,19,840,2.2%,78,NORMAL,149.0,0.0,3.5,False
1767697047.00,2026-01-06 16:27:27,0,19,840,2.0%,78,NORMAL,149.0,0.0,3.5,False
1767697048.06,2026-01-06 16:27:28,0,19,840,1.8%,78,NORMAL,149.0,0.0,3.5,False
1767697049.10,2026-01-06 16:27:29,0,19,840,1.6%,78,NORMAL,149.0,0.0,3.4,False
1767697050.50,2026-01-06 16:27:30,0,19,840,1.4%,78,NORMAL,148.0,0.0,3.4,False
1767697052.05,2026-01-06 16:27:32,0,19,840,1.2%,78,NORMAL,148.0,0.0,3.4,False
1767697053.15,2026-01-06 16:27:33,0,19,840,1.1%,78,NORMAL,148.0,0.0,3.4,False
1767697054.60,2026-01-06 16:27:34,0,19,840,0.9%,78,NORMAL,147.0,0.0,3.4,False
1767697055.65,2026-01-06 16:27:35,0,19,840,0.7%,78,NORMAL,146.0,0.0,3.4,False
1767697057.24,2026-01-06 16:27:37,1,19,841,0.6%,78,NORMAL,147.0,0.0,3.4,False
1767697058.44,2026-01-06 16:27:38,1,19,841,0.5%,78,NORMAL,147.0,0.0,3.4,False
1767697059.47,2026-01-06 16:27:39,1,19,841,0.4%,78,NORMAL,147.0,0.0,3.4,False
1767697060.58,2026-01-06 16:27:40,1,19,841,0.4%,78,NORMAL,146.0,0.0,3.4,False
1767697061.62,2026-01-06 16:27:41,1,19,841,0.4%,78,NORMAL,146.0,0.0,3.4,False
1767697063.13,2026-01-06 16:27:43,1,19,841,0.3%,78,NORMAL,146.0,0.0,3.4,False
1767697064.30,2026-01-06 16:27:44,1,19,841,0.4%,78,NORMAL,146.0,0.0,3.4,False
1767697065.86,2026-01-06 16:27:45,1,19,841,0.4%,78,NORMAL,144.0,0.0,3.5,False
1767697067.02,2026-01-06 16:27:47,1,19,841,0.5%,78,NORMAL,144.0,0.0,3.5,False
1767697068.13,2026-01-06 16:27:48,1,19,841,0.5%,78,NORMAL,144.0,0.0,3.4,False
1767697069.23,2026-01-06 16:27:49,1,19,841,0.6%,78,NORMAL,144.0,0.0,3.4,False
1767697070.38,2026-01-06 16:27:50,1,19,841,0.6%,78,NORMAL,144.0,0.0,3.4,False
1767697071.40,2026-01-06 16:27:51,1,19,841,0.7%,78,NORMAL,142.0,0.0,3.4,False
1767697072.71,2026-01-06 16:27:52,1,19,841,0.7%,78,NORMAL,142.0,0.0,3.4,False
1767697074.09,2026-01-06 16:27:54,1,19,841,0.8%,78,NORMAL,142.0,0.0,3.3,False
1767697075.64,2026-01-06 16:27:55,1,19,841,0.8%,78,NORMAL,142.0,0.0,3.3,False
1767697076.74,2026-01-06 16:27:56,1,19,841,0.9%,78,NORMAL,142.0,0.0,3.3,False
1767697078.56,2026-01-06 16:27:58,1,19,841,1.0%,78,NORMAL,141.0,0.0,3.3,False
1767697079.67,2026-01-06 16:27:59,1,19,841,1.0%,78,NORMAL,141.0,0.0,3.3,False
1767697080.71,2026-01-06 16:28:00,1,19,841,1.1%,78,NORMAL,139.0,0.0,3.3,False
1767697081.77,2026-01-06 16:28:01,1,19,841,1.1%,78,NORMAL,139.0,0.0,3.3,False
1767697082.77,2026-01-06 16:28:02,1,19,841,1.2%,78,NORMAL,139.0,0.0,3.3,False
1767697083.84,2026-01-06 16:28:03,1,19,841,1.2%,78,NORMAL,139.0,0.0,3.3,False
1767697085.01,2026-01-06 16:28:05,2,19,842,1.3%,78,NORMAL,140.0,0.0,3.3,False
1767697086.34,2026-01-06 16:28:06,3,19,843,1.5%,78,NORMAL,141.0,0.0,3.3,False
1767697087.86,2026-01-06 16:28:07,3,19,843,1.6%,78,NORMAL,141.0,0.0,3.3,False
1767697089.21,2026-01-06 16:28:09,3,19,843,1.8%,78,NORMAL,141.0,0.0,3.3,False
1767697090.45,2026-01-06 16:28:10,3,19,843,2.0%,78,NORMAL,141.0,0.0,3.3,False
1767697091.56,2026-01-06 16:28:11,3,19,843,2.1%,78,NORMAL,141.0,0.0,3.3,False
1767697092.65,2026-01-06 16:28:12,3,19,843,2.3%,78,NORMAL,141.0,0.0,3.3,False
1767697094.03,2026-01-06 16:28:14,2,19,843,2.3%,78,NORMAL,141.0,0.0,3.3,False
1767697095.67,2026-01-06 16:28:15,2,19,843,2.4%,78,NORMAL,141.0,0.0,3.4,False
1767697097.42,2026-01-06 16:28:17,3,19,844,2.5%,78,NORMAL,142.0,0.0,3.4,False
1767697098.56,2026-01-06 16:28:18,4,19,844,2.6%,78,NORMAL,141.0,0.0,3.4,False
1767697100.04,2026-01-06 16:28:20,4,19,844,2.8%,78,NORMAL,141.0,0.0,3.4,False
1767697101.06,2026-01-06 16:28:21,4,19,844,2.9%,78,NORMAL,141.0,0.0,3.4,False
1767697102.48,2026-01-06 16:28:22,3,19,844,3.1%,78,NORMAL,141.0,0.0,3.4,False
1767697103.59,2026-01-06 16:28:23,3,19,844,3.2%,78,NORMAL,141.0,0.0,3.5,False
1767697104.67,2026-01-06 16:28:24,3,19,844,3.3%,78,NORMAL,140.0,0.0,3.5,False
1767697105.87,2026-01-06 16:28:25,3,19,844,3.4%,78,NORMAL,139.0,0.0,3.5,False
1767697107.44,2026-01-06 16:28:27,3,19,844,3.5%,78,NORMAL,139.0,0.0,3.6,False
1767697108.90,2026-01-06 16:28:28,3,19,844,3.6%,78,NORMAL,138.0,0.0,3.6,False
1767697110.17,2026-01-06 16:28:30,3,19,844,3.7%,78,NORMAL,138.0,0.0,3.6,False
1767697111.68,2026-01-06 16:28:31,3,19,844,3.8%,78,NORMAL,138.0,0.0,3.6,False
1767697112.81,2026-01-06 16:28:32,3,19,844,3.9%,78,NORMAL,137.0,0.0,3.7,False
1767697114.00,2026-01-06 16:28:33,3,19,844,4.0%,78,NORMAL,136.0,0.0,3.7,False
1767697115.17,2026-01-06 16:28:35,3,19,844,4.1%,78,NORMAL,135.0,0.0,3.7,False
1767697116.52,2026-01-06 16:28:36,3,19,844,4.2%,78,NORMAL,134.0,0.0,3.7,False
1767697117.58,2026-01-06 16:28:37,3,19,844,4.3%,78,NORMAL,134.0,0.0,3.7,False
1767697118.93,2026-01-06 16:28:38,3,19,844,4.4%,78,NORMAL,134.0,0.0,3.7,False
1767697119.95,2026-01-06 16:28:39,3,19,844,4.5%,78,NORMAL,133.0,0.0,3.7,False
1767697121.13,2026-01-06 16:28:41,3,19,844,4.6%,78,NORMAL,133.0,0.0,3.7,False
1767697122.36,2026-01-06 16:28:42,3,19,844,4.7%,78,NORMAL,133.0,0.0,3.7,False
1767697123.46,2026-01-06 16:28:43,3,19,844,4.8%,78,NORMAL,133.0,0.0,3.7,False
1767697124.50,2026-01-06 16:28:44,2,19,844,4.7%,78,NORMAL,132.0,0.0,3.6,False
1767697126.08,2026-01-06 16:28:46,1,19,844,4.6%,78,NORMAL,132.0,0.0,3.6,False
1767697127.43,2026-01-06 16:28:47,1,19,844,4.5%,78,NORMAL,132.0,0.0,3.6,False
1767697129.06,2026-01-06 16:28:49,1,19,844,4.4%,78,NORMAL,132.0,0.0,3.6,False
1767697130.38,2026-01-06 16:28:50,1,19,844,4.3%,78,NORMAL,132.0,0.0,3.6,False
1767697131.49,2026-01-06 16:28:51,1,19,844,4.2%,78,NORMAL,132.0,0.0,3.6,False
1767697132.54,2026-01-06 16:28:52,1,19,844,4.1%,78,NORMAL,132.0,0.0,3.6,False
1767697133.66,2026-01-06 16:28:53,1,19,844,4.1%,78,NORMAL,132.0,0.0,3.5,False
1767697134.69,2026-01-06 16:28:54,1,19,844,4.0%,78,NORMAL,132.0,0.0,3.5,False
1767697135.79,2026-01-06 16:28:55,1,19,844,3.8%,78,NORMAL,132.0,0.0,3.4,False
1767697137.38,2026-01-06 16:28:57,1,19,844,3.7%,78,NORMAL,132.0,0.0,3.4,False
1767697138.58,2026-01-06 16:28:58,1,19,844,3.5%,78,NORMAL,132.0,0.0,3.4,False
1767697139.63,2026-01-06 16:28:59,1,19,844,3.4%,78,NORMAL,132.0,0.0,3.3,False
1767697141.05,2026-01-06 16:29:01,1,19,844,3.3%,78,NORMAL,131.0,0.0,3.3,False
1767697142.23,2026-01-06 16:29:02,1,19,844,3.2%,78,NORMAL,131.0,0.0,3.2,False
1767697143.52,2026-01-06 16:29:03,1,19,844,3.1%,78,NORMAL,131.0,0.0,3.2,False
1767697144.84,2026-01-06 16:29:04,1,19,844,3.0%,78,NORMAL,131.0,0.0,3.2,False
1767697146.06,2026-01-06 16:29:06,1,19,844,2.9%,78,NORMAL,131.0,0.0,3.2,False
1767697147.44,2026-01-06 16:29:07,1,19,844,2.8%,78,NORMAL,131.0,0.0,3.2,False
1767697148.66,2026-01-06 16:29:08,1,19,844,2.7%,78,NORMAL,131.0,0.0,3.1,False
1767697149.85,2026-01-06 16:29:09,1,19,844,2.6%,78,NORMAL,130.0,0.0,3.1,False
1767697151.10,2026-01-06 16:29:11,1,19,844,2.5%,78,NORMAL,130.0,0.0,3.1,False
1767697152.20,2026-01-06 16:29:12,1,19,844,2.4%,78,NORMAL,128.0,0.0,3.0,False
1767697153.60,2026-01-06 16:29:13,1,19,844,2.3%,78,NORMAL,128.0,0.0,3.0,False
1767697154.84,2026-01-06 16:29:14,1,19,844,2.2%,78,NORMAL,127.0,0.0,3.0,False
1767697156.05,2026-01-06 16:29:16,1,19,844,2.1%,78,NORMAL,127.0,0.0,2.9,False
1767697157.20,2026-01-06 16:29:17,2,19,845,2.0%,78,NORMAL,127.0,0.0,2.9,False
1767697158.21,2026-01-06 16:29:18,2,19,845,2.0%,78,NORMAL,126.0,0.0,2.8,False
1767697159.22,2026-01-06 16:29:19,2,19,845,1.9%,78,NORMAL,125.0,0.0,2.8,False
1767697160.86,2026-01-06 16:29:20,2,19,845,1.9%,78,NORMAL,125.0,0.0,2.8,False
1767697162.29,2026-01-06 16:29:22,3,19,846,1.9%,78,NORMAL,126.0,0.0,2.8,False
1767697163.69,2026-01-06 16:29:23,3,19,846,2.0%,78,NORMAL,126.0,0.0,2.8,False
1767697164.92,2026-01-06 16:29:24,3,19,846,2.1%,78,NORMAL,126.0,0.0,2.8,False
1767697166.57,2026-01-06 16:29:26,3,19,846,2.2%,78,NORMAL,123.0,0.0,2.8,False
1767697168.12,2026-01-06 16:29:28,3,19,846,2.3%,78,NORMAL,123.0,0.0,2.8,False
1767697169.31,2026-01-06 16:29:29,3,19,846,2.4%,78,NORMAL,123.0,0.0,2.8,False
1767697170.35,2026-01-06 16:29:30,3,19,846,2.5%,78,NORMAL,123.0,0.0,2.8,False
1767697171.43,2026-01-06 16:29:31,3,19,846,2.6%,78,NORMAL,123.0,0.0,2.8,False
1767697172.68,2026-01-06 16:29:32,3,19,846,2.7%,78,NORMAL,123.0,0.0,2.8,False
1767697174.11,2026-01-06 16:29:34,3,19,846,2.8%,78,NORMAL,123.0,0.0,2.8,False
1767697175.20,2026-01-06 16:29:35,3,19,846,3.0%,78,NORMAL,123.0,0.0,2.8,False
1767697176.32,2026-01-06 16:29:36,3,19,846,3.1%,78,NORMAL,123.0,0.0,2.8,False
1767697177.93,2026-01-06 16:29:37,3,19,846,3.2%,78,NORMAL,123.0,0.0,2.8,False
1767697179.31,2026-01-06 16:29:39,3,19,846,3.3%,78,NORMAL,123.0,0.0,2.8,False
1767697180.32,2026-01-06 16:29:40,3,19,846,3.4%,78,NORMAL,123.0,0.0,2.8,False
1767697181.72,2026-01-06 16:29:41,3,19,846,3.5%,78,NORMAL,123.0,0.0,2.8,False
1767697183.24,2026-01-06 16:29:43,3,19,846,3.6%,78,NORMAL,123.0,0.0,2.8,False
1767697184.77,2026-01-06 16:29:44,4,19,847,3.7%,78,NORMAL,124.0,0.0,2.8,False
1767697185.88,2026-01-06 16:29:45,3,19,847,3.8%,78,NORMAL,124.0,0.0,2.8,False
1767697187.18,2026-01-06 16:29:47,3,19,847,3.9%,78,NORMAL,124.0,0.0,2.9,False
1767697188.74,2026-01-06 16:29:48,3,19,847,4.0%,78,NORMAL,124.0,0.0,2.9,False
1767697190.19,2026-01-06 16:29:50,3,19,847,4.2%,78,NORMAL,124.0,0.0,2.9,False
1767697191.60,2026-01-06 16:29:51,3,19,847,4.3%,78,NORMAL,124.0,0.0,3.0,False
1767697192.63,2026-01-06 16:29:52,2,19,847,4.3%,78,NORMAL,124.0,0.0,3.0,False
1767697193.84,2026-01-06 16:29:53,2,19,847,4.4%,78,NORMAL,124.0,0.0,3.0,False
1767697194.90,2026-01-06 16:29:54,2,19,847,4.4%,78,NORMAL,124.0,0.0,3.1,False
1767697196.25,2026-01-06 16:29:56,2,19,847,4.4%,78,NORMAL,122.0,0.0,3.1,False
1767697197.82,2026-01-06 16:29:57,3,19,847,4.5%,78,NORMAL,122.0,0.0,3.1,False
1767697199.38,2026-01-06 16:29:59,3,19,847,4.5%,78,NORMAL,121.0,0.0,3.1,False
1767697200.51,2026-01-06 16:30:00,3,19,847,4.6%,78,NORMAL,120.0,0.0,3.1,False
1767697202.03,2026-01-06 16:30:02,3,19,847,4.6%,78,NORMAL,120.0,0.0,3.1,False
1767697203.21,2026-01-06 16:30:03,3,19,847,4.6%,78,NORMAL,120.0,0.0,3.1,False
1767697204.79,2026-01-06 16:30:04,3,19,847,4.6%,78,NORMAL,119.0,0.0,3.1,False
1767697205.89,2026-01-06 16:30:05,3,19,847,4.6%,78,NORMAL,119.0,0.0,3.1,False
1767697207.25,2026-01-06 16:30:07,3,19,847,4.6%,78,NORMAL,118.0,0.0,3.2,False
1767697208.35,2026-01-06 16:30:08,3,19,847,4.6%,78,NORMAL,118.0,0.0,3.2,False
1767697209.38,2026-01-06 16:30:09,3,19,847,4.6%,78,NORMAL,118.0,0.0,3.2,False
1767697210.51,2026-01-06 16:30:10,1,19,847,4.5%,78,NORMAL,118.0,0.0,3.2,False
1767697211.99,2026-01-06 16:30:11,1,19,847,4.4%,78,NORMAL,118.0,0.0,3.3,False
1767697213.02,2026-01-06 16:30:13,1,19,847,4.3%,78,NORMAL,118.0,0.0,3.3,False
1767697214.09,2026-01-06 16:30:14,1,19,847,4.2%,78,NORMAL,118.0,0.0,3.3,False
1767697215.79,2026-01-06 16:30:15,1,19,847,4.0%,78,NORMAL,118.0,0.0,3.3,False
1767697216.84,2026-01-06 16:30:16,1,19,847,3.9%,78,NORMAL,118.0,0.0,3.3,False
1767697218.16,2026-01-06 16:30:18,1,19,847,3.8%,78,NORMAL,118.0,0.0,3.4,False
1767697219.38,2026-01-06 16:30:19,1,19,847,3.7%,78,NORMAL,118.0,0.0,3.4,False
1767697221.00,2026-01-06 16:30:21,1,19,847,3.6%,78,NORMAL,117.0,0.0,3.4,False
1767697222.07,2026-01-06 16:30:22,1,19,847,3.5%,78,NORMAL,117.0,0.0,3.4,False
1767697223.25,2026-01-06 16:30:23,1,19,847,3.4%,78,NORMAL,115.0,0.0,3.4,False
1767697224.43,2026-01-06 16:30:24,1,19,847,3.3%,78,NORMAL,115.0,0.0,3.4,False
1767697225.85,2026-01-06 16:30:25,1,19,847,3.2%,78,NORMAL,113.0,0.0,3.4,False
1767697227.02,2026-01-06 16:30:27,1,19,847,3.1%,78,NORMAL,113.0,0.0,3.4,False
1767697228.39,2026-01-06 16:30:28,1,19,847,3.0%,78,NORMAL,113.0,0.0,3.4,False
1767697229.75,2026-01-06 16:30:29,1,19,847,2.8%,78,NORMAL,113.0,0.0,3.4,False
1767697231.27,2026-01-06 16:30:31,1,19,847,2.8%,78,NORMAL,113.0,0.0,3.4,False
1767697232.81,2026-01-06 16:30:32,2,19,848,2.8%,78,NORMAL,114.0,0.0,3.4,False
1767697233.91,2026-01-06 16:30:33,2,19,848,2.8%,78,NORMAL,113.0,0.0,3.3,False
1767697235.15,2026-01-06 16:30:35,3,19,849,2.8%,78,NORMAL,114.0,0.0,3.3,False
1767697236.62,2026-01-06 16:30:36,3,19,849,2.8%,78,NORMAL,113.0,0.0,3.3,False
1767697238.30,2026-01-06 16:30:38,3,19,849,2.8%,78,NORMAL,113.0,0.0,3.3,False
1767697239.94,2026-01-06 16:30:39,3,19,849,2.8%,78,NORMAL,112.0,0.0,3.2,False
1767697241.29,2026-01-06 16:30:41,3,19,849,2.8%,78,NORMAL,112.0,0.0,3.2,False
1767697242.42,2026-01-06 16:30:42,3,19,849,2.8%,78,NORMAL,111.0,0.0,3.2,False
1767697243.77,2026-01-06 16:30:43,3,19,849,2.8%,78,NORMAL,111.0,0.0,3.1,False
1767697245.05,2026-01-06 16:30:45,3,19,849,2.8%,78,NORMAL,110.0,0.0,3.1,False
1767697246.28,2026-01-06 16:30:46,3,19,849,2.8%,78,NORMAL,110.0,0.0,3.1,False
1767697247.38,2026-01-06 16:30:47,4,19,851,2.9%,78,NORMAL,112.0,0.0,3.1,False
1767697248.52,2026-01-06 16:30:48,5,19,852,3.0%,78,NORMAL,113.0,0.0,3.1,False
1767697249.96,2026-01-06 16:30:49,5,19,852,3.2%,78,NORMAL,113.0,0.0,3.0,False
1767697250.97,2026-01-06 16:30:50,5,19,852,3.4%,78,NORMAL,113.0,0.0,3.0,False
1767697251.98,2026-01-06 16:30:51,5,19,852,3.6%,78,NORMAL,113.0,0.0,3.0,False
1767697253.25,2026-01-06 16:30:53,5,19,852,3.8%,78,NORMAL,113.0,0.0,3.0,False
1767697255.11,2026-01-06 16:30:55,5,19,852,4.0%,78,NORMAL,113.0,0.0,3.0,False
1767697256.50,2026-01-06 16:30:56,5,19,852,4.2%,78,NORMAL,113.0,0.0,3.0,False
1767697257.91,2026-01-06 16:30:57,5,19,852,4.4%,78,NORMAL,113.0,0.0,3.0,False
1767697259.16,2026-01-06 16:30:59,5,19,852,4.7%,78,NORMAL,112.0,0.0,3.0,False
1767697260.47,2026-01-06 16:31:00,5,19,852,4.9%,78,NORMAL,112.0,0.0,3.1,False
1767697261.64,2026-01-06 16:31:01,6,19,853,5.1%,78,NORMAL,113.0,0.0,3.1,False
1767697262.77,2026-01-06 16:31:02,6,19,853,5.4%,78,NORMAL,113.0,0.0,3.1,False
1767697264.01,2026-01-06 16:31:04,6,19,853,5.6%,78,NORMAL,113.0,0.0,3.0,False
1767697265.22,2026-01-06 16:31:05,6,19,853,5.9%,78,NORMAL,112.0,0.0,3.0,False
1767697266.46,2026-01-06 16:31:06,6,19,853,6.1%,78,NORMAL,112.0,0.0,3.0,False
1767697268.01,2026-01-06 16:31:08,6,19,853,6.4%,78,NORMAL,112.0,0.0,3.0,False
1767697269.26,2026-01-06 16:31:09,6,19,853,6.7%,78,NORMAL,111.0,0.0,3.0,False
1767697270.86,2026-01-06 16:31:10,6,19,853,6.9%,78,NORMAL,111.0,0.0,2.9,False
1767697272.19,2026-01-06 16:31:12,5,19,853,7.1%,78,NORMAL,111.0,0.0,2.9,False
1767697273.71,2026-01-06 16:31:13,6,19,854,7.3%,78,NORMAL,112.0,0.0,2.9,False
1767697274.93,2026-01-06 16:31:14,6,19,854,7.4%,78,NORMAL,112.0,0.0,2.9,False
1767697276.20,2026-01-06 16:31:16,5,19,854,7.5%,78,NORMAL,112.0,0.0,2.9,False
1767697277.37,2026-01-06 16:31:17,5,19,854,7.6%,78,NORMAL,112.0,0.0,2.9,False
1767697278.88,2026-01-06 16:31:18,5,19,854,7.7%,78,NORMAL,110.0,0.0,2.9,False
1767697279.94,2026-01-06 16:31:19,5,19,854,7.8%,78,NORMAL,110.0,0.0,2.9,False
1767697281.35,2026-01-06 16:31:21,6,19,855,8.0%,78,NORMAL,111.0,0.0,3.0,False
1767697282.50,2026-01-06 16:31:22,5,19,855,8.1%,78,NORMAL,111.0,0.0,3.0,False
1767697283.57,2026-01-06 16:31:23,5,19,855,8.2%,78,NORMAL,110.0,0.0,3.1,False
1767697284.64,2026-01-06 16:31:24,5,19,855,8.3%,78,NORMAL,110.0,0.0,3.1,False
1767697285.98,2026-01-06 16:31:25,6,19,856,8.4%,78,NORMAL,111.0,0.0,3.1,False
1767697287.05,2026-01-06 16:31:27,7,19,857,8.5%,78,NORMAL,111.0,0.0,3.1,False
1767697288.34,2026-01-06 16:31:28,6,19,857,8.5%,78,NORMAL,111.0,0.0,3.2,False
1767697289.76,2026-01-06 16:31:29,7,19,858,8.6%,78,NORMAL,112.0,0.0,3.2,False
1767697291.01,2026-01-06 16:31:31,7,19,858,8.7%,78,NORMAL,111.0,0.0,3.3,False
1767697292.25,2026-01-06 16:31:32,6,19,858,8.8%,78,NORMAL,111.0,0.0,3.3,False
1767697293.42,2026-01-06 16:31:33,6,19,858,8.9%,78,NORMAL,110.0,0.0,3.3,False
1767697294.77,2026-01-06 16:31:34,5,19,858,8.9%,78,NORMAL,110.0,0.0,3.3,False
1767697296.02,2026-01-06 16:31:36,5,19,858,8.9%,78,NORMAL,110.0,0.0,3.3,False
1767697297.13,2026-01-06 16:31:37,4,19,858,8.8%,78,NORMAL,110.0,0.0,3.3,False
1767697298.44,2026-01-06 16:31:38,5,19,859,8.8%,78,NORMAL,111.0,0.0,3.3,False
1767697299.49,2026-01-06 16:31:39,5,19,859,8.7%,78,NORMAL,111.0,0.0,3.4,False
1767697300.61,2026-01-06 16:31:40,5,19,859,8.7%,78,NORMAL,111.0,0.0,3.4,False
1767697301.68,2026-01-06 16:31:41,5,19,859,8.6%,78,NORMAL,111.0,0.0,3.5,False
1767697303.09,2026-01-06 16:31:43,6,19,860,8.6%,78,NORMAL,112.0,0.0,3.5,False
1767697304.60,2026-01-06 16:31:44,6,19,860,8.6%,78,NORMAL,112.0,0.0,3.6,False
1767697305.72,2026-01-06 16:31:45,6,19,860,8.6%,78,NORMAL,111.0,0.0,3.6,False
1767697307.01,2026-01-06 16:31:47,5,19,860,8.6%,78,NORMAL,111.0,0.0,3.7,False
1767697308.20,2026-01-06 16:31:48,6,19,861,8.6%,78,NORMAL,111.0,0.0,3.8,False
1767697309.37,2026-01-06 16:31:49,6,19,861,8.6%,78,NORMAL,111.0,0.0,3.9,False
1767697310.77,2026-01-06 16:31:50,5,19,861,8.6%,78,NORMAL,111.0,0.0,3.9,False
1767697311.98,2026-01-06 16:31:51,5,19,861,8.5%,78,NORMAL,111.0,0.0,3.9,False
1767697313.25,2026-01-06 16:31:53,6,19,861,8.6%,78,NORMAL,111.0,0.0,4.0,False
1767697314.95,2026-01-06 16:31:54,6,19,862,8.6%,78,NORMAL,112.0,0.0,4.0,False
1767697315.97,2026-01-06 16:31:55,5,19,862,8.6%,78,NORMAL,112.0,0.0,4.0,False
1767697317.12,2026-01-06 16:31:57,6,19,862,8.7%,78,NORMAL,112.0,0.0,4.1,False
1767697318.42,2026-01-06 16:31:58,7,19,862,8.7%,78,NORMAL,112.0,0.0,4.1,False
1767697319.61,2026-01-06 16:31:59,7,19,862,8.8%,78,NORMAL,112.0,0.0,4.1,False
1767697320.79,2026-01-06 16:32:00,6,19,862,8.9%,78,NORMAL,112.0,0.0,4.1,False
1767697322.34,2026-01-06 16:32:02,6,19,862,8.9%,78,NORMAL,112.0,0.0,4.1,False
1767697323.92,2026-01-06 16:32:03,5,19,862,8.9%,78,NORMAL,112.0,0.0,4.0,False
1767697324.96,2026-01-06 16:32:04,6,19,862,8.8%,78,NORMAL,112.0,0.0,4.0,False
1767697326.08,2026-01-06 16:32:06,7,19,862,8.9%,78,NORMAL,112.0,0.0,4.0,False
1767697327.17,2026-01-06 16:32:07,7,19,862,8.9%,78,NORMAL,112.0,0.0,4.0,False
1767697328.75,2026-01-06 16:32:08,7,19,862,8.9%,78,NORMAL,112.0,0.0,4.0,False
1767697329.84,2026-01-06 16:32:09,7,19,863,8.9%,78,NORMAL,113.0,0.0,4.0,False
1767697330.88,2026-01-06 16:32:10,7,19,864,9.0%,78,NORMAL,114.0,0.0,4.0,False
1767697331.95,2026-01-06 16:32:11,6,19,864,9.0%,78,NORMAL,113.0,0.0,4.0,False
1767697333.53,2026-01-06 16:32:13,7,19,864,9.1%,78,NORMAL,112.0,0.0,3.9,False
1767697334.62,2026-01-06 16:32:14,6,19,864,9.2%,78,NORMAL,112.0,0.0,3.9,False
1767697335.90,2026-01-06 16:32:15,5,19,864,9.2%,78,NORMAL,112.0,0.0,3.9,False
1767697337.20,2026-01-06 16:32:17,4,19,864,9.2%,78,NORMAL,111.0,0.0,3.9,False
1767697338.50,2026-01-06 16:32:18,5,19,864,9.2%,78,NORMAL,111.0,0.0,3.9,False
1767697339.58,2026-01-06 16:32:19,5,19,864,9.2%,78,NORMAL,111.0,0.0,3.9,False
1767697340.75,2026-01-06 16:32:20,5,19,864,9.1%,78,NORMAL,111.0,0.0,3.9,False
1767697341.83,2026-01-06 16:32:21,6,19,865,9.1%,78,NORMAL,112.0,0.0,3.8,False
1767697343.87,2026-01-06 16:32:23,7,19,866,9.2%,78,NORMAL,112.0,0.0,3.8,False
1767697344.89,2026-01-06 16:32:24,7,19,866,9.3%,78,NORMAL,111.0,0.0,3.8,False
1767697346.21,2026-01-06 16:32:26,6,19,866,9.3%,78,NORMAL,111.0,0.0,3.8,False
1767697347.45,2026-01-06 16:32:27,6,19,866,9.3%,78,NORMAL,108.0,0.0,3.7,False
1767697348.52,2026-01-06 16:32:28,5,19,866,9.3%,78,NORMAL,107.0,0.0,3.7,False
1767697349.67,2026-01-06 16:32:29,5,19,866,9.3%,78,NORMAL,107.0,0.0,3.7,False
1767697350.85,2026-01-06 16:32:30,4,19,866,9.2%,78,NORMAL,107.0,0.0,3.6,False
1767697352.50,2026-01-06 16:32:32,4,19,866,9.1%,78,NORMAL,107.0,0.0,3.6,False
1767697353.53,2026-01-06 16:32:33,4,19,866,9.0%,78,NORMAL,106.0,0.0,3.6,False
1767697354.78,2026-01-06 16:32:34,4,19,866,8.9%,78,NORMAL,106.0,0.0,3.5,False
1767697356.12,2026-01-06 16:32:36,4,19,866,8.8%,78,NORMAL,105.0,0.0,3.5,False
1767697357.70,2026-01-06 16:32:37,5,19,867,8.7%,78,NORMAL,105.0,0.0,3.5,False
1767697358.92,2026-01-06 16:32:38,4,19,867,8.6%,78,NORMAL,105.0,0.0,3.4,False
1767697360.25,2026-01-06 16:32:40,4,19,867,8.5%,78,NORMAL,104.0,0.0,3.4,False
1767697361.30,2026-01-06 16:32:41,5,19,869,8.5%,78,NORMAL,106.0,0.0,3.4,False
1767697362.50,2026-01-06 16:32:42,6,19,870,8.5%,78,NORMAL,107.0,0.0,3.4,False
1767697363.50,2026-01-06 16:32:43,6,19,870,8.4%,78,NORMAL,107.0,0.0,3.4,False
1767697364.60,2026-01-06 16:32:44,5,19,871,8.3%,78,NORMAL,107.0,0.0,3.4,False
1767697366.27,2026-01-06 16:32:46,5,19,871,8.2%,78,NORMAL,106.0,0.0,3.4,False
1767697367.51,2026-01-06 16:32:47,6,19,872,8.2%,78,NORMAL,107.0,0.0,3.4,False
1767697368.97,2026-01-06 16:32:48,6,19,872,8.1%,78,NORMAL,105.0,0.0,3.4,False
1767697370.12,2026-01-06 16:32:50,5,19,872,8.1%,78,NORMAL,105.0,0.0,3.4,False
1767697371.65,2026-01-06 16:32:51,5,19,872,8.0%,78,NORMAL,105.0,0.0,3.5,False
1767697372.98,2026-01-06 16:32:52,5,19,872,7.9%,78,NORMAL,105.0,0.0,3.5,False
1767697373.98,2026-01-06 16:32:53,6,19,872,8.0%,78,NORMAL,103.0,0.0,3.5,False
1767697375.75,2026-01-06 16:32:55,7,19,872,8.1%,78,NORMAL,103.0,0.0,3.5,False
1767697376.76,2026-01-06 16:32:56,7,19,872,8.2%,78,NORMAL,103.0,0.0,3.5,False
1767697377.98,2026-01-06 16:32:57,7,19,872,8.3%,78,NORMAL,103.0,0.0,3.5,False
1767697379.93,2026-01-06 16:32:59,7,19,872,8.4%,78,NORMAL,103.0,0.0,3.5,False
1767697381.19,2026-01-06 16:33:01,7,19,872,8.5%,78,NORMAL,103.0,0.0,3.5,False
1767697382.57,2026-01-06 16:33:02,8,19,874,8.5%,78,NORMAL,104.0,0.0,3.5,False
1767697384.06,2026-01-06 16:33:04,8,19,874,8.6%,78,NORMAL,104.0,0.0,3.5,False
1767697385.24,2026-01-06 16:33:05,8,19,875,8.7%,78,NORMAL,105.0,0.0,3.5,False
1767697386.68,2026-01-06 16:33:06,6,19,875,8.7%,78,NORMAL,104.0,0.0,3.5,False
1767697387.77,2026-01-06 16:33:07,7,19,875,8.8%,78,NORMAL,104.0,0.0,3.5,False
1767697388.89,2026-01-06 16:33:08,5,19,875,8.8%,78,NORMAL,104.0,0.0,3.5,False
1767697390.09,2026-01-06 16:33:10,5,19,875,8.8%,78,NORMAL,104.0,0.0,3.5,False
1767697391.15,2026-01-06 16:33:11,7,19,876,9.0%,78,NORMAL,105.0,0.0,3.5,False
1767697392.48,2026-01-06 16:33:12,6,19,876,9.1%,78,NORMAL,105.0,0.0,3.5,False
1767697394.01,2026-01-06 16:33:14,5,19,876,9.1%,78,NORMAL,105.0,0.0,3.5,False
1767697395.50,2026-01-06 16:33:15,6,19,877,9.2%,78,NORMAL,106.0,0.0,3.5,False
1767697397.03,2026-01-06 16:33:17,5,19,877,9.2%,78,NORMAL,104.0,0.0,3.6,False
1767697398.59,2026-01-06 16:33:18,6,19,877,9.3%,78,NORMAL,104.0,0.0,3.6,False
1767697399.92,2026-01-06 16:33:19,6,19,877,9.4%,78,NORMAL,104.0,0.0,3.6,False
1767697401.16,2026-01-06 16:33:21,6,19,878,9.5%,78,NORMAL,105.0,0.0,3.6,False
1767697402.71,2026-01-06 16:33:22,6,19,878,9.5%,78,NORMAL,105.0,0.0,3.6,False
1767697403.88,2026-01-06 16:33:23,5,19,878,9.4%,78,NORMAL,105.0,0.0,3.6,False
1767697404.89,2026-01-06 16:33:24,4,19,878,9.4%,78,NORMAL,105.0,0.0,3.6,False
1767697406.12,2026-01-06 16:33:26,4,19,878,9.3%,78,NORMAL,105.0,0.0,3.6,False
1767697407.36,2026-01-06 16:33:27,4,19,878,9.2%,78,NORMAL,105.0,0.0,3.6,False
1767697408.38,2026-01-06 16:33:28,4,19,878,9.1%,78,NORMAL,105.0,0.0,3.6,False
1767697409.48,2026-01-06 16:33:29,6,19,880,9.2%,78,NORMAL,106.0,0.0,3.6,False
1767697410.75,2026-01-06 16:33:30,6,19,880,9.2%,78,NORMAL,106.0,0.0,3.5,False
1767697412.21,2026-01-06 16:33:32,4,19,880,9.2%,78,NORMAL,106.0,0.0,3.5,False
1767697413.38,2026-01-06 16:33:33,5,19,880,9.1%,78,NORMAL,106.0,0.0,3.5,False
1767697414.48,2026-01-06 16:33:34,4,19,880,9.0%,78,NORMAL,106.0,0.0,3.5,False
1767697415.52,2026-01-06 16:33:35,5,19,881,8.9%,78,NORMAL,105.0,0.0,3.4,False
1767697416.82,2026-01-06 16:33:36,6,19,883,8.8%,78,NORMAL,107.0,0.0,3.4,False
1767697417.96,2026-01-06 16:33:37,5,19,883,8.7%,78,NORMAL,107.0,0.0,3.4,False
1767697419.00,2026-01-06 16:33:38,7,19,884,8.7%,78,NORMAL,108.0,0.0,3.4,False
1767697420.59,2026-01-06 16:33:40,5,19,884,8.6%,78,NORMAL,107.0,0.0,3.4,False
1767697422.02,2026-01-06 16:33:42,5,19,884,8.4%,78,NORMAL,107.0,0.0,3.4,False
1767697423.10,2026-01-06 16:33:43,5,19,884,8.3%,78,NORMAL,107.0,0.0,3.4,False
1767697424.26,2026-01-06 16:33:44,6,19,885,8.3%,78,NORMAL,108.0,0.0,3.4,False
1767697425.52,2026-01-06 16:33:45,4,19,885,8.1%,78,NORMAL,108.0,0.0,3.4,False
1767697426.70,2026-01-06 16:33:46,4,19,885,8.1%,78,NORMAL,108.0,0.0,3.4,False
1767697427.79,2026-01-06 16:33:47,4,19,885,8.0%,78,NORMAL,108.0,0.0,3.4,False
1767697429.28,2026-01-06 16:33:49,5,19,886,7.9%,78,NORMAL,109.0,0.0,3.4,False
1767697430.31,2026-01-06 16:33:50,4,19,886,7.8%,78,NORMAL,108.0,0.0,3.4,False
1767697431.78,2026-01-06 16:33:51,6,19,888,7.9%,78,NORMAL,109.0,0.0,3.4,False
1767697432.96,2026-01-06 16:33:52,6,19,888,7.9%,78,NORMAL,109.0,0.0,3.4,False
1767697434.29,2026-01-06 16:33:54,6,19,888,7.9%,78,NORMAL,109.0,0.0,3.4,False
1767697435.29,2026-01-06 16:33:55,6,19,888,7.9%,78,NORMAL,109.0,0.0,3.5,False
1767697436.41,2026-01-06 16:33:56,7,19,889,8.0%,78,NORMAL,108.0,0.0,3.5,False
1767697438.16,2026-01-06 16:33:58,7,19,889,8.0%,78,NORMAL,107.0,0.0,3.5,False
1767697439.63,2026-01-06 16:33:59,7,19,889,8.1%,78,NORMAL,107.0,0.0,3.5,False
1767697441.61,2026-01-06 16:34:01,6,19,889,8.1%,78,NORMAL,106.0,0.0,3.5,False
1767697443.54,2026-01-06 16:34:03,5,19,889,8.2%,78,NORMAL,106.0,0.0,3.5,False
1767697444.61,2026-01-06 16:34:04,6,19,889,8.3%,78,NORMAL,106.0,0.0,3.5,False
1767697445.69,2026-01-06 16:34:05,7,19,890,8.4%,78,NORMAL,106.0,0.0,3.5,False
1767697447.31,2026-01-06 16:34:07,8,19,891,8.6%,78,NORMAL,107.0,0.0,3.6,False
1767697448.51,2026-01-06 16:34:08,6,19,891,8.6%,78,NORMAL,107.0,0.0,3.6,False
1767697449.62,2026-01-06 16:34:09,6,19,891,8.6%,78,NORMAL,106.0,0.0,3.6,False
1767697450.74,2026-01-06 16:34:10,7,19,891,8.8%,78,NORMAL,106.0,0.0,3.6,False
1767697452.05,2026-01-06 16:34:12,7,19,891,8.9%,78,NORMAL,106.0,0.0,3.7,False
1767697453.24,2026-01-06 16:34:13,6,19,891,9.0%,78,NORMAL,106.0,0.0,3.7,False
1767697454.45,2026-01-06 16:34:14,6,19,891,9.0%,78,NORMAL,105.0,0.0,3.7,False
1767697455.80,2026-01-06 16:34:15,7,19,892,9.1%,78,NORMAL,106.0,0.0,3.7,False
1767697456.96,2026-01-06 16:34:16,7,19,892,9.2%,78,NORMAL,106.0,0.0,3.7,False
1767697458.11,2026-01-06 16:34:18,7,19,892,9.2%,78,NORMAL,106.0,0.0,3.7,False
1767697459.42,2026-01-06 16:34:19,7,19,892,9.3%,78,NORMAL,106.0,0.0,3.7,False
1767697460.69,2026-01-06 16:34:20,8,19,892,9.4%,78,NORMAL,106.0,0.0,3.7,False
1767697462.99,2026-01-06 16:34:22,8,19,892,9.6%,78,NORMAL,106.0,0.0,3.7,False
1767697464.85,2026-01-06 16:34:24,7,19,892,9.6%,78,NORMAL,106.0,0.0,3.7,False
1767697466.21,2026-01-06 16:34:26,6,19,892,9.7%,78,NORMAL,106.0,0.0,3.7,False
1767697467.57,2026-01-06 16:34:27,6,19,892,9.8%,78,NORMAL,106.0,0.0,3.7,False
1767697468.57,2026-01-06 16:34:28,6,19,892,9.9%,78,NORMAL,106.0,0.0,3.7,False
1767697469.86,2026-01-06 16:34:29,8,19,894,10.1%,78,NORMAL,107.0,0.0,3.7,False
1767697471.05,2026-01-06 16:34:31,8,19,894,10.3%,78,NORMAL,107.0,0.0,3.7,False
1767697472.43,2026-01-06 16:34:32,10,19,895,10.5%,78,NORMAL,108.0,0.0,3.7,False
1767697474.77,2026-01-06 16:34:34,9,19,897,10.6%,78,NORMAL,110.0,0.0,3.6,False
1767697475.79,2026-01-06 16:34:35,9,19,899,10.8%,78,NORMAL,111.0,0.0,3.6,False
1767697477.03,2026-01-06 16:34:37,7,19,899,10.8%,78,NORMAL,111.0,0.0,3.6,False
1767697478.44,2026-01-06 16:34:38,8,19,900,10.9%,78,NORMAL,112.0,0.0,3.6,False
1767697480.10,2026-01-06 16:34:40,6,19,900,10.8%,78,NORMAL,112.0,0.0,3.6,False
1767697481.22,2026-01-06 16:34:41,6,19,901,10.8%,78,NORMAL,113.0,0.0,3.5,False
1767697482.47,2026-01-06 16:34:42,8,19,902,10.9%,78,NORMAL,113.0,0.0,3.5,False
1767697483.82,2026-01-06 16:34:43,9,19,902,11.1%,78,NORMAL,113.0,0.0,3.5,False
1767697485.60,2026-01-06 16:34:45,9,19,902,11.2%,78,NORMAL,113.0,0.0,3.5,False
1767697486.61,2026-01-06 16:34:46,8,19,902,11.3%,78,NORMAL,112.0,0.0,3.5,False
1767697487.90,2026-01-06 16:34:47,7,19,902,11.2%,78,NORMAL,112.0,0.0,3.5,False
1767697489.54,2026-01-06 16:34:49,8,19,902,11.3%,78,NORMAL,111.0,0.0,3.5,False
1767697490.64,2026-01-06 16:34:50,8,19,902,11.4%,78,NORMAL,111.0,0.0,3.5,False
1767697491.94,2026-01-06 16:34:51,7,19,904,11.4%,78,NORMAL,113.0,0.0,3.5,False
1767697493.31,2026-01-06 16:34:53,7,19,904,11.4%,78,NORMAL,113.0,0.0,3.5,False
1767697494.48,2026-01-06 16:34:54,7,19,904,11.5%,78,NORMAL,113.0,0.0,3.6,False
1767697495.49,2026-01-06 16:34:55,7,19,904,11.5%,78,NORMAL,113.0,0.0,3.6,False
1767697497.15,2026-01-06 16:34:57,7,19,905,11.5%,78,NORMAL,113.0,0.0,3.6,False
1767697499.07,2026-01-06 16:34:59,6,19,905,11.5%,78,NORMAL,113.0,0.0,3.6,False
1767697500.19,2026-01-06 16:35:00,6,19,905,11.4%,78,NORMAL,113.0,0.0,3.6,False
1767697501.38,2026-01-06 16:35:01,6,19,905,11.4%,78,NORMAL,113.0,0.0,3.7,False
1767697502.90,2026-01-06 16:35:02,5,19,906,11.2%,78,NORMAL,114.0,0.0,3.7,False
1767697504.12,2026-01-06 16:35:04,5,19,906,11.1%,78,NORMAL,114.0,0.0,3.7,False
1767697505.68,2026-01-06 16:35:05,6,19,906,11.0%,78,NORMAL,114.0,0.0,3.8,False
1767697507.09,2026-01-06 16:35:07,6,19,906,11.0%,78,NORMAL,114.0,0.0,3.8,False
1767697508.14,2026-01-06 16:35:08,5,19,906,11.0%,78,NORMAL,114.0,0.0,3.9,False
1767697509.65,2026-01-06 16:35:09,5,19,906,10.9%,78,NORMAL,113.0,0.0,3.9,False
1767697510.77,2026-01-06 16:35:10,5,19,906,10.8%,78,NORMAL,113.0,0.0,3.9,False
1767697511.81,2026-01-06 16:35:11,4,19,906,10.6%,78,NORMAL,112.0,0.0,4.0,False
1767697513.12,2026-01-06 16:35:13,4,19,906,10.3%,78,NORMAL,112.0,0.0,4.0,False
1767697514.32,2026-01-06 16:35:14,5,19,906,10.1%,78,NORMAL,112.0,0.0,4.1,False
1767697515.87,2026-01-06 16:35:15,7,19,907,10.0%,78,NORMAL,113.0,0.0,4.1,False
1767697517.00,2026-01-06 16:35:16,7,19,907,10.0%,78,NORMAL,113.0,0.0,4.1,False
1767697518.06,2026-01-06 16:35:18,6,19,907,9.9%,78,NORMAL,113.0,0.0,4.2,False
1767697519.18,2026-01-06 16:35:19,6,19,907,9.9%,78,NORMAL,113.0,0.0,4.2,False
1767697521.02,2026-01-06 16:35:21,6,19,907,9.9%,78,NORMAL,112.0,0.0,4.2,False
1767697522.93,2026-01-06 16:35:22,6,19,907,9.8%,78,NORMAL,112.0,0.0,4.2,False
1767697524.04,2026-01-06 16:35:24,6,19,907,9.6%,78,NORMAL,112.0,0.0,4.2,False
1767697525.87,2026-01-06 16:35:25,6,19,907,9.5%,78,NORMAL,112.0,0.0,4.2,False
1767697527.52,2026-01-06 16:35:27,6,19,907,9.4%,78,NORMAL,112.0,0.0,4.2,False
1767697529.13,2026-01-06 16:35:29,5,19,907,9.3%,78,NORMAL,112.0,0.0,4.2,False
1767697530.72,2026-01-06 16:35:30,5,19,907,9.1%,78,NORMAL,112.0,0.0,4.1,False
1767697531.75,2026-01-06 16:35:31,5,19,907,9.0%,78,NORMAL,112.0,0.0,4.1,False
1767697532.75,2026-01-06 16:35:32,5,19,907,8.9%,78,NORMAL,111.0,0.0,4.1,False
1767697534.54,2026-01-06 16:35:34,5,19,907,8.8%,78,NORMAL,110.0,0.0,4.0,False
1767697535.67,2026-01-06 16:35:35,5,19,907,8.7%,78,NORMAL,110.0,0.0,4.0,False
1767697537.24,2026-01-06 16:35:37,5,19,907,8.6%,78,NORMAL,110.0,0.0,4.0,False
1767697538.32,2026-01-06 16:35:38,5,19,907,8.5%,78,NORMAL,110.0,0.0,4.0,False
1767697539.66,2026-01-06 16:35:39,5,19,907,8.4%,78,NORMAL,110.0,0.0,3.9,False
1767697541.05,2026-01-06 16:35:41,4,19,907,8.3%,78,NORMAL,109.0,0.0,3.9,False
1767697542.09,2026-01-06 16:35:42,4,19,907,8.2%,78,NORMAL,109.0,0.0,3.8,False
1767697543.28,2026-01-06 16:35:43,4,19,907,8.2%,78,NORMAL,109.0,0.0,3.8,False
1767697544.32,2026-01-06 16:35:44,4,19,907,8.1%,78,NORMAL,109.0,0.0,3.8,False
1767697545.38,2026-01-06 16:35:45,4,19,907,8.0%,78,NORMAL,109.0,0.0,3.7,False
1767697547.45,2026-01-06 16:35:47,5,19,907,8.0%,78,NORMAL,109.0,0.0,3.7,False
1767697548.46,2026-01-06 16:35:48,6,19,908,8.0%,78,NORMAL,110.0,0.0,3.7,False
1767697549.62,2026-01-06 16:35:49,6,19,908,8.1%,78,NORMAL,110.0,0.0,3.7,False
1767697550.64,2026-01-06 16:35:50,6,19,908,8.1%,78,NORMAL,109.0,0.0,3.7,False
1767697552.27,2026-01-06 16:35:52,5,19,908,8.2%,78,NORMAL,109.0,0.0,3.7,False
1767697553.66,2026-01-06 16:35:53,5,19,908,8.2%,78,NORMAL,109.0,0.0,3.7,False
1767697554.98,2026-01-06 16:35:54,4,19,908,8.2%,78,NORMAL,109.0,0.0,3.7,False
1767697556.04,2026-01-06 16:35:56,4,19,908,8.0%,78,NORMAL,109.0,0.0,3.7,False
1767697557.34,2026-01-06 16:35:57,4,19,908,7.9%,78,NORMAL,109.0,0.0,3.6,False
1767697558.84,2026-01-06 16:35:58,3,19,908,7.7%,78,NORMAL,109.0,0.0,3.6,False
1767697559.89,2026-01-06 16:35:59,3,19,908,7.6%,78,NORMAL,108.0,0.0,3.6,False
1767697561.20,2026-01-06 16:36:01,3,19,908,7.4%,78,NORMAL,108.0,0.0,3.6,False
1767697562.22,2026-01-06 16:36:02,4,19,908,7.3%,78,NORMAL,108.0,0.0,3.6,False
1767697563.76,2026-01-06 16:36:03,6,19,910,7.3%,78,NORMAL,109.0,0.0,3.6,False
1767697565.13,2026-01-06 16:36:05,6,19,910,7.3%,78,NORMAL,106.0,0.0,3.6,False
1767697566.67,2026-01-06 16:36:06,6,19,910,7.3%,78,NORMAL,106.0,0.0,3.7,False
1767697567.73,2026-01-06 16:36:07,6,19,910,7.4%,78,NORMAL,106.0,0.0,3.7,False
1767697568.97,2026-01-06 16:36:08,6,19,910,7.4%,78,NORMAL,105.0,0.0,3.8,False
1767697570.20,2026-01-06 16:36:10,6,19,910,7.5%,78,NORMAL,105.0,0.0,3.8,False
1767697571.30,2026-01-06 16:36:11,5,19,910,7.5%,78,NORMAL,105.0,0.0,3.8,False
1767697572.43,2026-01-06 16:36:12,5,19,910,7.5%,78,NORMAL,105.0,0.0,3.8,False
1767697574.26,2026-01-06 16:36:14,5,19,910,7.5%,78,NORMAL,105.0,0.0,3.8,False
1767697575.47,2026-01-06 16:36:15,6,19,911,7.5%,78,NORMAL,105.0,0.0,3.8,False
1767697576.68,2026-01-06 16:36:16,6,19,911,7.6%,78,NORMAL,103.0,0.0,3.8,False
1767697577.79,2026-01-06 16:36:17,6,19,912,7.6%,78,NORMAL,104.0,0.0,3.8,False
1767697578.92,2026-01-06 16:36:18,6,19,912,7.7%,78,NORMAL,103.0,0.0,3.8,False
1767697580.30,2026-01-06 16:36:20,5,19,912,7.8%,78,NORMAL,103.0,0.0,3.8,False
1767697581.58,2026-01-06 16:36:21,5,19,912,7.8%,78,NORMAL,103.0,0.0,3.8,False
1767697582.67,2026-01-06 16:36:22,6,19,912,7.9%,78,NORMAL,103.0,0.0,3.9,False
1767697583.93,2026-01-06 16:36:23,6,19,912,8.0%,78,NORMAL,103.0,0.0,3.9,False
1767697584.93,2026-01-06 16:36:24,6,19,912,8.1%,78,NORMAL,103.0,0.0,3.9,False
1767697586.22,2026-01-06 16:36:26,6,19,912,8.1%,78,NORMAL,103.0,0.0,3.9,False
1767697587.44,2026-01-06 16:36:27,6,19,912,8.1%,78,NORMAL,103.0,0.0,3.9,False
1767697588.52,2026-01-06 16:36:28,6,19,912,8.1%,78,NORMAL,103.0,0.0,3.9,False
1767697589.59,2026-01-06 16:36:29,6,19,912,8.1%,78,NORMAL,103.0,0.0,3.9,False
1767697590.76,2026-01-06 16:36:30,7,19,912,8.2%,78,NORMAL,103.0,0.0,3.9,False
1767697591.82,2026-01-06 16:36:31,6,19,912,8.3%,78,NORMAL,103.0,0.0,3.9,False
1767697592.86,2026-01-06 16:36:32,6,19,912,8.4%,78,NORMAL,101.0,0.0,3.9,False
1767697594.58,2026-01-06 16:36:34,5,19,912,8.5%,78,NORMAL,101.0,0.0,3.9,False
1767697595.84,2026-01-06 16:36:35,6,19,912,8.6%,78,NORMAL,101.0,0.0,3.9,False
1767697596.88,2026-01-06 16:36:36,6,19,912,8.8%,78,NORMAL,100.0,0.0,3.9,False
1767697598.29,2026-01-06 16:36:38,6,19,912,9.0%,78,NORMAL,100.0,0.0,4.0,False
1767697599.73,2026-01-06 16:36:39,6,19,912,9.1%,78,NORMAL,99.0,0.0,4.0,False
1767697600.82,2026-01-06 16:36:40,5,19,912,9.0%,78,NORMAL,99.0,0.0,4.0,False
1767697602.09,2026-01-06 16:36:42,7,19,912,9.1%,78,NORMAL,99.0,0.0,3.9,False
1767697603.74,2026-01-06 16:36:43,5,19,912,9.0%,78,NORMAL,99.0,0.0,3.9,False
1767697605.10,2026-01-06 16:36:45,5,19,912,9.0%,78,NORMAL,99.0,0.0,3.9,False
1767697606.83,2026-01-06 16:36:46,4,19,912,8.9%,78,NORMAL,98.0,0.0,3.8,False
1767697607.83,2026-01-06 16:36:47,4,19,912,8.7%,78,NORMAL,98.0,0.0,3.8,False
1767697609.20,2026-01-06 16:36:49,5,19,913,8.7%,78,NORMAL,98.0,0.0,3.8,False
1767697610.49,2026-01-06 16:36:50,6,19,913,8.8%,78,NORMAL,98.0,0.0,3.8,False
1767697611.81,2026-01-06 16:36:51,5,19,913,8.8%,78,NORMAL,98.0,0.0,3.8,False
1767697612.93,2026-01-06 16:36:52,5,19,913,8.7%,78,NORMAL,97.0,0.0,3.8,False
1767697614.32,2026-01-06 16:36:54,4,19,913,8.6%,78,NORMAL,97.0,0.0,3.8,False
1767697615.73,2026-01-06 16:36:55,5,19,913,8.6%,78,NORMAL,97.0,0.0,3.8,False
1767697617.27,2026-01-06 16:36:57,5,19,913,8.5%,78,NORMAL,97.0,0.0,3.8,False
1767697618.57,2026-01-06 16:36:58,5,19,913,8.5%,78,NORMAL,97.0,0.0,3.7,False
1767697619.86,2026-01-06 16:36:59,4,19,913,8.5%,78,NORMAL,97.0,0.0,3.7,False
1767697621.18,2026-01-06 16:37:01,5,19,913,8.4%,78,NORMAL,97.0,0.0,3.7,False
1767697622.40,2026-01-06 16:37:02,5,19,913,8.4%,78,NORMAL,97.0,0.0,3.6,False
1767697623.63,2026-01-06 16:37:03,5,19,913,8.3%,78,NORMAL,97.0,0.0,3.6,False
1767697625.15,2026-01-06 16:37:05,4,19,913,8.2%,78,NORMAL,97.0,0.0,3.6,False
1767697626.41,2026-01-06 16:37:06,4,19,913,8.1%,78,NORMAL,97.0,0.0,3.6,False
1767697627.59,2026-01-06 16:37:07,5,19,914,8.1%,78,NORMAL,98.0,0.0,3.5,False
1767697628.63,2026-01-06 16:37:08,4,19,914,8.0%,78,NORMAL,98.0,0.0,3.5,False
1767697629.73,2026-01-06 16:37:09,4,19,914,7.8%,78,NORMAL,98.0,0.0,3.5,False
1767697630.81,2026-01-06 16:37:10,6,19,916,7.8%,78,NORMAL,100.0,0.0,3.4,False
1767697632.52,2026-01-06 16:37:12,6,19,916,7.8%,78,NORMAL,100.0,0.0,3.4,False
1767697633.54,2026-01-06 16:37:13,7,19,916,7.9%,78,NORMAL,100.0,0.0,3.4,False
1767697634.75,2026-01-06 16:37:14,7,19,916,8.0%,78,NORMAL,100.0,0.0,3.4,False
1767697636.05,2026-01-06 16:37:16,7,19,916,8.0%,78,NORMAL,100.0,0.0,3.3,False
1767697637.17,2026-01-06 16:37:17,6,19,916,8.0%,78,NORMAL,100.0,0.0,3.3,False
1767697638.99,2026-01-06 16:37:18,5,19,916,8.0%,78,NORMAL,100.0,0.0,3.2,False
1767697640.08,2026-01-06 16:37:20,5,19,916,8.0%,78,NORMAL,99.0,0.0,3.2,False
1767697641.12,2026-01-06 16:37:21,5,19,916,7.9%,78,NORMAL,99.0,0.0,3.2,False
1767697642.47,2026-01-06 16:37:22,5,19,916,7.9%,78,NORMAL,99.0,0.0,3.2,False
1767697643.53,2026-01-06 16:37:23,5,19,916,7.9%,78,NORMAL,99.0,0.0,3.2,False
1767697645.18,2026-01-06 16:37:25,5,19,916,7.9%,78,NORMAL,99.0,0.0,3.2,False
1767697646.32,2026-01-06 16:37:26,5,19,916,8.0%,78,NORMAL,99.0,0.0,3.2,False
1767697647.86,2026-01-06 16:37:27,6,19,917,8.0%,78,NORMAL,98.0,0.0,3.2,False
1767697649.98,2026-01-06 16:37:29,6,19,917,8.0%,78,NORMAL,97.0,0.0,3.2,False
1767697651.03,2026-01-06 16:37:31,6,19,917,8.1%,78,NORMAL,97.0,0.0,3.2,False
1767697652.32,2026-01-06 16:37:32,6,19,917,8.1%,78,NORMAL,97.0,0.0,3.1,False
1767697653.49,2026-01-06 16:37:33,6,19,917,8.2%,78,NORMAL,97.0,0.0,3.1,False
1767697654.59,2026-01-06 16:37:34,6,19,917,8.3%,78,NORMAL,97.0,0.0,3.1,False
1767697655.68,2026-01-06 16:37:35,6,19,917,8.3%,78,NORMAL,97.0,0.0,3.1,False
1767697657.29,2026-01-06 16:37:37,5,19,917,8.3%,78,NORMAL,96.0,0.0,3.1,False
1767697658.96,2026-01-06 16:37:38,6,19,917,8.4%,78,NORMAL,95.0,0.0,3.1,False
1767697660.12,2026-01-06 16:37:40,6,19,917,8.5%,78,NORMAL,94.0,0.0,3.1,False
1767697661.25,2026-01-06 16:37:41,6,19,917,8.5%,78,NORMAL,94.0,0.0,3.1,False
1767697662.53,2026-01-06 16:37:42,5,19,917,8.5%,78,NORMAL,94.0,0.0,3.1,False
1767697663.68,2026-01-06 16:37:43,4,19,917,8.5%,78,NORMAL,94.0,0.0,3.1,False
1767697664.96,2026-01-06 16:37:44,4,19,917,8.5%,78,NORMAL,94.0,0.0,3.2,False
1767697666.10,2026-01-06 16:37:46,4,19,917,8.5%,78,NORMAL,94.0,0.0,3.2,False
1767697667.42,2026-01-06 16:37:47,4,19,917,8.5%,78,NORMAL,94.0,0.0,3.2,False
1767697668.54,2026-01-06 16:37:48,4,19,917,8.5%,78,NORMAL,94.0,0.0,3.2,False
1767697669.57,2026-01-06 16:37:49,4,19,917,8.4%,78,NORMAL,93.0,0.0,3.2,False
1767697671.11,2026-01-06 16:37:51,4,19,917,8.3%,78,NORMAL,92.0,0.0,3.3,False
1767697672.26,2026-01-06 16:37:52,5,19,917,8.2%,78,NORMAL,92.0,0.0,3.3,False
1767697673.49,2026-01-06 16:37:53,7,19,919,8.2%,78,NORMAL,93.0,0.0,3.3,False
1767697674.67,2026-01-06 16:37:54,6,19,919,8.1%,78,NORMAL,93.0,0.0,3.3,False
1767697675.86,2026-01-06 16:37:55,5,19,919,8.1%,78,NORMAL,93.0,0.0,3.3,False
1767697677.36,2026-01-06 16:37:57,6,19,919,8.1%,78,NORMAL,93.0,0.0,3.3,False
1767697678.75,2026-01-06 16:37:58,5,19,919,8.1%,78,NORMAL,93.0,0.0,3.3,False
1767697680.35,2026-01-06 16:38:00,5,19,919,8.1%,78,NORMAL,93.0,0.0,3.3,False
1767697681.65,2026-01-06 16:38:01,5,19,919,8.1%,78,NORMAL,92.0,0.0,3.3,False
1767697682.71,2026-01-06 16:38:02,5,19,919,8.1%,78,NORMAL,92.0,0.0,3.3,False
1767697684.47,2026-01-06 16:38:04,5,19,919,8.1%,78,NORMAL,92.0,0.0,3.3,False
1767697685.60,2026-01-06 16:38:05,4,19,919,8.1%,78,NORMAL,92.0,0.0,3.3,False
1767697687.03,2026-01-06 16:38:07,4,19,919,8.0%,78,NORMAL,92.0,0.0,3.3,False
1767697688.35,2026-01-06 16:38:08,6,19,920,8.0%,78,NORMAL,93.0,0.0,3.3,False
1767697689.54,2026-01-06 16:38:09,5,19,920,7.9%,78,NORMAL,91.0,0.0,3.2,False
1767697691.11,2026-01-06 16:38:11,3,19,920,7.8%,78,NORMAL,91.0,0.0,3.2,False
1767697692.25,2026-01-06 16:38:12,5,19,920,7.7%,78,NORMAL,91.0,0.0,3.2,False
1767697693.68,2026-01-06 16:38:13,6,19,921,7.7%,78,NORMAL,92.0,0.0,3.2,False
1767697695.21,2026-01-06 16:38:15,5,19,921,7.7%,78,NORMAL,92.0,0.0,3.1,False
1767697696.69,2026-01-06 16:38:16,6,19,922,7.7%,78,NORMAL,93.0,0.0,3.1,False
1767697697.96,2026-01-06 16:38:17,5,19,922,7.7%,78,NORMAL,93.0,0.0,3.1,False
1767697699.08,2026-01-06 16:38:19,6,19,922,7.7%,78,NORMAL,93.0,0.0,3.1,False
1767697700.77,2026-01-06 16:38:20,6,19,922,7.7%,78,NORMAL,93.0,0.0,3.1,False
1767697702.25,2026-01-06 16:38:22,6,19,923,7.7%,78,NORMAL,93.0,0.0,3.0,False
1767697703.61,2026-01-06 16:38:23,6,19,923,7.8%,78,NORMAL,93.0,0.0,3.0,False
1767697704.89,2026-01-06 16:38:24,6,19,923,7.9%,78,NORMAL,93.0,0.0,3.0,False
1767697705.92,2026-01-06 16:38:25,6,19,923,8.0%,78,NORMAL,93.0,0.0,2.9,False
1767697706.99,2026-01-06 16:38:26,6,19,923,8.1%,78,NORMAL,93.0,0.0,2.9,False
1767697708.14,2026-01-06 16:38:28,6,19,923,8.2%,78,NORMAL,93.0,0.0,2.9,False
1767697709.30,2026-01-06 16:38:29,6,19,923,8.3%,78,NORMAL,93.0,0.0,2.8,False
1767697711.16,2026-01-06 16:38:31,4,19,923,8.3%,78,NORMAL,93.0,0.0,2.8,False
1767697712.39,2026-01-06 16:38:32,3,19,923,8.2%,78,NORMAL,93.0,0.0,2.8,False
1767697713.65,2026-01-06 16:38:33,3,19,923,8.0%,78,NORMAL,93.0,0.0,2.8,False
1767697714.75,2026-01-06 16:38:34,3,19,923,7.9%,78,NORMAL,93.0,0.0,2.7,False
1767697715.90,2026-01-06 16:38:35,3,19,923,7.8%,78,NORMAL,92.0,0.0,2.7,False
1767697717.07,2026-01-06 16:38:37,4,19,924,7.7%,78,NORMAL,93.0,0.0,2.7,False
1767697718.11,2026-01-06 16:38:38,4,19,924,7.6%,78,NORMAL,93.0,0.0,2.7,False
1767697719.23,2026-01-06 16:38:39,3,19,924,7.5%,78,NORMAL,93.0,0.0,2.7,False
1767697721.76,2026-01-06 16:38:41,3,19,924,7.4%,78,NORMAL,93.0,0.0,2.6,False
1767697723.31,2026-01-06 16:38:43,4,19,924,7.4%,78,NORMAL,93.0,0.0,2.6,False
1767697724.36,2026-01-06 16:38:44,4,19,924,7.3%,78,NORMAL,93.0,0.0,2.6,False
1767697725.71,2026-01-06 16:38:45,3,19,924,7.3%,78,NORMAL,93.0,0.0,2.6,False
1767697726.73,2026-01-06 16:38:46,3,19,924,7.2%,78,NORMAL,92.0,0.0,2.6,False
1767697727.84,2026-01-06 16:38:47,3,19,924,7.1%,78,NORMAL,92.0,0.0,2.6,False
1767697728.87,2026-01-06 16:38:48,3,19,924,7.0%,78,NORMAL,92.0,0.0,2.6,False
1767697730.29,2026-01-06 16:38:50,3,19,924,7.0%,78,NORMAL,92.0,0.0,2.6,False
1767697731.95,2026-01-06 16:38:51,3,19,924,6.9%,78,NORMAL,92.0,0.0,2.6,False
1767697733.08,2026-01-06 16:38:53,3,19,924,6.7%,78,NORMAL,92.0,0.0,2.6,False
1767697734.40,2026-01-06 16:38:54,3,19,924,6.6%,78,NORMAL,92.0,0.0,2.7,False
1767697735.99,2026-01-06 16:38:55,3,19,924,6.5%,78,NORMAL,92.0,0.0,2.7,False
1767697737.36,2026-01-06 16:38:57,3,19,924,6.4%,78,NORMAL,92.0,0.0,2.8,False
1767697738.45,2026-01-06 16:38:58,3,19,924,6.2%,78,NORMAL,92.0,0.0,2.8,False
1767697739.76,2026-01-06 16:38:59,3,19,924,6.1%,78,NORMAL,92.0,0.0,2.9,False
1767697740.82,2026-01-06 16:39:00,3,19,924,5.9%,78,NORMAL,92.0,0.0,2.9,False
1767697742.02,2026-01-06 16:39:02,3,19,924,5.7%,78,NORMAL,92.0,0.0,2.9,False
1767697743.25,2026-01-06 16:39:03,3,19,924,5.6%,78,NORMAL,92.0,0.0,2.9,False
1767697744.52,2026-01-06 16:39:04,2,19,924,5.4%,78,NORMAL,92.0,0.0,2.9,False
1767697746.08,2026-01-06 16:39:06,2,19,924,5.2%,78,NORMAL,92.0,0.0,2.9,False
1767697747.19,2026-01-06 16:39:07,2,19,924,5.0%,78,NORMAL,92.0,0.0,2.9,False
1767697748.52,2026-01-06 16:39:08,2,19,924,4.8%,78,NORMAL,92.0,0.0,2.9,False
1767697750.02,2026-01-06 16:39:10,1,19,925,4.6%,78,NORMAL,93.0,0.0,2.9,False
1767697751.25,2026-01-06 16:39:11,1,19,925,4.5%,78,NORMAL,93.0,0.0,2.9,False
1767697752.50,2026-01-06 16:39:12,1,19,925,4.4%,78,NORMAL,93.0,0.0,2.9,False
1767697753.77,2026-01-06 16:39:13,1,19,925,4.3%,78,NORMAL,93.0,0.0,2.9,False
1767697755.31,2026-01-06 16:39:15,1,19,925,4.2%,78,NORMAL,93.0,0.0,2.9,False
1767697756.54,2026-01-06 16:39:16,0,19,925,4.0%,78,NORMAL,93.0,0.0,2.9,False
1767697757.55,2026-01-06 16:39:17,0,19,925,3.8%,78,NORMAL,93.0,0.0,2.9,False
1767697758.56,2026-01-06 16:39:18,0,19,925,3.6%,78,NORMAL,93.0,0.0,2.9,False
1767697759.59,2026-01-06 16:39:19,0,19,925,3.5%,78,NORMAL,91.0,0.0,2.9,False
1767697760.97,2026-01-06 16:39:20,0,19,925,3.3%,78,NORMAL,91.0,0.0,2.9,False
1767697762.26,2026-01-06 16:39:22,0,19,925,3.1%,78,NORMAL,90.0,0.0,2.9,False
1767697763.43,2026-01-06 16:39:23,0,19,925,2.9%,78,NORMAL,90.0,0.0,2.9,False
1767697764.92,2026-01-06 16:39:24,0,19,925,2.7%,78,NORMAL,90.0,0.0,3.0,False
1767697765.94,2026-01-06 16:39:25,0,19,925,2.6%,78,NORMAL,90.0,0.0,3.0,False
1767697767.09,2026-01-06 16:39:27,0,19,925,2.4%,78,NORMAL,89.0,0.0,3.0,False
1767697768.22,2026-01-06 16:39:28,0,19,925,2.3%,78,NORMAL,89.0,0.0,3.0,False
1767697769.71,2026-01-06 16:39:29,0,19,925,2.1%,78,NORMAL,89.0,0.0,3.0,False
1767697770.94,2026-01-06 16:39:30,0,19,925,1.9%,78,NORMAL,88.0,0.0,3.0,False
1767697772.23,2026-01-06 16:39:32,0,19,925,1.8%,78,NORMAL,88.0,0.0,3.0,False
1767697773.32,2026-01-06 16:39:33,0,19,925,1.6%,78,NORMAL,88.0,0.0,3.0,False
1767697774.32,2026-01-06 16:39:34,0,19,925,1.5%,78,NORMAL,88.0,0.0,3.0,False
1767697775.40,2026-01-06 16:39:35,0,19,925,1.3%,78,NORMAL,88.0,0.0,3.0,False
1767697776.46,2026-01-06 16:39:36,0,19,925,1.2%,78,NORMAL,88.0,0.0,3.0,False
1767697777.50,2026-01-06 16:39:37,0,19,925,1.0%,78,NORMAL,87.0,0.0,3.0,False
1767697778.65,2026-01-06 16:39:38,0,19,925,0.8%,78,NORMAL,86.0,0.0,3.1,False
1767697780.23,2026-01-06 16:39:40,0,19,925,0.7%,78,NORMAL,86.0,0.0,3.1,False
1767697781.37,2026-01-06 16:39:41,0,19,925,0.6%,78,NORMAL,86.0,0.0,3.2,False
1767697782.57,2026-01-06 16:39:42,0,19,925,0.5%,78,NORMAL,86.0,0.0,3.2,False
1767697783.89,2026-01-06 16:39:43,0,19,925,0.4%,78,NORMAL,86.0,0.0,3.2,False
1767697785.09,2026-01-06 16:39:45,0,19,925,0.3%,78,NORMAL,86.0,0.0,3.3,False
1767697786.20,2026-01-06 16:39:46,0,19,925,0.2%,78,NORMAL,86.0,0.0,3.3,False
1767697787.31,2026-01-06 16:39:47,0,19,925,0.2%,78,NORMAL,86.0,0.0,3.3,False
1767697789.03,2026-01-06 16:39:49,0,19,925,0.1%,78,NORMAL,86.0,0.0,3.3,False
1767697790.09,2026-01-06 16:39:50,0,19,925,0.1%,78,NORMAL,85.0,0.0,3.4,False
1767697791.29,2026-01-06 16:39:51,0,19,925,0.0%,78,NORMAL,85.0,0.0,3.4,False
1767697792.35,2026-01-06 16:39:52,0,19,925,0.0%,78,NORMAL,85.0,0.0,3.3,False
1767697793.94,2026-01-06 16:39:53,0,19,925,0.0%,78,NORMAL,85.0,0.0,3.3,False
1767697795.23,2026-01-06 16:39:55,0,19,925,0.0%,78,NORMAL,85.0,0.0,3.3,False
1767697796.42,2026-01-06 16:39:56,0,19,925,0.0%,78,NORMAL,85.0,0.0,3.3,False
1767697797.44,2026-01-06 16:39:57,0,19,925,0.0%,78,NORMAL,85.0,0.0,3.3,False
1767697798.76,2026-01-06 16:39:58,0,19,925,0.0%,78,NORMAL,85.0,0.0,3.3,False
1767697799.81,2026-01-06 16:39:59,0,19,925,0.0%,78,NORMAL,85.0,0.0,3.3,False
1767697801.23,2026-01-06 16:40:01,0,19,925,0.0%,78,NORMAL,85.0,0.0,3.4,False
1767697802.40,2026-01-06 16:40:02,0,19,925,0.0%,78,NORMAL,85.0,0.0,3.4,False
1767697803.52,2026-01-06 16:40:03,0,19,925,0.0%,78,NORMAL,85.0,0.0,3.5,False
1767697804.59,2026-01-06 16:40:04,0,19,925,0.0%,78,NORMAL,85.0,0.0,3.5,False
1767697805.78,2026-01-06 16:40:05,0,19,925,0.0%,78,NORMAL,85.0,0.0,3.6,False
1767697806.92,2026-01-06 16:40:06,0,19,925,0.0%,78,NORMAL,85.0,0.0,3.6,False
1767697808.00,2026-01-06 16:40:07,0,19,925,0.0%,78,NORMAL,85.0,0.0,3.6,False
1767697809.09,2026-01-06 16:40:09,0,19,925,0.0%,78,NORMAL,85.0,0.0,3.7,False
1767697810.45,2026-01-06 16:40:10,0,19,925,0.0%,78,NORMAL,85.0,0.0,3.7,False
1767697811.92,2026-01-06 16:40:11,0,19,925,0.0%,78,NORMAL,85.0,0.0,3.7,False
1767697813.09,2026-01-06 16:40:13,0,19,925,0.0%,78,NORMAL,85.0,0.0,3.7,False
1767697814.18,2026-01-06 16:40:14,0,19,925,0.0%,78,NORMAL,85.0,0.0,3.7,False
1767697815.22,2026-01-06 16:40:15,0,19,925,0.0%,78,NORMAL,85.0,0.0,3.7,False
1767697816.27,2026-01-06 16:40:16,0,19,925,0.0%,78,NORMAL,85.0,0.0,3.7,False
1767697817.37,2026-01-06 16:40:17,0,19,925,0.0%,78,NORMAL,84.0,0.0,3.7,False
1767697818.71,2026-01-06 16:40:18,0,19,925,0.0%,78,NORMAL,84.0,0.0,3.7,False
1767697819.76,2026-01-06 16:40:19,0,19,925,0.0%,78,NORMAL,84.0,0.0,3.7,False
1767697820.91,2026-01-06 16:40:20,0,19,925,0.0%,78,NORMAL,84.0,0.0,3.7,False
1767697821.93,2026-01-06 16:40:21,0,19,925,0.0%,78,NORMAL,84.0,0.0,3.7,False
1767697823.01,2026-01-06 16:40:23,0,19,925,0.0%,78,NORMAL,84.0,0.0,3.7,False
1767697824.27,2026-01-06 16:40:24,0,19,925,0.0%,78,NORMAL,84.0,0.0,3.7,False
1767697825.36,2026-01-06 16:40:25,0,19,925,0.0%,78,NORMAL,84.0,0.0,3.7,False
1767697826.60,2026-01-06 16:40:26,0,19,925,0.0%,78,NORMAL,84.0,0.0,3.8,False
1767697828.00,2026-01-06 16:40:28,0,19,925,0.0%,78,NORMAL,84.0,0.0,3.8,False
1767697829.54,2026-01-06 16:40:29,0,19,925,0.0%,78,NORMAL,84.0,0.0,3.8,False
1767697830.95,2026-01-06 16:40:30,0,19,925,0.0%,78,NORMAL,84.0,0.0,3.8,False
1767697832.31,2026-01-06 16:40:32,0,19,925,0.0%,78,NORMAL,84.0,0.0,3.7,False
1767697833.67,2026-01-06 16:40:33,0,19,925,0.0%,78,NORMAL,84.0,0.0,3.7,False
1767697834.69,2026-01-06 16:40:34,0,19,925,0.0%,78,NORMAL,84.0,0.0,3.7,False
1767697835.86,2026-01-06 16:40:35,0,19,925,0.0%,78,NORMAL,84.0,0.0,3.6,False
1767697837.10,2026-01-06 16:40:37,0,19,925,0.0%,78,NORMAL,84.0,0.0,3.6,False
1767697838.28,2026-01-06 16:40:38,1,19,926,0.1%,78,NORMAL,85.0,0.0,3.5,False
1767697839.43,2026-01-06 16:40:39,1,19,926,0.1%,78,NORMAL,85.0,0.0,3.4,False
1767697841.23,2026-01-06 16:40:41,1,19,926,0.2%,78,NORMAL,85.0,0.0,3.3,False
1767697842.31,2026-01-06 16:40:42,1,19,926,0.2%,78,NORMAL,85.0,0.0,3.3,False
1767697843.54,2026-01-06 16:40:43,2,19,928,0.3%,78,NORMAL,87.0,0.0,3.3,False
1767697844.62,2026-01-06 16:40:44,2,19,928,0.4%,78,NORMAL,87.0,0.0,3.2,False
1767697845.95,2026-01-06 16:40:45,3,19,929,0.6%,78,NORMAL,87.0,0.0,3.2,False
1767697847.05,2026-01-06 16:40:47,3,19,929,0.7%,78,NORMAL,86.0,0.0,3.2,False
1767697848.12,2026-01-06 16:40:48,3,19,929,0.9%,78,NORMAL,86.0,0.0,3.2,False
1767697849.45,2026-01-06 16:40:49,3,19,929,1.1%,78,NORMAL,86.0,0.0,3.2,False
1767697850.46,2026-01-06 16:40:50,3,19,929,1.2%,78,NORMAL,86.0,0.0,3.2,False
1767697851.78,2026-01-06 16:40:51,5,19,931,1.5%,78,NORMAL,88.0,0.0,3.2,False
1767697853.61,2026-01-06 16:40:53,4,19,931,1.7%,78,NORMAL,88.0,0.0,3.2,False
1767697854.90,2026-01-06 16:40:54,4,19,931,1.9%,78,NORMAL,88.0,0.0,3.2,False
1767697855.96,2026-01-06 16:40:55,4,19,931,2.1%,78,NORMAL,88.0,0.0,3.2,False
1767697856.97,2026-01-06 16:40:56,4,19,931,2.3%,78,NORMAL,88.0,0.0,3.2,False
1767697858.17,2026-01-06 16:40:58,2,19,932,2.4%,78,NORMAL,88.0,0.0,3.2,False
1767697859.36,2026-01-06 16:40:59,1,19,932,2.5%,78,NORMAL,88.0,0.0,3.2,False
1767697860.38,2026-01-06 16:41:00,1,19,932,2.5%,78,NORMAL,88.0,0.0,3.2,False
1767697861.78,2026-01-06 16:41:01,5,19,932,2.8%,78,NORMAL,88.0,0.0,3.2,False
1767697862.82,2026-01-06 16:41:02,1,19,932,2.8%,78,NORMAL,88.0,0.0,3.2,False
1767697864.87,2026-01-06 16:41:04,5,19,932,3.1%,78,NORMAL,88.0,0.0,3.1,False
1767697866.25,2026-01-06 16:41:06,5,19,932,3.4%,78,NORMAL,88.0,0.0,3.1,False
1767697867.37,2026-01-06 16:41:07,5,19,932,3.6%,78,NORMAL,88.0,0.0,3.1,False
1767697868.64,2026-01-06 16:41:08,1,19,932,3.7%,78,NORMAL,88.0,0.0,3.1,False
1767697869.72,2026-01-06 16:41:09,1,19,932,3.7%,78,NORMAL,88.0,0.0,3.1,False
1767697871.03,2026-01-06 16:41:11,1,19,932,3.8%,78,NORMAL,88.0,0.0,3.1,False
1767697872.73,2026-01-06 16:41:12,1,19,932,3.8%,78,NORMAL,88.0,0.0,3.1,False
1767697874.19,2026-01-06 16:41:14,5,19,932,4.1%,78,NORMAL,88.0,0.0,3.1,False
1767697875.89,2026-01-06 16:41:15,7,19,935,4.4%,78,NORMAL,91.0,0.0,3.1,False
1767697876.95,2026-01-06 16:41:16,7,19,936,4.7%,78,NORMAL,92.0,0.0,3.0,False
1767697878.32,2026-01-06 16:41:18,7,19,936,5.1%,78,NORMAL,92.0,0.0,3.0,False
1767697880.25,2026-01-06 16:41:20,5,19,937,5.3%,78,NORMAL,93.0,0.0,3.0,False
1767697882.21,2026-01-06 16:41:22,4,19,938,5.4%,78,NORMAL,94.0,0.0,3.0,False
1767697883.62,2026-01-06 16:41:23,4,19,938,5.5%,78,NORMAL,94.0,0.0,3.0,False
1767697885.30,2026-01-06 16:41:25,4,19,938,5.6%,78,NORMAL,94.0,0.0,3.0,False
1767697886.56,2026-01-06 16:41:26,4,19,938,5.7%,78,NORMAL,94.0,0.0,3.0,False
1767697887.97,2026-01-06 16:41:27,3,19,938,5.7%,78,NORMAL,94.0,0.0,3.0,False
1767697889.36,2026-01-06 16:41:29,4,19,938,5.7%,78,NORMAL,94.0,0.0,3.0,False
1767697890.93,2026-01-06 16:41:30,3,19,938,5.7%,78,NORMAL,94.0,0.0,3.0,False
1767697891.96,2026-01-06 16:41:31,3,19,938,5.7%,78,NORMAL,94.0,0.0,3.0,False
1767697893.02,2026-01-06 16:41:33,7,19,940,5.8%,78,NORMAL,96.0,0.0,3.0,False
1767697894.71,2026-01-06 16:41:34,4,19,940,5.8%,78,NORMAL,96.0,0.0,3.0,False
1767697895.96,2026-01-06 16:41:35,4,19,940,5.8%,78,NORMAL,96.0,0.0,3.0,False
1767697897.24,2026-01-06 16:41:37,4,19,940,5.8%,78,NORMAL,96.0,0.0,3.0,False
1767697898.36,2026-01-06 16:41:38,4,19,940,5.8%,78,NORMAL,96.0,0.0,3.0,False
1767697899.81,2026-01-06 16:41:39,4,19,940,5.9%,78,NORMAL,96.0,0.0,3.0,False
1767697900.95,2026-01-06 16:41:40,3,19,940,6.0%,78,NORMAL,96.0,0.0,3.0,False
1767697902.34,2026-01-06 16:41:42,3,19,940,6.1%,78,NORMAL,96.0,0.0,3.0,False
1767697903.55,2026-01-06 16:41:43,3,19,940,6.0%,78,NORMAL,96.0,0.0,3.0,False
1767697904.80,2026-01-06 16:41:44,3,19,940,6.1%,78,NORMAL,96.0,0.0,2.9,False
1767697905.88,2026-01-06 16:41:45,3,19,940,6.0%,78,NORMAL,96.0,0.0,2.9,False
1767697908.10,2026-01-06 16:41:48,4,19,940,6.0%,78,NORMAL,96.0,0.0,2.9,False
1767697909.12,2026-01-06 16:41:49,4,19,941,5.9%,78,NORMAL,97.0,0.0,2.9,False
1767697910.62,2026-01-06 16:41:50,4,19,941,6.1%,78,NORMAL,97.0,0.0,2.9,False
1767697911.88,2026-01-06 16:41:51,3,19,941,6.2%,78,NORMAL,97.0,0.0,2.9,False
1767697912.96,2026-01-06 16:41:52,3,19,941,6.3%,78,NORMAL,97.0,0.0,2.9,False
1767697914.27,2026-01-06 16:41:54,4,19,941,6.5%,78,NORMAL,97.0,0.0,2.9,False
1767697915.37,2026-01-06 16:41:55,4,19,941,6.4%,78,NORMAL,97.0,0.0,2.9,False
1767697917.65,2026-01-06 16:41:57,4,19,941,6.3%,78,NORMAL,97.0,0.0,2.9,False
1767697918.70,2026-01-06 16:41:58,5,19,941,6.2%,78,NORMAL,97.0,0.0,2.9,False
1767697919.81,2026-01-06 16:41:59,5,19,941,6.1%,78,NORMAL,97.0,0.0,2.9,False
1767697921.18,2026-01-06 16:42:01,5,19,941,6.1%,78,NORMAL,97.0,0.0,3.0,False
1767697923.42,2026-01-06 16:42:03,6,19,942,6.2%,78,NORMAL,98.0,0.0,3.0,False
1767697924.54,2026-01-06 16:42:04,5,19,942,6.2%,78,NORMAL,98.0,0.0,3.0,False
1767697925.69,2026-01-06 16:42:05,4,19,942,6.2%,78,NORMAL,98.0,0.0,3.0,False
1767697927.46,2026-01-06 16:42:07,5,19,942,6.3%,78,NORMAL,98.0,0.0,3.0,False
1767697928.66,2026-01-06 16:42:08,5,19,942,6.4%,78,NORMAL,98.0,0.0,3.0,False
1767697930.72,2026-01-06 16:42:10,5,19,942,6.4%,78,NORMAL,98.0,0.0,3.0,False
1767697932.09,2026-01-06 16:42:12,5,19,942,6.5%,78,NORMAL,98.0,0.0,3.0,False
1767697933.41,2026-01-06 16:42:13,5,19,942,6.6%,78,NORMAL,98.0,0.0,3.0,False
1767697934.46,2026-01-06 16:42:14,5,19,942,6.5%,78,NORMAL,98.0,0.0,3.0,False
1767697935.95,2026-01-06 16:42:15,5,19,942,6.6%,78,NORMAL,98.0,0.0,3.0,False
1767697937.10,2026-01-06 16:42:17,6,19,943,6.7%,78,NORMAL,99.0,0.0,3.0,False
1767697938.48,2026-01-06 16:42:18,5,19,943,6.7%,78,NORMAL,98.0,0.0,3.0,False
1767697940.04,2026-01-06 16:42:20,6,19,944,6.8%,78,NORMAL,99.0,0.0,3.0,False
1767697941.23,2026-01-06 16:42:21,4,19,944,6.8%,78,NORMAL,99.0,0.0,3.0,False
1767697942.45,2026-01-06 16:42:22,3,19,945,6.8%,78,NORMAL,100.0,0.0,3.0,False
1767697943.47,2026-01-06 16:42:23,5,19,945,6.9%,78,NORMAL,100.0,0.0,3.0,False
1767697944.52,2026-01-06 16:42:24,3,19,945,6.9%,78,NORMAL,99.0,0.0,3.0,False
1767697945.99,2026-01-06 16:42:25,4,19,945,7.0%,78,NORMAL,99.0,0.0,3.0,False
1767697947.33,2026-01-06 16:42:27,5,19,945,7.1%,78,NORMAL,99.0,0.0,3.1,False
1767697948.48,2026-01-06 16:42:28,4,19,945,7.1%,78,NORMAL,99.0,0.0,3.1,False
1767697949.90,2026-01-06 16:42:29,4,19,946,7.1%,78,NORMAL,100.0,0.0,3.1,False
1767697950.91,2026-01-06 16:42:30,3,19,946,7.0%,78,NORMAL,100.0,0.0,3.1,False
1767697952.45,2026-01-06 16:42:32,2,19,946,7.0%,78,NORMAL,100.0,0.0,3.2,False
1767697953.49,2026-01-06 16:42:33,3,19,946,7.0%,78,NORMAL,100.0,0.0,3.2,False
1767697954.55,2026-01-06 16:42:34,4,19,946,7.0%,78,NORMAL,100.0,0.0,3.2,False
1767697955.99,2026-01-06 16:42:35,4,19,946,7.0%,78,NORMAL,100.0,0.0,3.2,False
1767697957.51,2026-01-06 16:42:37,3,19,946,6.9%,78,NORMAL,100.0,0.0,3.3,False
1767697958.89,2026-01-06 16:42:38,3,19,946,6.8%,78,NORMAL,100.0,0.0,3.3,False
1767697960.00,2026-01-06 16:42:40,2,19,946,6.7%,78,NORMAL,100.0,0.0,3.2,False
1767697961.12,2026-01-06 16:42:41,2,19,947,6.5%,78,NORMAL,101.0,0.0,3.2,False
1767697962.36,2026-01-06 16:42:42,1,19,947,6.3%,78,NORMAL,101.0,0.0,3.2,False
1767697963.71,2026-01-06 16:42:43,1,19,947,6.0%,78,NORMAL,101.0,0.0,3.2,False
1767697964.74,2026-01-06 16:42:44,1,19,947,5.9%,78,NORMAL,101.0,0.0,3.2,False
1767697966.40,2026-01-06 16:42:46,1,19,947,5.7%,78,NORMAL,100.0,0.0,3.1,False
1767697967.84,2026-01-06 16:42:47,2,19,947,5.5%,78,NORMAL,100.0,0.0,3.1,False
1767697969.33,2026-01-06 16:42:49,2,19,947,5.4%,78,NORMAL,100.0,0.0,3.1,False
1767697970.73,2026-01-06 16:42:50,3,19,947,5.3%,78,NORMAL,100.0,0.0,3.1,False
1767697972.32,2026-01-06 16:42:52,3,19,947,5.2%,78,NORMAL,100.0,0.0,3.1,False
1767697974.06,2026-01-06 16:42:54,3,19,947,5.1%,78,NORMAL,100.0,0.0,3.1,False
1767697975.34,2026-01-06 16:42:55,3,19,947,5.0%,78,NORMAL,100.0,0.0,3.1,False
1767697976.56,2026-01-06 16:42:56,3,19,947,4.8%,78,NORMAL,100.0,0.0,3.1,False
1767697977.75,2026-01-06 16:42:57,3,19,947,4.7%,78,NORMAL,100.0,0.0,3.1,False
1767697978.91,2026-01-06 16:42:58,3,19,947,4.6%,78,NORMAL,100.0,0.0,3.1,False
1767697980.05,2026-01-06 16:43:00,3,19,947,4.5%,78,NORMAL,100.0,0.0,3.0,False
1767697981.29,2026-01-06 16:43:01,3,19,947,4.5%,78,NORMAL,100.0,0.0,3.0,False
1767697982.37,2026-01-06 16:43:02,3,19,947,4.4%,78,NORMAL,100.0,0.0,3.0,False
1767697983.48,2026-01-06 16:43:03,3,19,947,4.4%,78,NORMAL,100.0,0.0,3.0,False
1767697984.95,2026-01-06 16:43:04,3,19,947,4.4%,78,NORMAL,100.0,0.0,3.0,False
1767697986.74,2026-01-06 16:43:06,3,19,947,4.3%,78,NORMAL,100.0,0.0,3.0,False
1767697988.16,2026-01-06 16:43:08,3,19,947,4.2%,78,NORMAL,100.0,0.0,3.0,False
1767697989.21,2026-01-06 16:43:09,3,19,947,4.2%,78,NORMAL,100.0,0.0,2.9,False
1767697990.34,2026-01-06 16:43:10,3,19,947,4.2%,78,NORMAL,100.0,0.0,2.9,False
1767697991.39,2026-01-06 16:43:11,3,19,947,4.2%,78,NORMAL,100.0,0.0,2.9,False
1767697992.88,2026-01-06 16:43:12,3,19,947,4.2%,78,NORMAL,100.0,0.0,2.9,False
1767697994.02,2026-01-06 16:43:14,3,19,947,4.2%,78,NORMAL,100.0,0.0,2.9,False
1767697995.51,2026-01-06 16:43:15,3,19,947,4.1%,78,NORMAL,100.0,0.0,2.9,False
1767697996.66,2026-01-06 16:43:16,3,19,947,4.1%,78,NORMAL,100.0,0.0,2.9,False
1767697997.79,2026-01-06 16:43:17,4,19,948,4.2%,78,NORMAL,101.0,0.0,2.9,False
1767697999.46,2026-01-06 16:43:19,3,19,948,4.2%,78,NORMAL,101.0,0.0,2.9,False
1767698000.73,2026-01-06 16:43:20,3,19,948,4.3%,78,NORMAL,101.0,0.0,2.9,False
1767698002.37,2026-01-06 16:43:22,3,19,948,4.4%,78,NORMAL,101.0,0.0,2.9,False
1767698003.57,2026-01-06 16:43:23,3,19,948,4.5%,78,NORMAL,101.0,0.0,3.0,False
1767698005.54,2026-01-06 16:43:25,4,19,949,4.6%,78,NORMAL,102.0,0.0,3.0,False
1767698006.92,2026-01-06 16:43:26,4,19,949,4.8%,78,NORMAL,102.0,0.0,3.0,False
1767698008.89,2026-01-06 16:43:28,5,19,950,4.9%,78,NORMAL,103.0,0.0,3.1,False
1767698010.40,2026-01-06 16:43:30,4,19,950,5.0%,78,NORMAL,103.0,0.0,3.1,False
1767698011.47,2026-01-06 16:43:31,3,19,950,5.0%,78,NORMAL,103.0,0.0,3.1,False
1767698012.63,2026-01-06 16:43:32,4,19,950,5.1%,78,NORMAL,103.0,0.0,3.1,False
1767698014.41,2026-01-06 16:43:34,4,19,950,5.1%,78,NORMAL,103.0,0.0,3.1,False
1767698015.76,2026-01-06 16:43:35,3,19,950,5.1%,78,NORMAL,103.0,0.0,3.1,False
1767698016.87,2026-01-06 16:43:36,3,19,950,5.1%,78,NORMAL,102.0,0.0,3.1,False
1767698018.22,2026-01-06 16:43:38,3,19,950,5.1%,78,NORMAL,102.0,0.0,3.2,False
1767698019.90,2026-01-06 16:43:39,3,19,950,5.1%,78,NORMAL,101.0,0.0,3.2,False
1767698020.97,2026-01-06 16:43:40,3,19,950,5.1%,78,NORMAL,101.0,0.0,3.2,False
1767698022.17,2026-01-06 16:43:42,3,19,950,5.1%,78,NORMAL,101.0,0.0,3.2,False
1767698023.29,2026-01-06 16:43:43,4,19,951,5.2%,78,NORMAL,102.0,0.0,3.2,False
1767698024.65,2026-01-06 16:43:44,3,19,951,5.2%,78,NORMAL,102.0,0.0,3.3,False
1767698025.83,2026-01-06 16:43:45,3,19,951,5.2%,78,NORMAL,102.0,0.0,3.3,False
1767698027.12,2026-01-06 16:43:47,4,19,952,5.2%,78,NORMAL,103.0,0.0,3.3,False
1767698028.85,2026-01-06 16:43:48,4,19,952,5.3%,78,NORMAL,103.0,0.0,3.3,False
1767698029.94,2026-01-06 16:43:49,3,19,952,5.3%,78,NORMAL,101.0,0.0,3.4,False
1767698031.06,2026-01-06 16:43:51,3,19,952,5.3%,78,NORMAL,100.0,0.0,3.4,False
1767698032.15,2026-01-06 16:43:52,2,19,952,5.2%,78,NORMAL,100.0,0.0,3.4,False
1767698033.49,2026-01-06 16:43:53,2,19,952,5.2%,78,NORMAL,100.0,0.0,3.4,False
1767698034.89,2026-01-06 16:43:54,2,19,952,5.1%,78,NORMAL,100.0,0.0,3.4,False
1767698036.18,2026-01-06 16:43:56,2,19,952,5.1%,78,NORMAL,100.0,0.0,3.4,False
1767698037.33,2026-01-06 16:43:57,2,19,952,5.0%,78,NORMAL,100.0,0.0,3.4,False
1767698038.72,2026-01-06 16:43:58,2,19,952,4.9%,78,NORMAL,100.0,0.0,3.4,False
1767698040.18,2026-01-06 16:44:00,2,19,952,4.9%,78,NORMAL,100.0,0.0,3.4,False
1767698041.48,2026-01-06 16:44:01,2,19,952,4.8%,78,NORMAL,100.0,0.0,3.3,False
1767698042.97,2026-01-06 16:44:02,2,19,952,4.8%,78,NORMAL,99.0,0.0,3.3,False
1767698044.54,2026-01-06 16:44:04,3,19,953,4.8%,78,NORMAL,100.0,0.0,3.3,False
1767698045.90,2026-01-06 16:44:05,2,19,953,4.7%,78,NORMAL,100.0,0.0,3.3,False
1767698046.96,2026-01-06 16:44:06,3,19,954,4.6%,78,NORMAL,101.0,0.0,3.3,False
1767698048.38,2026-01-06 16:44:08,3,19,954,4.5%,78,NORMAL,101.0,0.0,3.3,False
1767698049.52,2026-01-06 16:44:09,2,19,954,4.4%,78,NORMAL,101.0,0.0,3.3,False
1767698050.68,2026-01-06 16:44:10,2,19,954,4.4%,78,NORMAL,100.0,0.0,3.4,False
1767698051.95,2026-01-06 16:44:11,2,19,954,4.3%,78,NORMAL,100.0,0.0,3.4,False
1767698053.01,2026-01-06 16:44:13,2,19,954,4.2%,78,NORMAL,100.0,0.0,3.4,False
1767698054.09,2026-01-06 16:44:14,2,19,954,4.1%,78,NORMAL,100.0,0.0,3.4,False
1767698055.71,2026-01-06 16:44:15,2,19,954,4.0%,78,NORMAL,100.0,0.0,3.4,False
1767698056.84,2026-01-06 16:44:16,2,19,954,4.0%,78,NORMAL,100.0,0.0,3.4,False
1767698057.90,2026-01-06 16:44:17,2,19,954,3.9%,78,NORMAL,100.0,0.0,3.4,False
1767698058.94,2026-01-06 16:44:18,2,19,954,3.9%,78,NORMAL,100.0,0.0,3.3,False
1767698060.16,2026-01-06 16:44:20,2,19,954,3.8%,78,NORMAL,99.0,0.0,3.3,False
1767698061.61,2026-01-06 16:44:21,3,19,955,3.8%,78,NORMAL,100.0,0.0,3.3,False
1767698062.95,2026-01-06 16:44:22,5,19,957,3.9%,78,NORMAL,102.0,0.0,3.3,False
1767698064.38,2026-01-06 16:44:24,5,19,957,4.0%,78,NORMAL,102.0,0.0,3.3,False
1767698066.03,2026-01-06 16:44:26,4,19,957,4.0%,78,NORMAL,101.0,0.0,3.2,False
1767698067.15,2026-01-06 16:44:27,4,19,957,4.0%,78,NORMAL,100.0,0.0,3.2,False
1767698068.29,2026-01-06 16:44:28,4,19,957,4.0%,78,NORMAL,99.0,0.0,3.2,False
1767698069.30,2026-01-06 16:44:29,5,19,958,4.1%,78,NORMAL,100.0,0.0,3.2,False
1767698070.44,2026-01-06 16:44:30,5,19,958,4.3%,78,NORMAL,100.0,0.0,3.2,False
1767698071.63,2026-01-06 16:44:31,5,19,958,4.5%,78,NORMAL,100.0,0.0,3.2,False
1767698072.65,2026-01-06 16:44:32,5,19,958,4.6%,78,NORMAL,100.0,0.0,3.2,False
1767698074.75,2026-01-06 16:44:34,5,19,958,4.8%,78,NORMAL,100.0,0.0,3.2,False
1767698075.81,2026-01-06 16:44:35,5,19,958,4.9%,78,NORMAL,100.0,0.0,3.2,False
1767698076.94,2026-01-06 16:44:36,5,19,958,5.1%,78,NORMAL,100.0,0.0,3.2,False
1767698078.29,2026-01-06 16:44:38,5,19,958,5.2%,78,NORMAL,100.0,0.0,3.2,False
1767698079.44,2026-01-06 16:44:39,6,19,959,5.4%,78,NORMAL,100.0,0.0,3.2,False
1767698080.88,2026-01-06 16:44:40,6,19,959,5.6%,78,NORMAL,100.0,0.0,3.2,False
