timestamp,datetime,current_occupancy,peak_occupancy,unique_people,utilization_pct,est_capacity,capacity_status,flow_rate_per_min,avg_dwell_time_sec,processing_fps,processing_fps,alert_active,area_used_sqm,area_free_sqm
1767884362.95,2026-01-08 20:29:22,0,0,0,0.0%,18,NORMAL,0.0,0.0,0.0,0.0,False,0.00,44.19
1767884664.41,2026-01-08 20:34:24,6,6,0,4.7%,18,NORMAL,0.0,0.0,0.0,0.0,False,4.16,40.03
1767884667.73,2026-01-08 20:34:27,5,6,0,5.8%,18,NORMAL,0.0,0.0,0.0,0.0,False,3.56,40.64
1767884670.64,2026-01-08 20:34:30,5,6,5,6.4%,18,NORMAL,0.0,0.0,0.0,0.0,False,3.56,40.64
1767884673.60,2026-01-08 20:34:33,4,6,5,6.4%,18,NORMAL,0.0,0.0,0.0,0.0,False,2.92,41.28
1767884676.50,2026-01-08 20:34:36,4,6,5,6.4%,18,NORMAL,0.0,0.0,0.0,0.0,False,2.92,41.28
1767884679.50,2026-01-08 20:34:39,3,6,5,6.3%,18,NORMAL,0.0,0.0,0.0,0.0,False,2.24,41.95
1767884682.54,2026-01-08 20:34:42,3,6,5,6.1%,18,NORMAL,0.0,0.0,0.1,0.1,False,2.24,41.95
1767884685.41,2026-01-08 20:34:45,1,6,5,5.6%,18,NORMAL,0.0,0.0,0.1,0.1,False,0.78,43.41
1767884688.70,2026-01-08 20:34:48,4,6,5,5.7%,18,NORMAL,0.0,0.0,0.1,0.1,False,2.92,41.28
1767884692.02,2026-01-08 20:34:52,4,6,5,5.8%,18,NORMAL,0.0,0.0,0.1,0.1,False,2.92,41.28
1767884695.57,2026-01-08 20:34:55,5,6,6,6.0%,18,NORMAL,0.0,0.0,0.1,0.1,False,3.56,40.64
1767884699.57,2026-01-08 20:34:59,5,6,7,6.1%,18,NORMAL,0.0,0.0,0.1,0.1,False,3.56,40.64
1767884702.88,2026-01-08 20:35:02,4,6,8,6.2%,18,NORMAL,0.0,0.0,0.1,0.1,False,2.92,41.28
1767884705.59,2026-01-08 20:35:05,4,6,8,6.2%,18,NORMAL,0.0,0.0,0.1,0.1,False,2.92,41.28
1767884708.15,2026-01-08 20:35:08,4,6,8,6.2%,18,NORMAL,0.0,0.0,0.1,0.1,False,2.92,41.28
1767884710.83,2026-01-08 20:35:10,4,6,8,6.3%,18,NORMAL,0.0,0.0,0.1,0.1,False,2.92,41.28
1767884713.52,2026-01-08 20:35:13,4,6,8,6.3%,18,NORMAL,0.0,0.0,0.1,0.1,False,2.92,41.28
1767884716.15,2026-01-08 20:35:16,3,6,8,6.2%,18,NORMAL,0.0,0.0,0.1,0.1,False,2.24,41.95
1767884718.99,2026-01-08 20:35:18,3,6,8,6.2%,18,NORMAL,0.0,0.0,0.1,0.1,False,2.24,41.95
1767884721.73,2026-01-08 20:35:21,4,6,8,6.2%,18,NORMAL,0.0,0.0,0.1,0.1,False,2.92,41.28
1767884724.65,2026-01-08 20:35:24,2,6,8,6.0%,18,NORMAL,0.0,0.0,0.1,0.1,False,1.53,42.67
1767884727.23,2026-01-08 20:35:27,2,6,8,5.9%,18,NORMAL,0.0,0.0,0.1,0.1,False,1.53,42.67
1767884729.85,2026-01-08 20:35:29,2,6,8,5.8%,18,NORMAL,0.0,0.0,0.1,0.1,False,1.53,42.67
1767884732.58,2026-01-08 20:35:32,2,6,8,5.7%,18,NORMAL,0.0,0.0,0.1,0.1,False,1.53,42.67
1767884735.14,2026-01-08 20:35:35,2,6,8,5.7%,18,NORMAL,0.0,0.0,0.1,0.1,False,1.53,42.67
1767884737.87,2026-01-08 20:35:37,1,6,8,5.5%,18,NORMAL,0.0,0.0,0.1,0.1,False,0.78,43.41
1767884740.52,2026-01-08 20:35:40,1,6,8,5.4%,18,NORMAL,0.0,0.0,0.1,0.1,False,0.78,43.41
1767884743.22,2026-01-08 20:35:43,1,6,8,5.2%,18,NORMAL,0.0,0.0,0.1,0.1,False,0.78,43.41
1767884745.85,2026-01-08 20:35:45,1,6,8,5.1%,18,NORMAL,480.0,0.0,0.1,0.1,False,0.78,43.41
1767884748.94,2026-01-08 20:35:48,1,6,8,5.2%,18,NORMAL,464.5,0.0,0.1,0.1,False,0.78,43.41
1767884751.82,2026-01-08 20:35:51,1,6,8,4.9%,18,NORMAL,450.0,0.0,0.1,0.1,False,0.78,43.41
1767884754.44,2026-01-08 20:35:54,1,6,8,4.7%,18,NORMAL,436.4,0.0,0.1,0.1,False,0.78,43.41
1767884757.11,2026-01-08 20:35:57,1,6,8,4.5%,18,NORMAL,423.5,0.0,0.1,0.1,False,0.78,43.41
1767884759.78,2026-01-08 20:35:59,1,6,8,4.4%,18,NORMAL,411.4,0.0,0.2,0.2,False,0.78,43.41
1767884762.54,2026-01-08 20:36:02,0,6,7,4.1%,18,NORMAL,350.0,0.0,0.2,0.2,False,0.00,44.19
1767884765.34,2026-01-08 20:36:05,0,6,7,4.0%,18,NORMAL,340.5,0.0,0.2,0.2,False,0.00,44.19
1767884768.53,2026-01-08 20:36:08,1,6,7,3.9%,18,NORMAL,331.6,0.0,0.2,0.2,False,0.78,43.41
1767884771.58,2026-01-08 20:36:11,1,6,7,3.9%,18,NORMAL,323.1,0.0,0.2,0.2,False,0.78,43.41
1767884774.37,2026-01-08 20:36:14,1,6,7,3.7%,18,NORMAL,315.0,0.0,0.2,0.2,False,0.78,43.41
1767884777.13,2026-01-08 20:36:17,2,6,7,3.6%,18,NORMAL,307.3,0.0,0.2,0.2,False,1.53,42.67
1767884780.14,2026-01-08 20:36:20,1,6,7,3.4%,18,NORMAL,300.0,0.0,0.2,0.2,False,0.78,43.41
1767884782.62,2026-01-08 20:36:22,2,6,8,3.2%,18,NORMAL,334.9,0.0,0.2,0.2,False,1.53,42.67
1767884785.89,2026-01-08 20:36:25,2,6,8,3.1%,18,NORMAL,327.3,0.0,0.2,0.2,False,1.53,42.67
1767884789.02,2026-01-08 20:36:29,1,6,8,3.0%,18,NORMAL,320.0,0.0,0.2,0.2,False,0.78,43.41
1767884792.12,2026-01-08 20:36:32,1,6,8,2.8%,18,NORMAL,313.0,0.0,0.2,0.2,False,0.78,43.41
1767884794.74,2026-01-08 20:36:34,3,6,8,2.8%,18,NORMAL,306.4,0.0,0.2,0.2,False,2.24,41.95
1767884797.24,2026-01-08 20:36:37,3,6,8,2.7%,18,NORMAL,300.0,0.0,0.2,0.2,False,2.24,41.95
1767884799.88,2026-01-08 20:36:39,3,6,8,2.7%,18,NORMAL,293.9,0.0,0.2,0.2,False,2.24,41.95
1767884802.35,2026-01-08 20:36:42,3,6,8,2.7%,18,NORMAL,288.0,0.0,0.2,0.2,False,2.24,41.95
1767884804.85,2026-01-08 20:36:44,2,6,8,2.6%,18,NORMAL,282.4,0.0,0.2,0.2,False,1.53,42.67
1767884807.33,2026-01-08 20:36:47,2,6,8,2.6%,18,NORMAL,276.9,0.0,0.2,0.2,False,1.53,42.67
1767884809.87,2026-01-08 20:36:49,1,6,8,2.5%,18,NORMAL,271.7,0.0,0.2,0.2,False,0.78,43.41
1767884812.41,2026-01-08 20:36:52,1,6,8,2.5%,18,NORMAL,266.7,0.0,0.2,0.2,False,0.78,43.41
1767884814.89,2026-01-08 20:36:54,1,6,8,2.4%,18,NORMAL,261.8,0.0,0.2,0.2,False,0.78,43.41
1767884817.40,2026-01-08 20:36:57,2,6,8,2.4%,18,NORMAL,257.1,0.0,0.2,0.2,False,1.53,42.67
1767884820.39,2026-01-08 20:37:00,1,6,8,2.4%,18,NORMAL,252.6,0.0,0.2,0.2,False,0.78,43.41
1767884823.12,2026-01-08 20:37:03,3,6,8,2.5%,18,NORMAL,248.3,0.0,0.2,0.2,False,2.24,41.95
1767884825.84,2026-01-08 20:37:05,1,6,8,2.5%,18,NORMAL,244.1,0.0,0.2,0.2,False,0.78,43.41
1767884828.27,2026-01-08 20:37:08,2,6,8,2.6%,18,NORMAL,240.0,0.0,0.2,0.2,False,1.53,42.67
1767884830.73,2026-01-08 20:37:10,2,6,8,2.7%,18,NORMAL,236.1,0.0,0.2,0.2,False,1.53,42.67
1767884833.13,2026-01-08 20:37:13,2,6,8,2.7%,18,NORMAL,232.3,0.0,0.2,0.2,False,1.53,42.67
1767884835.64,2026-01-08 20:37:15,2,6,8,2.8%,18,NORMAL,228.6,0.0,0.2,0.2,False,1.53,42.67
1767884838.05,2026-01-08 20:37:18,2,6,8,2.8%,18,NORMAL,225.0,0.0,0.3,0.3,False,1.53,42.67
1767884840.60,2026-01-08 20:37:20,2,6,8,2.9%,18,NORMAL,221.5,0.0,0.3,0.3,False,1.53,42.67
1767884843.02,2026-01-08 20:37:23,3,6,8,3.0%,18,NORMAL,218.2,0.0,0.3,0.3,False,2.24,41.95
1767884845.59,2026-01-08 20:37:25,3,6,8,3.2%,18,NORMAL,214.9,0.0,0.3,0.3,False,2.24,41.95
1767884848.07,2026-01-08 20:37:28,3,6,9,3.3%,18,NORMAL,238.2,0.0,0.3,0.3,False,2.24,41.95
1767884850.70,2026-01-08 20:37:30,3,6,9,3.4%,18,NORMAL,234.8,0.0,0.3,0.3,False,2.24,41.95
1767884853.22,2026-01-08 20:37:33,2,6,9,3.5%,18,NORMAL,231.4,0.0,0.3,0.3,False,1.53,42.67
1767884855.93,2026-01-08 20:37:35,4,6,9,3.6%,18,NORMAL,228.2,0.0,0.3,0.3,False,2.92,41.28
1767884858.50,2026-01-08 20:37:38,4,6,9,3.8%,18,NORMAL,225.0,0.0,0.3,0.3,False,2.92,41.28
1767884861.30,2026-01-08 20:37:41,4,6,10,3.9%,18,NORMAL,246.6,0.0,0.3,0.3,False,2.92,41.28
1767884863.94,2026-01-08 20:37:43,4,6,10,4.0%,18,NORMAL,243.2,0.0,0.3,0.3,False,2.92,41.28
1767884866.84,2026-01-08 20:37:46,3,6,10,4.1%,18,NORMAL,240.0,0.0,0.3,0.3,False,2.24,41.95
1767884869.82,2026-01-08 20:37:49,2,6,10,4.1%,18,NORMAL,236.8,0.0,0.3,0.3,False,1.53,42.67
1767884872.66,2026-01-08 20:37:52,3,6,10,4.1%,18,NORMAL,233.8,0.0,0.3,0.3,False,2.24,41.95
1767884875.41,2026-01-08 20:37:55,3,6,10,4.1%,18,NORMAL,230.8,0.0,0.3,0.3,False,2.24,41.95
1767884878.14,2026-01-08 20:37:58,3,6,10,4.1%,18,NORMAL,227.8,0.0,0.3,0.3,False,2.24,41.95
1767884880.95,2026-01-08 20:38:00,3,6,10,4.1%,18,NORMAL,225.0,0.0,0.3,0.3,False,2.24,41.95
1767884883.75,2026-01-08 20:38:03,3,6,10,4.2%,18,NORMAL,222.2,0.0,0.3,0.3,False,2.24,41.95
1767884886.32,2026-01-08 20:38:06,3,6,10,4.2%,18,NORMAL,219.5,0.0,0.3,0.3,False,2.24,41.95
1767884888.72,2026-01-08 20:38:08,3,6,10,4.3%,18,NORMAL,216.9,0.0,0.3,0.3,False,2.24,41.95
1767884891.45,2026-01-08 20:38:11,2,6,10,4.4%,18,NORMAL,214.3,0.0,0.3,0.3,False,1.53,42.67
1767884894.05,2026-01-08 20:38:14,2,6,10,4.5%,18,NORMAL,211.8,0.0,0.3,0.3,False,1.53,42.67
1767884896.56,2026-01-08 20:38:16,1,6,10,4.4%,18,NORMAL,209.3,0.0,0.3,0.3,False,0.78,43.41
1767884899.02,2026-01-08 20:38:19,1,6,10,4.4%,18,NORMAL,206.9,0.0,0.3,0.3,False,0.78,43.41
1767884901.43,2026-01-08 20:38:21,1,6,10,4.3%,18,NORMAL,204.5,0.0,0.3,0.3,False,0.78,43.41
1767884904.05,2026-01-08 20:38:24,1,6,10,4.3%,18,NORMAL,202.2,0.0,0.3,0.3,False,0.78,43.41
1767884906.72,2026-01-08 20:38:26,1,6,10,4.2%,18,NORMAL,200.0,0.0,0.3,0.3,False,0.78,43.41
1767884909.33,2026-01-08 20:38:29,1,6,10,4.2%,18,NORMAL,197.8,0.0,0.3,0.3,False,0.78,43.41
1767884911.98,2026-01-08 20:38:31,1,6,10,4.1%,18,NORMAL,195.7,0.0,0.3,0.3,False,0.78,43.41
1767884914.99,2026-01-08 20:38:34,1,6,10,4.1%,18,NORMAL,193.5,0.0,0.3,0.3,False,0.78,43.41
1767884918.12,2026-01-08 20:38:38,1,6,10,4.0%,18,NORMAL,191.5,0.0,0.3,0.3,False,0.78,43.41
1767884920.95,2026-01-08 20:38:40,1,6,10,4.0%,18,NORMAL,189.5,0.0,0.3,0.3,False,0.78,43.41
1767884923.57,2026-01-08 20:38:43,1,6,10,3.8%,18,NORMAL,187.5,0.0,0.3,0.3,False,0.78,43.41
1767884926.31,2026-01-08 20:38:46,1,6,10,3.7%,18,NORMAL,185.6,0.0,0.3,0.3,False,0.78,43.41
1767884928.78,2026-01-08 20:38:48,2,6,10,3.7%,18,NORMAL,183.7,0.0,0.3,0.3,False,1.53,42.67
1767884931.42,2026-01-08 20:38:51,2,6,10,3.6%,18,NORMAL,181.8,0.0,0.3,0.3,False,1.53,42.67
1767884933.96,2026-01-08 20:38:53,2,6,10,3.6%,18,NORMAL,180.0,0.0,0.3,0.3,False,1.53,42.67
1767884936.54,2026-01-08 20:38:56,4,6,10,3.6%,18,NORMAL,178.2,0.0,0.3,0.3,False,2.92,41.28
1767884939.08,2026-01-08 20:38:59,4,6,10,3.6%,18,NORMAL,176.5,0.0,0.3,0.3,False,2.92,41.28
1767884941.65,2026-01-08 20:39:01,3,6,11,3.6%,18,NORMAL,192.2,0.0,0.3,0.3,False,2.24,41.95
1767884944.47,2026-01-08 20:39:04,3,6,11,3.5%,18,NORMAL,190.4,0.0,0.3,0.3,False,2.24,41.95
1767884947.36,2026-01-08 20:39:07,3,6,11,3.5%,18,NORMAL,188.6,0.0,0.3,0.3,False,2.24,41.95
1767884950.06,2026-01-08 20:39:10,3,6,11,3.6%,18,NORMAL,186.8,0.0,0.3,0.3,False,2.24,41.95
1767884952.91,2026-01-08 20:39:12,3,6,11,3.6%,18,NORMAL,185.0,0.0,0.3,0.3,False,2.24,41.95
1767884955.74,2026-01-08 20:39:15,4,6,11,3.6%,18,NORMAL,183.3,0.0,0.3,0.3,False,2.92,41.28
1767884958.19,2026-01-08 20:39:18,5,6,11,3.7%,18,NORMAL,181.7,0.0,0.4,0.4,False,3.56,40.64
1767884960.78,2026-01-08 20:39:20,5,6,11,3.8%,18,NORMAL,180.0,0.0,0.4,0.4,False,3.56,40.64
1767884963.27,2026-01-08 20:39:23,5,6,11,3.9%,18,NORMAL,178.4,0.0,0.4,0.4,False,3.56,40.64
1767884965.77,2026-01-08 20:39:25,5,6,11,4.0%,18,NORMAL,176.8,0.0,0.4,0.4,False,3.56,40.64
1767884968.23,2026-01-08 20:39:28,5,6,11,4.1%,18,NORMAL,175.2,0.0,0.4,0.4,False,3.56,40.64
1767884970.87,2026-01-08 20:39:30,5,6,11,4.3%,18,NORMAL,173.7,0.0,0.4,0.4,False,3.56,40.64
1767884973.48,2026-01-08 20:39:33,5,6,12,4.4%,18,NORMAL,187.8,0.0,0.4,0.4,False,3.56,40.64
1767884976.20,2026-01-08 20:39:36,4,6,12,4.6%,18,NORMAL,186.2,0.0,0.4,0.4,False,2.92,41.28
1767884978.71,2026-01-08 20:39:38,4,6,12,4.8%,18,NORMAL,184.6,0.0,0.4,0.4,False,2.92,41.28
1767884981.27,2026-01-08 20:39:41,4,6,12,4.9%,18,NORMAL,183.1,0.0,0.4,0.4,False,2.92,41.28
1767884983.91,2026-01-08 20:39:43,4,6,12,5.1%,18,NORMAL,181.5,0.0,0.4,0.4,False,2.92,41.28
1767884986.49,2026-01-08 20:39:46,4,6,12,5.2%,18,NORMAL,180.0,0.0,0.4,0.4,False,2.92,41.28
1767884988.99,2026-01-08 20:39:48,4,6,12,5.4%,18,NORMAL,178.5,0.0,0.4,0.4,False,2.92,41.28
1767884991.72,2026-01-08 20:39:51,5,6,12,5.6%,18,NORMAL,177.0,0.0,0.4,0.4,False,3.56,40.64
1767884994.27,2026-01-08 20:39:54,3,6,12,5.7%,18,NORMAL,175.6,0.0,0.4,0.4,False,2.24,41.95
1767884996.93,2026-01-08 20:39:56,4,6,12,5.9%,18,NORMAL,174.2,0.0,0.4,0.4,False,2.92,41.28
1767884999.45,2026-01-08 20:39:59,6,6,12,6.1%,18,NORMAL,172.8,0.0,0.4,0.4,False,4.16,40.03
1767885002.08,2026-01-08 20:40:02,5,6,13,6.3%,18,NORMAL,185.7,0.0,0.4,0.4,False,3.56,40.64
1767885004.60,2026-01-08 20:40:04,5,6,13,6.6%,18,NORMAL,184.3,0.0,0.4,0.4,False,3.56,40.64
1767885007.14,2026-01-08 20:40:07,5,6,13,6.7%,18,NORMAL,182.8,0.0,0.4,0.4,False,3.56,40.64
1767885009.81,2026-01-08 20:40:09,5,6,13,6.9%,18,NORMAL,181.4,0.0,0.4,0.4,False,3.56,40.64
1767885012.69,2026-01-08 20:40:12,6,6,13,7.1%,18,NORMAL,180.0,0.0,0.4,0.4,False,4.16,40.03
1767885015.15,2026-01-08 20:40:15,6,6,13,7.2%,18,NORMAL,178.6,0.0,0.4,0.4,False,4.16,40.03
1767885017.87,2026-01-08 20:40:17,6,6,13,7.2%,18,NORMAL,177.3,0.0,0.4,0.4,False,4.16,40.03
1767885020.88,2026-01-08 20:40:20,5,6,14,7.3%,18,NORMAL,189.5,0.0,0.4,0.4,False,3.56,40.64
1767885023.67,2026-01-08 20:40:23,5,6,14,7.4%,18,NORMAL,188.1,0.0,0.4,0.4,False,3.56,40.64
1767885026.24,2026-01-08 20:40:26,4,6,14,7.5%,18,NORMAL,186.7,0.0,0.4,0.4,False,2.92,41.28
1767885028.82,2026-01-08 20:40:28,5,6,14,7.6%,18,NORMAL,185.3,0.0,0.4,0.4,False,3.56,40.64
1767885031.31,2026-01-08 20:40:31,6,6,14,7.7%,18,NORMAL,183.9,0.0,0.4,0.4,False,4.16,40.03
1767885033.81,2026-01-08 20:40:33,5,6,15,7.8%,18,NORMAL,195.7,0.0,0.4,0.4,False,3.56,40.64
1767885036.41,2026-01-08 20:40:36,5,6,16,7.8%,18,NORMAL,207.2,0.0,0.4,0.4,False,3.56,40.64
1767885038.89,2026-01-08 20:40:38,6,6,16,7.8%,18,NORMAL,205.7,0.0,0.4,0.4,False,4.16,40.03
1767885041.43,2026-01-08 20:40:41,6,6,16,7.9%,18,NORMAL,204.3,0.0,0.4,0.4,False,4.16,40.03
1767885043.99,2026-01-08 20:40:43,5,6,17,7.9%,18,NORMAL,215.5,0.0,0.4,0.4,False,3.56,40.64
1767885046.67,2026-01-08 20:40:46,6,6,17,7.9%,18,NORMAL,214.0,0.0,0.4,0.4,False,4.16,40.03
1767885049.77,2026-01-08 20:40:49,6,6,17,8.0%,18,NORMAL,212.5,0.0,0.4,0.4,False,4.16,40.03
1767885053.04,2026-01-08 20:40:53,5,6,17,8.0%,18,NORMAL,211.0,0.0,0.4,0.4,False,3.56,40.64
1767885056.18,2026-01-08 20:40:56,5,6,17,8.0%,18,NORMAL,209.6,0.0,0.4,0.4,False,3.56,40.64
1767885059.30,2026-01-08 20:40:59,5,6,17,8.1%,18,NORMAL,208.2,0.0,0.4,0.4,False,3.56,40.64
1767885062.14,2026-01-08 20:41:02,6,6,17,8.2%,18,NORMAL,206.8,0.0,0.4,0.4,False,4.16,40.03
1767885064.63,2026-01-08 20:41:04,6,6,17,8.3%,18,NORMAL,205.4,0.0,0.4,0.4,False,4.16,40.03
1767885067.36,2026-01-08 20:41:07,6,6,17,8.3%,18,NORMAL,204.0,0.0,0.4,0.4,False,4.16,40.03
1767885069.92,2026-01-08 20:41:09,6,6,17,8.4%,18,NORMAL,202.6,0.0,0.4,0.4,False,4.16,40.03
1767885072.58,2026-01-08 20:41:12,6,6,17,8.5%,18,NORMAL,201.3,0.0,0.4,0.4,False,4.16,40.03
1767885075.10,2026-01-08 20:41:15,6,6,17,8.6%,18,NORMAL,200.0,0.0,0.4,0.4,False,4.16,40.03
1767885077.72,2026-01-08 20:41:17,6,6,17,8.7%,18,NORMAL,198.7,0.0,0.4,0.4,False,4.16,40.03
1767885080.52,2026-01-08 20:41:20,6,6,17,8.7%,18,NORMAL,197.4,0.0,0.4,0.4,False,4.16,40.03
1767885083.37,2026-01-08 20:41:23,6,6,17,8.8%,18,NORMAL,196.2,0.0,0.4,0.4,False,4.16,40.03
1767885086.04,2026-01-08 20:41:26,5,6,17,8.8%,18,NORMAL,194.9,0.0,0.4,0.4,False,3.56,40.64
1767885089.07,2026-01-08 20:41:29,5,6,17,8.8%,18,NORMAL,193.7,0.0,0.4,0.4,False,3.56,40.64
1767885091.88,2026-01-08 20:41:31,5,6,17,8.8%,18,NORMAL,192.5,0.0,0.4,0.4,False,3.56,40.64
1767885094.68,2026-01-08 20:41:34,5,6,17,8.7%,18,NORMAL,191.2,0.0,0.4,0.4,False,3.56,40.64
1767885097.42,2026-01-08 20:41:37,6,6,17,8.7%,18,NORMAL,190.1,0.0,0.4,0.4,False,4.16,40.03
1767885100.12,2026-01-08 20:41:40,6,6,17,8.7%,18,NORMAL,188.9,0.0,0.4,0.4,False,4.16,40.03
1767885102.94,2026-01-08 20:41:42,8,8,17,8.9%,18,NORMAL,187.7,0.0,0.4,0.4,False,5.26,38.93
1767885105.83,2026-01-08 20:41:45,8,8,17,9.0%,18,NORMAL,186.6,0.0,0.4,0.4,False,5.26,38.93
1767885108.87,2026-01-08 20:41:48,7,8,17,9.1%,18,NORMAL,185.5,0.0,0.4,0.4,False,4.73,39.47
1767885111.52,2026-01-08 20:41:51,7,8,17,9.2%,18,NORMAL,184.3,0.0,0.4,0.4,False,4.73,39.47
1767885114.13,2026-01-08 20:41:54,7,8,18,9.3%,18,NORMAL,194.0,0.0,0.4,0.4,False,4.73,39.47
1767885116.67,2026-01-08 20:41:56,7,8,18,9.3%,18,NORMAL,192.9,0.0,0.4,0.4,False,4.73,39.47
1767885119.26,2026-01-08 20:41:59,7,8,18,9.4%,18,NORMAL,191.7,0.0,0.4,0.4,False,4.73,39.47
1767885121.68,2026-01-08 20:42:01,6,8,18,9.4%,18,NORMAL,190.6,0.0,0.4,0.4,False,4.16,40.03
1767885124.20,2026-01-08 20:42:04,7,8,19,9.5%,18,NORMAL,200.0,0.0,0.4,0.4,False,4.73,39.47
1767885126.72,2026-01-08 20:42:06,7,8,20,9.6%,18,NORMAL,209.3,0.0,0.4,0.4,False,4.73,39.47
1767885129.53,2026-01-08 20:42:09,8,8,20,9.6%,18,NORMAL,208.1,0.0,0.4,0.4,False,5.26,38.93
1767885132.38,2026-01-08 20:42:12,9,9,21,9.8%,18,NORMAL,217.2,0.0,0.4,0.4,False,5.76,38.43
1767885135.29,2026-01-08 20:42:15,9,9,21,9.9%,18,NORMAL,216.0,0.0,0.4,0.4,False,5.76,38.43
1767885138.11,2026-01-08 20:42:18,7,9,21,10.0%,18,NORMAL,214.8,0.0,0.4,0.4,False,4.73,39.47
1767885141.01,2026-01-08 20:42:21,7,9,21,10.1%,18,NORMAL,213.6,0.0,0.4,0.4,False,4.73,39.47
1767885143.97,2026-01-08 20:42:23,8,9,21,10.2%,18,NORMAL,212.4,0.0,0.4,0.4,False,5.26,38.93
1767885146.67,2026-01-08 20:42:26,7,9,21,10.2%,18,NORMAL,211.2,0.0,0.4,0.4,False,4.73,39.47
1767885149.23,2026-01-08 20:42:29,8,9,22,10.3%,18,NORMAL,220.0,0.0,0.4,0.4,False,5.26,38.93
1767885151.62,2026-01-08 20:42:31,8,9,22,10.4%,18,NORMAL,218.8,0.0,0.4,0.4,False,5.26,38.93
1767885154.33,2026-01-08 20:42:34,8,9,22,10.5%,18,NORMAL,217.6,0.0,0.4,0.4,False,5.26,38.93
1767885157.07,2026-01-08 20:42:37,8,9,22,10.6%,18,NORMAL,216.4,0.0,0.4,0.4,False,5.26,38.93
1767885160.10,2026-01-08 20:42:40,8,9,22,10.6%,18,NORMAL,215.2,0.0,0.4,0.4,False,5.26,38.93
1767885163.11,2026-01-08 20:42:43,7,9,22,10.7%,18,NORMAL,214.1,0.0,0.4,0.4,False,4.73,39.47
1767885166.01,2026-01-08 20:42:46,7,9,22,10.7%,18,NORMAL,212.9,0.0,0.4,0.4,False,4.73,39.47
1767885169.00,2026-01-08 20:42:49,7,9,22,10.8%,18,NORMAL,211.8,0.0,0.4,0.4,False,4.73,39.47
1767885171.97,2026-01-08 20:42:51,7,9,22,10.9%,18,NORMAL,210.6,0.0,0.4,0.4,False,4.73,39.47
1767885174.94,2026-01-08 20:42:54,6,9,22,11.0%,18,NORMAL,209.5,0.0,0.4,0.4,False,4.16,40.03
1767885177.92,2026-01-08 20:42:57,8,9,22,11.1%,18,NORMAL,208.4,0.0,0.4,0.4,False,5.26,38.93
1767885181.12,2026-01-08 20:43:01,8,9,22,11.2%,18,NORMAL,207.3,0.0,0.4,0.4,False,5.26,38.93
1767885184.09,2026-01-08 20:43:04,8,9,22,11.3%,18,NORMAL,206.2,0.0,0.4,0.4,False,5.26,38.93
1767885187.01,2026-01-08 20:43:07,9,9,22,11.3%,18,NORMAL,205.2,0.0,0.4,0.4,False,5.76,38.43
1767885190.02,2026-01-08 20:43:10,8,9,22,11.3%,18,NORMAL,204.1,0.0,0.4,0.4,False,5.26,38.93
1767885192.98,2026-01-08 20:43:12,8,9,22,11.3%,18,NORMAL,203.1,0.0,0.4,0.4,False,5.26,38.93
1767885195.46,2026-01-08 20:43:15,8,9,22,11.4%,18,NORMAL,202.0,0.0,0.4,0.4,False,5.26,38.93
1767885198.14,2026-01-08 20:43:18,7,9,22,11.4%,18,NORMAL,201.0,0.0,0.4,0.4,False,4.73,39.47
1767885201.14,2026-01-08 20:43:21,7,9,22,11.4%,18,NORMAL,200.0,0.0,0.4,0.4,False,4.73,39.47
1767885203.56,2026-01-08 20:43:23,6,9,22,11.3%,18,NORMAL,199.0,0.0,0.4,0.4,False,4.16,40.03
1767885206.06,2026-01-08 20:43:26,6,9,22,11.3%,18,NORMAL,198.0,0.0,0.4,0.4,False,4.16,40.03
1767885208.50,2026-01-08 20:43:28,5,9,22,11.2%,18,NORMAL,197.0,0.0,0.4,0.4,False,3.56,40.64
1767885211.03,2026-01-08 20:43:31,4,9,23,11.1%,18,NORMAL,205.0,0.0,0.4,0.4,False,2.92,41.28
1767885213.54,2026-01-08 20:43:33,3,9,23,10.9%,18,NORMAL,203.9,0.0,0.4,0.4,False,2.24,41.95
1767885216.05,2026-01-08 20:43:36,3,9,23,10.6%,18,NORMAL,202.9,0.0,0.4,0.4,False,2.24,41.95
1767885218.56,2026-01-08 20:43:38,3,9,23,10.3%,18,NORMAL,202.0,0.0,0.4,0.4,False,2.24,41.95
1767885221.45,2026-01-08 20:43:41,3,9,23,10.2%,18,NORMAL,201.0,0.0,0.4,0.4,False,2.24,41.95
1767885224.15,2026-01-08 20:43:44,3,9,23,10.0%,18,NORMAL,200.0,0.0,0.4,0.4,False,2.24,41.95
1767885226.68,2026-01-08 20:43:46,4,9,23,9.8%,18,NORMAL,199.0,0.0,0.4,0.4,False,2.92,41.28
1767885229.19,2026-01-08 20:43:49,3,9,23,9.6%,18,NORMAL,198.1,0.0,0.4,0.4,False,2.24,41.95
1767885231.77,2026-01-08 20:43:51,3,9,23,9.4%,18,NORMAL,197.1,0.0,0.4,0.4,False,2.24,41.95
1767885234.24,2026-01-08 20:43:54,3,9,23,9.1%,18,NORMAL,196.2,0.0,0.4,0.4,False,2.24,41.95
1767885236.72,2026-01-08 20:43:56,3,9,23,8.9%,18,NORMAL,195.3,0.0,0.4,0.4,False,2.24,41.95
1767885239.20,2026-01-08 20:43:59,3,9,23,8.7%,18,NORMAL,194.4,0.0,0.4,0.4,False,2.24,41.95
1767885241.63,2026-01-08 20:44:01,2,9,23,8.4%,18,NORMAL,193.5,0.0,0.4,0.4,False,1.53,42.67
1767885244.08,2026-01-08 20:44:04,2,9,23,8.2%,18,NORMAL,192.6,0.0,0.4,0.4,False,1.53,42.67
1767885246.49,2026-01-08 20:44:06,2,9,23,7.9%,18,NORMAL,191.7,0.0,0.4,0.4,False,1.53,42.67
1767885248.99,2026-01-08 20:44:08,1,9,23,7.6%,18,NORMAL,190.8,0.0,0.4,0.4,False,0.78,43.41
1767885251.54,2026-01-08 20:44:11,1,9,23,7.3%,18,NORMAL,189.9,0.0,0.4,0.4,False,0.78,43.41
1767885254.02,2026-01-08 20:44:14,2,9,23,7.1%,18,NORMAL,189.0,0.0,0.4,0.4,False,1.53,42.67
1767885256.56,2026-01-08 20:44:16,3,9,23,6.9%,18,NORMAL,188.2,0.0,0.4,0.4,False,2.24,41.95
1767885259.05,2026-01-08 20:44:19,3,9,23,6.7%,18,NORMAL,187.3,0.0,0.4,0.4,False,2.24,41.95
1767885261.69,2026-01-08 20:44:21,3,9,23,6.4%,18,NORMAL,186.5,0.0,0.4,0.4,False,2.24,41.95
1767885264.84,2026-01-08 20:44:24,3,9,23,6.2%,18,NORMAL,185.7,0.0,0.4,0.4,False,2.24,41.95
1767885267.48,2026-01-08 20:44:27,3,9,23,6.0%,18,NORMAL,184.8,0.0,0.4,0.4,False,2.24,41.95
1767885270.13,2026-01-08 20:44:30,3,9,23,5.7%,18,NORMAL,184.0,0.0,0.4,0.4,False,2.24,41.95
1767885273.36,2026-01-08 20:44:33,3,9,23,5.5%,18,NORMAL,183.2,0.0,0.4,0.4,False,2.24,41.95
1767885276.52,2026-01-08 20:44:36,4,9,23,5.4%,18,NORMAL,182.4,0.0,0.4,0.4,False,2.92,41.28
1767885279.19,2026-01-08 20:44:39,3,9,23,5.2%,18,NORMAL,181.6,0.0,0.4,0.4,False,2.24,41.95
1767885282.08,2026-01-08 20:44:42,2,9,23,5.0%,18,NORMAL,180.8,0.0,0.4,0.4,False,1.53,42.67
1767885284.89,2026-01-08 20:44:44,2,9,23,4.8%,18,NORMAL,180.0,0.0,0.4,0.4,False,1.53,42.67
1767885287.71,2026-01-08 20:44:47,1,9,23,4.6%,18,NORMAL,179.2,0.0,0.4,0.4,False,0.78,43.41
1767885290.52,2026-01-08 20:44:50,2,9,23,4.5%,18,NORMAL,178.4,0.0,0.4,0.4,False,1.53,42.67
1767885293.42,2026-01-08 20:44:53,2,9,23,4.4%,18,NORMAL,177.7,0.0,0.4,0.4,False,1.53,42.67
1767885296.32,2026-01-08 20:44:56,3,9,23,4.4%,18,NORMAL,176.9,0.0,0.4,0.4,False,2.24,41.95
1767885298.86,2026-01-08 20:44:58,2,9,23,4.4%,18,NORMAL,176.2,0.0,0.4,0.4,False,1.53,42.67
1767885301.42,2026-01-08 20:45:01,5,9,23,4.5%,18,NORMAL,175.4,0.0,0.4,0.4,False,3.56,40.64
1767885303.92,2026-01-08 20:45:03,5,9,23,4.6%,18,NORMAL,174.7,0.0,0.4,0.4,False,3.56,40.64
1767885306.50,2026-01-08 20:45:06,5,9,24,4.6%,18,NORMAL,181.5,0.0,0.4,0.4,False,3.56,40.64
1767885309.45,2026-01-08 20:45:09,5,9,24,4.7%,18,NORMAL,180.8,0.0,0.4,0.4,False,3.56,40.64
1767885312.36,2026-01-08 20:45:12,5,9,24,4.8%,18,NORMAL,180.0,0.0,0.4,0.4,False,3.56,40.64
1767885315.18,2026-01-08 20:45:15,4,9,24,4.9%,18,NORMAL,179.3,0.0,0.4,0.4,False,2.92,41.28
1767885318.02,2026-01-08 20:45:18,4,9,24,4.9%,18,NORMAL,178.5,0.0,0.4,0.4,False,2.92,41.28
1767885320.56,2026-01-08 20:45:20,4,9,24,5.0%,18,NORMAL,177.8,0.0,0.4,0.4,False,2.92,41.28
1767885323.54,2026-01-08 20:45:23,3,9,24,5.0%,18,NORMAL,177.0,0.0,0.4,0.4,False,2.24,41.95
1767885326.60,2026-01-08 20:45:26,4,9,24,5.1%,18,NORMAL,176.3,0.0,0.4,0.4,False,2.92,41.28
1767885329.54,2026-01-08 20:45:29,4,9,24,5.2%,18,NORMAL,175.6,0.0,0.4,0.4,False,2.92,41.28
1767885332.47,2026-01-08 20:45:32,4,9,24,5.4%,18,NORMAL,174.9,0.0,0.4,0.4,False,2.92,41.28
1767885334.90,2026-01-08 20:45:34,5,9,24,5.6%,18,NORMAL,174.2,0.0,0.4,0.4,False,3.56,40.64
1767885337.69,2026-01-08 20:45:37,5,9,24,5.7%,18,NORMAL,173.5,0.0,0.4,0.4,False,3.56,40.64
1767885340.37,2026-01-08 20:45:40,5,9,24,5.8%,18,NORMAL,172.8,0.0,0.4,0.4,False,3.56,40.64
1767885343.11,2026-01-08 20:45:43,6,9,24,6.0%,18,NORMAL,172.1,0.0,0.4,0.4,False,4.16,40.03
1767885345.74,2026-01-08 20:45:45,8,9,24,6.2%,18,NORMAL,171.4,0.0,0.4,0.4,False,5.26,38.93
1767885348.47,2026-01-08 20:45:48,8,9,26,6.4%,18,NORMAL,185.0,0.0,0.4,0.4,False,5.26,38.93
1767885351.41,2026-01-08 20:45:51,8,9,27,6.7%,18,NORMAL,191.3,0.0,0.4,0.4,False,5.26,38.93
1767885354.00,2026-01-08 20:45:54,6,9,27,6.8%,18,NORMAL,190.6,0.0,0.4,0.4,False,4.16,40.03
1767885356.63,2026-01-08 20:45:56,6,9,27,7.0%,18,NORMAL,189.8,0.0,0.4,0.4,False,4.16,40.03
1767885359.07,2026-01-08 20:45:59,6,9,27,7.1%,18,NORMAL,189.1,0.0,0.4,0.4,False,4.16,40.03
1767885361.55,2026-01-08 20:46:01,8,9,27,7.3%,18,NORMAL,188.4,0.0,0.4,0.4,False,5.26,38.93
1767885364.06,2026-01-08 20:46:04,6,9,27,7.5%,18,NORMAL,187.6,0.0,0.4,0.4,False,4.16,40.03
1767885366.59,2026-01-08 20:46:06,7,9,27,7.7%,18,NORMAL,186.9,0.0,0.4,0.4,False,4.73,39.47
1767885369.16,2026-01-08 20:46:09,9,9,27,8.1%,18,NORMAL,186.2,0.0,0.4,0.4,False,5.76,38.43
1767885371.70,2026-01-08 20:46:11,9,9,29,8.4%,18,NORMAL,199.2,0.0,0.4,0.4,False,5.76,38.43
1767885374.26,2026-01-08 20:46:14,9,9,29,8.7%,18,NORMAL,198.5,0.0,0.4,0.4,False,5.76,38.43
1767885376.87,2026-01-08 20:46:16,8,9,29,9.0%,18,NORMAL,197.7,0.0,0.4,0.4,False,5.26,38.93
1767885379.43,2026-01-08 20:46:19,9,9,29,9.3%,18,NORMAL,197.0,0.0,0.4,0.4,False,5.76,38.43
1767885381.94,2026-01-08 20:46:21,9,9,30,9.4%,18,NORMAL,203.0,0.0,0.4,0.4,False,5.76,38.43
1767885384.44,2026-01-08 20:46:24,9,9,30,9.6%,18,NORMAL,202.2,0.0,0.4,0.4,False,5.76,38.43
1767885386.96,2026-01-08 20:46:26,8,9,30,9.7%,18,NORMAL,201.5,0.0,0.4,0.4,False,5.26,38.93
1767885389.46,2026-01-08 20:46:29,9,9,30,9.9%,18,NORMAL,200.7,0.0,0.4,0.4,False,5.76,38.43
1767885392.00,2026-01-08 20:46:32,7,9,30,10.0%,18,NORMAL,200.0,0.0,0.4,0.4,False,4.73,39.47
1767885394.55,2026-01-08 20:46:34,7,9,30,10.1%,18,NORMAL,199.3,0.0,0.4,0.4,False,4.73,39.47
1767885397.21,2026-01-08 20:46:37,6,9,30,10.2%,18,NORMAL,198.5,0.0,0.4,0.4,False,4.16,40.03
1767885399.72,2026-01-08 20:46:39,6,9,30,10.3%,18,NORMAL,197.8,0.0,0.4,0.4,False,4.16,40.03
1767885402.27,2026-01-08 20:46:42,5,9,30,10.4%,18,NORMAL,197.1,0.0,0.4,0.4,False,3.56,40.64
1767885404.72,2026-01-08 20:46:44,6,9,30,10.5%,18,NORMAL,196.4,0.0,0.4,0.4,False,4.16,40.03
1767885407.16,2026-01-08 20:46:47,6,9,30,10.6%,18,NORMAL,195.7,0.0,0.4,0.4,False,4.16,40.03
1767885409.59,2026-01-08 20:46:49,5,9,30,10.7%,18,NORMAL,194.9,0.0,0.4,0.4,False,3.56,40.64
1767885412.45,2026-01-08 20:46:52,8,9,30,10.8%,18,NORMAL,194.2,0.0,0.4,0.4,False,5.26,38.93
1767885415.27,2026-01-08 20:46:55,7,9,30,10.9%,18,NORMAL,193.5,0.0,0.4,0.4,False,4.73,39.47
1767885418.13,2026-01-08 20:46:58,7,9,30,11.0%,18,NORMAL,192.9,0.0,0.4,0.4,False,4.73,39.47
1767885420.92,2026-01-08 20:47:00,7,9,30,11.0%,18,NORMAL,192.2,0.0,0.4,0.4,False,4.73,39.47
1767885423.41,2026-01-08 20:47:03,7,9,30,11.0%,18,NORMAL,191.5,0.0,0.4,0.4,False,4.73,39.47
1767885425.79,2026-01-08 20:47:05,6,9,30,10.9%,18,NORMAL,190.8,0.0,0.4,0.4,False,4.16,40.03
1767885428.71,2026-01-08 20:47:08,6,9,30,10.8%,18,NORMAL,190.1,0.0,0.4,0.4,False,4.16,40.03
1767885431.18,2026-01-08 20:47:11,5,9,30,10.8%,18,NORMAL,189.5,0.0,0.4,0.4,False,3.56,40.64
1767885433.73,2026-01-08 20:47:13,4,9,30,10.7%,18,NORMAL,188.8,0.0,0.4,0.4,False,2.92,41.28
1767885436.21,2026-01-08 20:47:16,5,9,30,10.6%,18,NORMAL,188.2,0.0,0.4,0.4,False,3.56,40.64
1767885438.86,2026-01-08 20:47:18,4,9,30,10.4%,18,NORMAL,187.5,0.0,0.4,0.4,False,2.92,41.28
1767885441.36,2026-01-08 20:47:21,4,9,31,10.3%,18,NORMAL,193.1,0.0,0.4,0.4,False,2.92,41.28
1767885444.08,2026-01-08 20:47:24,4,9,31,10.2%,18,NORMAL,192.4,0.0,0.4,0.4,False,2.92,41.28
1767885446.58,2026-01-08 20:47:26,4,9,31,10.0%,18,NORMAL,191.8,0.0,0.4,0.4,False,2.92,41.28
1767885449.48,2026-01-08 20:47:29,5,9,31,9.8%,18,NORMAL,191.1,0.0,0.4,0.4,False,3.56,40.64
1767885452.50,2026-01-08 20:47:32,4,9,31,9.6%,18,NORMAL,190.4,0.0,0.4,0.4,False,2.92,41.28
1767885455.51,2026-01-08 20:47:35,4,9,32,9.4%,18,NORMAL,195.9,0.0,0.4,0.4,False,2.92,41.28
1767885458.24,2026-01-08 20:47:38,5,9,32,9.3%,18,NORMAL,195.3,0.0,0.4,0.4,False,3.56,40.64
1767885460.72,2026-01-08 20:47:40,4,9,32,9.1%,18,NORMAL,194.6,0.0,0.4,0.4,False,2.92,41.28
1767885463.26,2026-01-08 20:47:43,4,9,32,8.8%,18,NORMAL,193.9,0.0,0.4,0.4,False,2.92,41.28
1767885465.69,2026-01-08 20:47:45,4,9,32,8.7%,18,NORMAL,193.3,0.0,0.4,0.4,False,2.92,41.28
1767885468.26,2026-01-08 20:47:48,4,9,32,8.4%,18,NORMAL,192.6,0.0,0.4,0.4,False,2.92,41.28
1767885470.90,2026-01-08 20:47:50,3,9,32,8.3%,18,NORMAL,192.0,0.0,0.4,0.4,False,2.24,41.95
1767885473.52,2026-01-08 20:47:53,1,9,32,8.0%,18,NORMAL,191.4,0.0,0.4,0.4,False,0.78,43.41
1767885476.18,2026-01-08 20:47:56,0,9,31,7.6%,18,NORMAL,184.8,0.0,0.4,0.4,False,0.00,44.19
1767885478.78,2026-01-08 20:47:58,1,9,31,7.4%,18,NORMAL,184.2,0.0,0.4,0.4,False,0.78,43.41
1767885481.35,2026-01-08 20:48:01,2,9,31,7.2%,18,NORMAL,183.6,0.0,0.4,0.4,False,1.53,42.67
1767885483.91,2026-01-08 20:48:03,3,9,31,7.1%,18,NORMAL,183.0,0.0,0.4,0.4,False,2.24,41.95
1767885486.42,2026-01-08 20:48:06,2,9,31,6.9%,18,NORMAL,182.4,0.0,0.4,0.4,False,1.53,42.67
1767885488.97,2026-01-08 20:48:08,3,9,33,6.8%,18,NORMAL,193.5,0.0,0.4,0.4,False,2.24,41.95
1767885491.13,2026-01-08 20:48:11,3,9,33,6.6%,18,NORMAL,192.9,0.0,0.4,0.4,False,2.24,41.95
1767885493.35,2026-01-08 20:48:13,2,9,33,6.3%,18,NORMAL,192.2,0.0,0.4,0.4,False,1.53,42.67
1767885495.54,2026-01-08 20:48:15,2,9,33,6.1%,18,NORMAL,191.6,0.0,0.4,0.4,False,1.53,42.67
1767885498.36,2026-01-08 20:48:18,2,9,33,5.8%,18,NORMAL,191.0,0.0,0.4,0.4,False,1.53,42.67
1767885500.52,2026-01-08 20:48:20,2,9,33,5.6%,18,NORMAL,190.4,0.0,0.4,0.4,False,1.53,42.67
1767885502.66,2026-01-08 20:48:22,1,9,33,5.4%,18,NORMAL,189.8,0.0,0.4,0.4,False,0.78,43.41
1767885506.05,2026-01-08 20:48:26,1,9,33,5.1%,18,NORMAL,189.2,0.0,0.4,0.4,False,0.78,43.41
1767885508.40,2026-01-08 20:48:28,1,9,33,4.9%,18,NORMAL,188.6,0.0,0.4,0.4,False,0.78,43.41
1767885510.51,2026-01-08 20:48:30,3,9,33,4.8%,18,NORMAL,188.0,0.0,0.4,0.4,False,2.24,41.95
1767885512.63,2026-01-08 20:48:32,4,9,33,4.8%,18,NORMAL,187.4,0.0,0.4,0.4,False,2.92,41.28
1767885515.20,2026-01-08 20:48:35,3,9,34,4.7%,18,NORMAL,192.5,0.0,0.4,0.4,False,2.24,41.95
1767885517.79,2026-01-08 20:48:37,4,9,34,4.7%,18,NORMAL,191.8,0.0,0.4,0.4,False,2.92,41.28
1767885520.26,2026-01-08 20:48:40,4,9,34,4.7%,18,NORMAL,191.2,0.0,0.4,0.4,False,2.92,41.28
1767885522.72,2026-01-08 20:48:42,6,9,35,4.8%,18,NORMAL,196.3,0.0,0.4,0.4,False,4.16,40.03
1767885525.21,2026-01-08 20:48:45,4,9,35,4.8%,18,NORMAL,195.7,0.0,0.4,0.4,False,2.92,41.28
1767885527.64,2026-01-08 20:48:47,4,9,36,4.8%,18,NORMAL,200.6,0.0,0.4,0.4,False,2.92,41.28
1767885530.09,2026-01-08 20:48:50,3,9,36,4.7%,18,NORMAL,200.0,0.0,0.4,0.4,False,2.24,41.95
1767885532.52,2026-01-08 20:48:52,3,9,36,4.6%,18,NORMAL,199.4,0.0,0.4,0.4,False,2.24,41.95
1767885534.96,2026-01-08 20:48:54,3,9,36,4.6%,18,NORMAL,198.8,0.0,0.4,0.4,False,2.24,41.95
1767885537.35,2026-01-08 20:48:57,3,9,36,4.5%,18,NORMAL,198.2,0.0,0.4,0.4,False,2.24,41.95
1767885539.76,2026-01-08 20:48:59,3,9,36,4.5%,18,NORMAL,197.6,0.0,0.4,0.4,False,2.24,41.95
1767885542.13,2026-01-08 20:49:02,3,9,36,4.4%,18,NORMAL,197.0,0.0,0.4,0.4,False,2.24,41.95
1767885544.66,2026-01-08 20:49:04,2,9,36,4.4%,18,NORMAL,196.4,0.0,0.4,0.4,False,1.53,42.67
1767885547.16,2026-01-08 20:49:07,1,9,36,4.4%,18,NORMAL,195.8,0.0,0.4,0.4,False,0.78,43.41
1767885549.61,2026-01-08 20:49:09,3,9,36,4.5%,18,NORMAL,195.2,0.0,0.4,0.4,False,2.24,41.95
1767885551.99,2026-01-08 20:49:11,4,9,36,4.7%,18,NORMAL,194.6,0.0,0.4,0.4,False,2.92,41.28
1767885554.47,2026-01-08 20:49:14,4,9,36,4.8%,18,NORMAL,194.0,0.0,0.4,0.4,False,2.92,41.28
1767885556.91,2026-01-08 20:49:16,3,9,36,4.8%,18,NORMAL,193.4,0.0,0.4,0.4,False,2.24,41.95
1767885559.08,2026-01-08 20:49:19,5,9,36,5.0%,18,NORMAL,192.9,0.0,0.4,0.4,False,3.56,40.64
1767885561.20,2026-01-08 20:49:21,4,9,36,5.0%,18,NORMAL,192.3,0.0,0.4,0.4,False,2.92,41.28
1767885563.36,2026-01-08 20:49:23,4,9,36,5.1%,18,NORMAL,191.7,0.0,0.4,0.4,False,2.92,41.28
1767885565.51,2026-01-08 20:49:25,4,9,36,5.2%,18,NORMAL,191.2,0.0,0.4,0.4,False,2.92,41.28
1767885567.73,2026-01-08 20:49:27,3,9,36,5.2%,18,NORMAL,190.6,0.0,0.4,0.4,False,2.24,41.95
1767885570.00,2026-01-08 20:49:30,3,9,36,5.3%,18,NORMAL,190.0,0.0,0.4,0.4,False,2.24,41.95
1767885572.21,2026-01-08 20:49:32,3,9,36,5.3%,18,NORMAL,189.5,0.0,0.4,0.4,False,2.24,41.95
1767885574.51,2026-01-08 20:49:34,3,9,36,5.4%,18,NORMAL,188.9,0.0,0.4,0.4,False,2.24,41.95
1767885576.76,2026-01-08 20:49:36,3,9,36,5.5%,18,NORMAL,188.4,0.0,0.4,0.4,False,2.24,41.95
1767885578.99,2026-01-08 20:49:38,3,9,36,5.7%,18,NORMAL,187.8,0.0,0.4,0.4,False,2.24,41.95
1767885581.25,2026-01-08 20:49:41,4,9,36,5.7%,18,NORMAL,187.3,0.0,0.4,0.4,False,2.92,41.28
1767885583.31,2026-01-08 20:49:43,4,9,36,5.7%,18,NORMAL,186.7,0.0,0.4,0.4,False,2.92,41.28
1767885585.44,2026-01-08 20:49:45,4,9,37,5.8%,18,NORMAL,191.4,0.0,0.4,0.4,False,2.92,41.28
1767885587.59,2026-01-08 20:49:47,5,9,37,5.8%,18,NORMAL,190.8,0.0,0.4,0.4,False,3.56,40.64
1767885589.75,2026-01-08 20:49:49,4,9,37,5.8%,18,NORMAL,190.3,0.0,0.4,0.4,False,2.92,41.28
1767885592.17,2026-01-08 20:49:52,4,9,37,5.7%,18,NORMAL,189.7,0.0,0.4,0.4,False,2.92,41.28
1767885595.06,2026-01-08 20:49:55,4,9,37,5.7%,18,NORMAL,189.2,0.0,0.4,0.4,False,2.92,41.28
1767885597.65,2026-01-08 20:49:57,4,9,37,5.7%,18,NORMAL,188.7,0.0,0.4,0.4,False,2.92,41.28
1767885600.37,2026-01-08 20:50:00,4,9,37,5.8%,18,NORMAL,188.1,0.0,0.4,0.4,False,2.92,41.28
1767885603.03,2026-01-08 20:50:03,3,9,37,5.8%,18,NORMAL,187.6,0.0,0.4,0.4,False,2.24,41.95
1767885606.25,2026-01-08 20:50:06,3,9,37,5.8%,18,NORMAL,187.1,0.0,0.4,0.4,False,2.24,41.95
1767885609.76,2026-01-08 20:50:09,2,9,37,5.7%,18,NORMAL,186.6,0.0,0.4,0.4,False,1.53,42.67
1767885613.22,2026-01-08 20:50:13,2,9,37,5.7%,18,NORMAL,186.0,0.0,0.4,0.4,False,1.53,42.67
1767885616.20,2026-01-08 20:50:16,4,9,38,5.7%,18,NORMAL,190.5,0.0,0.4,0.4,False,2.92,41.28
1767885619.32,2026-01-08 20:50:19,4,9,38,5.8%,18,NORMAL,190.0,0.0,0.4,0.4,False,2.92,41.28
1767885622.26,2026-01-08 20:50:22,5,9,39,6.0%,18,NORMAL,194.5,0.0,0.4,0.4,False,3.56,40.64
1767885625.16,2026-01-08 20:50:25,5,9,39,6.1%,18,NORMAL,193.9,0.0,0.4,0.4,False,3.56,40.64
1767885628.29,2026-01-08 20:50:28,5,9,40,6.2%,18,NORMAL,198.3,0.0,0.4,0.4,False,3.56,40.64
1767885631.24,2026-01-08 20:50:31,4,9,40,6.2%,18,NORMAL,197.8,0.0,0.4,0.4,False,2.92,41.28
1767885634.13,2026-01-08 20:50:34,3,9,40,6.2%,18,NORMAL,197.3,0.0,0.4,0.4,False,2.24,41.95
1767885637.28,2026-01-08 20:50:37,5,9,40,6.2%,18,NORMAL,196.7,0.0,0.4,0.4,False,3.56,40.64
1767885640.45,2026-01-08 20:50:40,5,9,40,6.2%,18,NORMAL,196.2,0.0,0.4,0.4,False,3.56,40.64
1767885643.71,2026-01-08 20:50:43,7,9,41,6.4%,18,NORMAL,200.5,0.0,0.4,0.4,False,4.73,39.47
1767885646.92,2026-01-08 20:50:46,7,9,41,6.5%,18,NORMAL,200.0,0.0,0.4,0.4,False,4.73,39.47
1767885650.06,2026-01-08 20:50:50,8,9,41,6.7%,18,NORMAL,199.5,0.0,0.4,0.4,False,5.26,38.93
1767885653.26,2026-01-08 20:50:53,6,9,41,6.9%,18,NORMAL,198.9,0.0,0.4,0.4,False,4.16,40.03
1767885656.63,2026-01-08 20:50:56,6,9,41,7.0%,18,NORMAL,198.4,0.0,0.4,0.4,False,4.16,40.03
1767885659.96,2026-01-08 20:50:59,6,9,41,7.2%,18,NORMAL,197.9,0.0,0.4,0.4,False,4.16,40.03
1767885663.64,2026-01-08 20:51:03,6,9,41,7.3%,18,NORMAL,197.3,0.0,0.4,0.4,False,4.16,40.03
1767885667.14,2026-01-08 20:51:07,6,9,41,7.4%,18,NORMAL,196.8,0.0,0.4,0.4,False,4.16,40.03
1767885671.37,2026-01-08 20:51:11,7,9,41,7.6%,18,NORMAL,196.3,0.0,0.4,0.4,False,4.73,39.47
1767885674.51,2026-01-08 20:51:14,8,9,41,7.8%,18,NORMAL,195.8,0.0,0.4,0.4,False,5.26,38.93
1767885677.51,2026-01-08 20:51:17,7,9,42,7.9%,18,NORMAL,200.0,0.0,0.4,0.4,False,4.73,39.47
1767885680.42,2026-01-08 20:51:20,7,9,43,8.0%,18,NORMAL,204.2,0.0,0.4,0.4,False,4.73,39.47
1767885683.42,2026-01-08 20:51:23,7,9,43,8.1%,18,NORMAL,203.7,0.0,0.4,0.4,False,4.73,39.47
1767885686.14,2026-01-08 20:51:26,7,9,43,8.3%,18,NORMAL,203.1,0.0,0.4,0.4,False,4.73,39.47
1767885688.77,2026-01-08 20:51:28,6,9,43,8.4%,18,NORMAL,202.6,0.0,0.4,0.4,False,4.16,40.03
1767885691.61,2026-01-08 20:51:31,6,9,43,8.4%,18,NORMAL,202.1,0.0,0.4,0.4,False,4.16,40.03
1767885694.43,2026-01-08 20:51:34,6,9,43,8.5%,18,NORMAL,201.6,0.0,0.4,0.4,False,4.16,40.03
1767885697.24,2026-01-08 20:51:37,7,9,43,8.7%,18,NORMAL,201.0,0.0,0.4,0.4,False,4.73,39.47
1767885699.98,2026-01-08 20:51:39,6,9,43,8.9%,18,NORMAL,200.5,0.0,0.4,0.4,False,4.16,40.03
1767885702.70,2026-01-08 20:51:42,5,9,43,9.0%,18,NORMAL,200.0,0.0,0.4,0.4,False,3.56,40.64
1767885705.34,2026-01-08 20:51:45,5,9,43,9.2%,18,NORMAL,199.5,0.0,0.4,0.4,False,3.56,40.64
1767885708.54,2026-01-08 20:51:48,6,9,43,9.3%,18,NORMAL,199.0,0.0,0.4,0.4,False,4.16,40.03
1767885711.20,2026-01-08 20:51:51,4,9,43,9.3%,18,NORMAL,198.5,0.0,0.4,0.4,False,2.92,41.28
1767885714.19,2026-01-08 20:51:54,4,9,44,9.2%,18,NORMAL,202.6,0.0,0.4,0.4,False,2.92,41.28
1767885716.81,2026-01-08 20:51:56,3,9,44,9.1%,18,NORMAL,202.0,0.0,0.4,0.4,False,2.24,41.95
1767885719.38,2026-01-08 20:51:59,3,9,44,9.0%,18,NORMAL,201.5,0.0,0.4,0.4,False,2.24,41.95
1767885722.31,2026-01-08 20:52:02,3,9,44,9.0%,18,NORMAL,201.0,0.0,0.4,0.4,False,2.24,41.95
1767885724.86,2026-01-08 20:52:04,4,9,44,9.0%,18,NORMAL,200.5,0.0,0.4,0.4,False,2.92,41.28
1767885727.38,2026-01-08 20:52:07,3,9,44,8.9%,18,NORMAL,200.0,0.0,0.4,0.4,False,2.24,41.95
1767885729.91,2026-01-08 20:52:09,3,9,44,8.8%,18,NORMAL,199.5,0.0,0.4,0.4,False,2.24,41.95
1767885732.66,2026-01-08 20:52:12,3,9,44,8.6%,18,NORMAL,199.0,0.0,0.4,0.4,False,2.24,41.95
1767885735.36,2026-01-08 20:52:15,1,9,44,8.3%,18,NORMAL,198.5,0.0,0.4,0.4,False,0.78,43.41
1767885738.44,2026-01-08 20:52:18,2,9,44,8.1%,18,NORMAL,198.0,0.0,0.4,0.4,False,1.53,42.67
1767885741.21,2026-01-08 20:52:21,2,9,44,7.9%,18,NORMAL,197.5,0.0,0.4,0.4,False,1.53,42.67
1767885743.83,2026-01-08 20:52:23,2,9,44,7.7%,18,NORMAL,197.0,0.0,0.4,0.4,False,1.53,42.67
1767885746.46,2026-01-08 20:52:26,2,9,44,7.5%,18,NORMAL,196.5,0.0,0.4,0.4,False,1.53,42.67
1767885749.10,2026-01-08 20:52:29,2,9,44,7.3%,18,NORMAL,196.0,0.0,0.4,0.4,False,1.53,42.67
1767885751.77,2026-01-08 20:52:31,1,9,44,7.0%,18,NORMAL,195.6,0.0,0.4,0.4,False,0.78,43.41
1767885754.25,2026-01-08 20:52:34,2,9,44,6.8%,18,NORMAL,195.1,0.0,0.4,0.4,False,1.53,42.67
1767885756.85,2026-01-08 20:52:36,2,9,44,6.5%,18,NORMAL,194.6,0.0,0.4,0.4,False,1.53,42.67
1767885759.32,2026-01-08 20:52:39,3,9,44,6.3%,18,NORMAL,194.1,0.0,0.4,0.4,False,2.24,41.95
1767885761.84,2026-01-08 20:52:41,3,9,44,6.1%,18,NORMAL,193.6,0.0,0.4,0.4,False,2.24,41.95
1767885764.45,2026-01-08 20:52:44,3,9,45,5.9%,18,NORMAL,197.6,0.0,0.4,0.4,False,2.24,41.95
1767885766.91,2026-01-08 20:52:46,3,9,45,5.7%,18,NORMAL,197.1,0.0,0.4,0.4,False,2.24,41.95
1767885769.42,2026-01-08 20:52:49,3,9,45,5.6%,18,NORMAL,196.6,0.0,0.4,0.4,False,2.24,41.95
1767885771.99,2026-01-08 20:52:51,2,9,45,5.4%,18,NORMAL,196.1,0.0,0.4,0.4,False,1.53,42.67
1767885774.64,2026-01-08 20:52:54,3,9,45,5.2%,18,NORMAL,195.7,0.0,0.4,0.4,False,2.24,41.95
1767885777.48,2026-01-08 20:52:57,2,9,45,5.0%,18,NORMAL,195.2,0.0,0.4,0.4,False,1.53,42.67
1767885779.93,2026-01-08 20:52:59,3,9,45,4.9%,18,NORMAL,194.7,0.0,0.4,0.4,False,2.24,41.95
1767885782.54,2026-01-08 20:53:02,3,9,45,4.8%,18,NORMAL,194.2,0.0,0.4,0.4,False,2.24,41.95
1767885785.06,2026-01-08 20:53:05,3,9,45,4.7%,18,NORMAL,193.8,0.0,0.4,0.4,False,2.24,41.95
1767885787.71,2026-01-08 20:53:07,3,9,45,4.5%,18,NORMAL,193.3,0.0,0.4,0.4,False,2.24,41.95
1767885790.21,2026-01-08 20:53:10,2,9,45,4.4%,18,NORMAL,192.9,0.0,0.4,0.4,False,1.53,42.67
1767885792.90,2026-01-08 20:53:12,3,9,45,4.4%,18,NORMAL,192.4,0.0,0.4,0.4,False,2.24,41.95
1767885795.49,2026-01-08 20:53:15,3,9,45,4.4%,18,NORMAL,191.9,0.0,0.4,0.4,False,2.24,41.95
1767885798.27,2026-01-08 20:53:18,3,9,45,4.4%,18,NORMAL,191.5,0.0,0.4,0.4,False,2.24,41.95
1767885800.82,2026-01-08 20:53:20,5,9,46,4.5%,18,NORMAL,195.3,0.0,0.4,0.4,False,3.56,40.64
1767885803.57,2026-01-08 20:53:23,5,9,46,4.5%,18,NORMAL,194.8,0.0,0.4,0.4,False,3.56,40.64
1767885806.22,2026-01-08 20:53:26,6,9,46,4.7%,18,NORMAL,194.4,0.0,0.4,0.4,False,4.16,40.03
1767885809.08,2026-01-08 20:53:29,7,9,47,4.8%,18,NORMAL,198.1,0.0,0.4,0.4,False,4.73,39.47
1767885811.92,2026-01-08 20:53:31,6,9,47,5.0%,18,NORMAL,197.7,0.0,0.4,0.4,False,4.16,40.03
1767885814.58,2026-01-08 20:53:34,5,9,47,5.2%,18,NORMAL,197.2,0.0,0.4,0.4,False,3.56,40.64
1767885817.23,2026-01-08 20:53:37,5,9,47,5.4%,18,NORMAL,196.7,0.0,0.4,0.4,False,3.56,40.64
1767885819.86,2026-01-08 20:53:39,5,9,47,5.5%,18,NORMAL,196.3,0.0,0.4,0.4,False,3.56,40.64
1767885822.42,2026-01-08 20:53:42,8,9,48,5.8%,18,NORMAL,200.0,0.0,0.4,0.4,False,5.26,38.93
1767885825.00,2026-01-08 20:53:45,8,9,49,6.1%,18,NORMAL,203.7,0.0,0.4,0.4,False,5.26,38.93
1767885827.58,2026-01-08 20:53:47,6,9,49,6.3%,18,NORMAL,203.2,0.0,0.4,0.4,False,4.16,40.03
1767885830.10,2026-01-08 20:53:50,5,9,49,6.5%,18,NORMAL,202.8,0.0,0.4,0.4,False,3.56,40.64
1767885832.67,2026-01-08 20:53:52,5,9,49,6.6%,18,NORMAL,202.3,0.0,0.4,0.4,False,3.56,40.64
1767885835.23,2026-01-08 20:53:55,7,9,50,6.9%,18,NORMAL,205.9,0.0,0.4,0.4,False,4.73,39.47
1767885837.74,2026-01-08 20:53:57,7,9,50,7.1%,18,NORMAL,205.5,0.0,0.4,0.4,False,4.73,39.47
1767885840.27,2026-01-08 20:54:00,7,9,50,7.2%,18,NORMAL,205.0,0.0,0.4,0.4,False,4.73,39.47
1767885842.73,2026-01-08 20:54:02,7,9,50,7.4%,18,NORMAL,204.5,0.0,0.4,0.4,False,4.73,39.47
1767885845.23,2026-01-08 20:54:05,7,9,51,7.6%,18,NORMAL,208.2,0.0,0.4,0.4,False,4.73,39.47
1767885847.94,2026-01-08 20:54:07,7,9,51,7.8%,18,NORMAL,207.7,0.0,0.4,0.4,False,4.73,39.47
1767885850.51,2026-01-08 20:54:10,6,9,51,8.0%,18,NORMAL,207.2,0.0,0.4,0.4,False,4.16,40.03
1767885853.29,2026-01-08 20:54:13,5,9,51,8.1%,18,NORMAL,206.8,0.0,0.4,0.4,False,3.56,40.64
1767885856.11,2026-01-08 20:54:16,5,9,51,8.3%,18,NORMAL,206.3,0.0,0.4,0.4,False,3.56,40.64
1767885858.85,2026-01-08 20:54:18,6,9,51,8.4%,18,NORMAL,205.8,0.0,0.4,0.4,False,4.16,40.03
1767885861.38,2026-01-08 20:54:21,6,9,51,8.5%,18,NORMAL,205.4,0.0,0.4,0.4,False,4.16,40.03
1767885863.97,2026-01-08 20:54:23,5,9,51,8.6%,18,NORMAL,204.9,0.0,0.4,0.4,False,3.56,40.64
1767885866.50,2026-01-08 20:54:26,6,9,51,8.8%,18,NORMAL,204.5,0.0,0.4,0.4,False,4.16,40.03
1767885869.67,2026-01-08 20:54:29,6,9,51,9.0%,18,NORMAL,204.0,0.0,0.4,0.4,False,4.16,40.03
1767885872.76,2026-01-08 20:54:32,7,9,51,9.2%,18,NORMAL,203.5,0.0,0.4,0.4,False,4.73,39.47
1767885875.92,2026-01-08 20:54:35,7,9,51,9.4%,18,NORMAL,203.1,0.0,0.4,0.4,False,4.73,39.47
1767885878.96,2026-01-08 20:54:38,7,9,51,9.6%,18,NORMAL,202.6,0.0,0.4,0.4,False,4.73,39.47
1767885882.04,2026-01-08 20:54:42,6,9,51,9.6%,18,NORMAL,202.2,0.0,0.4,0.4,False,4.16,40.03
1767885885.16,2026-01-08 20:54:45,5,9,51,9.6%,18,NORMAL,201.8,0.0,0.4,0.4,False,3.56,40.64
1767885888.20,2026-01-08 20:54:48,6,9,51,9.6%,18,NORMAL,201.3,0.0,0.4,0.4,False,4.16,40.03
1767885891.21,2026-01-08 20:54:51,5,9,51,9.5%,18,NORMAL,200.9,0.0,0.4,0.4,False,3.56,40.64
1767885893.86,2026-01-08 20:54:53,5,9,51,9.5%,18,NORMAL,200.4,0.0,0.4,0.4,False,3.56,40.64
1767885896.41,2026-01-08 20:54:56,5,9,51,9.5%,18,NORMAL,200.0,0.0,0.4,0.4,False,3.56,40.64
1767885898.95,2026-01-08 20:54:58,5,9,51,9.5%,18,NORMAL,199.6,0.0,0.4,0.4,False,3.56,40.64
1767885901.61,2026-01-08 20:55:01,5,9,51,9.5%,18,NORMAL,199.1,0.0,0.4,0.4,False,3.56,40.64
1767885904.20,2026-01-08 20:55:04,6,9,51,9.4%,18,NORMAL,198.7,0.0,0.4,0.4,False,4.16,40.03
1767885906.77,2026-01-08 20:55:06,6,9,51,9.3%,18,NORMAL,198.3,0.0,0.4,0.4,False,4.16,40.03
1767885909.24,2026-01-08 20:55:09,6,9,51,9.3%,18,NORMAL,197.8,0.0,0.4,0.4,False,4.16,40.03
1767885911.75,2026-01-08 20:55:11,6,9,51,9.3%,18,NORMAL,197.4,0.0,0.4,0.4,False,4.16,40.03
1767885914.25,2026-01-08 20:55:14,6,9,51,9.4%,18,NORMAL,197.0,0.0,0.4,0.4,False,4.16,40.03
1767885917.01,2026-01-08 20:55:17,6,9,51,9.3%,18,NORMAL,196.6,0.0,0.4,0.4,False,4.16,40.03
1767885919.85,2026-01-08 20:55:19,7,9,51,9.3%,18,NORMAL,196.2,0.0,0.4,0.4,False,4.73,39.47
1767885922.44,2026-01-08 20:55:22,6,9,51,9.3%,18,NORMAL,195.7,0.0,0.4,0.4,False,4.16,40.03
1767885925.01,2026-01-08 20:55:25,4,9,51,9.2%,18,NORMAL,195.3,0.0,0.4,0.4,False,2.92,41.28
1767885927.58,2026-01-08 20:55:27,4,9,51,9.0%,18,NORMAL,194.9,0.0,0.4,0.4,False,2.92,41.28
1767885930.13,2026-01-08 20:55:30,4,9,52,8.9%,18,NORMAL,198.3,0.0,0.4,0.4,False,2.92,41.28
1767885932.61,2026-01-08 20:55:32,4,9,52,8.8%,18,NORMAL,197.9,0.0,0.4,0.4,False,2.92,41.28
1767885935.12,2026-01-08 20:55:35,4,9,52,8.8%,18,NORMAL,197.5,0.0,0.4,0.4,False,2.92,41.28
1767885937.53,2026-01-08 20:55:37,4,9,52,8.7%,18,NORMAL,197.1,0.0,0.4,0.4,False,2.92,41.28
1767885940.55,2026-01-08 20:55:40,4,9,52,8.6%,18,NORMAL,196.6,0.0,0.4,0.4,False,2.92,41.28
1767885943.60,2026-01-08 20:55:43,4,9,52,8.5%,18,NORMAL,196.2,0.0,0.4,0.4,False,2.92,41.28
1767885946.11,2026-01-08 20:55:46,4,9,52,8.5%,18,NORMAL,195.8,0.0,0.4,0.4,False,2.92,41.28
1767885948.59,2026-01-08 20:55:48,4,9,52,8.4%,18,NORMAL,195.4,0.0,0.4,0.4,False,2.92,41.28
1767885951.07,2026-01-08 20:55:51,4,9,52,8.3%,18,NORMAL,195.0,0.0,0.4,0.4,False,2.92,41.28
1767885953.58,2026-01-08 20:55:53,4,9,52,8.1%,18,NORMAL,194.6,0.0,0.4,0.4,False,2.92,41.28
1767885956.08,2026-01-08 20:55:56,4,9,52,8.0%,18,NORMAL,194.2,0.0,0.4,0.4,False,2.92,41.28
1767885959.54,2026-01-08 20:55:59,3,9,52,7.8%,18,NORMAL,193.8,0.0,0.4,0.4,False,2.24,41.95
1767885962.55,2026-01-08 20:56:02,2,9,52,7.6%,18,NORMAL,193.4,0.0,0.4,0.4,False,1.53,42.67
1767885965.45,2026-01-08 20:56:05,2,9,52,7.5%,18,NORMAL,193.0,0.0,0.4,0.4,False,1.53,42.67
1767885968.26,2026-01-08 20:56:08,2,9,52,7.3%,18,NORMAL,192.6,0.0,0.4,0.4,False,1.53,42.67
1767885971.13,2026-01-08 20:56:11,2,9,52,7.1%,18,NORMAL,192.2,0.0,0.4,0.4,False,1.53,42.67
1767885973.49,2026-01-08 20:56:13,2,9,52,7.0%,18,NORMAL,191.8,0.0,0.4,0.4,False,1.53,42.67
1767885976.02,2026-01-08 20:56:16,2,9,52,6.8%,18,NORMAL,191.4,0.0,0.4,0.4,False,1.53,42.67
1767885978.42,2026-01-08 20:56:18,2,9,52,6.7%,18,NORMAL,191.0,0.0,0.4,0.4,False,1.53,42.67
1767885980.91,2026-01-08 20:56:20,2,9,52,6.5%,18,NORMAL,190.6,0.0,0.4,0.4,False,1.53,42.67
1767885983.29,2026-01-08 20:56:23,1,9,52,6.2%,18,NORMAL,190.2,0.0,0.4,0.4,False,0.78,43.41
1767885985.75,2026-01-08 20:56:25,0,9,51,5.9%,18,NORMAL,186.2,0.0,0.4,0.4,False,0.00,44.19
1767885988.23,2026-01-08 20:56:28,3,9,51,5.8%,18,NORMAL,185.8,0.0,0.4,0.4,False,2.24,41.95
1767885990.70,2026-01-08 20:56:30,2,9,51,5.6%,18,NORMAL,185.5,0.0,0.4,0.4,False,1.53,42.67
1767885993.08,2026-01-08 20:56:33,2,9,51,5.4%,18,NORMAL,185.1,0.0,0.4,0.4,False,1.53,42.67
1767885995.53,2026-01-08 20:56:35,4,9,51,5.3%,18,NORMAL,184.7,0.0,0.4,0.4,False,2.92,41.28
1767885998.00,2026-01-08 20:56:37,2,9,51,5.1%,18,NORMAL,184.3,0.0,0.4,0.4,False,1.53,42.67
1767886000.43,2026-01-08 20:56:40,4,9,51,5.0%,18,NORMAL,184.0,0.0,0.4,0.4,False,2.92,41.28
1767886003.09,2026-01-08 20:56:43,4,9,52,5.0%,18,NORMAL,187.2,0.0,0.4,0.4,False,2.92,41.28
1767886005.53,2026-01-08 20:56:45,4,9,52,5.0%,18,NORMAL,186.8,0.0,0.4,0.4,False,2.92,41.28
1767886008.02,2026-01-08 20:56:48,5,9,52,5.0%,18,NORMAL,186.5,0.0,0.4,0.4,False,3.56,40.64
1767886010.61,2026-01-08 20:56:50,5,9,52,5.1%,18,NORMAL,186.1,0.0,0.4,0.4,False,3.56,40.64
1767886013.06,2026-01-08 20:56:53,6,9,52,5.2%,18,NORMAL,185.7,0.0,0.4,0.4,False,4.16,40.03
1767886015.66,2026-01-08 20:56:55,6,9,52,5.2%,18,NORMAL,185.3,0.0,0.4,0.4,False,4.16,40.03
1767886018.12,2026-01-08 20:56:58,6,9,54,5.3%,18,NORMAL,192.1,0.0,0.4,0.4,False,4.16,40.03
1767886020.55,2026-01-08 20:57:00,6,9,54,5.4%,18,NORMAL,191.7,0.0,0.4,0.4,False,4.16,40.03
1767886022.98,2026-01-08 20:57:02,6,9,54,5.5%,18,NORMAL,191.3,0.0,0.4,0.4,False,4.16,40.03
1767886025.40,2026-01-08 20:57:05,6,9,54,5.6%,18,NORMAL,191.0,0.0,0.4,0.4,False,4.16,40.03
1767886027.85,2026-01-08 20:57:07,6,9,54,5.7%,18,NORMAL,190.6,0.0,0.4,0.4,False,4.16,40.03
1767886030.31,2026-01-08 20:57:10,6,9,54,5.8%,18,NORMAL,190.2,0.0,0.4,0.4,False,4.16,40.03
1767886032.70,2026-01-08 20:57:12,9,9,55,6.0%,18,NORMAL,193.4,0.0,0.4,0.4,False,5.76,38.43
1767886035.22,2026-01-08 20:57:15,6,9,55,6.2%,18,NORMAL,193.0,0.0,0.4,0.4,False,4.16,40.03
1767886037.69,2026-01-08 20:57:17,6,9,56,6.4%,18,NORMAL,196.1,0.0,0.4,0.4,False,4.16,40.03
1767886040.18,2026-01-08 20:57:20,5,9,56,6.5%,18,NORMAL,195.7,0.0,0.4,0.4,False,3.56,40.64
1767886042.81,2026-01-08 20:57:22,7,9,56,6.8%,18,NORMAL,195.3,0.0,0.4,0.4,False,4.73,39.47
1767886045.45,2026-01-08 20:57:25,7,9,56,7.0%,18,NORMAL,195.0,0.0,0.4,0.4,False,4.73,39.47
1767886048.07,2026-01-08 20:57:28,6,9,56,7.2%,18,NORMAL,194.6,0.0,0.4,0.4,False,4.16,40.03
1767886050.54,2026-01-08 20:57:30,7,9,56,7.4%,18,NORMAL,194.2,0.0,0.4,0.4,False,4.73,39.47
1767886053.00,2026-01-08 20:57:33,6,9,57,7.6%,18,NORMAL,197.3,0.0,0.4,0.4,False,4.16,40.03
1767886055.48,2026-01-08 20:57:35,6,9,57,7.8%,18,NORMAL,196.9,0.0,0.4,0.4,False,4.16,40.03
1767886058.03,2026-01-08 20:57:38,7,9,57,8.1%,18,NORMAL,196.6,0.0,0.4,0.4,False,4.73,39.47
1767886060.54,2026-01-08 20:57:40,7,9,57,8.5%,18,NORMAL,196.2,0.0,0.4,0.4,False,4.73,39.47
1767886063.03,2026-01-08 20:57:43,6,9,57,8.6%,18,NORMAL,195.8,0.0,0.4,0.4,False,4.16,40.03
1767886065.57,2026-01-08 20:57:45,7,9,57,8.9%,18,NORMAL,195.4,0.0,0.4,0.4,False,4.73,39.47
1767886068.02,2026-01-08 20:57:48,7,9,57,9.1%,18,NORMAL,195.1,0.0,0.4,0.4,False,4.73,39.47
1767886070.51,2026-01-08 20:57:50,7,9,57,9.3%,18,NORMAL,194.7,0.0,0.4,0.4,False,4.73,39.47
1767886073.15,2026-01-08 20:57:53,7,9,57,9.5%,18,NORMAL,194.3,0.0,0.4,0.4,False,4.73,39.47
1767886075.96,2026-01-08 20:57:55,5,9,57,9.5%,18,NORMAL,194.0,0.0,0.4,0.4,False,3.56,40.64
1767886078.92,2026-01-08 20:57:58,6,9,57,9.6%,18,NORMAL,193.6,0.0,0.4,0.4,False,4.16,40.03
1767886081.86,2026-01-08 20:58:01,7,9,57,9.8%,18,NORMAL,193.2,0.0,0.4,0.4,False,4.73,39.47
1767886084.77,2026-01-08 20:58:04,7,9,58,9.9%,18,NORMAL,196.2,0.0,0.4,0.4,False,4.73,39.47
1767886087.79,2026-01-08 20:58:07,7,9,58,10.0%,18,NORMAL,195.9,0.0,0.4,0.4,False,4.73,39.47
1767886090.69,2026-01-08 20:58:10,7,9,58,10.0%,18,NORMAL,195.5,0.0,0.4,0.4,False,4.73,39.47
1767886093.41,2026-01-08 20:58:13,8,9,59,10.1%,18,NORMAL,198.5,0.0,0.4,0.4,False,5.26,38.93
1767886096.00,2026-01-08 20:58:16,7,9,59,10.1%,18,NORMAL,198.1,0.0,0.4,0.4,False,4.73,39.47
1767886098.45,2026-01-08 20:58:18,7,9,59,10.2%,18,NORMAL,197.8,0.0,0.4,0.4,False,4.73,39.47
1767886100.92,2026-01-08 20:58:20,6,9,59,10.2%,18,NORMAL,197.4,0.0,0.4,0.4,False,4.16,40.03
1767886103.40,2026-01-08 20:58:23,7,9,59,10.2%,18,NORMAL,197.0,0.0,0.4,0.4,False,4.73,39.47
1767886105.84,2026-01-08 20:58:25,8,9,59,10.3%,18,NORMAL,196.7,0.0,0.4,0.4,False,5.26,38.93
1767886108.31,2026-01-08 20:58:28,7,9,59,10.3%,18,NORMAL,196.3,0.0,0.4,0.4,False,4.73,39.47
1767886110.77,2026-01-08 20:58:30,6,9,59,10.2%,18,NORMAL,195.9,0.0,0.4,0.4,False,4.16,40.03
1767886113.29,2026-01-08 20:58:33,6,9,59,10.2%,18,NORMAL,195.6,0.0,0.4,0.4,False,4.16,40.03
1767886115.77,2026-01-08 20:58:35,4,9,59,10.1%,18,NORMAL,195.2,0.0,0.4,0.4,False,2.92,41.28
1767886118.20,2026-01-08 20:58:38,4,9,59,10.1%,18,NORMAL,194.9,0.0,0.4,0.4,False,2.92,41.28
1767886120.63,2026-01-08 20:58:40,3,9,59,9.9%,18,NORMAL,194.5,0.0,0.4,0.4,False,2.24,41.95
1767886123.10,2026-01-08 20:58:43,4,9,59,9.8%,18,NORMAL,194.1,0.0,0.4,0.4,False,2.92,41.28
1767886125.55,2026-01-08 20:58:45,4,9,59,9.7%,18,NORMAL,193.8,0.0,0.4,0.4,False,2.92,41.28
1767886128.50,2026-01-08 20:58:48,6,9,60,9.6%,18,NORMAL,196.7,0.0,0.4,0.4,False,4.16,40.03
1767886131.00,2026-01-08 20:58:50,6,9,60,9.6%,18,NORMAL,196.4,0.0,0.4,0.4,False,4.16,40.03
1767886133.72,2026-01-08 20:58:53,4,9,60,9.5%,18,NORMAL,196.0,0.0,0.4,0.4,False,2.92,41.28
1767886136.45,2026-01-08 20:58:56,4,9,60,9.4%,18,NORMAL,195.7,0.0,0.4,0.4,False,2.92,41.28
1767886139.06,2026-01-08 20:58:59,5,9,60,9.3%,18,NORMAL,195.3,0.0,0.4,0.4,False,3.56,40.64
1767886141.49,2026-01-08 20:59:01,4,9,60,9.2%,18,NORMAL,194.9,0.0,0.4,0.4,False,2.92,41.28
1767886143.94,2026-01-08 20:59:03,5,9,60,9.1%,18,NORMAL,194.6,0.0,0.4,0.4,False,3.56,40.64
1767886146.34,2026-01-08 20:59:06,5,9,60,9.0%,18,NORMAL,194.2,0.0,0.4,0.4,False,3.56,40.64
1767886148.95,2026-01-08 20:59:08,4,9,60,8.9%,18,NORMAL,193.9,0.0,0.4,0.4,False,2.92,41.28
1767886151.44,2026-01-08 20:59:11,4,9,61,8.8%,18,NORMAL,196.8,0.0,0.4,0.4,False,2.92,41.28
1767886153.87,2026-01-08 20:59:13,3,9,61,8.7%,18,NORMAL,196.4,0.0,0.4,0.4,False,2.24,41.95
1767886156.63,2026-01-08 20:59:16,3,9,61,8.5%,18,NORMAL,196.1,0.0,0.4,0.4,False,2.24,41.95
1767886159.50,2026-01-08 20:59:19,4,9,61,8.4%,18,NORMAL,195.7,0.0,0.4,0.4,False,2.92,41.28
1767886162.37,2026-01-08 20:59:22,4,9,62,8.2%,18,NORMAL,198.6,0.0,0.4,0.4,False,2.92,41.28
1767886165.30,2026-01-08 20:59:25,4,9,62,8.1%,18,NORMAL,198.2,0.0,0.4,0.4,False,2.92,41.28
1767886168.29,2026-01-08 20:59:28,4,9,62,8.0%,18,NORMAL,197.9,0.0,0.4,0.4,False,2.92,41.28
1767886170.99,2026-01-08 20:59:30,3,9,62,7.7%,18,NORMAL,197.5,0.0,0.4,0.4,False,2.24,41.95
1767886173.72,2026-01-08 20:59:33,5,9,62,7.6%,18,NORMAL,197.2,0.0,0.4,0.4,False,3.56,40.64
1767886176.35,2026-01-08 20:59:36,5,9,62,7.6%,18,NORMAL,196.8,0.0,0.4,0.4,False,3.56,40.64
1767886179.06,2026-01-08 20:59:39,4,9,62,7.5%,18,NORMAL,196.5,0.0,0.4,0.4,False,2.92,41.28
1767886181.65,2026-01-08 20:59:41,4,9,62,7.3%,18,NORMAL,196.1,0.0,0.4,0.4,False,2.92,41.28
1767886184.44,2026-01-08 20:59:44,7,9,62,7.3%,18,NORMAL,195.8,0.0,0.4,0.4,False,4.73,39.47
1767886186.94,2026-01-08 20:59:46,8,9,63,7.3%,18,NORMAL,198.6,0.0,0.4,0.4,False,5.26,38.93
1767886189.37,2026-01-08 20:59:49,5,9,65,7.3%,18,NORMAL,204.5,0.0,0.4,0.4,False,3.56,40.64
1767886192.23,2026-01-08 20:59:52,5,9,65,7.2%,18,NORMAL,204.2,0.0,0.4,0.4,False,3.56,40.64
1767886195.10,2026-01-08 20:59:55,3,9,65,7.2%,18,NORMAL,203.8,0.0,0.4,0.4,False,2.24,41.95
1767886197.86,2026-01-08 20:59:57,3,9,65,7.1%,18,NORMAL,203.5,0.0,0.4,0.4,False,2.24,41.95
1767886200.62,2026-01-08 21:00:00,4,9,65,7.2%,18,NORMAL,203.1,0.0,0.4,0.4,False,2.92,41.28
1767886203.34,2026-01-08 21:00:03,4,9,65,7.2%,18,NORMAL,202.8,0.0,0.4,0.4,False,2.92,41.28
1767886206.05,2026-01-08 21:00:06,4,9,66,7.2%,18,NORMAL,205.5,0.0,0.4,0.4,False,2.92,41.28
1767886209.20,2026-01-08 21:00:09,3,9,66,7.0%,18,NORMAL,205.2,0.0,0.4,0.4,False,2.24,41.95
1767886211.77,2026-01-08 21:00:11,4,9,66,6.9%,18,NORMAL,204.8,0.0,0.4,0.4,False,2.92,41.28
1767886214.40,2026-01-08 21:00:14,4,9,66,6.9%,18,NORMAL,204.5,0.0,0.4,0.4,False,2.92,41.28
1767886217.29,2026-01-08 21:00:17,4,9,66,6.9%,18,NORMAL,204.1,0.0,0.4,0.4,False,2.92,41.28
1767886219.97,2026-01-08 21:00:19,4,9,66,6.9%,18,NORMAL,203.8,0.0,0.4,0.4,False,2.92,41.28
1767886222.61,2026-01-08 21:00:22,4,9,66,6.9%,18,NORMAL,203.4,0.0,0.4,0.4,False,2.92,41.28
1767886225.20,2026-01-08 21:00:25,5,9,66,6.9%,18,NORMAL,203.1,0.0,0.4,0.4,False,3.56,40.64
1767886227.78,2026-01-08 21:00:27,3,9,66,6.8%,18,NORMAL,202.7,0.0,0.4,0.4,False,2.24,41.95
1767886230.37,2026-01-08 21:00:30,2,9,66,6.7%,18,NORMAL,202.4,0.0,0.4,0.4,False,1.53,42.67
1767886232.97,2026-01-08 21:00:32,1,9,66,6.5%,18,NORMAL,202.0,0.0,0.4,0.4,False,0.78,43.41
1767886235.63,2026-01-08 21:00:35,3,9,66,6.5%,18,NORMAL,201.7,0.0,0.4,0.4,False,2.24,41.95
1767886238.28,2026-01-08 21:00:38,3,9,66,6.5%,18,NORMAL,201.4,0.0,0.4,0.4,False,2.24,41.95
1767886240.98,2026-01-08 21:00:40,3,9,66,6.5%,18,NORMAL,201.0,0.0,0.4,0.4,False,2.24,41.95
1767886243.29,2026-01-08 21:00:43,2,9,66,6.4%,18,NORMAL,200.7,0.0,0.4,0.4,False,1.53,42.67
1767886245.71,2026-01-08 21:00:45,2,9,66,6.3%,18,NORMAL,200.3,0.0,0.4,0.4,False,1.53,42.67
1767886248.28,2026-01-08 21:00:48,3,9,66,6.2%,18,NORMAL,200.0,0.0,0.4,0.4,False,2.24,41.95
1767886250.75,2026-01-08 21:00:50,3,9,66,6.2%,18,NORMAL,199.7,0.0,0.4,0.4,False,2.24,41.95
1767886253.22,2026-01-08 21:00:53,2,9,66,6.1%,18,NORMAL,199.3,0.0,0.4,0.4,False,1.53,42.67
1767886255.64,2026-01-08 21:00:55,2,9,66,5.9%,18,NORMAL,199.0,0.0,0.4,0.4,False,1.53,42.67
1767886258.02,2026-01-08 21:00:58,2,9,66,5.8%,18,NORMAL,198.7,0.0,0.4,0.4,False,1.53,42.67
1767886260.42,2026-01-08 21:01:00,2,9,66,5.7%,18,NORMAL,198.3,0.0,0.4,0.4,False,1.53,42.67
1767886262.82,2026-01-08 21:01:02,3,9,66,5.5%,18,NORMAL,198.0,0.0,0.4,0.4,False,2.24,41.95
1767886265.37,2026-01-08 21:01:05,3,9,66,5.3%,18,NORMAL,197.7,0.0,0.4,0.4,False,2.24,41.95
1767886267.97,2026-01-08 21:01:07,3,9,67,5.2%,18,NORMAL,200.3,0.0,0.4,0.4,False,2.24,41.95
1767886270.47,2026-01-08 21:01:10,4,9,67,5.1%,18,NORMAL,200.0,0.0,0.4,0.4,False,2.92,41.28
1767886272.92,2026-01-08 21:01:12,4,9,67,5.2%,18,NORMAL,199.7,0.0,0.4,0.4,False,2.92,41.28
1767886275.40,2026-01-08 21:01:15,5,9,67,5.3%,18,NORMAL,199.3,0.0,0.4,0.4,False,3.56,40.64
1767886277.79,2026-01-08 21:01:17,5,9,67,5.3%,18,NORMAL,199.0,0.0,0.4,0.4,False,3.56,40.64
1767886280.42,2026-01-08 21:01:20,5,9,67,5.4%,18,NORMAL,198.7,0.0,0.4,0.4,False,3.56,40.64
1767886282.88,2026-01-08 21:01:22,5,9,67,5.4%,18,NORMAL,198.4,0.0,0.4,0.4,False,3.56,40.64
1767886285.68,2026-01-08 21:01:25,3,9,67,5.4%,18,NORMAL,198.0,0.0,0.4,0.4,False,2.24,41.95
1767886288.10,2026-01-08 21:01:28,2,9,67,5.3%,18,NORMAL,197.7,0.0,0.4,0.4,False,1.53,42.67
1767886290.58,2026-01-08 21:01:30,3,9,67,5.3%,18,NORMAL,197.4,0.0,0.4,0.4,False,2.24,41.95
1767886292.95,2026-01-08 21:01:32,3,9,67,5.2%,18,NORMAL,197.1,0.0,0.4,0.4,False,2.24,41.95
1767886295.43,2026-01-08 21:01:35,2,9,67,5.1%,18,NORMAL,196.7,0.0,0.4,0.4,False,1.53,42.67
1767886297.81,2026-01-08 21:01:37,2,9,67,5.0%,18,NORMAL,196.4,0.0,0.4,0.4,False,1.53,42.67
1767886300.27,2026-01-08 21:01:40,3,9,67,4.9%,18,NORMAL,196.1,0.0,0.4,0.4,False,2.24,41.95
1767886302.67,2026-01-08 21:01:42,4,9,67,5.0%,18,NORMAL,195.8,0.0,0.4,0.4,False,2.92,41.28
1767886305.45,2026-01-08 21:01:45,4,9,67,5.1%,18,NORMAL,195.5,0.0,0.4,0.4,False,2.92,41.28
1767886307.90,2026-01-08 21:01:47,4,9,68,5.2%,18,NORMAL,198.1,0.0,0.4,0.4,False,2.92,41.28
1767886310.42,2026-01-08 21:01:50,4,9,68,5.3%,18,NORMAL,197.7,0.0,0.4,0.4,False,2.92,41.28
1767886312.83,2026-01-08 21:01:52,3,9,68,5.3%,18,NORMAL,197.4,0.0,0.4,0.4,False,2.24,41.95
1767886315.30,2026-01-08 21:01:55,3,9,68,5.3%,18,NORMAL,197.1,0.0,0.4,0.4,False,2.24,41.95
1767886318.20,2026-01-08 21:01:58,3,9,68,5.3%,18,NORMAL,196.8,0.0,0.4,0.4,False,2.24,41.95
1767886320.95,2026-01-08 21:02:00,2,9,68,5.3%,18,NORMAL,196.5,0.0,0.4,0.4,False,1.53,42.67
1767886324.13,2026-01-08 21:02:04,2,9,68,5.3%,18,NORMAL,196.2,0.0,0.4,0.4,False,1.53,42.67
1767886327.07,2026-01-08 21:02:07,2,9,68,5.2%,18,NORMAL,195.8,0.0,0.4,0.4,False,1.53,42.67
1767886329.82,2026-01-08 21:02:09,2,9,68,5.2%,18,NORMAL,195.5,0.0,0.4,0.4,False,1.53,42.67
1767886332.28,2026-01-08 21:02:12,2,9,68,5.2%,18,NORMAL,195.2,0.0,0.4,0.4,False,1.53,42.67
1767886334.88,2026-01-08 21:02:14,1,9,68,5.2%,18,NORMAL,194.9,0.0,0.4,0.4,False,0.78,43.41
1767886337.87,2026-01-08 21:02:17,1,9,68,5.1%,18,NORMAL,194.6,0.0,0.4,0.4,False,0.78,43.41
1767886340.85,2026-01-08 21:02:20,1,9,68,5.0%,18,NORMAL,194.3,0.0,0.4,0.4,False,0.78,43.41
1767886343.69,2026-01-08 21:02:23,1,9,68,4.9%,18,NORMAL,194.0,0.0,0.4,0.4,False,0.78,43.41
1767886346.53,2026-01-08 21:02:26,1,9,68,4.8%,18,NORMAL,193.7,0.0,0.4,0.4,False,0.78,43.41
1767886349.34,2026-01-08 21:02:29,1,9,68,4.6%,18,NORMAL,193.4,0.0,0.4,0.4,False,0.78,43.41
1767886352.26,2026-01-08 21:02:32,1,9,68,4.5%,18,NORMAL,193.1,0.0,0.4,0.4,False,0.78,43.41
1767886355.13,2026-01-08 21:02:35,1,9,68,4.3%,18,NORMAL,192.8,0.0,0.4,0.4,False,0.78,43.41
1767886358.00,2026-01-08 21:02:37,1,9,68,4.1%,18,NORMAL,192.5,0.0,0.4,0.4,False,0.78,43.41
1767886360.37,2026-01-08 21:02:40,1,9,68,3.8%,18,NORMAL,192.2,0.0,0.4,0.4,False,0.78,43.41
1767886362.83,2026-01-08 21:02:42,1,9,68,3.6%,18,NORMAL,191.8,0.0,0.4,0.4,False,0.78,43.41
1767886365.24,2026-01-08 21:02:45,1,9,68,3.5%,18,NORMAL,191.5,0.0,0.4,0.4,False,0.78,43.41
1767886367.92,2026-01-08 21:02:47,2,9,68,3.5%,18,NORMAL,191.2,0.0,0.4,0.4,False,1.53,42.67
1767886370.87,2026-01-08 21:02:50,2,9,68,3.5%,18,NORMAL,191.0,0.0,0.4,0.4,False,1.53,42.67
1767886373.56,2026-01-08 21:02:53,2,9,69,3.4%,18,NORMAL,193.5,0.0,0.4,0.4,False,1.53,42.67
1767886376.37,2026-01-08 21:02:56,2,9,69,3.4%,18,NORMAL,193.2,0.0,0.4,0.4,False,1.53,42.67
1767886378.98,2026-01-08 21:02:58,2,9,69,3.4%,18,NORMAL,192.9,0.0,0.4,0.4,False,1.53,42.67
1767886381.76,2026-01-08 21:03:01,2,9,69,3.4%,18,NORMAL,192.6,0.0,0.4,0.4,False,1.53,42.67
1767886384.38,2026-01-08 21:03:04,2,9,69,3.3%,18,NORMAL,192.3,0.0,0.4,0.4,False,1.53,42.67
1767886387.05,2026-01-08 21:03:07,2,9,69,3.2%,18,NORMAL,192.0,0.0,0.4,0.4,False,1.53,42.67
1767886389.70,2026-01-08 21:03:09,2,9,69,3.0%,18,NORMAL,191.7,0.0,0.4,0.4,False,1.53,42.67
1767886392.35,2026-01-08 21:03:12,2,9,69,2.9%,18,NORMAL,191.4,0.0,0.4,0.4,False,1.53,42.67
1767886395.10,2026-01-08 21:03:15,2,9,69,2.9%,18,NORMAL,191.1,0.0,0.4,0.4,False,1.53,42.67
1767886397.47,2026-01-08 21:03:17,2,9,69,2.8%,18,NORMAL,190.8,0.0,0.4,0.4,False,1.53,42.67
1767886399.99,2026-01-08 21:03:19,2,9,69,2.8%,18,NORMAL,190.5,0.0,0.4,0.4,False,1.53,42.67
1767886402.91,2026-01-08 21:03:22,2,9,69,2.8%,18,NORMAL,190.2,0.0,0.4,0.4,False,1.53,42.67
1767886405.78,2026-01-08 21:03:25,2,9,69,2.8%,18,NORMAL,189.9,0.0,0.4,0.4,False,1.53,42.67
1767886408.16,2026-01-08 21:03:28,2,9,69,2.8%,18,NORMAL,189.6,0.0,0.4,0.4,False,1.53,42.67
1767886410.67,2026-01-08 21:03:30,3,9,69,2.8%,18,NORMAL,189.3,0.0,0.4,0.4,False,2.24,41.95
1767886413.09,2026-01-08 21:03:33,3,9,69,2.9%,18,NORMAL,189.0,0.0,0.4,0.4,False,2.24,41.95
1767886415.46,2026-01-08 21:03:35,2,9,69,2.9%,18,NORMAL,188.8,0.0,0.4,0.4,False,1.53,42.67
1767886417.88,2026-01-08 21:03:37,2,9,69,3.0%,18,NORMAL,188.5,0.0,0.4,0.4,False,1.53,42.67
1767886420.39,2026-01-08 21:03:40,2,9,69,3.1%,18,NORMAL,188.2,0.0,0.4,0.4,False,1.53,42.67
1767886422.92,2026-01-08 21:03:42,3,9,70,3.2%,18,NORMAL,190.6,0.0,0.4,0.4,False,2.24,41.95
1767886425.61,2026-01-08 21:03:45,3,9,70,3.3%,18,NORMAL,190.3,0.0,0.4,0.4,False,2.24,41.95
1767886428.15,2026-01-08 21:03:48,2,9,70,3.3%,18,NORMAL,190.0,0.0,0.4,0.4,False,1.53,42.67
1767886430.64,2026-01-08 21:03:50,2,9,70,3.4%,18,NORMAL,189.8,0.0,0.4,0.4,False,1.53,42.67
1767886433.37,2026-01-08 21:03:53,2,9,70,3.4%,18,NORMAL,189.5,0.0,0.4,0.4,False,1.53,42.67
1767886435.81,2026-01-08 21:03:55,2,9,70,3.5%,18,NORMAL,189.2,0.0,0.4,0.4,False,1.53,42.67
1767886438.53,2026-01-08 21:03:58,2,9,70,3.6%,18,NORMAL,188.9,0.0,0.4,0.4,False,1.53,42.67
1767886441.21,2026-01-08 21:04:01,3,9,70,3.7%,18,NORMAL,188.6,0.0,0.4,0.4,False,2.24,41.95
1767886443.68,2026-01-08 21:04:03,3,9,70,3.8%,18,NORMAL,188.3,0.0,0.4,0.4,False,2.24,41.95
1767886446.16,2026-01-08 21:04:06,3,9,70,3.8%,18,NORMAL,188.1,0.0,0.4,0.4,False,2.24,41.95
1767886448.58,2026-01-08 21:04:08,4,9,70,3.9%,18,NORMAL,187.8,0.0,0.4,0.4,False,2.92,41.28
1767886451.13,2026-01-08 21:04:11,4,9,70,4.0%,18,NORMAL,187.5,0.0,0.4,0.4,False,2.92,41.28
1767886453.65,2026-01-08 21:04:13,4,9,71,4.1%,18,NORMAL,189.9,0.0,0.4,0.4,False,2.92,41.28
1767886456.18,2026-01-08 21:04:16,3,9,71,4.2%,18,NORMAL,189.6,0.0,0.4,0.4,False,2.24,41.95
1767886458.74,2026-01-08 21:04:18,3,9,71,4.3%,18,NORMAL,189.3,0.0,0.4,0.4,False,2.24,41.95
1767886461.24,2026-01-08 21:04:21,3,9,71,4.3%,18,NORMAL,189.1,0.0,0.4,0.4,False,2.24,41.95
1767886463.91,2026-01-08 21:04:23,4,9,71,4.4%,18,NORMAL,188.8,0.0,0.4,0.4,False,2.92,41.28
1767886466.56,2026-01-08 21:04:26,5,9,71,4.6%,18,NORMAL,188.5,0.0,0.4,0.4,False,3.56,40.64
1767886469.14,2026-01-08 21:04:29,5,9,72,4.7%,18,NORMAL,190.9,0.0,0.4,0.4,False,3.56,40.64
1767886471.70,2026-01-08 21:04:31,5,9,72,4.9%,18,NORMAL,190.6,0.0,0.4,0.4,False,3.56,40.64
1767886474.54,2026-01-08 21:04:34,5,9,72,5.0%,18,NORMAL,190.3,0.0,0.4,0.4,False,3.56,40.64
1767886477.33,2026-01-08 21:04:37,4,9,72,5.1%,18,NORMAL,190.0,0.0,0.4,0.4,False,2.92,41.28
1767886479.92,2026-01-08 21:04:39,5,9,72,5.3%,18,NORMAL,189.8,0.0,0.4,0.4,False,3.56,40.64
1767886482.34,2026-01-08 21:04:42,5,9,72,5.4%,18,NORMAL,189.5,0.0,0.4,0.4,False,3.56,40.64
1767886484.74,2026-01-08 21:04:44,4,9,72,5.5%,18,NORMAL,189.2,0.0,0.4,0.4,False,2.92,41.28
1767886487.25,2026-01-08 21:04:47,4,9,72,5.6%,18,NORMAL,188.9,0.0,0.4,0.4,False,2.92,41.28
1767886489.81,2026-01-08 21:04:49,3,9,72,5.6%,18,NORMAL,188.6,0.0,0.4,0.4,False,2.24,41.95
1767886492.35,2026-01-08 21:04:52,3,9,72,5.6%,18,NORMAL,188.4,0.0,0.4,0.4,False,2.24,41.95
1767886494.83,2026-01-08 21:04:54,3,9,72,5.7%,18,NORMAL,188.1,0.0,0.4,0.4,False,2.24,41.95
1767886497.28,2026-01-08 21:04:57,3,9,72,5.8%,18,NORMAL,187.8,0.0,0.4,0.4,False,2.24,41.95
1767886499.80,2026-01-08 21:04:59,3,9,72,5.8%,18,NORMAL,187.6,0.0,0.4,0.4,False,2.24,41.95
1767886502.35,2026-01-08 21:05:02,3,9,72,5.8%,18,NORMAL,187.3,0.0,0.4,0.4,False,2.24,41.95
1767886504.87,2026-01-08 21:05:04,3,9,72,5.8%,18,NORMAL,187.0,0.0,0.4,0.4,False,2.24,41.95
1767886507.48,2026-01-08 21:05:07,3,9,72,5.9%,18,NORMAL,186.7,0.0,0.4,0.4,False,2.24,41.95
1767886509.95,2026-01-08 21:05:09,3,9,72,5.9%,18,NORMAL,186.5,0.0,0.4,0.4,False,2.24,41.95
1767886512.48,2026-01-08 21:05:12,3,9,72,6.0%,18,NORMAL,186.2,0.0,0.4,0.4,False,2.24,41.95
1767886514.99,2026-01-08 21:05:14,3,9,72,6.0%,18,NORMAL,185.9,0.0,0.4,0.4,False,2.24,41.95
1767886517.53,2026-01-08 21:05:17,3,9,72,6.0%,18,NORMAL,185.7,0.0,0.4,0.4,False,2.24,41.95
1767886519.98,2026-01-08 21:05:19,3,9,72,6.0%,18,NORMAL,185.4,0.0,0.4,0.4,False,2.24,41.95
1767886522.51,2026-01-08 21:05:22,2,9,72,6.0%,18,NORMAL,185.1,0.0,0.4,0.4,False,1.53,42.67
1767886525.15,2026-01-08 21:05:25,2,9,72,5.9%,18,NORMAL,184.9,0.0,0.4,0.4,False,1.53,42.67
1767886528.03,2026-01-08 21:05:28,2,9,72,5.8%,18,NORMAL,184.6,0.0,0.4,0.4,False,1.53,42.67
1767886530.51,2026-01-08 21:05:30,2,9,72,5.7%,18,NORMAL,184.4,0.0,0.4,0.4,False,1.53,42.67
1767886532.94,2026-01-08 21:05:32,2,9,72,5.6%,18,NORMAL,184.1,0.0,0.4,0.4,False,1.53,42.67
1767886535.39,2026-01-08 21:05:35,2,9,72,5.5%,18,NORMAL,183.8,0.0,0.4,0.4,False,1.53,42.67
1767886537.82,2026-01-08 21:05:37,2,9,72,5.5%,18,NORMAL,183.6,0.0,0.4,0.4,False,1.53,42.67
1767886540.26,2026-01-08 21:05:40,2,9,72,5.4%,18,NORMAL,183.3,0.0,0.4,0.4,False,1.53,42.67
1767886542.77,2026-01-08 21:05:42,2,9,72,5.2%,18,NORMAL,183.1,0.0,0.4,0.4,False,1.53,42.67
1767886545.22,2026-01-08 21:05:45,3,9,72,5.1%,18,NORMAL,182.8,0.0,0.4,0.4,False,2.24,41.95
1767886547.73,2026-01-08 21:05:47,3,9,72,5.0%,18,NORMAL,182.5,0.0,0.4,0.4,False,2.24,41.95
1767886550.23,2026-01-08 21:05:50,3,9,73,4.9%,18,NORMAL,184.8,0.0,0.4,0.4,False,2.24,41.95
1767886553.28,2026-01-08 21:05:53,3,9,73,4.9%,18,NORMAL,184.6,0.0,0.4,0.4,False,2.24,41.95
1767886555.69,2026-01-08 21:05:55,2,9,73,4.7%,18,NORMAL,184.3,0.0,0.4,0.4,False,1.53,42.67
1767886558.19,2026-01-08 21:05:58,2,9,73,4.6%,18,NORMAL,184.0,0.0,0.4,0.4,False,1.53,42.67
1767886560.66,2026-01-08 21:06:00,2,9,73,4.5%,18,NORMAL,183.8,0.0,0.4,0.4,False,1.53,42.67
1767886563.24,2026-01-08 21:06:03,1,9,73,4.3%,18,NORMAL,183.5,0.0,0.4,0.4,False,0.78,43.41
1767886565.83,2026-01-08 21:06:05,1,9,73,4.2%,18,NORMAL,183.3,0.0,0.4,0.4,False,0.78,43.41
1767886568.65,2026-01-08 21:06:08,2,9,73,4.2%,18,NORMAL,183.0,0.0,0.4,0.4,False,1.53,42.67
1767886571.17,2026-01-08 21:06:11,2,9,73,4.1%,18,NORMAL,182.8,0.0,0.4,0.4,False,1.53,42.67
1767886573.65,2026-01-08 21:06:13,2,9,73,4.0%,18,NORMAL,182.5,0.0,0.4,0.4,False,1.53,42.67
1767886576.13,2026-01-08 21:06:16,2,9,73,4.0%,18,NORMAL,182.2,0.0,0.4,0.4,False,1.53,42.67
1767886578.75,2026-01-08 21:06:18,3,9,73,4.0%,18,NORMAL,182.0,0.0,0.4,0.4,False,2.24,41.95
1767886581.80,2026-01-08 21:06:21,4,9,73,4.0%,18,NORMAL,181.7,0.0,0.4,0.4,False,2.92,41.28
1767886585.02,2026-01-08 21:06:25,4,9,74,4.1%,18,NORMAL,184.0,0.0,0.4,0.4,False,2.92,41.28
1767886588.09,2026-01-08 21:06:28,4,9,75,4.1%,18,NORMAL,186.2,0.0,0.4,0.4,False,2.92,41.28
1767886591.29,2026-01-08 21:06:31,4,9,76,4.2%,18,NORMAL,188.4,0.0,0.4,0.4,False,2.92,41.28
1767886594.43,2026-01-08 21:06:34,4,9,76,4.2%,18,NORMAL,188.2,0.0,0.4,0.4,False,2.92,41.28
1767886597.33,2026-01-08 21:06:37,3,9,76,4.2%,18,NORMAL,187.9,0.0,0.4,0.4,False,2.24,41.95
1767886600.15,2026-01-08 21:06:40,4,9,77,4.3%,18,NORMAL,190.1,0.0,0.4,0.4,False,2.92,41.28
1767886602.97,2026-01-08 21:06:42,5,9,77,4.4%,18,NORMAL,189.9,0.0,0.4,0.4,False,3.56,40.64
1767886605.66,2026-01-08 21:06:45,4,9,77,4.6%,18,NORMAL,189.6,0.0,0.4,0.4,False,2.92,41.28
1767886608.44,2026-01-08 21:06:48,4,9,77,4.7%,18,NORMAL,189.3,0.0,0.4,0.4,False,2.92,41.28
1767886611.34,2026-01-08 21:06:51,4,9,77,4.8%,18,NORMAL,189.1,0.0,0.4,0.4,False,2.92,41.28
1767886614.17,2026-01-08 21:06:54,4,9,77,4.9%,18,NORMAL,188.8,0.0,0.4,0.4,False,2.92,41.28
1767886616.91,2026-01-08 21:06:56,4,9,77,5.0%,18,NORMAL,188.6,0.0,0.4,0.4,False,2.92,41.28
1767886619.67,2026-01-08 21:06:59,3,9,77,5.0%,18,NORMAL,188.3,0.0,0.4,0.4,False,2.24,41.95
1767886622.42,2026-01-08 21:07:02,4,9,77,5.1%,18,NORMAL,188.1,0.0,0.4,0.4,False,2.92,41.28
1767886624.80,2026-01-08 21:07:04,4,9,77,5.2%,18,NORMAL,187.8,0.0,0.4,0.4,False,2.92,41.28
1767886627.76,2026-01-08 21:07:07,3,9,77,5.2%,18,NORMAL,187.6,0.0,0.4,0.4,False,2.24,41.95
1767886630.94,2026-01-08 21:07:10,4,9,77,5.3%,18,NORMAL,187.3,0.0,0.4,0.4,False,2.92,41.28
1767886633.73,2026-01-08 21:07:13,4,9,77,5.3%,18,NORMAL,187.0,0.0,0.4,0.4,False,2.92,41.28
1767886636.28,2026-01-08 21:07:16,3,9,77,5.3%,18,NORMAL,186.8,0.0,0.4,0.4,False,2.24,41.95
1767886638.75,2026-01-08 21:07:18,3,9,77,5.4%,18,NORMAL,186.5,0.0,0.4,0.4,False,2.24,41.95
1767886641.30,2026-01-08 21:07:21,3,9,77,5.4%,18,NORMAL,186.3,0.0,0.4,0.4,False,2.24,41.95
1767886643.98,2026-01-08 21:07:23,2,9,78,5.4%,18,NORMAL,188.5,0.0,0.4,0.4,False,1.53,42.67
1767886646.80,2026-01-08 21:07:26,2,9,78,5.5%,18,NORMAL,188.2,0.0,0.4,0.4,False,1.53,42.67
1767886649.46,2026-01-08 21:07:29,2,9,78,5.6%,18,NORMAL,188.0,0.0,0.4,0.4,False,1.53,42.67
1767886652.01,2026-01-08 21:07:32,0,9,76,5.4%,18,NORMAL,182.9,0.0,0.4,0.4,False,0.00,44.19
1767886654.47,2026-01-08 21:07:34,0,9,76,5.3%,18,NORMAL,182.6,0.0,0.4,0.4,False,0.00,44.19
1767886657.07,2026-01-08 21:07:37,1,9,76,5.3%,18,NORMAL,182.4,0.0,0.4,0.4,False,0.78,43.41
1767886659.77,2026-01-08 21:07:39,2,9,76,5.3%,18,NORMAL,182.2,0.0,0.4,0.4,False,1.53,42.67
1767886662.33,2026-01-08 21:07:42,3,9,77,5.3%,18,NORMAL,184.3,0.0,0.4,0.4,False,2.24,41.95
1767886664.82,2026-01-08 21:07:44,2,9,77,5.2%,18,NORMAL,184.1,0.0,0.4,0.4,False,1.53,42.67
1767886667.32,2026-01-08 21:07:47,2,9,77,5.1%,18,NORMAL,183.8,0.0,0.4,0.4,False,1.53,42.67
1767886669.77,2026-01-08 21:07:49,2,9,77,5.0%,18,NORMAL,183.6,0.0,0.4,0.4,False,1.53,42.67
1767886672.18,2026-01-08 21:07:52,3,9,78,4.9%,18,NORMAL,185.7,0.0,0.4,0.4,False,2.24,41.95
1767886674.93,2026-01-08 21:07:54,4,9,78,4.9%,18,NORMAL,185.5,0.0,0.4,0.4,False,2.92,41.28
1767886678.12,2026-01-08 21:07:58,3,9,78,4.9%,18,NORMAL,185.2,0.0,0.4,0.4,False,2.24,41.95
1767886681.18,2026-01-08 21:08:01,3,9,78,4.9%,18,NORMAL,185.0,0.0,0.4,0.4,False,2.24,41.95
1767886684.01,2026-01-08 21:08:04,2,9,78,4.7%,18,NORMAL,184.7,0.0,0.4,0.4,False,1.53,42.67
1767886686.47,2026-01-08 21:08:06,3,9,78,4.7%,18,NORMAL,184.5,0.0,0.4,0.4,False,2.24,41.95
1767886688.86,2026-01-08 21:08:08,2,9,78,4.5%,18,NORMAL,184.3,0.0,0.4,0.4,False,1.53,42.67
1767886691.34,2026-01-08 21:08:11,1,9,78,4.4%,18,NORMAL,184.0,0.0,0.4,0.4,False,0.78,43.41
1767886693.79,2026-01-08 21:08:13,3,9,78,4.3%,18,NORMAL,183.8,0.0,0.4,0.4,False,2.24,41.95
1767886696.42,2026-01-08 21:08:16,3,9,78,4.3%,18,NORMAL,183.5,0.0,0.4,0.4,False,2.24,41.95
1767886698.91,2026-01-08 21:08:18,3,9,78,4.3%,18,NORMAL,183.3,0.0,0.4,0.4,False,2.24,41.95
1767886701.93,2026-01-08 21:08:21,5,9,78,4.3%,18,NORMAL,183.1,0.0,0.4,0.4,False,3.56,40.64
1767886704.97,2026-01-08 21:08:24,5,9,80,4.4%,18,NORMAL,187.5,0.0,0.4,0.4,False,3.56,40.64
1767886707.49,2026-01-08 21:08:27,4,9,80,4.4%,18,NORMAL,187.3,0.0,0.4,0.4,False,2.92,41.28
1767886710.03,2026-01-08 21:08:30,5,9,80,4.5%,18,NORMAL,187.0,0.0,0.4,0.4,False,3.56,40.64
1767886712.54,2026-01-08 21:08:32,5,9,80,4.5%,18,NORMAL,186.8,0.0,0.4,0.4,False,3.56,40.64
1767886715.01,2026-01-08 21:08:35,4,9,80,4.6%,18,NORMAL,186.5,0.0,0.4,0.4,False,2.92,41.28
1767886717.45,2026-01-08 21:08:37,4,9,81,4.6%,18,NORMAL,188.6,0.0,0.4,0.4,False,2.92,41.28
1767886720.00,2026-01-08 21:08:39,5,9,81,4.7%,18,NORMAL,188.4,0.0,0.4,0.4,False,3.56,40.64
1767886722.50,2026-01-08 21:08:42,4,9,81,4.8%,18,NORMAL,188.1,0.0,0.4,0.4,False,2.92,41.28
1767886724.98,2026-01-08 21:08:44,3,9,81,4.9%,18,NORMAL,187.9,0.0,0.4,0.4,False,2.24,41.95
1767886727.57,2026-01-08 21:08:47,3,9,81,4.9%,18,NORMAL,187.6,0.0,0.4,0.4,False,2.24,41.95
1767886730.12,2026-01-08 21:08:50,3,9,81,5.1%,18,NORMAL,187.4,0.0,0.4,0.4,False,2.24,41.95
1767886732.58,2026-01-08 21:08:52,3,9,81,5.3%,18,NORMAL,187.2,0.0,0.4,0.4,False,2.24,41.95
1767886735.01,2026-01-08 21:08:55,3,9,81,5.4%,18,NORMAL,186.9,0.0,0.4,0.4,False,2.24,41.95
1767886738.21,2026-01-08 21:08:58,4,9,81,5.5%,18,NORMAL,186.7,0.0,0.4,0.4,False,2.92,41.28
1767886741.09,2026-01-08 21:09:01,4,9,81,5.5%,18,NORMAL,186.4,0.0,0.4,0.4,False,2.92,41.28
1767886743.69,2026-01-08 21:09:03,4,9,82,5.6%,18,NORMAL,188.5,0.0,0.4,0.4,False,2.92,41.28
1767886746.90,2026-01-08 21:09:06,5,9,82,5.8%,18,NORMAL,188.3,0.0,0.4,0.4,False,3.56,40.64
1767886749.62,2026-01-08 21:09:09,3,9,82,5.9%,18,NORMAL,188.0,0.0,0.4,0.4,False,2.24,41.95
1767886752.19,2026-01-08 21:09:12,3,9,83,5.9%,18,NORMAL,190.1,0.0,0.4,0.4,False,2.24,41.95
1767886754.76,2026-01-08 21:09:14,4,9,83,5.9%,18,NORMAL,189.8,0.0,0.4,0.4,False,2.92,41.28
1767886757.26,2026-01-08 21:09:17,4,9,83,5.9%,18,NORMAL,189.6,0.0,0.4,0.4,False,2.92,41.28
1767886759.78,2026-01-08 21:09:19,3,9,84,5.9%,18,NORMAL,191.6,0.0,0.4,0.4,False,2.24,41.95
1767886762.23,2026-01-08 21:09:22,4,9,84,6.0%,18,NORMAL,191.4,0.0,0.4,0.4,False,2.92,41.28
1767886764.71,2026-01-08 21:09:24,4,9,84,6.1%,18,NORMAL,191.2,0.0,0.4,0.4,False,2.92,41.28
1767886767.44,2026-01-08 21:09:27,5,9,85,6.2%,18,NORMAL,193.2,0.0,0.4,0.4,False,3.56,40.64
1767886769.89,2026-01-08 21:09:29,4,9,85,6.4%,18,NORMAL,192.9,0.0,0.4,0.4,False,2.92,41.28
1767886772.26,2026-01-08 21:09:32,5,9,85,6.5%,18,NORMAL,192.7,0.0,0.4,0.4,False,3.56,40.64
1767886774.82,2026-01-08 21:09:34,3,9,85,6.5%,18,NORMAL,192.5,0.0,0.4,0.4,False,2.24,41.95
1767886777.46,2026-01-08 21:09:37,4,9,85,6.5%,18,NORMAL,192.2,0.0,0.4,0.4,False,2.92,41.28
1767886779.87,2026-01-08 21:09:39,5,9,85,6.5%,18,NORMAL,192.0,0.0,0.4,0.4,False,3.56,40.64
1767886782.34,2026-01-08 21:09:42,5,9,85,6.5%,18,NORMAL,191.7,0.0,0.4,0.4,False,3.56,40.64
1767886784.82,2026-01-08 21:09:44,5,9,85,6.6%,18,NORMAL,191.5,0.0,0.4,0.4,False,3.56,40.64
1767886787.22,2026-01-08 21:09:47,5,9,85,6.6%,18,NORMAL,191.2,0.0,0.4,0.4,False,3.56,40.64
1767886789.58,2026-01-08 21:09:49,4,9,85,6.5%,18,NORMAL,191.0,0.0,0.4,0.4,False,2.92,41.28
1767886791.97,2026-01-08 21:09:51,4,9,85,6.5%,18,NORMAL,190.8,0.0,0.4,0.4,False,2.92,41.28
1767886794.37,2026-01-08 21:09:54,4,9,85,6.5%,18,NORMAL,190.5,0.0,0.4,0.4,False,2.92,41.28
1767886796.80,2026-01-08 21:09:56,4,9,85,6.5%,18,NORMAL,190.3,0.0,0.4,0.4,False,2.92,41.28
1767886799.17,2026-01-08 21:09:59,5,9,85,6.5%,18,NORMAL,190.1,0.0,0.4,0.4,False,3.56,40.64
1767886801.60,2026-01-08 21:10:01,5,9,85,6.6%,18,NORMAL,189.8,0.0,0.4,0.4,False,3.56,40.64
1767886804.46,2026-01-08 21:10:04,4,9,85,6.7%,18,NORMAL,189.6,0.0,0.4,0.4,False,2.92,41.28
1767886807.69,2026-01-08 21:10:07,5,9,86,6.8%,18,NORMAL,191.6,0.0,0.4,0.4,False,3.56,40.64
1767886810.63,2026-01-08 21:10:10,5,9,86,6.9%,18,NORMAL,191.3,0.0,0.4,0.4,False,3.56,40.64
1767886813.99,2026-01-08 21:10:13,5,9,86,7.0%,18,NORMAL,191.1,0.0,0.4,0.4,False,3.56,40.64
1767886816.51,2026-01-08 21:10:16,6,9,86,7.1%,18,NORMAL,190.9,0.0,0.4,0.4,False,4.16,40.03
1767886818.99,2026-01-08 21:10:18,5,9,86,7.1%,18,NORMAL,190.6,0.0,0.4,0.4,False,3.56,40.64
1767886821.70,2026-01-08 21:10:21,5,9,86,7.2%,18,NORMAL,190.4,0.0,0.4,0.4,False,3.56,40.64
1767886824.51,2026-01-08 21:10:24,5,9,86,7.2%,18,NORMAL,190.2,0.0,0.4,0.4,False,3.56,40.64
1767886827.49,2026-01-08 21:10:27,6,9,86,7.3%,18,NORMAL,189.9,0.0,0.4,0.4,False,4.16,40.03
1767886830.35,2026-01-08 21:10:30,6,9,86,7.5%,18,NORMAL,189.7,0.0,0.4,0.4,False,4.16,40.03
1767886832.97,2026-01-08 21:10:32,5,9,87,7.5%,18,NORMAL,191.7,0.0,0.4,0.4,False,3.56,40.64
1767886835.51,2026-01-08 21:10:35,5,9,87,7.5%,18,NORMAL,191.4,0.0,0.4,0.4,False,3.56,40.64
1767886838.04,2026-01-08 21:10:38,6,9,87,7.7%,18,NORMAL,191.2,0.0,0.4,0.4,False,4.16,40.03
1767886840.51,2026-01-08 21:10:40,7,9,87,7.8%,18,NORMAL,191.0,0.0,0.4,0.4,False,4.73,39.47
1767886843.07,2026-01-08 21:10:43,6,9,87,7.9%,18,NORMAL,190.7,0.0,0.4,0.4,False,4.16,40.03
1767886845.57,2026-01-08 21:10:45,5,9,87,7.9%,18,NORMAL,190.5,0.0,0.4,0.4,False,3.56,40.64
1767886848.10,2026-01-08 21:10:48,6,9,87,8.0%,18,NORMAL,190.3,0.0,0.4,0.4,False,4.16,40.03
1767886850.59,2026-01-08 21:10:50,8,9,88,8.1%,18,NORMAL,192.2,0.0,0.4,0.4,False,5.26,38.93
1767886853.21,2026-01-08 21:10:53,8,9,88,8.4%,18,NORMAL,192.0,0.0,0.4,0.4,False,5.26,38.93
1767886855.77,2026-01-08 21:10:55,7,9,88,8.5%,18,NORMAL,191.8,0.0,0.4,0.4,False,4.73,39.47
1767886858.34,2026-01-08 21:10:58,7,9,88,8.6%,18,NORMAL,191.5,0.0,0.4,0.4,False,4.73,39.47
1767886860.85,2026-01-08 21:11:00,6,9,88,8.6%,18,NORMAL,191.3,0.0,0.4,0.4,False,4.16,40.03
1767886863.57,2026-01-08 21:11:03,5,9,88,8.6%,18,NORMAL,191.1,0.0,0.4,0.4,False,3.56,40.64
1767886866.00,2026-01-08 21:11:06,6,9,88,8.7%,18,NORMAL,190.8,0.0,0.4,0.4,False,4.16,40.03
1767886869.02,2026-01-08 21:11:09,7,9,88,8.8%,18,NORMAL,190.6,0.0,0.4,0.4,False,4.73,39.47
1767886871.91,2026-01-08 21:11:11,7,9,88,9.0%,18,NORMAL,190.4,0.0,0.4,0.4,False,4.73,39.47
1767886874.70,2026-01-08 21:11:14,7,9,89,9.1%,18,NORMAL,192.3,0.0,0.4,0.4,False,4.73,39.47
1767886877.62,2026-01-08 21:11:17,6,9,89,9.2%,18,NORMAL,192.1,0.0,0.4,0.4,False,4.16,40.03
1767886880.64,2026-01-08 21:11:20,5,9,89,9.2%,18,NORMAL,191.9,0.0,0.4,0.4,False,3.56,40.64
1767886883.66,2026-01-08 21:11:23,7,9,89,9.3%,18,NORMAL,191.6,0.0,0.4,0.4,False,4.73,39.47
1767886886.60,2026-01-08 21:11:26,5,9,89,9.3%,18,NORMAL,191.4,0.0,0.4,0.4,False,3.56,40.64
1767886889.59,2026-01-08 21:11:29,4,9,89,9.3%,18,NORMAL,191.2,0.0,0.4,0.4,False,2.92,41.28
1767886892.55,2026-01-08 21:11:32,5,9,89,9.3%,18,NORMAL,190.9,0.0,0.4,0.4,False,3.56,40.64
1767886895.50,2026-01-08 21:11:35,4,9,89,9.2%,18,NORMAL,190.7,0.0,0.4,0.4,False,2.92,41.28
1767886897.92,2026-01-08 21:11:37,4,9,89,9.1%,18,NORMAL,190.5,0.0,0.4,0.4,False,2.92,41.28
1767886900.38,2026-01-08 21:11:40,4,9,89,9.1%,18,NORMAL,190.3,0.0,0.4,0.4,False,2.92,41.28
1767886903.20,2026-01-08 21:11:43,3,9,89,9.0%,18,NORMAL,190.0,0.0,0.4,0.4,False,2.24,41.95
1767886905.73,2026-01-08 21:11:45,4,9,90,8.9%,18,NORMAL,191.9,0.0,0.4,0.4,False,2.92,41.28
1767886908.64,2026-01-08 21:11:48,5,9,90,8.9%,18,NORMAL,191.7,0.0,0.4,0.4,False,3.56,40.64
1767886911.53,2026-01-08 21:11:51,1,9,90,8.6%,18,NORMAL,191.5,0.0,0.4,0.4,False,0.78,43.41
1767886914.43,2026-01-08 21:11:54,1,9,90,8.4%,18,NORMAL,191.3,0.0,0.4,0.4,False,0.78,43.41
1767886917.22,2026-01-08 21:11:57,2,9,90,8.3%,18,NORMAL,191.0,0.0,0.4,0.4,False,1.53,42.67
1767886920.12,2026-01-08 21:12:00,2,9,90,8.1%,18,NORMAL,190.8,0.0,0.4,0.4,False,1.53,42.67
1767886922.97,2026-01-08 21:12:02,3,9,91,7.9%,18,NORMAL,192.7,0.0,0.4,0.4,False,2.24,41.95
1767886925.28,2026-01-08 21:12:05,4,9,91,7.8%,18,NORMAL,192.5,0.0,0.4,0.4,False,2.92,41.28
1767886927.69,2026-01-08 21:12:07,5,9,91,7.8%,18,NORMAL,192.3,0.0,0.4,0.4,False,3.56,40.64
1767886930.06,2026-01-08 21:12:10,4,9,92,7.7%,18,NORMAL,194.1,0.0,0.4,0.4,False,2.92,41.28
1767886932.44,2026-01-08 21:12:12,4,9,92,7.5%,18,NORMAL,193.9,0.0,0.4,0.4,False,2.92,41.28
1767886934.82,2026-01-08 21:12:14,4,9,92,7.4%,18,NORMAL,193.7,0.0,0.4,0.4,False,2.92,41.28
1767886937.22,2026-01-08 21:12:17,3,9,92,7.2%,18,NORMAL,193.5,0.0,0.4,0.4,False,2.24,41.95
1767886939.91,2026-01-08 21:12:19,3,9,92,7.0%,18,NORMAL,193.2,0.0,0.4,0.4,False,2.24,41.95
1767886942.48,2026-01-08 21:12:22,4,9,92,6.9%,18,NORMAL,193.0,0.0,0.4,0.4,False,2.92,41.28
1767886944.87,2026-01-08 21:12:24,3,9,92,6.8%,18,NORMAL,192.8,0.0,0.4,0.4,False,2.24,41.95
1767886947.33,2026-01-08 21:12:27,3,9,92,6.6%,18,NORMAL,192.6,0.0,0.4,0.4,False,2.24,41.95
1767886949.77,2026-01-08 21:12:29,3,9,92,6.5%,18,NORMAL,192.3,0.0,0.4,0.4,False,2.24,41.95
1767886952.18,2026-01-08 21:12:32,4,9,92,6.3%,18,NORMAL,192.1,0.0,0.4,0.4,False,2.92,41.28
1767886954.58,2026-01-08 21:12:34,4,9,92,6.2%,18,NORMAL,191.9,0.0,0.4,0.4,False,2.92,41.28
1767886956.95,2026-01-08 21:12:36,3,9,92,6.0%,18,NORMAL,191.7,0.0,0.4,0.4,False,2.24,41.95
1767886959.86,2026-01-08 21:12:39,3,9,92,5.9%,18,NORMAL,191.4,0.0,0.4,0.4,False,2.24,41.95
1767886962.67,2026-01-08 21:12:42,2,9,92,5.7%,18,NORMAL,191.2,0.0,0.4,0.4,False,1.53,42.67
1767886965.71,2026-01-08 21:12:45,3,9,92,5.6%,18,NORMAL,191.0,0.0,0.4,0.4,False,2.24,41.95
1767886968.65,2026-01-08 21:12:48,3,9,92,5.5%,18,NORMAL,190.8,0.0,0.4,0.4,False,2.24,41.95
1767886971.72,2026-01-08 21:12:51,2,9,92,5.4%,18,NORMAL,190.6,0.0,0.4,0.4,False,1.53,42.67
1767886974.28,2026-01-08 21:12:54,2,9,92,5.3%,18,NORMAL,190.3,0.0,0.4,0.4,False,1.53,42.67
1767886977.13,2026-01-08 21:12:57,2,9,92,5.2%,18,NORMAL,190.1,0.0,0.4,0.4,False,1.53,42.67
1767886980.03,2026-01-08 21:13:00,3,9,92,5.1%,18,NORMAL,189.9,0.0,0.4,0.4,False,2.24,41.95
1767886983.00,2026-01-08 21:13:02,3,9,93,5.1%,18,NORMAL,191.8,0.0,0.4,0.4,False,2.24,41.95
1767886985.44,2026-01-08 21:13:05,3,9,93,5.1%,18,NORMAL,191.5,0.0,0.4,0.4,False,2.24,41.95
1767886987.86,2026-01-08 21:13:07,3,9,93,5.0%,18,NORMAL,191.3,0.0,0.4,0.4,False,2.24,41.95
1767886990.29,2026-01-08 21:13:10,3,9,93,5.1%,18,NORMAL,191.1,0.0,0.4,0.4,False,2.24,41.95
1767886992.67,2026-01-08 21:13:12,2,9,93,5.1%,18,NORMAL,190.9,0.0,0.4,0.4,False,1.53,42.67
1767886995.09,2026-01-08 21:13:15,2,9,93,5.1%,18,NORMAL,190.7,0.0,0.4,0.4,False,1.53,42.67
1767886997.47,2026-01-08 21:13:17,2,9,93,5.1%,18,NORMAL,190.4,0.0,0.4,0.4,False,1.53,42.67
1767886999.99,2026-01-08 21:13:19,2,9,93,5.1%,18,NORMAL,190.2,0.0,0.4,0.4,False,1.53,42.67
1767887002.54,2026-01-08 21:13:22,2,9,93,5.0%,18,NORMAL,190.0,0.0,0.4,0.4,False,1.53,42.67
1767887004.98,2026-01-08 21:13:24,2,9,93,4.8%,18,NORMAL,189.8,0.0,0.4,0.4,False,1.53,42.67
1767887007.86,2026-01-08 21:13:27,2,9,93,4.7%,18,NORMAL,189.6,0.0,0.4,0.4,False,1.53,42.67
1767887010.69,2026-01-08 21:13:30,2,9,93,4.6%,18,NORMAL,189.4,0.0,0.4,0.4,False,1.53,42.67
1767887013.64,2026-01-08 21:13:33,2,9,93,4.5%,18,NORMAL,189.2,0.0,0.4,0.4,False,1.53,42.67
1767887016.48,2026-01-08 21:13:36,3,9,93,4.5%,18,NORMAL,188.9,0.0,0.4,0.4,False,2.24,41.95
1767887019.33,2026-01-08 21:13:39,4,9,93,4.6%,18,NORMAL,188.7,0.0,0.4,0.4,False,2.92,41.28
1767887021.83,2026-01-08 21:13:41,4,9,94,4.6%,18,NORMAL,190.5,0.0,0.4,0.4,False,2.92,41.28
1767887024.53,2026-01-08 21:13:44,3,9,94,4.6%,18,NORMAL,190.3,0.0,0.4,0.4,False,2.24,41.95
1767887026.97,2026-01-08 21:13:46,4,9,94,4.6%,18,NORMAL,190.1,0.0,0.4,0.4,False,2.92,41.28
1767887029.68,2026-01-08 21:13:49,4,9,94,4.7%,18,NORMAL,189.9,0.0,0.4,0.4,False,2.92,41.28
1767887032.38,2026-01-08 21:13:52,4,9,94,4.7%,18,NORMAL,189.7,0.0,0.4,0.4,False,2.92,41.28
1767887034.83,2026-01-08 21:13:54,3,9,94,4.6%,18,NORMAL,189.5,0.0,0.4,0.4,False,2.24,41.95
1767887037.51,2026-01-08 21:13:57,3,9,94,4.6%,18,NORMAL,189.3,0.0,0.4,0.4,False,2.24,41.95
1767887040.15,2026-01-08 21:14:00,2,9,94,4.6%,18,NORMAL,189.1,0.0,0.4,0.4,False,1.53,42.67
1767887042.83,2026-01-08 21:14:02,3,9,94,4.6%,18,NORMAL,188.8,0.0,0.4,0.4,False,2.24,41.95
1767887045.27,2026-01-08 21:14:05,3,9,94,4.6%,18,NORMAL,188.6,0.0,0.4,0.4,False,2.24,41.95
1767887047.70,2026-01-08 21:14:07,3,9,95,4.6%,18,NORMAL,190.4,0.0,0.4,0.4,False,2.24,41.95
1767887050.15,2026-01-08 21:14:10,2,9,95,4.6%,18,NORMAL,190.2,0.0,0.4,0.4,False,1.53,42.67
1767887052.60,2026-01-08 21:14:12,2,9,95,4.6%,18,NORMAL,190.0,0.0,0.4,0.4,False,1.53,42.67
1767887055.03,2026-01-08 21:14:15,2,9,95,4.6%,18,NORMAL,189.8,0.0,0.4,0.4,False,1.53,42.67
1767887057.40,2026-01-08 21:14:17,3,9,95,4.6%,18,NORMAL,189.6,0.0,0.4,0.4,False,2.24,41.95
1767887059.78,2026-01-08 21:14:19,1,9,95,4.5%,18,NORMAL,189.4,0.0,0.4,0.4,False,0.78,43.41
1767887062.22,2026-01-08 21:14:22,1,9,95,4.4%,18,NORMAL,189.2,0.0,0.4,0.4,False,0.78,43.41
1767887064.72,2026-01-08 21:14:24,1,9,95,4.3%,18,NORMAL,189.0,0.0,0.4,0.4,False,0.78,43.41
1767887067.17,2026-01-08 21:14:27,0,9,94,4.1%,18,NORMAL,186.8,0.0,0.4,0.4,False,0.00,44.19
1767887069.62,2026-01-08 21:14:29,0,9,94,4.0%,18,NORMAL,186.5,0.0,0.4,0.4,False,0.00,44.19
1767887072.09,2026-01-08 21:14:32,1,9,94,4.0%,18,NORMAL,186.3,0.0,0.4,0.4,False,0.78,43.41
1767887074.63,2026-01-08 21:14:34,2,9,94,4.0%,18,NORMAL,186.1,0.0,0.4,0.4,False,1.53,42.67
1767887077.04,2026-01-08 21:14:37,1,9,94,3.9%,18,NORMAL,185.9,0.0,0.4,0.4,False,0.78,43.41
1767887079.51,2026-01-08 21:14:39,1,9,94,3.8%,18,NORMAL,185.7,0.0,0.4,0.4,False,0.78,43.41
1767887081.97,2026-01-08 21:14:41,2,9,94,3.8%,18,NORMAL,185.5,0.0,0.4,0.4,False,1.53,42.67
1767887084.47,2026-01-08 21:14:44,1,9,94,3.8%,18,NORMAL,185.3,0.0,0.4,0.4,False,0.78,43.41
1767887086.90,2026-01-08 21:14:46,2,9,94,3.8%,18,NORMAL,185.1,0.0,0.4,0.4,False,1.53,42.67
1767887089.73,2026-01-08 21:14:49,1,9,94,3.7%,18,NORMAL,184.9,0.0,0.4,0.4,False,0.78,43.41
1767887092.58,2026-01-08 21:14:52,2,9,94,3.7%,18,NORMAL,184.7,0.0,0.4,0.4,False,1.53,42.67
1767887095.47,2026-01-08 21:14:55,2,9,95,3.6%,18,NORMAL,186.5,0.0,0.4,0.4,False,1.53,42.67
1767887098.29,2026-01-08 21:14:58,3,9,95,3.5%,18,NORMAL,186.3,0.0,0.4,0.4,False,2.24,41.95
1767887101.16,2026-01-08 21:15:01,2,9,95,3.5%,18,NORMAL,186.1,0.0,0.4,0.4,False,1.53,42.67
1767887104.13,2026-01-08 21:15:04,3,9,95,3.4%,18,NORMAL,185.9,0.0,0.4,0.4,False,2.24,41.95
1767887106.59,2026-01-08 21:15:06,3,9,95,3.4%,18,NORMAL,185.7,0.0,0.4,0.4,False,2.24,41.95
1767887109.04,2026-01-08 21:15:09,3,9,95,3.3%,18,NORMAL,185.5,0.0,0.4,0.4,False,2.24,41.95
1767887111.52,2026-01-08 21:15:11,3,9,95,3.3%,18,NORMAL,185.3,0.0,0.4,0.4,False,2.24,41.95
1767887113.94,2026-01-08 21:15:13,4,9,95,3.4%,18,NORMAL,185.1,0.0,0.4,0.4,False,2.92,41.28
1767887116.66,2026-01-08 21:15:16,4,9,96,3.5%,18,NORMAL,186.8,0.0,0.4,0.4,False,2.92,41.28
1767887119.34,2026-01-08 21:15:19,3,9,96,3.5%,18,NORMAL,186.6,0.0,0.4,0.4,False,2.24,41.95
1767887122.02,2026-01-08 21:15:22,4,9,96,3.5%,18,NORMAL,186.4,0.0,0.4,0.4,False,2.92,41.28
1767887124.77,2026-01-08 21:15:24,4,9,96,3.6%,18,NORMAL,186.2,0.0,0.4,0.4,False,2.92,41.28
1767887127.19,2026-01-08 21:15:27,4,9,97,3.7%,18,NORMAL,187.9,0.0,0.4,0.4,False,2.92,41.28
1767887129.51,2026-01-08 21:15:29,3,9,97,3.7%,18,NORMAL,187.7,0.0,0.4,0.4,False,2.24,41.95
1767887131.84,2026-01-08 21:15:31,4,9,97,3.8%,18,NORMAL,187.5,0.0,0.4,0.4,False,2.92,41.28
1767887134.16,2026-01-08 21:15:34,4,9,97,3.9%,18,NORMAL,187.3,0.0,0.4,0.4,False,2.92,41.28
1767887136.51,2026-01-08 21:15:36,5,9,97,4.1%,18,NORMAL,187.1,0.0,0.4,0.4,False,3.56,40.64
1767887138.86,2026-01-08 21:15:38,5,9,97,4.3%,18,NORMAL,186.9,0.0,0.4,0.4,False,3.56,40.64
1767887141.53,2026-01-08 21:15:41,4,9,98,4.5%,18,NORMAL,188.7,0.0,0.4,0.4,False,2.92,41.28
1767887144.21,2026-01-08 21:15:44,4,9,98,4.7%,18,NORMAL,188.5,0.0,0.4,0.4,False,2.92,41.28
1767887146.83,2026-01-08 21:15:46,4,9,98,4.9%,18,NORMAL,188.3,0.0,0.4,0.4,False,2.92,41.28
1767887149.46,2026-01-08 21:15:49,2,9,98,5.0%,18,NORMAL,188.1,0.0,0.4,0.4,False,1.53,42.67
1767887152.09,2026-01-08 21:15:52,2,9,98,5.0%,18,NORMAL,187.9,0.0,0.4,0.4,False,1.53,42.67
1767887154.71,2026-01-08 21:15:54,2,9,98,5.0%,18,NORMAL,187.7,0.0,0.4,0.4,False,1.53,42.67
1767887157.13,2026-01-08 21:15:57,4,9,98,5.2%,18,NORMAL,187.5,0.0,0.4,0.4,False,2.92,41.28
1767887159.54,2026-01-08 21:15:59,4,9,98,5.3%,18,NORMAL,187.3,0.0,0.4,0.4,False,2.92,41.28
1767887161.92,2026-01-08 21:16:01,3,9,98,5.4%,18,NORMAL,187.1,0.0,0.4,0.4,False,2.24,41.95
1767887164.22,2026-01-08 21:16:04,3,9,98,5.4%,18,NORMAL,186.9,0.0,0.4,0.4,False,2.24,41.95
1767887166.75,2026-01-08 21:16:06,4,9,98,5.6%,18,NORMAL,186.7,0.0,0.4,0.4,False,2.92,41.28
1767887169.37,2026-01-08 21:16:09,4,9,98,5.7%,18,NORMAL,186.5,0.0,0.4,0.4,False,2.92,41.28
1767887172.27,2026-01-08 21:16:12,2,9,98,5.7%,18,NORMAL,186.3,0.0,0.4,0.4,False,1.53,42.67
1767887174.83,2026-01-08 21:16:14,2,9,98,5.7%,18,NORMAL,186.1,0.0,0.4,0.4,False,1.53,42.67
1767887177.48,2026-01-08 21:16:17,2,9,98,5.7%,18,NORMAL,185.9,0.0,0.4,0.4,False,1.53,42.67
1767887179.97,2026-01-08 21:16:19,3,9,98,5.7%,18,NORMAL,185.7,0.0,0.4,0.4,False,2.24,41.95
1767887182.71,2026-01-08 21:16:22,4,9,98,5.7%,18,NORMAL,185.5,0.0,0.4,0.4,False,2.92,41.28
1767887185.00,2026-01-08 21:16:24,4,9,99,5.8%,18,NORMAL,187.2,0.0,0.4,0.4,False,2.92,41.28
1767887187.35,2026-01-08 21:16:27,4,9,99,5.8%,18,NORMAL,187.0,0.0,0.4,0.4,False,2.92,41.28
1767887189.92,2026-01-08 21:16:29,4,9,100,5.8%,18,NORMAL,188.7,0.0,0.4,0.4,False,2.92,41.28
1767887192.88,2026-01-08 21:16:32,5,9,100,5.9%,18,NORMAL,188.5,0.0,0.4,0.4,False,3.56,40.64
1767887195.72,2026-01-08 21:16:35,5,9,100,6.0%,18,NORMAL,188.3,0.0,0.4,0.4,False,3.56,40.64
1767887198.09,2026-01-08 21:16:38,6,9,100,6.1%,18,NORMAL,188.1,0.0,0.4,0.4,False,4.16,40.03
1767887200.48,2026-01-08 21:16:40,6,9,100,6.1%,18,NORMAL,187.9,0.0,0.4,0.4,False,4.16,40.03
1767887202.95,2026-01-08 21:16:42,6,9,100,6.2%,18,NORMAL,187.7,0.0,0.4,0.4,False,4.16,40.03
1767887205.36,2026-01-08 21:16:45,5,9,100,6.3%,18,NORMAL,187.5,0.0,0.4,0.4,False,3.56,40.64
1767887207.81,2026-01-08 21:16:47,5,9,100,6.4%,18,NORMAL,187.3,0.0,0.4,0.4,False,3.56,40.64
1767887210.22,2026-01-08 21:16:50,5,9,100,6.4%,18,NORMAL,187.1,0.0,0.4,0.4,False,3.56,40.64
1767887213.16,2026-01-08 21:16:53,6,9,100,6.5%,18,NORMAL,186.9,0.0,0.4,0.4,False,4.16,40.03
1767887216.00,2026-01-08 21:16:56,6,9,100,6.5%,18,NORMAL,186.7,0.0,0.4,0.4,False,4.16,40.03
1767887218.84,2026-01-08 21:16:58,5,9,100,6.6%,18,NORMAL,186.5,0.0,0.4,0.4,False,3.56,40.64
1767887221.70,2026-01-08 21:17:01,5,9,100,6.6%,18,NORMAL,186.3,0.0,0.4,0.4,False,3.56,40.64
1767887224.53,2026-01-08 21:17:04,5,9,100,6.7%,18,NORMAL,186.1,0.0,0.4,0.4,False,3.56,40.64
1767887227.35,2026-01-08 21:17:07,5,9,100,6.8%,18,NORMAL,186.0,0.0,0.4,0.4,False,3.56,40.64
1767887230.15,2026-01-08 21:17:10,4,9,100,6.9%,18,NORMAL,185.8,0.0,0.4,0.4,False,2.92,41.28
1767887232.74,2026-01-08 21:17:12,4,9,100,7.0%,18,NORMAL,185.6,0.0,0.4,0.4,False,2.92,41.28
1767887235.56,2026-01-08 21:17:15,5,9,100,7.1%,18,NORMAL,185.4,0.0,0.4,0.4,False,3.56,40.64
1767887238.59,2026-01-08 21:17:18,4,9,100,7.1%,18,NORMAL,185.2,0.0,0.4,0.4,False,2.92,41.28
1767887241.40,2026-01-08 21:17:21,5,9,101,7.2%,18,NORMAL,186.8,0.0,0.4,0.4,False,3.56,40.64
1767887244.17,2026-01-08 21:17:24,5,9,101,7.3%,18,NORMAL,186.7,0.0,0.4,0.4,False,3.56,40.64
1767887246.97,2026-01-08 21:17:26,5,9,101,7.3%,18,NORMAL,186.5,0.0,0.4,0.4,False,3.56,40.64
1767887249.72,2026-01-08 21:17:29,5,9,101,7.4%,18,NORMAL,186.3,0.0,0.4,0.4,False,3.56,40.64
1767887252.43,2026-01-08 21:17:32,4,9,101,7.5%,18,NORMAL,186.1,0.0,0.4,0.4,False,2.92,41.28
1767887255.11,2026-01-08 21:17:35,4,9,101,7.6%,18,NORMAL,185.9,0.0,0.4,0.4,False,2.92,41.28
1767887257.93,2026-01-08 21:17:37,4,9,101,7.7%,18,NORMAL,185.7,0.0,0.4,0.4,False,2.92,41.28
1767887260.83,2026-01-08 21:17:40,3,9,101,7.7%,18,NORMAL,185.5,0.0,0.4,0.4,False,2.24,41.95
1767887263.41,2026-01-08 21:17:43,3,9,101,7.6%,18,NORMAL,185.3,0.0,0.4,0.4,False,2.24,41.95
1767887266.04,2026-01-08 21:17:46,3,9,101,7.6%,18,NORMAL,185.1,0.0,0.4,0.4,False,2.24,41.95
1767887268.99,2026-01-08 21:17:48,3,9,101,7.5%,18,NORMAL,184.9,0.0,0.4,0.4,False,2.24,41.95
1767887271.98,2026-01-08 21:17:51,0,9,98,7.3%,18,NORMAL,179.3,0.0,0.4,0.4,False,0.00,44.19
1767887274.87,2026-01-08 21:17:54,0,9,98,7.1%,18,NORMAL,179.1,0.0,0.4,0.4,False,0.00,44.19
1767887277.72,2026-01-08 21:17:57,2,9,98,6.9%,18,NORMAL,178.9,0.0,0.4,0.4,False,1.53,42.67
1767887280.32,2026-01-08 21:18:00,3,9,98,6.8%,18,NORMAL,178.7,0.0,0.4,0.4,False,2.24,41.95
1767887282.94,2026-01-08 21:18:02,4,9,99,6.7%,18,NORMAL,180.4,0.0,0.4,0.4,False,2.92,41.28
1767887285.56,2026-01-08 21:18:05,3,9,100,6.5%,18,NORMAL,182.0,0.0,0.4,0.4,False,2.24,41.95
1767887288.24,2026-01-08 21:18:08,3,9,100,6.4%,18,NORMAL,181.8,0.0,0.4,0.4,False,2.24,41.95
1767887290.87,2026-01-08 21:18:10,3,9,100,6.3%,18,NORMAL,181.6,0.0,0.4,0.4,False,2.24,41.95
1767887293.44,2026-01-08 21:18:13,3,9,100,6.2%,18,NORMAL,181.5,0.0,0.4,0.4,False,2.24,41.95
1767887296.03,2026-01-08 21:18:16,4,9,100,6.1%,18,NORMAL,181.3,0.0,0.4,0.4,False,2.92,41.28
1767887298.64,2026-01-08 21:18:18,4,9,100,6.0%,18,NORMAL,181.1,0.0,0.4,0.4,False,2.92,41.28
1767887301.23,2026-01-08 21:18:21,3,9,101,5.9%,18,NORMAL,182.7,0.0,0.4,0.4,False,2.24,41.95
1767887304.12,2026-01-08 21:18:24,3,9,101,5.8%,18,NORMAL,182.5,0.0,0.4,0.4,False,2.24,41.95
1767887307.15,2026-01-08 21:18:27,3,9,101,5.7%,18,NORMAL,182.3,0.0,0.4,0.4,False,2.24,41.95
1767887310.18,2026-01-08 21:18:30,2,9,101,5.6%,18,NORMAL,182.2,0.0,0.4,0.4,False,1.53,42.67
1767887313.21,2026-01-08 21:18:33,1,9,101,5.4%,18,NORMAL,182.0,0.0,0.4,0.4,False,0.78,43.41
1767887316.13,2026-01-08 21:18:36,1,9,101,5.3%,18,NORMAL,181.8,0.0,0.4,0.4,False,0.78,43.41
1767887319.01,2026-01-08 21:18:39,2,9,101,5.1%,18,NORMAL,181.6,0.0,0.4,0.4,False,1.53,42.67
1767887322.08,2026-01-08 21:18:42,2,9,101,5.0%,18,NORMAL,181.4,0.0,0.4,0.4,False,1.53,42.67
1767887325.27,2026-01-08 21:18:45,0,9,99,4.7%,18,NORMAL,177.7,0.0,0.4,0.4,False,0.00,44.19
1767887328.72,2026-01-08 21:18:48,1,9,99,4.5%,18,NORMAL,177.5,0.0,0.4,0.4,False,0.78,43.41
1767887332.35,2026-01-08 21:18:52,0,9,99,4.3%,18,NORMAL,177.3,0.0,0.4,0.4,False,0.00,44.19
1767887335.35,2026-01-08 21:18:55,1,9,99,4.0%,18,NORMAL,177.1,0.0,0.4,0.4,False,0.78,43.41
1767887338.23,2026-01-08 21:18:58,1,9,99,3.9%,18,NORMAL,177.0,0.0,0.4,0.4,False,0.78,43.41
1767887341.26,2026-01-08 21:19:01,1,9,99,3.7%,18,NORMAL,176.8,0.0,0.4,0.4,False,0.78,43.41
1767887344.62,2026-01-08 21:19:04,4,9,99,3.7%,18,NORMAL,176.6,0.0,0.4,0.4,False,2.92,41.28
1767887347.72,2026-01-08 21:19:07,3,9,99,3.7%,18,NORMAL,176.4,0.0,0.4,0.4,False,2.24,41.95
1767887351.16,2026-01-08 21:19:11,4,9,101,3.8%,18,NORMAL,179.8,0.0,0.4,0.4,False,2.92,41.28
1767887354.53,2026-01-08 21:19:14,5,9,101,3.9%,18,NORMAL,179.6,0.0,0.4,0.4,False,3.56,40.64
1767887358.13,2026-01-08 21:19:18,4,9,101,3.9%,18,NORMAL,179.5,0.0,0.4,0.4,False,2.92,41.28
1767887361.44,2026-01-08 21:19:21,3,9,101,4.1%,18,NORMAL,179.3,0.0,0.4,0.4,False,2.24,41.95
1767887364.54,2026-01-08 21:19:24,3,9,101,4.3%,18,NORMAL,179.1,0.0,0.4,0.4,False,2.24,41.95
1767887367.55,2026-01-08 21:19:27,3,9,101,4.3%,18,NORMAL,178.9,0.0,0.4,0.4,False,2.24,41.95
1767887370.62,2026-01-08 21:19:30,3,9,101,4.3%,18,NORMAL,178.8,0.0,0.4,0.4,False,2.24,41.95
1767887374.30,2026-01-08 21:19:34,3,9,101,4.3%,18,NORMAL,178.6,0.0,0.4,0.4,False,2.24,41.95
1767887377.10,2026-01-08 21:19:37,5,9,101,4.4%,18,NORMAL,178.4,0.0,0.4,0.4,False,3.56,40.64
1767887380.07,2026-01-08 21:19:40,4,9,101,4.4%,18,NORMAL,178.2,0.0,0.4,0.4,False,2.92,41.28
1767887383.02,2026-01-08 21:19:43,3,9,101,4.4%,18,NORMAL,178.1,0.0,0.4,0.4,False,2.24,41.95
1767887386.04,2026-01-08 21:19:46,3,9,102,4.4%,18,NORMAL,179.6,0.0,0.4,0.4,False,2.24,41.95
1767887389.23,2026-01-08 21:19:49,3,9,102,4.4%,18,NORMAL,179.5,0.0,0.4,0.4,False,2.24,41.95
1767887392.79,2026-01-08 21:19:52,3,9,102,4.3%,18,NORMAL,179.3,0.0,0.4,0.4,False,2.24,41.95
1767887396.09,2026-01-08 21:19:56,3,9,102,4.3%,18,NORMAL,179.1,0.0,0.4,0.4,False,2.24,41.95
1767887399.01,2026-01-08 21:19:59,3,9,102,4.3%,18,NORMAL,178.9,0.0,0.4,0.4,False,2.24,41.95
1767887402.66,2026-01-08 21:20:02,2,9,103,4.3%,18,NORMAL,180.5,0.0,0.4,0.4,False,1.53,42.67
1767887406.36,2026-01-08 21:20:06,2,9,103,4.3%,18,NORMAL,180.4,0.0,0.4,0.4,False,1.53,42.67
1767887410.15,2026-01-08 21:20:10,1,9,103,4.3%,18,NORMAL,180.2,0.0,0.4,0.4,False,0.78,43.41
1767887414.02,2026-01-08 21:20:14,2,9,103,4.3%,18,NORMAL,180.0,0.0,0.4,0.4,False,1.53,42.67
1767887417.47,2026-01-08 21:20:17,2,9,103,4.3%,18,NORMAL,179.8,0.0,0.4,0.4,False,1.53,42.67
1767887421.02,2026-01-08 21:20:21,2,9,103,4.3%,18,NORMAL,179.7,0.0,0.4,0.4,False,1.53,42.67
1767887424.92,2026-01-08 21:20:24,2,9,103,4.4%,18,NORMAL,179.5,0.0,0.4,0.4,False,1.53,42.67
1767887428.09,2026-01-08 21:20:28,2,9,103,4.5%,18,NORMAL,179.3,0.0,0.4,0.4,False,1.53,42.67
1767887431.53,2026-01-08 21:20:31,3,9,103,4.7%,18,NORMAL,179.1,0.0,0.4,0.4,False,2.24,41.95
1767887434.46,2026-01-08 21:20:34,2,9,103,4.7%,18,NORMAL,179.0,0.0,0.4,0.4,False,1.53,42.67
1767887437.62,2026-01-08 21:20:37,4,9,103,4.9%,18,NORMAL,178.8,0.0,0.4,0.4,False,2.92,41.28
1767887440.89,2026-01-08 21:20:40,3,9,103,5.0%,18,NORMAL,178.6,0.0,0.4,0.4,False,2.24,41.95
1767887443.69,2026-01-08 21:20:43,3,9,103,4.9%,18,NORMAL,178.4,0.0,0.4,0.4,False,2.24,41.95
1767887446.94,2026-01-08 21:20:46,4,9,103,5.0%,18,NORMAL,178.3,0.0,0.4,0.4,False,2.92,41.28
1767887450.26,2026-01-08 21:20:50,4,9,103,5.0%,18,NORMAL,178.1,0.0,0.4,0.4,False,2.92,41.28
1767887452.92,2026-01-08 21:20:52,3,9,103,4.9%,18,NORMAL,177.9,0.0,0.4,0.4,False,2.24,41.95
1767887455.55,2026-01-08 21:20:55,4,9,103,4.9%,18,NORMAL,177.8,0.0,0.4,0.4,False,2.92,41.28
1767887458.41,2026-01-08 21:20:58,4,9,103,4.9%,18,NORMAL,177.6,0.0,0.4,0.4,False,2.92,41.28
1767887461.26,2026-01-08 21:21:01,4,9,103,5.0%,18,NORMAL,177.4,0.0,0.4,0.4,False,2.92,41.28
1767887465.00,2026-01-08 21:21:04,3,9,104,5.0%,18,NORMAL,179.0,0.0,0.4,0.4,False,2.24,41.95
1767887468.14,2026-01-08 21:21:08,3,9,104,5.0%,18,NORMAL,178.8,0.0,0.4,0.4,False,2.24,41.95
1767887471.39,2026-01-08 21:21:11,5,9,104,5.1%,18,NORMAL,178.6,0.0,0.4,0.4,False,3.56,40.64
1767887474.47,2026-01-08 21:21:14,5,9,104,5.1%,18,NORMAL,178.5,0.0,0.4,0.4,False,3.56,40.64
1767887477.43,2026-01-08 21:21:17,6,9,105,5.2%,18,NORMAL,180.0,0.0,0.4,0.4,False,4.16,40.03
1767887480.47,2026-01-08 21:21:20,4,9,105,5.2%,18,NORMAL,179.8,0.0,0.4,0.4,False,2.92,41.28
1767887483.10,2026-01-08 21:21:23,5,9,105,5.3%,18,NORMAL,179.7,0.0,0.3,0.3,False,3.56,40.64
1767887485.67,2026-01-08 21:21:25,5,9,105,5.4%,18,NORMAL,179.5,0.0,0.3,0.3,False,3.56,40.64
1767887488.23,2026-01-08 21:21:28,5,9,105,5.5%,18,NORMAL,179.3,0.0,0.3,0.3,False,3.56,40.64
1767887490.78,2026-01-08 21:21:30,5,9,106,5.6%,18,NORMAL,180.9,0.0,0.3,0.3,False,3.56,40.64
1767887493.46,2026-01-08 21:21:33,4,9,106,5.7%,18,NORMAL,180.7,0.0,0.3,0.3,False,2.92,41.28
1767887496.20,2026-01-08 21:21:36,4,9,106,5.8%,18,NORMAL,180.5,0.0,0.3,0.3,False,2.92,41.28
1767887498.91,2026-01-08 21:21:38,5,9,106,5.9%,18,NORMAL,180.3,0.0,0.3,0.3,False,3.56,40.64
1767887501.58,2026-01-08 21:21:41,4,9,106,6.1%,18,NORMAL,180.2,0.0,0.3,0.3,False,2.92,41.28
1767887504.23,2026-01-08 21:21:44,3,9,106,6.1%,18,NORMAL,180.0,0.0,0.3,0.3,False,2.24,41.95
1767887506.95,2026-01-08 21:21:46,2,9,106,6.1%,18,NORMAL,179.8,0.0,0.3,0.3,False,1.53,42.67
1767887509.55,2026-01-08 21:21:49,3,9,106,6.2%,18,NORMAL,179.7,0.0,0.3,0.3,False,2.24,41.95
1767887512.14,2026-01-08 21:21:52,4,9,106,6.3%,18,NORMAL,179.5,0.0,0.3,0.3,False,2.92,41.28
1767887514.99,2026-01-08 21:21:54,4,9,106,6.4%,18,NORMAL,179.3,0.0,0.3,0.3,False,2.92,41.28
1767887517.68,2026-01-08 21:21:57,5,9,106,6.5%,18,NORMAL,179.2,0.0,0.3,0.3,False,3.56,40.64
1767887520.27,2026-01-08 21:22:00,4,9,106,6.6%,18,NORMAL,179.0,0.0,0.3,0.3,False,2.92,41.28
1767887522.86,2026-01-08 21:22:02,6,9,106,6.7%,18,NORMAL,178.8,0.0,0.3,0.3,False,4.16,40.03
1767887525.49,2026-01-08 21:22:05,6,9,106,6.9%,18,NORMAL,178.7,0.0,0.3,0.3,False,4.16,40.03
1767887528.14,2026-01-08 21:22:08,5,9,107,7.0%,18,NORMAL,180.2,0.0,0.3,0.3,False,3.56,40.64
1767887531.58,2026-01-08 21:22:11,5,9,107,7.0%,18,NORMAL,180.0,0.0,0.3,0.3,False,3.56,40.64
1767887534.84,2026-01-08 21:22:14,5,9,107,7.1%,18,NORMAL,179.8,0.0,0.3,0.3,False,3.56,40.64
1767887538.10,2026-01-08 21:22:18,5,9,107,7.1%,18,NORMAL,179.7,0.0,0.3,0.3,False,3.56,40.64
1767887540.63,2026-01-08 21:22:20,6,9,107,7.2%,18,NORMAL,179.5,0.0,0.3,0.3,False,4.16,40.03
1767887543.34,2026-01-08 21:22:23,5,9,107,7.3%,18,NORMAL,179.3,0.0,0.3,0.3,False,3.56,40.64
1767887546.00,2026-01-08 21:22:26,4,9,108,7.3%,18,NORMAL,180.8,0.0,0.3,0.3,False,2.92,41.28
1767887548.88,2026-01-08 21:22:28,4,9,108,7.3%,18,NORMAL,180.7,0.0,0.3,0.3,False,2.92,41.28
1767887552.09,2026-01-08 21:22:32,4,9,108,7.4%,18,NORMAL,180.5,0.0,0.3,0.3,False,2.92,41.28
1767887555.24,2026-01-08 21:22:35,4,9,109,7.3%,18,NORMAL,182.0,0.0,0.3,0.3,False,2.92,41.28
1767887557.85,2026-01-08 21:22:37,4,9,109,7.3%,18,NORMAL,181.8,0.0,0.3,0.3,False,2.92,41.28
1767887560.43,2026-01-08 21:22:40,3,9,109,7.2%,18,NORMAL,181.7,0.0,0.3,0.3,False,2.24,41.95
1767887562.98,2026-01-08 21:22:42,5,9,109,7.2%,18,NORMAL,181.5,0.0,0.3,0.3,False,3.56,40.64
1767887565.56,2026-01-08 21:22:45,5,9,109,7.2%,18,NORMAL,181.3,0.0,0.3,0.3,False,3.56,40.64
1767887568.03,2026-01-08 21:22:48,5,9,110,7.2%,18,NORMAL,182.8,0.0,0.3,0.3,False,3.56,40.64
1767887570.53,2026-01-08 21:22:50,5,9,110,7.2%,18,NORMAL,182.7,0.0,0.3,0.3,False,3.56,40.64
1767887572.99,2026-01-08 21:22:52,6,9,110,7.2%,18,NORMAL,182.5,0.0,0.3,0.3,False,4.16,40.03
1767887575.46,2026-01-08 21:22:55,7,9,111,7.4%,18,NORMAL,184.0,0.0,0.3,0.3,False,4.73,39.47
1767887577.94,2026-01-08 21:22:57,7,9,111,7.5%,18,NORMAL,183.8,0.0,0.3,0.3,False,4.73,39.47
1767887580.46,2026-01-08 21:23:00,8,9,114,7.6%,18,NORMAL,188.6,0.0,0.3,0.3,False,5.26,38.93
1767887582.92,2026-01-08 21:23:02,8,9,114,7.8%,18,NORMAL,188.4,0.0,0.3,0.3,False,5.26,38.93
1767887585.46,2026-01-08 21:23:05,9,9,114,8.1%,18,NORMAL,188.3,0.0,0.3,0.3,False,5.76,38.43
1767887588.14,2026-01-08 21:23:08,7,9,115,8.3%,18,NORMAL,189.7,0.0,0.3,0.3,False,4.73,39.47
1767887590.78,2026-01-08 21:23:10,5,9,115,8.4%,18,NORMAL,189.6,0.0,0.3,0.3,False,3.56,40.64
1767887593.60,2026-01-08 21:23:13,5,9,115,8.5%,18,NORMAL,189.4,0.0,0.3,0.3,False,3.56,40.64
1767887596.47,2026-01-08 21:23:16,4,9,115,8.5%,18,NORMAL,189.2,0.0,0.3,0.3,False,2.92,41.28
1767887599.10,2026-01-08 21:23:19,5,9,115,8.5%,18,NORMAL,189.0,0.0,0.3,0.3,False,3.56,40.64
1767887601.69,2026-01-08 21:23:21,5,9,115,8.5%,18,NORMAL,188.9,0.0,0.3,0.3,False,3.56,40.64
1767887604.39,2026-01-08 21:23:24,4,9,115,8.4%,18,NORMAL,188.7,0.0,0.3,0.3,False,2.92,41.28
1767887607.28,2026-01-08 21:23:27,4,9,115,8.3%,18,NORMAL,188.5,0.0,0.3,0.3,False,2.92,41.28
1767887610.13,2026-01-08 21:23:30,5,9,115,8.3%,18,NORMAL,188.4,0.0,0.3,0.3,False,3.56,40.64
1767887613.33,2026-01-08 21:23:33,4,9,115,8.3%,18,NORMAL,188.2,0.0,0.3,0.3,False,2.92,41.28
1767887616.24,2026-01-08 21:23:36,5,9,116,8.3%,18,NORMAL,189.6,0.0,0.3,0.3,False,3.56,40.64
1767887618.83,2026-01-08 21:23:38,8,9,116,8.4%,18,NORMAL,189.5,0.0,0.3,0.3,False,5.26,38.93
1767887621.92,2026-01-08 21:23:41,8,9,116,8.5%,18,NORMAL,189.3,0.0,0.3,0.3,False,5.26,38.93
1767887625.21,2026-01-08 21:23:45,7,9,117,8.6%,18,NORMAL,190.8,0.0,0.3,0.3,False,4.73,39.47
1767887628.34,2026-01-08 21:23:48,6,9,117,8.7%,18,NORMAL,190.6,0.0,0.3,0.3,False,4.16,40.03
1767887630.98,2026-01-08 21:23:50,6,9,117,8.8%,18,NORMAL,190.4,0.0,0.3,0.3,False,4.16,40.03
1767887633.52,2026-01-08 21:23:53,8,9,117,9.0%,18,NORMAL,190.2,0.0,0.3,0.3,False,5.26,38.93
1767887636.00,2026-01-08 21:23:56,6,9,117,9.1%,18,NORMAL,190.1,0.0,0.3,0.3,False,4.16,40.03
1767887638.50,2026-01-08 21:23:58,6,9,117,9.1%,18,NORMAL,189.9,0.0,0.3,0.3,False,4.16,40.03
1767887641.02,2026-01-08 21:24:01,6,9,117,9.3%,18,NORMAL,189.7,0.0,0.3,0.3,False,4.16,40.03
1767887643.50,2026-01-08 21:24:03,6,9,117,9.3%,18,NORMAL,189.6,0.0,0.3,0.3,False,4.16,40.03
1767887646.08,2026-01-08 21:24:06,7,9,117,9.4%,18,NORMAL,189.4,0.0,0.3,0.3,False,4.73,39.47
1767887649.01,2026-01-08 21:24:09,6,9,117,9.5%,18,NORMAL,189.2,0.0,0.3,0.3,False,4.16,40.03
1767887651.77,2026-01-08 21:24:11,4,9,117,9.4%,18,NORMAL,189.0,0.0,0.3,0.3,False,2.92,41.28
1767887654.37,2026-01-08 21:24:14,4,9,117,9.3%,18,NORMAL,188.9,0.0,0.3,0.3,False,2.92,41.28
1767887656.83,2026-01-08 21:24:16,6,9,118,9.3%,18,NORMAL,190.3,0.0,0.3,0.3,False,4.16,40.03
1767887659.32,2026-01-08 21:24:19,7,9,118,9.3%,18,NORMAL,190.2,0.0,0.3,0.3,False,4.73,39.47
1767887662.34,2026-01-08 21:24:22,7,9,118,9.2%,18,NORMAL,190.0,0.0,0.4,0.4,False,4.73,39.47
1767887664.83,2026-01-08 21:24:24,5,9,119,9.1%,18,NORMAL,191.4,0.0,0.4,0.4,False,3.56,40.64
1767887667.19,2026-01-08 21:24:27,5,9,119,8.9%,18,NORMAL,191.2,0.0,0.4,0.4,False,3.56,40.64
1767887670.16,2026-01-08 21:24:30,6,9,119,8.9%,18,NORMAL,191.1,0.0,0.4,0.4,False,4.16,40.03
1767887673.16,2026-01-08 21:24:33,5,9,119,8.9%,18,NORMAL,190.9,0.0,0.4,0.4,False,3.56,40.64
1767887676.14,2026-01-08 21:24:36,6,9,119,9.0%,18,NORMAL,190.7,0.0,0.4,0.4,False,4.16,40.03
1767887679.07,2026-01-08 21:24:39,7,9,120,9.1%,18,NORMAL,192.2,0.0,0.4,0.4,False,4.73,39.47
1767887681.98,2026-01-08 21:24:41,6,9,121,9.1%,18,NORMAL,193.6,0.0,0.4,0.4,False,4.16,40.03
1767887684.84,2026-01-08 21:24:44,6,9,121,9.2%,18,NORMAL,193.4,0.0,0.4,0.4,False,4.16,40.03
1767887687.50,2026-01-08 21:24:47,5,9,121,9.2%,18,NORMAL,193.3,0.0,0.4,0.4,False,3.56,40.64
1767887690.52,2026-01-08 21:24:50,5,9,121,9.3%,18,NORMAL,193.1,0.0,0.4,0.4,False,3.56,40.64
1767887692.88,2026-01-08 21:24:52,6,9,121,9.3%,18,NORMAL,192.9,0.0,0.4,0.4,False,4.16,40.03
1767887695.31,2026-01-08 21:24:55,6,9,121,9.4%,18,NORMAL,192.7,0.0,0.4,0.4,False,4.16,40.03
1767887697.73,2026-01-08 21:24:57,6,9,121,9.5%,18,NORMAL,192.6,0.0,0.4,0.4,False,4.16,40.03
1767887700.44,2026-01-08 21:25:00,6,9,121,9.4%,18,NORMAL,192.4,0.0,0.4,0.4,False,4.16,40.03
1767887703.33,2026-01-08 21:25:03,7,9,121,9.3%,18,NORMAL,192.2,0.0,0.4,0.4,False,4.73,39.47
1767887706.16,2026-01-08 21:25:06,7,9,121,9.3%,18,NORMAL,192.1,0.0,0.4,0.4,False,4.73,39.47
1767887708.95,2026-01-08 21:25:08,7,9,121,9.4%,18,NORMAL,191.9,0.0,0.4,0.4,False,4.73,39.47
1767887711.40,2026-01-08 21:25:11,7,9,121,9.4%,18,NORMAL,191.7,0.0,0.4,0.4,False,4.73,39.47
1767887713.82,2026-01-08 21:25:13,9,9,121,9.5%,18,NORMAL,191.6,0.0,0.4,0.4,False,5.76,38.43
1767887716.28,2026-01-08 21:25:16,9,9,121,9.6%,18,NORMAL,191.4,0.0,0.4,0.4,False,5.76,38.43
1767887718.76,2026-01-08 21:25:18,8,9,121,9.7%,18,NORMAL,191.2,0.0,0.4,0.4,False,5.26,38.93
1767887721.29,2026-01-08 21:25:21,7,9,121,9.7%,18,NORMAL,191.1,0.0,0.4,0.4,False,4.73,39.47
1767887723.85,2026-01-08 21:25:23,7,9,121,9.8%,18,NORMAL,190.9,0.0,0.4,0.4,False,4.73,39.47
1767887726.43,2026-01-08 21:25:26,6,9,121,9.7%,18,NORMAL,190.7,0.0,0.4,0.4,False,4.16,40.03
1767887729.03,2026-01-08 21:25:29,7,9,121,9.8%,18,NORMAL,190.6,0.0,0.4,0.4,False,4.73,39.47
1767887731.57,2026-01-08 21:25:31,8,9,121,9.9%,18,NORMAL,190.4,0.0,0.4,0.4,False,5.26,38.93
1767887734.23,2026-01-08 21:25:34,10,10,121,10.2%,18,NORMAL,190.2,0.0,0.4,0.4,False,6.22,37.97
1767887736.82,2026-01-08 21:25:36,10,10,122,10.3%,18,NORMAL,191.6,0.0,0.4,0.4,False,6.22,37.97
1767887739.37,2026-01-08 21:25:39,9,10,123,10.4%,18,NORMAL,193.0,0.0,0.4,0.4,False,5.76,38.43
1767887741.94,2026-01-08 21:25:41,10,10,123,10.5%,18,NORMAL,192.9,0.0,0.4,0.4,False,6.22,37.97
1767887744.46,2026-01-08 21:25:44,9,10,123,10.7%,18,NORMAL,192.7,0.0,0.4,0.4,False,5.76,38.43
1767887747.05,2026-01-08 21:25:47,9,10,124,10.9%,18,NORMAL,194.1,0.0,0.4,0.4,False,5.76,38.43
1767887749.54,2026-01-08 21:25:49,9,10,124,11.0%,18,NORMAL,193.9,0.0,0.4,0.4,False,5.76,38.43
1767887752.15,2026-01-08 21:25:52,8,10,124,11.1%,18,NORMAL,193.8,0.0,0.4,0.4,False,5.26,38.93
1767887754.71,2026-01-08 21:25:54,8,10,125,11.2%,18,NORMAL,195.1,0.0,0.4,0.4,False,5.26,38.93
1767887757.22,2026-01-08 21:25:57,9,10,125,11.3%,18,NORMAL,195.0,0.0,0.4,0.4,False,5.76,38.43
1767887759.77,2026-01-08 21:25:59,7,10,125,11.3%,18,NORMAL,194.8,0.0,0.4,0.4,False,4.73,39.47
1767887762.27,2026-01-08 21:26:02,7,10,125,11.4%,18,NORMAL,194.6,0.0,0.4,0.4,False,4.73,39.47
1767887764.94,2026-01-08 21:26:04,7,10,125,11.4%,18,NORMAL,194.5,0.0,0.4,0.4,False,4.73,39.47
1767887767.35,2026-01-08 21:26:07,7,10,125,11.5%,18,NORMAL,194.3,0.0,0.4,0.4,False,4.73,39.47
1767887769.76,2026-01-08 21:26:09,7,10,125,11.6%,18,NORMAL,194.1,0.0,0.4,0.4,False,4.73,39.47
1767887772.21,2026-01-08 21:26:12,7,10,125,11.6%,18,NORMAL,194.0,0.0,0.4,0.4,False,4.73,39.47
1767887774.76,2026-01-08 21:26:14,9,10,125,11.7%,18,NORMAL,193.8,0.0,0.4,0.4,False,5.76,38.43
1767887777.73,2026-01-08 21:26:17,8,10,125,11.8%,18,NORMAL,193.6,0.0,0.4,0.4,False,5.26,38.93
1767887780.71,2026-01-08 21:26:20,7,10,125,11.8%,18,NORMAL,193.5,0.0,0.4,0.4,False,4.73,39.47
1767887783.74,2026-01-08 21:26:23,8,10,125,11.9%,18,NORMAL,193.3,0.0,0.4,0.4,False,5.26,38.93
1767887786.61,2026-01-08 21:26:26,9,10,125,11.9%,18,NORMAL,193.1,0.0,0.4,0.4,False,5.76,38.43
1767887789.48,2026-01-08 21:26:29,8,10,125,12.0%,18,NORMAL,193.0,0.0,0.4,0.4,False,5.26,38.93
1767887792.24,2026-01-08 21:26:32,10,10,125,12.0%,18,NORMAL,192.8,0.0,0.4,0.4,False,6.22,37.97
1767887795.01,2026-01-08 21:26:35,7,10,125,11.9%,18,NORMAL,192.6,0.0,0.4,0.4,False,4.73,39.47
1767887797.73,2026-01-08 21:26:37,7,10,126,11.9%,18,NORMAL,194.0,0.0,0.4,0.4,False,4.73,39.47
1767887800.43,2026-01-08 21:26:40,6,10,127,11.9%,18,NORMAL,195.4,0.0,0.4,0.4,False,4.16,40.03
1767887803.13,2026-01-08 21:26:43,9,10,127,11.9%,18,NORMAL,195.2,0.0,0.4,0.4,False,5.76,38.43
1767887805.92,2026-01-08 21:26:45,7,10,127,12.0%,18,NORMAL,195.1,0.0,0.4,0.4,False,4.73,39.47
1767887808.72,2026-01-08 21:26:48,8,10,127,12.0%,18,NORMAL,194.9,0.0,0.4,0.4,False,5.26,38.93
1767887811.55,2026-01-08 21:26:51,9,10,127,12.0%,18,NORMAL,194.7,0.0,0.4,0.4,False,5.76,38.43
1767887814.29,2026-01-08 21:26:54,8,10,127,12.0%,18,NORMAL,194.6,0.0,0.4,0.4,False,5.26,38.93
1767887816.82,2026-01-08 21:26:56,8,10,127,11.9%,18,NORMAL,194.4,0.0,0.4,0.4,False,5.26,38.93
1767887819.35,2026-01-08 21:26:59,9,10,127,11.9%,18,NORMAL,194.2,0.0,0.4,0.4,False,5.76,38.43
1767887821.90,2026-01-08 21:27:01,9,10,127,11.9%,18,NORMAL,194.1,0.0,0.4,0.4,False,5.76,38.43
1767887824.43,2026-01-08 21:27:04,8,10,128,11.8%,18,NORMAL,195.4,0.0,0.4,0.4,False,5.26,38.93
1767887826.93,2026-01-08 21:27:06,8,10,129,11.8%,18,NORMAL,196.8,0.0,0.4,0.4,False,5.26,38.93
1767887829.29,2026-01-08 21:27:09,8,10,129,11.8%,18,NORMAL,196.6,0.0,0.4,0.4,False,5.26,38.93
1767887831.68,2026-01-08 21:27:11,8,10,129,11.8%,18,NORMAL,196.4,0.0,0.4,0.4,False,5.26,38.93
1767887834.07,2026-01-08 21:27:14,10,10,129,11.8%,18,NORMAL,196.3,0.0,0.4,0.4,False,6.22,37.97
1767887836.57,2026-01-08 21:27:16,10,10,129,11.9%,18,NORMAL,196.1,0.0,0.4,0.4,False,6.22,37.97
1767887839.03,2026-01-08 21:27:19,10,10,129,12.0%,18,NORMAL,195.9,0.0,0.4,0.4,False,6.22,37.97
1767887841.54,2026-01-08 21:27:21,10,10,129,12.1%,18,NORMAL,195.8,0.0,0.4,0.4,False,6.22,37.97
1767887844.07,2026-01-08 21:27:24,11,11,129,12.2%,18,NORMAL,195.6,0.0,0.4,0.4,False,6.65,37.55
1767887846.51,2026-01-08 21:27:26,9,11,129,12.3%,18,NORMAL,195.5,0.0,0.4,0.4,False,5.76,38.43
1767887849.14,2026-01-08 21:27:29,11,11,129,12.5%,18,NORMAL,195.3,0.0,0.4,0.4,False,6.65,37.55
1767887852.20,2026-01-08 21:27:32,11,11,129,12.6%,18,NORMAL,195.1,0.0,0.4,0.4,False,6.65,37.55
1767887855.03,2026-01-08 21:27:35,11,11,130,12.7%,18,NORMAL,196.5,0.0,0.4,0.4,False,6.65,37.55
1767887857.58,2026-01-08 21:27:37,11,11,130,12.8%,18,NORMAL,196.3,0.0,0.4,0.4,False,6.65,37.55
1767887860.35,2026-01-08 21:27:40,9,11,130,12.9%,18,NORMAL,196.1,0.0,0.4,0.4,False,5.76,38.43
1767887863.21,2026-01-08 21:27:43,10,11,131,12.9%,18,NORMAL,197.5,0.0,0.4,0.4,False,6.22,37.97
1767887865.82,2026-01-08 21:27:45,10,11,131,13.0%,18,NORMAL,197.3,0.0,0.4,0.4,False,6.22,37.97
1767887868.52,2026-01-08 21:27:48,13,13,131,13.1%,18,NORMAL,197.2,0.0,0.4,0.4,False,7.40,36.80
1767887871.23,2026-01-08 21:27:51,12,13,131,13.2%,18,NORMAL,197.0,0.0,0.4,0.4,False,7.04,37.15
1767887873.87,2026-01-08 21:27:53,10,13,131,13.3%,18,NORMAL,196.8,0.0,0.4,0.4,False,6.22,37.97
1767887876.67,2026-01-08 21:27:56,10,13,131,13.4%,18,NORMAL,196.7,0.0,0.4,0.4,False,6.22,37.97
1767887879.42,2026-01-08 21:27:59,10,13,131,13.6%,18,NORMAL,196.5,0.0,0.4,0.4,False,6.22,37.97
1767887882.37,2026-01-08 21:28:02,12,13,131,13.7%,18,NORMAL,196.3,0.0,0.4,0.4,False,7.04,37.15
1767887884.92,2026-01-08 21:28:04,13,13,131,13.9%,18,NORMAL,196.2,0.0,0.4,0.4,False,7.40,36.80
1767887887.48,2026-01-08 21:28:07,14,14,131,14.0%,18,NORMAL,196.0,0.0,0.4,0.4,False,7.72,36.48
1767887890.09,2026-01-08 21:28:10,12,14,132,14.1%,18,NORMAL,197.3,0.0,0.4,0.4,False,7.04,37.15
1767887892.77,2026-01-08 21:28:12,10,14,132,14.2%,18,NORMAL,197.2,0.0,0.4,0.4,False,6.22,37.97
1767887895.30,2026-01-08 21:28:15,9,14,132,14.3%,18,NORMAL,197.0,0.0,0.4,0.4,False,5.76,38.43
1767887897.86,2026-01-08 21:28:17,8,14,132,14.2%,18,NORMAL,196.9,0.0,0.4,0.4,False,5.26,38.93
1767887900.54,2026-01-08 21:28:20,9,14,132,14.2%,18,NORMAL,196.7,0.0,0.4,0.4,False,5.76,38.43
1767887903.07,2026-01-08 21:28:23,11,14,132,14.3%,18,NORMAL,196.5,0.0,0.4,0.4,False,6.65,37.55
1767887905.60,2026-01-08 21:28:25,10,14,132,14.4%,18,NORMAL,196.4,0.0,0.4,0.4,False,6.22,37.97
1767887908.20,2026-01-08 21:28:28,10,14,133,14.5%,18,NORMAL,197.7,0.0,0.4,0.4,False,6.22,37.97
1767887910.72,2026-01-08 21:28:30,9,14,133,14.5%,18,NORMAL,197.5,0.0,0.4,0.4,False,5.76,38.43
1767887913.23,2026-01-08 21:28:33,10,14,133,14.5%,18,NORMAL,197.4,0.0,0.4,0.4,False,6.22,37.97
1767887916.17,2026-01-08 21:28:36,10,14,133,14.5%,18,NORMAL,197.2,0.0,0.4,0.4,False,6.22,37.97
1767887919.14,2026-01-08 21:28:39,11,14,133,14.5%,18,NORMAL,197.0,0.0,0.4,0.4,False,6.65,37.55
1767887922.06,2026-01-08 21:28:42,11,14,133,14.6%,18,NORMAL,196.9,0.0,0.4,0.4,False,6.65,37.55
1767887925.05,2026-01-08 21:28:45,8,14,133,14.5%,18,NORMAL,196.7,0.0,0.4,0.4,False,5.26,38.93
1767887928.05,2026-01-08 21:28:48,8,14,133,14.4%,18,NORMAL,196.6,0.0,0.4,0.4,False,5.26,38.93
1767887930.84,2026-01-08 21:28:50,8,14,133,14.3%,18,NORMAL,196.4,0.0,0.4,0.4,False,5.26,38.93
1767887933.50,2026-01-08 21:28:53,8,14,133,14.2%,18,NORMAL,196.2,0.0,0.4,0.4,False,5.26,38.93
1767887936.16,2026-01-08 21:28:56,9,14,133,14.1%,18,NORMAL,196.1,0.0,0.4,0.4,False,5.76,38.43
1767887938.70,2026-01-08 21:28:58,8,14,133,14.0%,18,NORMAL,195.9,0.0,0.4,0.4,False,5.26,38.93
1767887941.23,2026-01-08 21:29:01,8,14,134,14.0%,18,NORMAL,197.2,0.0,0.4,0.4,False,5.26,38.93
1767887943.71,2026-01-08 21:29:03,7,14,135,13.9%,18,NORMAL,198.5,0.0,0.4,0.4,False,4.73,39.47
1767887946.41,2026-01-08 21:29:06,8,14,136,13.8%,18,NORMAL,199.8,0.0,0.4,0.4,False,5.26,38.93
1767887948.82,2026-01-08 21:29:08,6,14,136,13.6%,18,NORMAL,199.7,0.0,0.4,0.4,False,4.16,40.03
1767887951.19,2026-01-08 21:29:11,6,14,136,13.4%,18,NORMAL,199.5,0.0,0.4,0.4,False,4.16,40.03
1767887953.59,2026-01-08 21:29:13,6,14,136,13.2%,18,NORMAL,199.3,0.0,0.4,0.4,False,4.16,40.03
1767887956.00,2026-01-08 21:29:16,5,14,136,13.0%,18,NORMAL,199.2,0.0,0.4,0.4,False,3.56,40.64
1767887958.33,2026-01-08 21:29:18,6,14,136,12.8%,18,NORMAL,199.0,0.0,0.4,0.4,False,4.16,40.03
1767887961.18,2026-01-08 21:29:21,7,14,136,12.7%,18,NORMAL,198.9,0.0,0.4,0.4,False,4.73,39.47
1767887964.22,2026-01-08 21:29:24,7,14,136,12.5%,18,NORMAL,198.7,0.0,0.4,0.4,False,4.73,39.47
1767887967.16,2026-01-08 21:29:27,7,14,136,12.2%,18,NORMAL,198.5,0.0,0.4,0.4,False,4.73,39.47
1767887970.06,2026-01-08 21:29:30,8,14,136,12.1%,18,NORMAL,198.4,0.0,0.4,0.4,False,5.26,38.93
1767887972.98,2026-01-08 21:29:32,8,14,136,12.0%,18,NORMAL,198.2,0.0,0.4,0.4,False,5.26,38.93
1767887975.87,2026-01-08 21:29:35,9,14,136,12.0%,18,NORMAL,198.1,0.0,0.4,0.4,False,5.76,38.43
1767887978.83,2026-01-08 21:29:38,10,14,136,12.1%,18,NORMAL,197.9,0.0,0.4,0.4,False,6.22,37.97
1767887981.81,2026-01-08 21:29:41,10,14,137,12.1%,18,NORMAL,199.2,0.0,0.4,0.4,False,6.22,37.97
1767887984.59,2026-01-08 21:29:44,10,14,137,12.1%,18,NORMAL,199.0,0.0,0.4,0.4,False,6.22,37.97
1767887986.97,2026-01-08 21:29:46,11,14,137,12.1%,18,NORMAL,198.9,0.0,0.4,0.4,False,6.65,37.55
1767887989.88,2026-01-08 21:29:49,6,14,137,12.0%,18,NORMAL,198.7,0.0,0.4,0.4,False,4.16,40.03
1767887992.85,2026-01-08 21:29:52,5,14,137,11.8%,18,NORMAL,198.6,0.0,0.4,0.4,False,3.56,40.64
1767887995.74,2026-01-08 21:29:55,6,14,137,11.7%,18,NORMAL,198.4,0.0,0.4,0.4,False,4.16,40.03
1767887998.55,2026-01-08 21:29:58,6,14,137,11.5%,18,NORMAL,198.2,0.0,0.4,0.4,False,4.16,40.03
1767888001.17,2026-01-08 21:30:01,6,14,137,11.3%,18,NORMAL,198.1,0.0,0.4,0.4,False,4.16,40.03
1767888003.94,2026-01-08 21:30:03,6,14,137,11.1%,18,NORMAL,197.9,0.0,0.4,0.4,False,4.16,40.03
1767888006.83,2026-01-08 21:30:06,6,14,137,11.1%,18,NORMAL,197.8,0.0,0.4,0.4,False,4.16,40.03
1767888009.73,2026-01-08 21:30:09,6,14,137,11.0%,18,NORMAL,197.6,0.0,0.4,0.4,False,4.16,40.03
1767888012.55,2026-01-08 21:30:12,5,14,137,10.8%,18,NORMAL,197.4,0.0,0.4,0.4,False,3.56,40.64
1767888015.40,2026-01-08 21:30:15,5,14,137,10.7%,18,NORMAL,197.3,0.0,0.4,0.4,False,3.56,40.64
1767888017.89,2026-01-08 21:30:17,5,14,137,10.5%,18,NORMAL,197.1,0.0,0.4,0.4,False,3.56,40.64
1767888020.22,2026-01-08 21:30:20,5,14,137,10.4%,18,NORMAL,197.0,0.0,0.4,0.4,False,3.56,40.64
1767888022.70,2026-01-08 21:30:22,4,14,137,10.2%,18,NORMAL,196.8,0.0,0.4,0.4,False,2.92,41.28
1767888025.15,2026-01-08 21:30:25,3,14,137,10.1%,18,NORMAL,196.7,0.0,0.4,0.4,False,2.24,41.95
1767888027.65,2026-01-08 21:30:27,2,14,137,9.8%,18,NORMAL,196.5,0.0,0.4,0.4,False,1.53,42.67
1767888030.07,2026-01-08 21:30:30,3,14,137,9.6%,18,NORMAL,196.3,0.0,0.4,0.4,False,2.24,41.95
1767888032.49,2026-01-08 21:30:32,3,14,137,9.5%,18,NORMAL,196.2,0.0,0.4,0.4,False,2.24,41.95
1767888034.93,2026-01-08 21:30:34,3,14,138,9.3%,18,NORMAL,197.5,0.0,0.4,0.4,False,2.24,41.95
1767888037.41,2026-01-08 21:30:37,3,14,138,9.2%,18,NORMAL,197.3,0.0,0.4,0.4,False,2.24,41.95
1767888039.80,2026-01-08 21:30:39,3,14,138,9.1%,18,NORMAL,197.1,0.0,0.4,0.4,False,2.24,41.95
1767888042.20,2026-01-08 21:30:42,3,14,138,8.9%,18,NORMAL,197.0,0.0,0.4,0.4,False,2.24,41.95
1767888044.62,2026-01-08 21:30:44,3,14,138,8.7%,18,NORMAL,196.8,0.0,0.4,0.4,False,2.24,41.95
1767888047.08,2026-01-08 21:30:47,3,14,138,8.5%,18,NORMAL,196.7,0.0,0.4,0.4,False,2.24,41.95
1767888049.54,2026-01-08 21:30:49,3,14,138,8.3%,18,NORMAL,196.5,0.0,0.4,0.4,False,2.24,41.95
1767888052.10,2026-01-08 21:30:52,2,14,138,8.0%,18,NORMAL,196.4,0.0,0.4,0.4,False,1.53,42.67
1767888054.88,2026-01-08 21:30:54,2,14,138,7.7%,18,NORMAL,196.2,0.0,0.4,0.4,False,1.53,42.67
1767888057.68,2026-01-08 21:30:57,2,14,138,7.3%,18,NORMAL,196.1,0.0,0.4,0.4,False,1.53,42.67
1767888060.25,2026-01-08 21:31:00,2,14,138,7.0%,18,NORMAL,195.9,0.0,0.4,0.4,False,1.53,42.67
1767888062.93,2026-01-08 21:31:02,2,14,138,6.6%,18,NORMAL,195.7,0.0,0.4,0.4,False,1.53,42.67
1767888065.29,2026-01-08 21:31:05,2,14,138,6.3%,18,NORMAL,195.6,0.0,0.4,0.4,False,1.53,42.67
1767888067.60,2026-01-08 21:31:07,2,14,138,6.1%,18,NORMAL,195.4,0.0,0.4,0.4,False,1.53,42.67
1767888069.87,2026-01-08 21:31:09,1,14,138,5.8%,18,NORMAL,195.3,0.0,0.4,0.4,False,0.78,43.41
1767888072.18,2026-01-08 21:31:12,1,14,138,5.6%,18,NORMAL,195.1,0.0,0.4,0.4,False,0.78,43.41
1767888074.41,2026-01-08 21:31:14,1,14,138,5.3%,18,NORMAL,195.0,0.0,0.4,0.4,False,0.78,43.41
1767888076.65,2026-01-08 21:31:16,1,14,138,5.1%,18,NORMAL,194.8,0.0,0.4,0.4,False,0.78,43.41
1767888078.91,2026-01-08 21:31:18,1,14,138,4.8%,18,NORMAL,194.7,0.0,0.4,0.4,False,0.78,43.41
1767888081.19,2026-01-08 21:31:21,1,14,138,4.6%,18,NORMAL,194.5,0.0,0.4,0.4,False,0.78,43.41
1767888083.47,2026-01-08 21:31:23,1,14,138,4.3%,18,NORMAL,194.4,0.0,0.4,0.4,False,0.78,43.41
1767888085.70,2026-01-08 21:31:25,0,14,137,4.0%,18,NORMAL,192.8,0.0,0.4,0.4,False,0.00,44.19
1767888088.76,2026-01-08 21:31:28,0,14,137,3.8%,18,NORMAL,192.7,0.0,0.4,0.4,False,0.00,44.19
1767888091.52,2026-01-08 21:31:31,1,14,137,3.6%,18,NORMAL,192.5,0.0,0.4,0.4,False,0.78,43.41
1767888094.13,2026-01-08 21:31:34,2,14,137,3.4%,18,NORMAL,192.4,0.0,0.4,0.4,False,1.53,42.67
1767888096.79,2026-01-08 21:31:36,0,14,136,3.2%,18,NORMAL,190.8,0.0,0.4,0.4,False,0.00,44.19
1767888099.77,2026-01-08 21:31:39,0,14,136,3.0%,18,NORMAL,190.7,0.0,0.4,0.4,False,0.00,44.19
1767888102.58,2026-01-08 21:31:42,1,14,136,3.0%,18,NORMAL,190.5,0.0,0.4,0.4,False,0.78,43.41
1767888105.18,2026-01-08 21:31:45,1,14,136,2.9%,18,NORMAL,190.4,0.0,0.4,0.4,False,0.78,43.41
1767888107.94,2026-01-08 21:31:47,1,14,137,2.8%,18,NORMAL,191.6,0.0,0.4,0.4,False,0.78,43.41
1767888110.71,2026-01-08 21:31:50,1,14,137,2.6%,18,NORMAL,191.5,0.0,0.4,0.4,False,0.78,43.41
1767888113.50,2026-01-08 21:31:53,2,14,137,2.6%,18,NORMAL,191.3,0.0,0.4,0.4,False,1.53,42.67
1767888116.35,2026-01-08 21:31:56,2,14,137,2.5%,18,NORMAL,191.2,0.0,0.4,0.4,False,1.53,42.67
1767888119.35,2026-01-08 21:31:59,2,14,138,2.5%,18,NORMAL,192.4,0.0,0.4,0.4,False,1.53,42.67
1767888122.24,2026-01-08 21:32:02,2,14,138,2.4%,18,NORMAL,192.3,0.0,0.4,0.4,False,1.53,42.67
1767888125.11,2026-01-08 21:32:05,2,14,138,2.4%,18,NORMAL,192.1,0.0,0.4,0.4,False,1.53,42.67
1767888128.32,2026-01-08 21:32:08,2,14,138,2.3%,18,NORMAL,192.0,0.0,0.4,0.4,False,1.53,42.67
1767888131.26,2026-01-08 21:32:11,2,14,138,2.3%,18,NORMAL,191.8,0.0,0.4,0.4,False,1.53,42.67
1767888134.34,2026-01-08 21:32:14,2,14,138,2.3%,18,NORMAL,191.7,0.0,0.4,0.4,False,1.53,42.67
