timestamp,datetime,current_occupancy,peak_occupancy,unique_people,utilization_pct,est_capacity,capacity_status,flow_rate_per_min,avg_dwell_time_sec,processing_fps,processing_fps,alert_active,area_used_sqm,area_free_sqm
1768801068.36,2026-01-19 11:07:48,0,0,0,0.0%,124,NORMAL,0.0,0.0,0.3,0.3,False,0.00,80.00
1768801072.64,2026-01-19 11:07:52,16,16,16,7.6%,124,NORMAL,0.0,0.0,0.3,0.3,False,12.14,67.86
1768801074.74,2026-01-19 11:07:54,16,16,0,10.1%,124,NORMAL,0.0,0.0,0.4,0.4,False,12.14,67.86
1768801076.80,2026-01-19 11:07:56,11,16,0,10.2%,124,NORMAL,0.0,0.0,0.4,0.4,False,8.49,71.51
1768801078.93,2026-01-19 11:07:58,10,16,9,10.1%,124,NORMAL,0.0,0.0,0.4,0.4,False,7.74,72.26
1768801081.08,2026-01-19 11:08:01,11,16,12,10.2%,124,NORMAL,0.0,0.0,0.4,0.4,False,8.49,71.51
1768801083.26,2026-01-19 11:08:03,8,16,12,9.9%,124,NORMAL,0.0,0.0,0.4,0.4,False,6.23,73.77
1768801085.33,2026-01-19 11:08:05,10,16,13,9.8%,124,NORMAL,0.0,0.0,0.4,0.4,False,7.74,72.26
1768801087.06,2026-01-19 11:08:07,10,16,13,9.8%,124,NORMAL,0.0,0.0,0.4,0.4,False,7.74,72.26
1768801088.83,2026-01-19 11:08:08,11,16,15,9.9%,124,NORMAL,0.0,0.0,0.4,0.4,False,8.49,71.51
1768801090.73,2026-01-19 11:08:10,12,16,15,10.0%,124,NORMAL,0.0,0.0,0.4,0.4,False,9.23,70.77
1768801092.54,2026-01-19 11:08:12,9,16,16,9.9%,124,NORMAL,0.0,0.0,0.4,0.4,False,6.99,73.01
1768801094.29,2026-01-19 11:08:14,9,16,16,9.8%,124,NORMAL,0.0,0.0,0.4,0.4,False,6.99,73.01
1768801096.08,2026-01-19 11:08:16,10,16,17,9.8%,124,NORMAL,0.0,0.0,0.4,0.4,False,7.74,72.26
1768801097.93,2026-01-19 11:08:17,11,16,17,9.9%,124,NORMAL,0.0,0.0,0.4,0.4,False,8.49,71.51
1768801099.77,2026-01-19 11:08:19,11,16,18,9.9%,124,NORMAL,0.0,0.0,0.5,0.5,False,8.49,71.51
1768801101.57,2026-01-19 11:08:21,11,16,18,10.0%,124,NORMAL,1045.2,0.0,0.5,0.5,False,8.49,71.51
1768801103.39,2026-01-19 11:08:23,12,16,18,10.1%,124,NORMAL,981.8,0.0,0.5,0.5,False,9.23,70.77
1768801105.15,2026-01-19 11:08:25,11,16,19,10.1%,124,NORMAL,977.1,0.0,0.5,0.5,False,8.49,71.51
1768801106.99,2026-01-19 11:08:26,9,16,19,10.0%,124,NORMAL,924.3,0.0,0.5,0.5,False,6.99,73.01
1768801108.75,2026-01-19 11:08:28,11,16,19,10.0%,124,NORMAL,876.9,0.0,0.5,0.5,False,8.49,71.51
1768801110.56,2026-01-19 11:08:30,12,16,19,10.1%,124,NORMAL,834.1,0.0,0.5,0.5,False,9.23,70.77
1768801112.59,2026-01-19 11:08:32,10,16,22,10.1%,124,NORMAL,920.9,0.0,0.5,0.5,False,7.74,72.26
1768801114.85,2026-01-19 11:08:34,10,16,22,10.1%,124,NORMAL,880.0,0.0,0.5,0.5,False,7.74,72.26
1768801117.20,2026-01-19 11:08:37,11,16,23,10.1%,124,NORMAL,880.9,0.0,0.5,0.5,False,8.49,71.51
1768801119.56,2026-01-19 11:08:39,11,16,23,10.1%,124,NORMAL,844.9,0.0,0.5,0.5,False,8.49,71.51
1768801121.95,2026-01-19 11:08:41,10,16,25,10.1%,124,NORMAL,882.4,0.0,0.5,0.5,False,7.74,72.26
1768801124.03,2026-01-19 11:08:44,9,16,25,10.1%,124,NORMAL,849.1,0.0,0.5,0.5,False,6.99,73.01
1768801126.14,2026-01-19 11:08:46,10,16,25,10.0%,124,NORMAL,818.2,0.0,0.5,0.5,False,7.74,72.26
1768801128.06,2026-01-19 11:08:48,9,16,25,10.0%,124,NORMAL,789.5,0.0,0.5,0.5,False,6.99,73.01
1768801130.05,2026-01-19 11:08:50,9,16,25,10.3%,124,NORMAL,762.7,0.0,0.5,0.5,False,6.99,73.01
1768801132.24,2026-01-19 11:08:52,8,16,25,10.0%,124,NORMAL,737.7,0.0,0.5,0.5,False,6.23,73.77
1768801134.42,2026-01-19 11:08:54,9,16,25,9.8%,124,NORMAL,714.3,0.0,0.5,0.5,False,6.99,73.01
1768801136.68,2026-01-19 11:08:56,8,16,25,9.7%,124,NORMAL,692.3,0.0,0.5,0.5,False,6.23,73.77
1768801138.88,2026-01-19 11:08:58,7,16,25,9.6%,124,NORMAL,671.6,0.0,0.5,0.5,False,5.47,74.53
1768801141.24,2026-01-19 11:09:01,6,16,26,9.5%,124,NORMAL,678.3,0.0,0.5,0.5,False,4.71,75.29
1768801143.38,2026-01-19 11:09:03,7,16,26,9.5%,124,NORMAL,659.2,0.0,0.5,0.5,False,5.47,74.53
1768801145.36,2026-01-19 11:09:05,7,16,26,9.4%,124,NORMAL,641.1,0.0,0.5,0.5,False,5.47,74.53
1768801147.40,2026-01-19 11:09:07,6,16,27,9.2%,124,NORMAL,648.0,0.0,0.5,0.5,False,4.71,75.29
1768801149.47,2026-01-19 11:09:09,8,16,27,9.1%,124,NORMAL,631.2,0.0,0.5,0.5,False,6.23,73.77
1768801151.51,2026-01-19 11:09:11,8,16,27,9.0%,124,NORMAL,615.2,0.0,0.5,0.5,False,6.23,73.77
1768801153.62,2026-01-19 11:09:13,8,16,27,9.0%,124,NORMAL,600.0,0.0,0.5,0.5,False,6.23,73.77
1768801155.72,2026-01-19 11:09:15,9,16,28,9.0%,124,NORMAL,607.2,0.0,0.5,0.5,False,6.99,73.01
1768801157.79,2026-01-19 11:09:17,9,16,29,8.9%,124,NORMAL,614.1,0.0,0.5,0.5,False,6.99,73.01
1768801160.14,2026-01-19 11:09:20,9,16,29,8.9%,124,NORMAL,600.0,0.0,0.5,0.5,False,6.99,73.01
1768801162.51,2026-01-19 11:09:22,9,16,30,8.8%,124,NORMAL,606.7,0.0,0.5,0.5,False,6.99,73.01
1768801165.13,2026-01-19 11:09:25,10,16,30,8.8%,124,NORMAL,593.4,0.0,0.5,0.5,False,7.74,72.26
1768801167.53,2026-01-19 11:09:27,8,16,30,8.7%,124,NORMAL,580.6,0.0,0.5,0.5,False,6.23,73.77
1768801169.93,2026-01-19 11:09:29,7,16,30,8.5%,124,NORMAL,568.4,0.0,0.5,0.5,False,5.47,74.53
1768801172.55,2026-01-19 11:09:32,7,16,31,8.5%,124,NORMAL,575.3,0.0,0.5,0.5,False,5.47,74.53
1768801175.24,2026-01-19 11:09:35,8,16,31,8.4%,124,NORMAL,563.6,0.0,0.5,0.5,False,6.23,73.77
1768801177.74,2026-01-19 11:09:37,8,16,31,8.3%,124,NORMAL,552.5,0.0,0.5,0.5,False,6.23,73.77
1768801180.12,2026-01-19 11:09:40,8,16,31,8.2%,124,NORMAL,541.7,0.0,0.5,0.5,False,6.23,73.77
1768801182.48,2026-01-19 11:09:42,8,16,31,8.1%,124,NORMAL,531.4,0.0,0.5,0.5,False,6.23,73.77
1768801185.04,2026-01-19 11:09:45,8,16,31,8.0%,124,NORMAL,521.5,0.0,0.5,0.5,False,6.23,73.77
1768801187.47,2026-01-19 11:09:47,7,16,31,7.9%,124,NORMAL,511.9,0.0,0.5,0.5,False,5.47,74.53
1768801189.83,2026-01-19 11:09:49,8,16,31,7.9%,124,NORMAL,502.7,0.0,0.5,0.5,False,6.23,73.77
1768801192.42,2026-01-19 11:09:52,8,16,31,7.8%,124,NORMAL,493.8,0.0,0.5,0.5,False,6.23,73.77
1768801194.78,2026-01-19 11:09:54,7,16,31,7.7%,124,NORMAL,485.2,0.0,0.5,0.5,False,5.47,74.53
1768801197.16,2026-01-19 11:09:57,6,16,31,7.6%,124,NORMAL,476.9,0.0,0.5,0.5,False,4.71,75.29
1768801199.82,2026-01-19 11:09:59,7,16,31,7.6%,124,NORMAL,468.9,0.0,0.5,0.5,False,5.47,74.53
1768801202.50,2026-01-19 11:10:02,8,16,31,7.6%,124,NORMAL,461.2,0.0,0.5,0.5,False,6.23,73.77
1768801204.84,2026-01-19 11:10:04,7,16,31,7.5%,124,NORMAL,453.7,0.0,0.5,0.5,False,5.47,74.53
1768801207.19,2026-01-19 11:10:07,9,16,32,7.5%,124,NORMAL,460.8,0.0,0.5,0.5,False,6.99,73.01
1768801209.59,2026-01-19 11:10:09,7,16,32,7.5%,124,NORMAL,453.5,0.0,0.5,0.5,False,5.47,74.53
1768801212.08,2026-01-19 11:10:12,7,16,32,7.6%,124,NORMAL,446.5,0.0,0.5,0.5,False,5.47,74.53
1768801214.40,2026-01-19 11:10:14,7,16,32,7.6%,124,NORMAL,439.7,0.0,0.5,0.5,False,5.47,74.53
1768801217.24,2026-01-19 11:10:17,8,16,32,7.6%,124,NORMAL,433.1,0.0,0.5,0.5,False,6.23,73.77
1768801220.34,2026-01-19 11:10:20,10,16,32,7.7%,124,NORMAL,426.7,0.0,0.5,0.5,False,7.74,72.26
1768801223.20,2026-01-19 11:10:23,10,16,32,7.8%,124,NORMAL,420.4,0.0,0.5,0.5,False,7.74,72.26
1768801226.55,2026-01-19 11:10:26,10,16,32,7.9%,124,NORMAL,414.4,0.0,0.5,0.5,False,7.74,72.26
1768801229.56,2026-01-19 11:10:29,10,16,33,7.9%,124,NORMAL,421.3,0.0,0.5,0.5,False,7.74,72.26
1768801232.34,2026-01-19 11:10:32,10,16,33,7.9%,124,NORMAL,415.4,0.0,0.5,0.5,False,7.74,72.26
1768801235.42,2026-01-19 11:10:35,9,16,33,7.9%,124,NORMAL,409.7,0.0,0.5,0.5,False,6.99,73.01
1768801238.95,2026-01-19 11:10:38,8,16,33,7.9%,124,NORMAL,404.1,0.0,0.5,0.5,False,6.23,73.77
1768801242.57,2026-01-19 11:10:42,7,16,33,7.9%,124,NORMAL,398.7,0.0,0.5,0.5,False,5.47,74.53
1768801245.49,2026-01-19 11:10:45,7,16,33,7.8%,124,NORMAL,393.4,0.0,0.5,0.5,False,5.47,74.53
1768801248.67,2026-01-19 11:10:48,8,16,33,7.8%,124,NORMAL,388.2,0.0,0.5,0.5,False,6.23,73.77
1768801251.60,2026-01-19 11:10:51,7,16,33,7.8%,124,NORMAL,383.2,0.0,0.5,0.5,False,5.47,74.53
1768801253.99,2026-01-19 11:10:53,7,16,33,7.8%,124,NORMAL,378.3,0.0,0.5,0.5,False,5.47,74.53
1768801256.42,2026-01-19 11:10:56,7,16,33,7.7%,124,NORMAL,373.6,0.0,0.5,0.5,False,5.47,74.53
1768801258.76,2026-01-19 11:10:58,6,16,34,7.7%,124,NORMAL,380.1,0.0,0.5,0.5,False,4.71,75.29
1768801261.42,2026-01-19 11:11:01,7,16,34,7.6%,124,NORMAL,375.5,0.0,0.5,0.5,False,5.47,74.53
1768801264.32,2026-01-19 11:11:04,8,16,34,7.6%,124,NORMAL,370.9,0.0,0.5,0.5,False,6.23,73.77
1768801266.97,2026-01-19 11:11:06,7,16,34,7.6%,124,NORMAL,366.5,0.0,0.5,0.5,False,5.47,74.53
1768801269.24,2026-01-19 11:11:09,6,16,34,7.6%,124,NORMAL,362.1,0.0,0.5,0.5,False,4.71,75.29
1768801271.85,2026-01-19 11:11:11,7,16,34,7.5%,124,NORMAL,357.9,0.0,0.5,0.5,False,5.47,74.53
1768801274.60,2026-01-19 11:11:14,8,16,34,7.5%,124,NORMAL,353.8,0.0,0.5,0.5,False,6.23,73.77
1768801277.27,2026-01-19 11:11:17,7,16,34,7.5%,124,NORMAL,349.7,0.0,0.5,0.5,False,5.47,74.53
1768801279.80,2026-01-19 11:11:19,7,16,34,7.6%,124,NORMAL,345.8,0.0,0.5,0.5,False,5.47,74.53
1768801282.21,2026-01-19 11:11:22,7,16,34,7.6%,124,NORMAL,341.9,0.0,0.5,0.5,False,5.47,74.53
1768801284.71,2026-01-19 11:11:24,6,16,34,7.5%,124,NORMAL,338.1,0.0,0.5,0.5,False,4.71,75.29
1768801287.02,2026-01-19 11:11:27,7,16,34,7.5%,124,NORMAL,334.4,0.0,0.5,0.5,False,5.47,74.53
1768801289.53,2026-01-19 11:11:29,8,16,34,7.5%,124,NORMAL,330.8,0.0,0.5,0.5,False,6.23,73.77
1768801291.85,2026-01-19 11:11:31,7,16,34,7.5%,124,NORMAL,327.3,0.0,0.5,0.5,False,5.47,74.53
1768801294.33,2026-01-19 11:11:34,9,16,34,7.5%,124,NORMAL,323.8,0.0,0.5,0.5,False,6.99,73.01
1768801296.96,2026-01-19 11:11:36,8,16,34,7.6%,124,NORMAL,320.4,0.0,0.4,0.4,False,6.23,73.77
1768801299.39,2026-01-19 11:11:39,9,16,35,7.6%,124,NORMAL,326.4,0.0,0.4,0.4,False,6.99,73.01
1768801301.88,2026-01-19 11:11:41,9,16,35,7.6%,124,NORMAL,323.1,0.0,0.4,0.4,False,6.99,73.01
1768801304.46,2026-01-19 11:11:44,9,16,35,7.5%,124,NORMAL,319.8,0.0,0.4,0.4,False,6.99,73.01
1768801306.94,2026-01-19 11:11:46,8,16,36,7.5%,124,NORMAL,325.6,0.0,0.4,0.4,False,6.23,73.77
1768801309.33,2026-01-19 11:11:49,10,16,36,7.5%,124,NORMAL,322.4,0.0,0.4,0.4,False,7.74,72.26
1768801311.59,2026-01-19 11:11:51,11,16,36,7.5%,124,NORMAL,319.2,0.0,0.4,0.4,False,8.49,71.51
1768801314.05,2026-01-19 11:11:54,10,16,37,7.5%,124,NORMAL,324.9,0.0,0.4,0.4,False,7.74,72.26
1768801316.53,2026-01-19 11:11:56,10,16,38,7.6%,124,NORMAL,330.4,0.0,0.4,0.4,False,7.74,72.26
1768801319.07,2026-01-19 11:11:59,10,16,39,7.7%,124,NORMAL,335.9,0.0,0.4,0.4,False,7.74,72.26
1768801321.61,2026-01-19 11:12:01,11,16,39,7.8%,124,NORMAL,332.7,0.0,0.4,0.4,False,8.49,71.51
1768801324.28,2026-01-19 11:12:04,13,16,39,8.0%,124,NORMAL,329.6,0.0,0.4,0.4,False,9.96,70.04
1768801326.83,2026-01-19 11:12:06,11,16,39,8.1%,124,NORMAL,326.5,0.0,0.4,0.4,False,8.49,71.51
1768801329.12,2026-01-19 11:12:09,11,16,40,8.2%,124,NORMAL,331.8,0.0,0.4,0.4,False,8.49,71.51
1768801331.46,2026-01-19 11:12:11,10,16,40,8.3%,124,NORMAL,328.8,0.0,0.4,0.4,False,7.74,72.26
1768801333.85,2026-01-19 11:12:13,10,16,40,8.4%,124,NORMAL,325.8,0.0,0.4,0.4,False,7.74,72.26
1768801336.06,2026-01-19 11:12:16,11,16,40,8.6%,124,NORMAL,322.9,0.0,0.4,0.4,False,8.49,71.51
1768801338.41,2026-01-19 11:12:18,12,16,40,8.7%,124,NORMAL,320.0,0.0,0.4,0.4,False,9.23,70.77
1768801340.65,2026-01-19 11:12:20,12,16,40,8.9%,124,NORMAL,317.2,0.0,0.4,0.4,False,9.23,70.77
1768801342.90,2026-01-19 11:12:22,13,16,41,9.1%,124,NORMAL,322.3,0.0,0.4,0.4,False,9.96,70.04
1768801345.31,2026-01-19 11:12:25,13,16,41,9.3%,124,NORMAL,319.5,0.0,0.4,0.4,False,9.96,70.04
1768801347.70,2026-01-19 11:12:27,13,16,42,9.4%,124,NORMAL,324.5,0.0,0.4,0.4,False,9.96,70.04
1768801350.20,2026-01-19 11:12:30,12,16,42,9.6%,124,NORMAL,321.7,0.0,0.4,0.4,False,9.23,70.77
1768801352.69,2026-01-19 11:12:32,12,16,42,9.7%,124,NORMAL,319.0,0.0,0.4,0.4,False,9.23,70.77
1768801356.77,2026-01-19 11:12:36,12,16,42,9.9%,124,NORMAL,316.3,0.0,0.4,0.4,False,9.23,70.77
1768801360.94,2026-01-19 11:12:40,12,16,42,10.1%,124,NORMAL,313.7,0.0,0.4,0.4,False,9.23,70.77
1768801363.99,2026-01-19 11:12:43,13,16,42,10.3%,124,NORMAL,311.1,0.0,0.4,0.4,False,9.96,70.04
1768801367.16,2026-01-19 11:12:47,13,16,42,10.4%,124,NORMAL,308.6,0.0,0.4,0.4,False,9.96,70.04
1768801370.74,2026-01-19 11:12:50,12,16,43,10.6%,124,NORMAL,313.4,0.0,0.4,0.4,False,9.23,70.77
1768801374.39,2026-01-19 11:12:54,11,16,43,10.6%,124,NORMAL,310.8,0.0,0.4,0.4,False,8.49,71.51
1768801377.02,2026-01-19 11:12:57,13,16,43,10.8%,124,NORMAL,308.4,0.0,0.4,0.4,False,9.96,70.04
1768801379.95,2026-01-19 11:12:59,15,16,43,11.0%,124,NORMAL,305.9,0.0,0.4,0.4,False,11.42,68.58
1768801382.31,2026-01-19 11:13:02,15,16,47,11.2%,124,NORMAL,331.8,0.0,0.4,0.4,False,11.42,68.58
1768801384.78,2026-01-19 11:13:04,15,16,49,11.3%,124,NORMAL,343.2,0.0,0.4,0.4,False,11.42,68.58
1768801387.11,2026-01-19 11:13:07,15,16,49,11.6%,124,NORMAL,340.5,0.0,0.4,0.4,False,11.42,68.58
1768801389.64,2026-01-19 11:13:09,15,16,49,11.7%,124,NORMAL,337.9,0.0,0.4,0.4,False,11.42,68.58
1768801391.90,2026-01-19 11:13:11,14,16,49,11.8%,124,NORMAL,335.4,0.0,0.4,0.4,False,10.69,69.31
1768801394.41,2026-01-19 11:13:14,13,16,49,11.9%,124,NORMAL,332.8,0.0,0.4,0.4,False,9.96,70.04
1768801397.10,2026-01-19 11:13:17,14,16,49,12.0%,124,NORMAL,330.3,0.0,0.4,0.4,False,10.69,69.31
1768801399.61,2026-01-19 11:13:19,14,16,49,12.1%,124,NORMAL,327.9,0.0,0.4,0.4,False,10.69,69.31
1768801402.17,2026-01-19 11:13:22,14,16,49,12.2%,124,NORMAL,325.5,0.0,0.4,0.4,False,10.69,69.31
1768801404.69,2026-01-19 11:13:24,12,16,49,12.2%,124,NORMAL,323.1,0.0,0.4,0.4,False,9.23,70.77
1768801407.14,2026-01-19 11:13:27,12,16,49,12.2%,124,NORMAL,320.7,0.0,0.4,0.4,False,9.23,70.77
1768801409.93,2026-01-19 11:13:29,11,16,49,12.2%,124,NORMAL,318.4,0.0,0.4,0.4,False,8.49,71.51
1768801412.46,2026-01-19 11:13:32,12,16,49,12.3%,124,NORMAL,316.1,0.0,0.4,0.4,False,9.23,70.77
1768801414.92,2026-01-19 11:13:34,14,16,49,12.4%,124,NORMAL,313.9,0.0,0.4,0.4,False,10.69,69.31
1768801417.27,2026-01-19 11:13:37,14,16,50,12.5%,124,NORMAL,318.0,0.0,0.4,0.4,False,10.69,69.31
1768801419.68,2026-01-19 11:13:39,16,16,50,12.6%,124,NORMAL,315.8,0.0,0.4,0.4,False,12.14,67.86
1768801422.04,2026-01-19 11:13:42,15,16,50,12.7%,124,NORMAL,313.6,0.0,0.4,0.4,False,11.42,68.58
1768801424.41,2026-01-19 11:13:44,14,16,51,12.8%,124,NORMAL,317.6,0.0,0.4,0.4,False,10.69,69.31
1768801426.79,2026-01-19 11:13:46,13,16,51,12.8%,124,NORMAL,315.5,0.0,0.4,0.4,False,9.96,70.04
1768801429.25,2026-01-19 11:13:49,14,16,51,12.8%,124,NORMAL,313.3,0.0,0.4,0.4,False,10.69,69.31
1768801431.66,2026-01-19 11:13:51,13,16,51,12.8%,124,NORMAL,311.2,0.0,0.4,0.4,False,9.96,70.04
1768801434.02,2026-01-19 11:13:54,13,16,51,12.8%,124,NORMAL,309.1,0.0,0.4,0.4,False,9.96,70.04
1768801436.55,2026-01-19 11:13:56,13,16,51,12.9%,124,NORMAL,307.0,0.0,0.4,0.4,False,9.96,70.04
1768801439.24,2026-01-19 11:13:59,13,16,51,12.9%,124,NORMAL,305.0,0.0,0.4,0.4,False,9.96,70.04
1768801441.96,2026-01-19 11:14:01,14,16,52,12.9%,124,NORMAL,308.9,0.0,0.4,0.4,False,10.69,69.31
1768801444.39,2026-01-19 11:14:04,15,16,52,13.0%,124,NORMAL,306.9,0.0,0.4,0.4,False,11.42,68.58
1768801447.05,2026-01-19 11:14:07,16,16,52,13.1%,124,NORMAL,304.9,0.0,0.4,0.4,False,12.14,67.86
1768801449.43,2026-01-19 11:14:09,14,16,53,13.2%,124,NORMAL,308.7,0.0,0.4,0.4,False,10.69,69.31
1768801451.76,2026-01-19 11:14:11,15,16,53,13.3%,124,NORMAL,306.8,0.0,0.4,0.4,False,11.42,68.58
1768801454.12,2026-01-19 11:14:14,17,17,53,13.3%,124,NORMAL,304.8,0.0,0.4,0.4,False,12.85,67.15
1768801456.57,2026-01-19 11:14:16,17,17,54,13.4%,124,NORMAL,308.6,0.0,0.4,0.4,False,12.85,67.15
1768801459.10,2026-01-19 11:14:19,16,17,55,13.4%,124,NORMAL,312.3,0.0,0.4,0.4,False,12.14,67.86
1768801461.51,2026-01-19 11:14:21,17,17,55,13.5%,124,NORMAL,310.3,0.0,0.4,0.4,False,12.85,67.15
1768801464.00,2026-01-19 11:14:23,17,17,55,13.5%,124,NORMAL,308.4,0.0,0.4,0.4,False,12.85,67.15
1768801467.31,2026-01-19 11:14:27,18,18,56,13.7%,124,NORMAL,312.1,0.0,0.4,0.4,False,13.56,66.44
1768801470.48,2026-01-19 11:14:30,18,18,57,13.8%,124,NORMAL,315.7,0.0,0.4,0.4,False,13.56,66.44
1768801473.03,2026-01-19 11:14:33,17,18,57,13.9%,124,NORMAL,313.8,0.0,0.4,0.4,False,12.85,67.15
1768801475.39,2026-01-19 11:14:35,18,18,57,14.0%,124,NORMAL,311.9,0.0,0.4,0.4,False,13.56,66.44
1768801477.75,2026-01-19 11:14:37,19,19,57,14.2%,124,NORMAL,310.0,0.0,0.4,0.4,False,14.27,65.73
1768801480.15,2026-01-19 11:14:40,19,19,58,14.4%,124,NORMAL,313.5,0.0,0.4,0.4,False,14.27,65.73
1768801482.48,2026-01-19 11:14:42,16,19,58,14.5%,124,NORMAL,311.6,0.0,0.4,0.4,False,12.14,67.86
1768801484.98,2026-01-19 11:14:44,18,19,58,14.7%,124,NORMAL,309.8,0.0,0.4,0.4,False,13.56,66.44
1768801487.38,2026-01-19 11:14:47,18,19,59,14.9%,124,NORMAL,313.3,0.0,0.4,0.4,False,13.56,66.44
1768801489.73,2026-01-19 11:14:49,17,19,59,15.0%,124,NORMAL,311.4,0.0,0.4,0.4,False,12.85,67.15
1768801492.35,2026-01-19 11:14:52,17,19,60,15.1%,124,NORMAL,314.9,0.0,0.4,0.4,False,12.85,67.15
1768801495.13,2026-01-19 11:14:55,17,19,60,15.1%,124,NORMAL,313.0,0.0,0.4,0.4,False,12.85,67.15
1768801498.08,2026-01-19 11:14:58,16,19,61,15.1%,124,NORMAL,316.4,0.0,0.4,0.4,False,12.14,67.86
1768801501.55,2026-01-19 11:15:01,16,19,61,15.2%,124,NORMAL,314.6,0.0,0.4,0.4,False,12.14,67.86
1768801504.31,2026-01-19 11:15:04,17,19,61,15.3%,124,NORMAL,312.8,0.0,0.4,0.4,False,12.85,67.15
1768801507.60,2026-01-19 11:15:07,17,19,61,15.4%,124,NORMAL,311.0,0.0,0.4,0.4,False,12.85,67.15
1768801510.92,2026-01-19 11:15:10,18,19,62,15.6%,124,NORMAL,314.4,0.0,0.4,0.4,False,13.56,66.44
1768801514.31,2026-01-19 11:15:14,15,19,62,15.6%,124,NORMAL,312.6,0.0,0.4,0.4,False,11.42,68.58
1768801518.05,2026-01-19 11:15:18,16,19,62,15.7%,124,NORMAL,310.9,0.0,0.4,0.4,False,12.14,67.86
1768801521.46,2026-01-19 11:15:21,16,19,63,15.8%,124,NORMAL,314.1,0.0,0.4,0.4,False,12.14,67.86
1768801524.11,2026-01-19 11:15:24,16,19,63,15.9%,124,NORMAL,312.4,0.0,0.4,0.4,False,12.14,67.86
1768801527.01,2026-01-19 11:15:27,17,19,63,15.9%,124,NORMAL,310.7,0.0,0.4,0.4,False,12.85,67.15
1768801530.48,2026-01-19 11:15:30,15,19,63,15.9%,124,NORMAL,309.0,0.0,0.4,0.4,False,11.42,68.58
1768801533.24,2026-01-19 11:15:33,15,19,63,15.9%,124,NORMAL,307.3,0.0,0.4,0.4,False,11.42,68.58
1768801536.41,2026-01-19 11:15:36,15,19,63,15.9%,124,NORMAL,305.7,0.0,0.4,0.4,False,11.42,68.58
1768801539.26,2026-01-19 11:15:39,15,19,63,15.9%,124,NORMAL,304.0,0.0,0.4,0.4,False,11.42,68.58
1768801543.87,2026-01-19 11:15:43,15,19,63,15.8%,124,NORMAL,302.4,0.0,0.4,0.4,False,11.42,68.58
1768801546.78,2026-01-19 11:15:46,14,19,63,15.7%,124,NORMAL,300.8,0.0,0.4,0.4,False,10.69,69.31
1768801549.35,2026-01-19 11:15:49,14,19,63,15.6%,124,NORMAL,299.2,0.0,0.4,0.4,False,10.69,69.31
1768801552.09,2026-01-19 11:15:52,17,19,64,15.6%,124,NORMAL,302.4,0.0,0.4,0.4,False,12.85,67.15
1768801554.99,2026-01-19 11:15:54,16,19,65,15.6%,124,NORMAL,305.5,0.0,0.4,0.4,False,12.14,67.86
1768801557.55,2026-01-19 11:15:57,15,19,65,15.5%,124,NORMAL,303.9,0.0,0.4,0.4,False,11.42,68.58
1768801560.11,2026-01-19 11:16:00,14,19,65,15.4%,124,NORMAL,302.3,0.0,0.4,0.4,False,10.69,69.31
1768801562.83,2026-01-19 11:16:02,16,19,65,15.3%,124,NORMAL,300.8,0.0,0.4,0.4,False,12.14,67.86
1768801565.35,2026-01-19 11:16:05,12,19,65,15.1%,124,NORMAL,299.2,0.0,0.4,0.4,False,9.23,70.77
1768801568.44,2026-01-19 11:16:08,13,19,65,15.0%,124,NORMAL,297.7,0.0,0.4,0.4,False,9.96,70.04
1768801572.29,2026-01-19 11:16:12,13,19,65,14.9%,124,NORMAL,296.2,0.0,0.4,0.4,False,9.96,70.04
1768801575.37,2026-01-19 11:16:15,16,19,67,14.8%,124,NORMAL,303.8,0.0,0.4,0.4,False,12.14,67.86
1768801578.56,2026-01-19 11:16:18,15,19,68,14.7%,124,NORMAL,306.8,0.0,0.4,0.4,False,11.42,68.58
1768801582.14,2026-01-19 11:16:22,11,19,69,14.5%,124,NORMAL,309.7,0.0,0.4,0.4,False,8.49,71.51
1768801585.39,2026-01-19 11:16:25,11,19,69,14.4%,124,NORMAL,308.2,0.0,0.4,0.4,False,8.49,71.51
1768801588.81,2026-01-19 11:16:28,12,19,69,14.2%,124,NORMAL,306.7,0.0,0.4,0.4,False,9.23,70.77
1768801592.24,2026-01-19 11:16:32,12,19,69,14.1%,124,NORMAL,305.2,0.0,0.4,0.4,False,9.23,70.77
1768801595.52,2026-01-19 11:16:35,12,19,69,14.0%,124,NORMAL,303.7,0.0,0.4,0.4,False,9.23,70.77
1768801598.91,2026-01-19 11:16:38,13,19,69,13.8%,124,NORMAL,302.2,0.0,0.4,0.4,False,9.96,70.04
1768801602.42,2026-01-19 11:16:42,13,19,70,13.7%,124,NORMAL,305.1,0.0,0.4,0.4,False,9.96,70.04
1768801605.90,2026-01-19 11:16:45,12,19,70,13.5%,124,NORMAL,303.6,0.0,0.4,0.4,False,9.23,70.77
1768801609.29,2026-01-19 11:16:49,11,19,70,13.4%,124,NORMAL,302.2,0.0,0.4,0.4,False,8.49,71.51
1768801612.72,2026-01-19 11:16:52,9,19,70,13.2%,124,NORMAL,300.7,0.0,0.4,0.4,False,6.99,73.01
1768801617.21,2026-01-19 11:16:57,12,19,70,13.1%,124,NORMAL,299.3,0.0,0.4,0.4,False,9.23,70.77
1768801622.09,2026-01-19 11:17:02,11,19,70,12.9%,124,NORMAL,297.9,0.0,0.4,0.4,False,8.49,71.51
1768801627.02,2026-01-19 11:17:07,8,19,70,12.7%,124,NORMAL,296.5,0.0,0.4,0.4,False,6.23,73.77
1768801632.09,2026-01-19 11:17:12,9,19,70,12.5%,124,NORMAL,295.1,0.0,0.4,0.4,False,6.99,73.01
1768801635.58,2026-01-19 11:17:15,9,19,70,12.3%,124,NORMAL,293.7,0.0,0.4,0.4,False,6.99,73.01
1768801638.96,2026-01-19 11:17:18,8,19,70,12.1%,124,NORMAL,292.3,0.0,0.4,0.4,False,6.23,73.77
1768801642.74,2026-01-19 11:17:22,6,19,70,11.8%,124,NORMAL,291.0,0.0,0.4,0.4,False,4.71,75.29
1768801646.63,2026-01-19 11:17:26,8,19,70,11.6%,124,NORMAL,289.7,0.0,0.4,0.4,False,6.23,73.77
1768801650.21,2026-01-19 11:17:30,11,19,71,11.5%,124,NORMAL,292.4,0.0,0.4,0.4,False,8.49,71.51
1768801653.52,2026-01-19 11:17:33,11,19,71,11.4%,124,NORMAL,291.1,0.0,0.4,0.4,False,8.49,71.51
1768801657.15,2026-01-19 11:17:37,10,19,72,11.2%,124,NORMAL,293.9,0.0,0.4,0.4,False,7.74,72.26
1768801660.83,2026-01-19 11:17:40,9,19,72,11.0%,124,NORMAL,292.6,0.0,0.4,0.4,False,6.99,73.01
1768801664.61,2026-01-19 11:17:44,9,19,72,10.8%,124,NORMAL,291.2,0.0,0.4,0.4,False,6.99,73.01
1768801668.10,2026-01-19 11:17:48,11,19,72,10.7%,124,NORMAL,289.9,0.0,0.4,0.4,False,8.49,71.51
1768801671.58,2026-01-19 11:17:51,8,19,72,10.4%,124,NORMAL,288.6,0.0,0.4,0.4,False,6.23,73.77
1768801675.09,2026-01-19 11:17:55,10,19,73,10.4%,124,NORMAL,291.4,0.0,0.4,0.4,False,7.74,72.26
1768801678.77,2026-01-19 11:17:58,8,19,73,10.2%,124,NORMAL,290.1,0.0,0.4,0.4,False,6.23,73.77
1768801682.55,2026-01-19 11:18:02,7,19,73,10.0%,124,NORMAL,288.8,0.0,0.4,0.4,False,5.47,74.53
1768801685.89,2026-01-19 11:18:05,7,19,74,9.8%,124,NORMAL,291.5,0.0,0.4,0.4,False,5.47,74.53
1768801689.71,2026-01-19 11:18:09,8,19,74,9.5%,124,NORMAL,290.2,0.0,0.4,0.4,False,6.23,73.77
1768801693.16,2026-01-19 11:18:13,8,19,74,9.4%,124,NORMAL,288.9,0.0,0.4,0.4,False,6.23,73.77
1768801696.81,2026-01-19 11:18:16,8,19,74,9.4%,124,NORMAL,287.7,0.0,0.4,0.4,False,6.23,73.77
1768801700.57,2026-01-19 11:18:20,7,19,74,9.2%,124,NORMAL,286.5,0.0,0.4,0.4,False,5.47,74.53
1768801704.14,2026-01-19 11:18:24,6,19,74,9.0%,124,NORMAL,285.2,0.0,0.4,0.4,False,4.71,75.29
1768801708.03,2026-01-19 11:18:28,8,19,74,8.9%,124,NORMAL,284.0,0.0,0.4,0.4,False,6.23,73.77
1768801711.46,2026-01-19 11:18:31,11,19,75,8.8%,124,NORMAL,286.6,0.0,0.4,0.4,False,8.49,71.51
1768801715.54,2026-01-19 11:18:35,9,19,76,8.7%,124,NORMAL,289.2,0.0,0.3,0.3,False,6.99,73.01
1768801718.88,2026-01-19 11:18:38,9,19,77,8.6%,124,NORMAL,291.8,0.0,0.3,0.3,False,6.99,73.01
1768801722.17,2026-01-19 11:18:42,10,19,77,8.6%,124,NORMAL,290.6,0.0,0.3,0.3,False,7.74,72.26
1768801725.59,2026-01-19 11:18:45,10,19,77,8.6%,124,NORMAL,289.4,0.0,0.3,0.3,False,7.74,72.26
1768801729.74,2026-01-19 11:18:49,14,19,77,8.7%,124,NORMAL,288.1,0.0,0.3,0.3,False,10.69,69.31
1768801734.74,2026-01-19 11:18:54,12,19,77,8.7%,124,NORMAL,287.0,0.0,0.3,0.3,False,9.23,70.77
1768801738.37,2026-01-19 11:18:58,11,19,78,8.8%,124,NORMAL,289.5,0.0,0.3,0.3,False,8.49,71.51
1768801741.78,2026-01-19 11:19:01,11,19,78,8.9%,124,NORMAL,288.3,0.0,0.3,0.3,False,8.49,71.51
1768801745.36,2026-01-19 11:19:05,11,19,78,8.9%,124,NORMAL,287.1,0.0,0.3,0.3,False,8.49,71.51
1768801749.07,2026-01-19 11:19:09,12,19,79,9.0%,124,NORMAL,289.6,0.0,0.3,0.3,False,9.23,70.77
1768801752.85,2026-01-19 11:19:12,13,19,79,9.3%,124,NORMAL,288.4,0.0,0.3,0.3,False,9.96,70.04
1768801756.28,2026-01-19 11:19:16,14,19,80,9.4%,124,NORMAL,290.9,0.0,0.3,0.3,False,10.69,69.31
1768801760.13,2026-01-19 11:19:20,13,19,80,9.5%,124,NORMAL,289.7,0.0,0.3,0.3,False,9.96,70.04
1768801763.79,2026-01-19 11:19:23,13,19,81,9.6%,124,NORMAL,292.2,0.0,0.3,0.3,False,9.96,70.04
1768801767.70,2026-01-19 11:19:27,14,19,81,9.7%,124,NORMAL,291.0,0.0,0.3,0.3,False,10.69,69.31
1768801771.84,2026-01-19 11:19:31,12,19,81,9.8%,124,NORMAL,289.9,0.0,0.3,0.3,False,9.23,70.77
1768801775.65,2026-01-19 11:19:35,14,19,82,9.9%,124,NORMAL,292.3,0.0,0.3,0.3,False,10.69,69.31
1768801779.97,2026-01-19 11:19:39,13,19,82,10.0%,124,NORMAL,291.1,0.0,0.3,0.3,False,9.96,70.04
1768801784.03,2026-01-19 11:19:44,12,19,82,10.1%,124,NORMAL,290.0,0.0,0.3,0.3,False,9.23,70.77
1768801787.71,2026-01-19 11:19:47,12,19,82,10.2%,124,NORMAL,288.8,0.0,0.3,0.3,False,9.23,70.77
1768801791.70,2026-01-19 11:19:51,13,19,82,10.3%,124,NORMAL,287.7,0.0,0.3,0.3,False,9.96,70.04
1768801795.58,2026-01-19 11:19:55,14,19,82,10.6%,124,NORMAL,286.6,0.0,0.3,0.3,False,10.69,69.31
1768801799.40,2026-01-19 11:19:59,15,19,83,10.8%,124,NORMAL,289.0,0.0,0.3,0.3,False,11.42,68.58
1768801803.44,2026-01-19 11:20:03,14,19,83,11.0%,124,NORMAL,287.9,0.0,0.3,0.3,False,10.69,69.31
1768801807.19,2026-01-19 11:20:07,15,19,84,11.2%,124,NORMAL,290.2,0.0,0.3,0.3,False,11.42,68.58
1768801811.45,2026-01-19 11:20:11,13,19,84,11.4%,124,NORMAL,289.1,0.0,0.3,0.3,False,9.96,70.04
1768801815.33,2026-01-19 11:20:15,13,19,85,11.6%,124,NORMAL,291.4,0.0,0.3,0.3,False,9.96,70.04
1768801819.28,2026-01-19 11:20:19,15,19,85,11.8%,124,NORMAL,290.3,0.0,0.3,0.3,False,11.42,68.58
1768801823.73,2026-01-19 11:20:23,15,19,85,12.0%,124,NORMAL,289.2,0.0,0.3,0.3,False,11.42,68.58
1768801827.99,2026-01-19 11:20:27,13,19,85,12.1%,124,NORMAL,288.1,0.0,0.3,0.3,False,9.96,70.04
1768801831.91,2026-01-19 11:20:31,12,19,85,12.2%,124,NORMAL,287.1,0.0,0.3,0.3,False,9.23,70.77
1768801837.14,2026-01-19 11:20:37,12,19,85,12.3%,124,NORMAL,286.0,0.0,0.3,0.3,False,9.23,70.77
1768801841.62,2026-01-19 11:20:41,14,19,86,12.4%,124,NORMAL,288.3,0.0,0.3,0.3,False,10.69,69.31
1768801845.75,2026-01-19 11:20:45,14,19,86,12.5%,124,NORMAL,287.2,0.0,0.3,0.3,False,10.69,69.31
1768801849.81,2026-01-19 11:20:49,12,19,86,12.5%,124,NORMAL,286.1,0.0,0.3,0.3,False,9.23,70.77
1768801854.48,2026-01-19 11:20:54,10,19,86,12.4%,124,NORMAL,285.1,0.0,0.3,0.3,False,7.74,72.26
1768801859.97,2026-01-19 11:20:59,11,19,86,12.4%,124,NORMAL,284.0,0.0,0.3,0.3,False,8.49,71.51
1768801864.83,2026-01-19 11:21:04,12,19,86,12.4%,124,NORMAL,283.0,0.0,0.3,0.3,False,9.23,70.77
1768801869.17,2026-01-19 11:21:09,14,19,88,12.5%,124,NORMAL,288.5,0.0,0.3,0.3,False,10.69,69.31
1768801872.33,2026-01-19 11:21:12,15,19,88,12.6%,124,NORMAL,287.5,0.0,0.3,0.3,False,11.42,68.58
1768801875.20,2026-01-19 11:21:15,12,19,89,12.6%,124,NORMAL,289.7,0.0,0.3,0.3,False,9.23,70.77
1768801877.83,2026-01-19 11:21:17,14,19,90,12.6%,124,NORMAL,291.9,0.0,0.3,0.3,False,10.69,69.31
1768801880.44,2026-01-19 11:21:20,13,19,91,12.6%,124,NORMAL,294.1,0.0,0.3,0.3,False,9.96,70.04
1768801883.02,2026-01-19 11:21:23,14,19,91,12.6%,124,NORMAL,293.0,0.0,0.3,0.3,False,10.69,69.31
1768801885.88,2026-01-19 11:21:25,13,19,91,12.6%,124,NORMAL,292.0,0.0,0.3,0.3,False,9.96,70.04
1768801888.47,2026-01-19 11:21:28,14,19,91,12.7%,124,NORMAL,290.9,0.0,0.3,0.3,False,10.69,69.31
1768801891.23,2026-01-19 11:21:31,15,19,91,12.7%,124,NORMAL,289.9,0.0,0.3,0.3,False,11.42,68.58
1768801893.87,2026-01-19 11:21:33,15,19,91,12.8%,124,NORMAL,288.9,0.0,0.3,0.3,False,11.42,68.58
1768801896.67,2026-01-19 11:21:36,12,19,92,12.8%,124,NORMAL,291.0,0.0,0.3,0.3,False,9.23,70.77
1768801899.25,2026-01-19 11:21:39,10,19,92,12.7%,124,NORMAL,290.0,0.0,0.3,0.3,False,7.74,72.26
1768801901.84,2026-01-19 11:21:41,11,19,92,12.6%,124,NORMAL,289.0,0.0,0.3,0.3,False,8.49,71.51
1768801904.69,2026-01-19 11:21:44,14,19,93,12.6%,124,NORMAL,291.1,0.0,0.3,0.3,False,10.69,69.31
1768801908.00,2026-01-19 11:21:47,13,19,93,12.6%,124,NORMAL,290.1,0.0,0.3,0.3,False,9.96,70.04
1768801910.70,2026-01-19 11:21:50,13,19,94,12.5%,124,NORMAL,292.2,0.0,0.3,0.3,False,9.96,70.04
1768801913.29,2026-01-19 11:21:53,13,19,95,12.5%,124,NORMAL,294.3,0.0,0.3,0.3,False,9.96,70.04
1768801916.07,2026-01-19 11:21:56,13,19,95,12.5%,124,NORMAL,293.3,0.0,0.3,0.3,False,9.96,70.04
1768801918.80,2026-01-19 11:21:58,12,19,95,12.4%,124,NORMAL,292.3,0.0,0.3,0.3,False,9.23,70.77
1768801921.47,2026-01-19 11:22:01,12,19,96,12.4%,124,NORMAL,294.4,0.0,0.3,0.3,False,9.23,70.77
1768801924.12,2026-01-19 11:22:04,14,19,96,12.3%,124,NORMAL,293.4,0.0,0.3,0.3,False,10.69,69.31
1768801927.54,2026-01-19 11:22:07,13,19,96,12.3%,124,NORMAL,292.4,0.0,0.3,0.3,False,9.96,70.04
1768801930.66,2026-01-19 11:22:10,13,19,96,12.4%,124,NORMAL,291.4,0.0,0.3,0.3,False,9.96,70.04
1768801933.52,2026-01-19 11:22:13,13,19,96,12.4%,124,NORMAL,290.4,0.0,0.3,0.3,False,9.96,70.04
1768801936.14,2026-01-19 11:22:16,12,19,96,12.3%,124,NORMAL,289.4,0.0,0.3,0.3,False,9.23,70.77
1768801938.82,2026-01-19 11:22:18,13,19,96,12.3%,124,NORMAL,288.5,0.0,0.3,0.3,False,9.96,70.04
1768801941.55,2026-01-19 11:22:21,11,19,96,12.3%,124,NORMAL,287.5,0.0,0.3,0.3,False,8.49,71.51
1768801944.31,2026-01-19 11:22:24,15,19,96,12.4%,124,NORMAL,286.6,0.0,0.3,0.3,False,11.42,68.58
1768801946.91,2026-01-19 11:22:26,13,19,96,12.5%,124,NORMAL,285.6,0.0,0.3,0.3,False,9.96,70.04
1768801949.54,2026-01-19 11:22:29,13,19,96,12.5%,124,NORMAL,284.7,0.0,0.3,0.3,False,9.96,70.04
1768801952.27,2026-01-19 11:22:32,14,19,97,12.5%,124,NORMAL,286.7,0.0,0.3,0.3,False,10.69,69.31
1768801954.93,2026-01-19 11:22:34,13,19,98,12.5%,124,NORMAL,288.7,0.0,0.3,0.3,False,9.96,70.04
1768801957.50,2026-01-19 11:22:37,13,19,98,12.5%,124,NORMAL,287.8,0.0,0.3,0.3,False,9.96,70.04
1768801960.15,2026-01-19 11:22:40,12,19,98,12.4%,124,NORMAL,286.8,0.0,0.3,0.3,False,9.23,70.77
1768801963.00,2026-01-19 11:22:42,12,19,98,12.4%,124,NORMAL,285.9,0.0,0.3,0.3,False,9.23,70.77
1768801965.77,2026-01-19 11:22:45,11,19,98,12.3%,124,NORMAL,285.0,0.0,0.3,0.3,False,8.49,71.51
1768801968.48,2026-01-19 11:22:48,11,19,98,12.2%,124,NORMAL,284.1,0.0,0.3,0.3,False,8.49,71.51
1768801971.14,2026-01-19 11:22:51,10,19,98,12.1%,124,NORMAL,283.1,0.0,0.3,0.3,False,7.74,72.26
1768801973.79,2026-01-19 11:22:53,10,19,98,12.0%,124,NORMAL,282.2,0.0,0.3,0.3,False,7.74,72.26
1768801976.85,2026-01-19 11:22:56,9,19,98,11.8%,124,NORMAL,281.3,0.0,0.3,0.3,False,6.99,73.01
1768801979.87,2026-01-19 11:22:59,9,19,98,11.7%,124,NORMAL,280.4,0.0,0.3,0.3,False,6.99,73.01
1768801982.56,2026-01-19 11:23:02,10,19,98,11.7%,124,NORMAL,279.6,0.0,0.3,0.3,False,7.74,72.26
1768801985.22,2026-01-19 11:23:05,10,19,98,11.7%,124,NORMAL,278.7,0.0,0.3,0.3,False,7.74,72.26
1768801987.85,2026-01-19 11:23:07,10,19,98,11.5%,124,NORMAL,277.8,0.0,0.3,0.3,False,7.74,72.26
1768801990.90,2026-01-19 11:23:10,12,19,98,11.5%,124,NORMAL,276.9,0.0,0.3,0.3,False,9.23,70.77
1768801993.95,2026-01-19 11:23:13,13,19,98,11.5%,124,NORMAL,276.1,0.0,0.3,0.3,False,9.96,70.04
1768801996.57,2026-01-19 11:23:16,17,19,98,11.6%,124,NORMAL,275.2,0.0,0.3,0.3,False,12.85,67.15
1768801999.61,2026-01-19 11:23:19,15,19,98,11.7%,124,NORMAL,274.3,0.0,0.3,0.3,False,11.42,68.58
1768802002.78,2026-01-19 11:23:22,15,19,100,11.8%,124,NORMAL,279.1,0.0,0.3,0.3,False,11.42,68.58
1768802005.96,2026-01-19 11:23:25,15,19,100,11.9%,124,NORMAL,278.2,0.0,0.3,0.3,False,11.42,68.58
1768802008.85,2026-01-19 11:23:28,13,19,101,11.8%,124,NORMAL,280.1,0.0,0.3,0.3,False,9.96,70.04
1768802011.38,2026-01-19 11:23:31,14,19,101,11.9%,124,NORMAL,279.3,0.0,0.3,0.3,False,10.69,69.31
1768802014.01,2026-01-19 11:23:34,13,19,101,11.9%,124,NORMAL,278.4,0.0,0.3,0.3,False,9.96,70.04
1768802016.65,2026-01-19 11:23:36,11,19,101,11.8%,124,NORMAL,277.6,0.0,0.3,0.3,False,8.49,71.51
1768802019.83,2026-01-19 11:23:39,11,19,101,11.8%,124,NORMAL,276.7,0.0,0.3,0.3,False,8.49,71.51
1768802022.54,2026-01-19 11:23:42,10,19,101,11.7%,124,NORMAL,275.9,0.0,0.3,0.3,False,7.74,72.26
1768802025.28,2026-01-19 11:23:45,11,19,101,11.7%,124,NORMAL,275.0,0.0,0.3,0.3,False,8.49,71.51
1768802028.03,2026-01-19 11:23:48,14,19,102,11.6%,124,NORMAL,276.9,0.0,0.3,0.3,False,10.69,69.31
1768802030.69,2026-01-19 11:23:50,13,19,102,11.6%,124,NORMAL,276.1,0.0,0.3,0.3,False,9.96,70.04
1768802033.35,2026-01-19 11:23:53,13,19,102,11.6%,124,NORMAL,275.3,0.0,0.3,0.3,False,9.96,70.04
1768802036.25,2026-01-19 11:23:56,14,19,102,11.6%,124,NORMAL,274.4,0.0,0.3,0.3,False,10.69,69.31
1768802039.80,2026-01-19 11:23:59,16,19,102,11.7%,124,NORMAL,273.6,0.0,0.3,0.3,False,12.14,67.86
1768802042.53,2026-01-19 11:24:02,16,19,103,11.8%,124,NORMAL,275.5,0.0,0.3,0.3,False,12.14,67.86
1768802045.06,2026-01-19 11:24:05,16,19,104,11.9%,124,NORMAL,277.3,0.0,0.3,0.3,False,12.14,67.86
1768802047.70,2026-01-19 11:24:07,16,19,104,12.1%,124,NORMAL,276.5,0.0,0.3,0.3,False,12.14,67.86
1768802050.39,2026-01-19 11:24:10,16,19,104,12.2%,124,NORMAL,275.7,0.0,0.3,0.3,False,12.14,67.86
1768802053.18,2026-01-19 11:24:13,16,19,104,12.4%,124,NORMAL,274.9,0.0,0.3,0.3,False,12.14,67.86
1768802055.79,2026-01-19 11:24:15,16,19,104,12.6%,124,NORMAL,274.1,0.0,0.3,0.3,False,12.14,67.86
1768802058.31,2026-01-19 11:24:18,15,19,104,12.7%,124,NORMAL,273.3,0.0,0.3,0.3,False,11.42,68.58
1768802060.89,2026-01-19 11:24:20,14,19,104,12.9%,124,NORMAL,272.5,0.0,0.3,0.3,False,10.69,69.31
1768802063.52,2026-01-19 11:24:23,16,19,105,13.1%,124,NORMAL,274.3,0.0,0.3,0.3,False,12.14,67.86
1768802066.13,2026-01-19 11:24:26,16,19,105,13.3%,124,NORMAL,273.5,0.0,0.3,0.3,False,12.14,67.86
1768802068.65,2026-01-19 11:24:28,14,19,105,13.4%,124,NORMAL,272.7,0.0,0.3,0.3,False,10.69,69.31
1768802071.27,2026-01-19 11:24:31,15,19,106,13.5%,124,NORMAL,274.5,0.0,0.3,0.3,False,11.42,68.58
1768802073.80,2026-01-19 11:24:33,19,19,106,13.7%,124,NORMAL,273.7,0.0,0.3,0.3,False,14.27,65.73
1768802076.30,2026-01-19 11:24:36,19,19,107,13.9%,124,NORMAL,275.5,0.0,0.3,0.3,False,14.27,65.73
1768802079.67,2026-01-19 11:24:39,18,19,108,14.0%,124,NORMAL,277.3,0.0,0.3,0.3,False,13.56,66.44
1768802082.54,2026-01-19 11:24:42,18,19,108,14.0%,124,NORMAL,276.5,0.0,0.3,0.3,False,13.56,66.44
1768802085.46,2026-01-19 11:24:45,18,19,109,14.1%,124,NORMAL,278.3,0.0,0.3,0.3,False,13.56,66.44
1768802088.40,2026-01-19 11:24:48,20,20,109,14.3%,124,NORMAL,277.5,0.0,0.3,0.3,False,14.97,65.03
1768802091.41,2026-01-19 11:24:51,22,22,110,14.6%,124,NORMAL,279.3,0.0,0.3,0.3,False,16.35,63.65
1768802095.23,2026-01-19 11:24:55,19,22,112,14.7%,124,NORMAL,283.5,0.0,0.3,0.3,False,14.27,65.73
1768802097.69,2026-01-19 11:24:57,19,22,113,14.9%,124,NORMAL,285.3,0.0,0.3,0.3,False,14.27,65.73
1768802100.25,2026-01-19 11:25:00,20,22,113,15.1%,124,NORMAL,284.5,0.0,0.3,0.3,False,14.97,65.03
1768802102.72,2026-01-19 11:25:02,18,22,113,15.4%,124,NORMAL,283.7,0.0,0.3,0.3,False,13.56,66.44
1768802105.28,2026-01-19 11:25:05,20,22,113,15.7%,124,NORMAL,282.9,0.0,0.3,0.3,False,14.97,65.03
1768802107.87,2026-01-19 11:25:07,20,22,113,15.9%,124,NORMAL,282.1,0.0,0.3,0.3,False,14.97,65.03
1768802110.36,2026-01-19 11:25:10,19,22,113,16.1%,124,NORMAL,281.3,0.0,0.3,0.3,False,14.27,65.73
1768802112.81,2026-01-19 11:25:12,21,22,113,16.3%,124,NORMAL,280.6,0.0,0.3,0.3,False,15.66,64.34
1768802115.39,2026-01-19 11:25:15,20,22,113,16.5%,124,NORMAL,279.8,0.0,0.3,0.3,False,14.97,65.03
1768802118.33,2026-01-19 11:25:18,18,22,114,16.6%,124,NORMAL,281.5,0.0,0.3,0.3,False,13.56,66.44
1768802121.33,2026-01-19 11:25:21,20,22,114,16.8%,124,NORMAL,280.7,0.0,0.3,0.3,False,14.97,65.03
1768802124.21,2026-01-19 11:25:24,20,22,115,16.9%,124,NORMAL,282.4,0.0,0.3,0.3,False,14.97,65.03
1768802127.07,2026-01-19 11:25:27,19,22,117,17.0%,124,NORMAL,286.5,0.0,0.3,0.3,False,14.27,65.73
1768802130.02,2026-01-19 11:25:30,19,22,117,17.1%,124,NORMAL,285.8,0.0,0.3,0.3,False,14.27,65.73
1768802133.11,2026-01-19 11:25:33,16,22,117,17.1%,124,NORMAL,285.0,0.0,0.4,0.4,False,12.14,67.86
1768802135.69,2026-01-19 11:25:35,15,22,117,17.0%,124,NORMAL,284.2,0.0,0.4,0.4,False,11.42,68.58
1768802138.16,2026-01-19 11:25:38,18,22,118,17.1%,124,NORMAL,285.9,0.0,0.4,0.4,False,13.56,66.44
1768802140.80,2026-01-19 11:25:40,20,22,118,17.2%,124,NORMAL,285.1,0.0,0.4,0.4,False,14.97,65.03
1768802143.35,2026-01-19 11:25:43,20,22,119,17.4%,124,NORMAL,286.7,0.0,0.4,0.4,False,14.97,65.03
1768802145.89,2026-01-19 11:25:45,18,22,119,17.5%,124,NORMAL,286.0,0.0,0.4,0.4,False,13.56,66.44
1768802148.41,2026-01-19 11:25:48,22,22,120,17.6%,124,NORMAL,287.6,0.0,0.4,0.4,False,16.35,63.65
1768802151.01,2026-01-19 11:25:51,21,22,120,17.9%,124,NORMAL,286.9,0.0,0.4,0.4,False,15.66,64.34
1768802153.54,2026-01-19 11:25:53,19,22,121,18.0%,124,NORMAL,288.5,0.0,0.4,0.4,False,14.27,65.73
1768802156.02,2026-01-19 11:25:56,18,22,121,17.9%,124,NORMAL,287.7,0.0,0.4,0.4,False,13.56,66.44
1768802158.43,2026-01-19 11:25:58,18,22,122,17.9%,124,NORMAL,289.3,0.0,0.4,0.4,False,13.56,66.44
1768802160.95,2026-01-19 11:26:00,19,22,123,17.9%,124,NORMAL,290.9,0.0,0.4,0.4,False,14.27,65.73
1768802163.43,2026-01-19 11:26:03,17,22,124,17.9%,124,NORMAL,292.5,0.0,0.4,0.4,False,12.85,67.15
1768802166.26,2026-01-19 11:26:06,18,22,124,17.9%,124,NORMAL,291.8,0.0,0.4,0.4,False,13.56,66.44
1768802169.13,2026-01-19 11:26:09,18,22,124,17.9%,124,NORMAL,291.0,0.0,0.4,0.4,False,13.56,66.44
1768802172.01,2026-01-19 11:26:12,20,22,124,17.8%,124,NORMAL,290.2,0.0,0.4,0.4,False,14.97,65.03
1768802174.83,2026-01-19 11:26:14,18,22,124,17.8%,124,NORMAL,289.5,0.0,0.4,0.4,False,13.56,66.44
1768802177.63,2026-01-19 11:26:17,17,22,124,17.7%,124,NORMAL,288.7,0.0,0.4,0.4,False,12.85,67.15
1768802180.42,2026-01-19 11:26:20,16,22,124,17.6%,124,NORMAL,288.0,0.0,0.4,0.4,False,12.14,67.86
1768802183.28,2026-01-19 11:26:23,15,22,124,17.5%,124,NORMAL,287.3,0.0,0.4,0.4,False,11.42,68.58
1768802186.15,2026-01-19 11:26:26,13,22,124,17.3%,124,NORMAL,286.5,0.0,0.4,0.4,False,9.96,70.04
1768802189.02,2026-01-19 11:26:29,12,22,124,17.1%,124,NORMAL,285.8,0.0,0.4,0.4,False,9.23,70.77
1768802192.58,2026-01-19 11:26:32,12,22,124,16.8%,124,NORMAL,285.1,0.0,0.4,0.4,False,9.23,70.77
1768802195.41,2026-01-19 11:26:35,12,22,124,16.6%,124,NORMAL,284.3,0.0,0.4,0.4,False,9.23,70.77
1768802198.20,2026-01-19 11:26:38,11,22,124,16.3%,124,NORMAL,283.6,0.0,0.4,0.4,False,8.49,71.51
1768802201.10,2026-01-19 11:26:41,16,22,124,16.2%,124,NORMAL,282.9,0.0,0.4,0.4,False,12.14,67.86
1768802204.79,2026-01-19 11:26:44,14,22,124,16.1%,124,NORMAL,282.2,0.0,0.4,0.4,False,10.69,69.31
1768802207.81,2026-01-19 11:26:47,15,22,124,15.9%,124,NORMAL,281.5,0.0,0.4,0.4,False,11.42,68.58
1768802210.21,2026-01-19 11:26:50,14,22,124,15.8%,124,NORMAL,280.8,0.0,0.4,0.4,False,10.69,69.31
1768802212.63,2026-01-19 11:26:52,12,22,124,15.6%,124,NORMAL,280.1,0.0,0.4,0.4,False,9.23,70.77
1768802215.15,2026-01-19 11:26:55,10,22,125,15.4%,124,NORMAL,281.6,0.0,0.4,0.4,False,7.74,72.26
1768802217.67,2026-01-19 11:26:57,14,22,125,15.4%,124,NORMAL,280.9,0.0,0.4,0.4,False,10.69,69.31
1768802220.06,2026-01-19 11:27:00,11,22,125,15.1%,124,NORMAL,280.2,0.0,0.4,0.4,False,8.49,71.51
1768802222.47,2026-01-19 11:27:02,14,22,126,15.0%,124,NORMAL,281.7,0.0,0.4,0.4,False,10.69,69.31
1768802224.88,2026-01-19 11:27:04,13,22,126,14.8%,124,NORMAL,281.0,0.0,0.4,0.4,False,9.96,70.04
1768802227.39,2026-01-19 11:27:07,13,22,128,14.6%,124,NORMAL,284.8,0.0,0.4,0.4,False,9.96,70.04
1768802229.84,2026-01-19 11:27:09,13,22,128,14.3%,124,NORMAL,284.1,0.0,0.4,0.4,False,9.96,70.04
1768802232.25,2026-01-19 11:27:12,13,22,128,14.1%,124,NORMAL,283.4,0.0,0.4,0.4,False,9.96,70.04
1768802234.67,2026-01-19 11:27:14,16,22,129,14.0%,124,NORMAL,284.9,0.0,0.4,0.4,False,12.14,67.86
1768802237.22,2026-01-19 11:27:17,16,22,130,14.0%,124,NORMAL,286.4,0.0,0.4,0.4,False,12.14,67.86
1768802239.68,2026-01-19 11:27:19,15,22,131,13.9%,124,NORMAL,287.9,0.0,0.4,0.4,False,11.42,68.58
1768802242.14,2026-01-19 11:27:22,15,22,132,13.7%,124,NORMAL,289.4,0.0,0.4,0.4,False,11.42,68.58
1768802244.61,2026-01-19 11:27:24,16,22,134,13.7%,124,NORMAL,293.1,0.0,0.4,0.4,False,12.14,67.86
1768802247.04,2026-01-19 11:27:27,15,22,134,13.6%,124,NORMAL,292.4,0.0,0.4,0.4,False,11.42,68.58
1768802249.50,2026-01-19 11:27:29,13,22,134,13.5%,124,NORMAL,291.7,0.0,0.4,0.4,False,9.96,70.04
1768802251.96,2026-01-19 11:27:31,14,22,134,13.3%,124,NORMAL,291.0,0.0,0.4,0.4,False,10.69,69.31
1768802254.43,2026-01-19 11:27:34,13,22,134,13.1%,124,NORMAL,290.3,0.0,0.4,0.4,False,9.96,70.04
1768802256.90,2026-01-19 11:27:36,12,22,134,13.0%,124,NORMAL,289.6,0.0,0.4,0.4,False,9.23,70.77
1768802259.33,2026-01-19 11:27:39,12,22,134,12.9%,124,NORMAL,288.9,0.0,0.4,0.4,False,9.23,70.77
1768802261.86,2026-01-19 11:27:41,15,22,134,12.9%,124,NORMAL,288.2,0.0,0.4,0.4,False,11.42,68.58
1768802264.60,2026-01-19 11:27:44,16,22,135,13.0%,124,NORMAL,289.6,0.0,0.4,0.4,False,12.14,67.86
1768802267.12,2026-01-19 11:27:47,12,22,136,13.0%,124,NORMAL,291.1,0.0,0.4,0.4,False,9.23,70.77
1768802269.93,2026-01-19 11:27:49,10,22,136,12.9%,124,NORMAL,290.4,0.0,0.4,0.4,False,7.74,72.26
1768802272.41,2026-01-19 11:27:52,14,22,136,13.0%,124,NORMAL,289.7,0.0,0.4,0.4,False,10.69,69.31
1768802274.81,2026-01-19 11:27:54,15,22,136,13.1%,124,NORMAL,289.0,0.0,0.4,0.4,False,11.42,68.58
1768802277.27,2026-01-19 11:27:57,13,22,137,13.0%,124,NORMAL,290.5,0.0,0.4,0.4,False,9.96,70.04
1768802279.68,2026-01-19 11:27:59,16,22,137,13.1%,124,NORMAL,289.8,0.0,0.4,0.4,False,12.14,67.86
1768802282.18,2026-01-19 11:28:02,16,22,137,13.1%,124,NORMAL,289.1,0.0,0.4,0.4,False,12.14,67.86
1768802284.63,2026-01-19 11:28:04,16,22,137,13.1%,124,NORMAL,288.4,0.0,0.4,0.4,False,12.14,67.86
1768802287.11,2026-01-19 11:28:07,15,22,137,13.2%,124,NORMAL,287.7,0.0,0.4,0.4,False,11.42,68.58
1768802289.66,2026-01-19 11:28:09,16,22,137,13.4%,124,NORMAL,287.1,0.0,0.4,0.4,False,12.14,67.86
1768802292.12,2026-01-19 11:28:12,16,22,137,13.5%,124,NORMAL,286.4,0.0,0.4,0.4,False,12.14,67.86
1768802295.04,2026-01-19 11:28:15,18,22,137,13.7%,124,NORMAL,285.7,0.0,0.4,0.4,False,13.56,66.44
1768802298.50,2026-01-19 11:28:18,20,22,137,13.9%,124,NORMAL,285.1,0.0,0.4,0.4,False,14.97,65.03
1768802301.41,2026-01-19 11:28:21,17,22,137,14.0%,124,NORMAL,284.4,0.0,0.4,0.4,False,12.85,67.15
1768802303.90,2026-01-19 11:28:23,19,22,138,14.2%,124,NORMAL,285.8,0.0,0.4,0.4,False,14.27,65.73
1768802306.52,2026-01-19 11:28:26,19,22,138,14.3%,124,NORMAL,285.2,0.0,0.4,0.4,False,14.27,65.73
1768802309.00,2026-01-19 11:28:29,18,22,139,14.5%,124,NORMAL,286.6,0.0,0.4,0.4,False,13.56,66.44
1768802311.50,2026-01-19 11:28:31,21,22,140,14.6%,124,NORMAL,288.0,0.0,0.4,0.4,False,15.66,64.34
1768802314.05,2026-01-19 11:28:34,17,22,140,14.7%,124,NORMAL,287.3,0.0,0.4,0.4,False,12.85,67.15
1768802316.69,2026-01-19 11:28:36,20,22,140,14.8%,124,NORMAL,286.7,0.0,0.4,0.4,False,14.97,65.03
1768802319.56,2026-01-19 11:28:39,17,22,140,14.9%,124,NORMAL,286.0,0.0,0.4,0.4,False,12.85,67.15
1768802322.92,2026-01-19 11:28:42,17,22,140,14.9%,124,NORMAL,285.4,0.0,0.4,0.4,False,12.85,67.15
1768802325.94,2026-01-19 11:28:45,18,22,141,15.0%,124,NORMAL,286.8,0.0,0.4,0.4,False,13.56,66.44
1768802329.01,2026-01-19 11:28:49,18,22,142,15.2%,124,NORMAL,288.2,0.0,0.4,0.4,False,13.56,66.44
1768802331.97,2026-01-19 11:28:51,19,22,142,15.3%,124,NORMAL,287.5,0.0,0.4,0.4,False,14.27,65.73
1768802334.87,2026-01-19 11:28:54,19,22,142,15.5%,124,NORMAL,286.9,0.0,0.4,0.4,False,14.27,65.73
1768802337.56,2026-01-19 11:28:57,18,22,142,15.7%,124,NORMAL,286.2,0.0,0.4,0.4,False,13.56,66.44
1768802340.40,2026-01-19 11:29:00,17,22,142,15.8%,124,NORMAL,285.6,0.0,0.4,0.4,False,12.85,67.15
1768802343.25,2026-01-19 11:29:03,17,22,142,15.9%,124,NORMAL,284.9,0.0,0.4,0.4,False,12.85,67.15
1768802345.97,2026-01-19 11:29:05,18,22,142,15.9%,124,NORMAL,284.3,0.0,0.4,0.4,False,13.56,66.44
1768802348.82,2026-01-19 11:29:08,18,22,142,16.1%,124,NORMAL,283.7,0.0,0.4,0.4,False,13.56,66.44
1768802351.46,2026-01-19 11:29:11,17,22,142,16.3%,124,NORMAL,283.1,0.0,0.4,0.4,False,12.85,67.15
1768802354.06,2026-01-19 11:29:14,19,22,142,16.5%,124,NORMAL,282.4,0.0,0.4,0.4,False,14.27,65.73
1768802356.87,2026-01-19 11:29:16,19,22,142,16.6%,124,NORMAL,281.8,0.0,0.4,0.4,False,14.27,65.73
1768802360.96,2026-01-19 11:29:20,19,22,142,16.8%,124,NORMAL,281.2,0.0,0.4,0.4,False,14.27,65.73
1768802363.96,2026-01-19 11:29:23,16,22,142,16.8%,124,NORMAL,280.6,0.0,0.4,0.4,False,12.14,67.86
1768802366.68,2026-01-19 11:29:26,15,22,142,16.7%,124,NORMAL,280.0,0.0,0.4,0.4,False,11.42,68.58
1768802369.92,2026-01-19 11:29:29,15,22,143,16.7%,124,NORMAL,281.3,0.0,0.4,0.4,False,11.42,68.58
1768802372.92,2026-01-19 11:29:32,15,22,143,16.7%,124,NORMAL,280.7,0.0,0.4,0.4,False,11.42,68.58
1768802375.93,2026-01-19 11:29:35,16,22,143,16.7%,124,NORMAL,280.1,0.0,0.4,0.4,False,12.14,67.86
1768802379.96,2026-01-19 11:29:39,14,22,143,16.7%,124,NORMAL,279.5,0.0,0.4,0.4,False,10.69,69.31
1768802382.97,2026-01-19 11:29:42,15,22,143,16.6%,124,NORMAL,278.9,0.0,0.4,0.4,False,11.42,68.58
1768802386.74,2026-01-19 11:29:46,16,22,144,16.4%,124,NORMAL,280.2,0.0,0.4,0.4,False,12.14,67.86
1768802390.12,2026-01-19 11:29:50,16,22,145,16.4%,124,NORMAL,281.6,0.0,0.4,0.4,False,12.14,67.86
1768802393.79,2026-01-19 11:29:53,17,22,145,16.4%,124,NORMAL,280.9,0.0,0.4,0.4,False,12.85,67.15
1768802398.11,2026-01-19 11:29:58,16,22,145,16.3%,124,NORMAL,280.3,0.0,0.4,0.4,False,12.14,67.86
1768802401.83,2026-01-19 11:30:01,14,22,145,16.1%,124,NORMAL,279.7,0.0,0.4,0.4,False,10.69,69.31
1768802405.84,2026-01-19 11:30:05,15,22,145,16.0%,124,NORMAL,279.1,0.0,0.4,0.4,False,11.42,68.58
1768802409.78,2026-01-19 11:30:09,14,22,145,15.9%,124,NORMAL,278.5,0.0,0.4,0.4,False,10.69,69.31
1768802413.38,2026-01-19 11:30:13,14,22,145,15.7%,124,NORMAL,278.0,0.0,0.4,0.4,False,10.69,69.31
1768802416.99,2026-01-19 11:30:16,15,22,145,15.6%,124,NORMAL,277.4,0.0,0.4,0.4,False,11.42,68.58
1768802420.82,2026-01-19 11:30:20,13,22,145,15.5%,124,NORMAL,276.8,0.0,0.4,0.4,False,9.96,70.04
1768802423.93,2026-01-19 11:30:23,13,22,145,15.4%,124,NORMAL,276.2,0.0,0.4,0.4,False,9.96,70.04
1768802426.62,2026-01-19 11:30:26,11,22,145,15.2%,124,NORMAL,275.6,0.0,0.4,0.4,False,8.49,71.51
1768802429.25,2026-01-19 11:30:29,12,22,146,15.0%,124,NORMAL,276.9,0.0,0.4,0.4,False,9.23,70.77
1768802431.82,2026-01-19 11:30:31,13,22,146,14.8%,124,NORMAL,276.3,0.0,0.4,0.4,False,9.96,70.04
1768802434.49,2026-01-19 11:30:34,12,22,146,14.6%,124,NORMAL,275.8,0.0,0.4,0.4,False,9.23,70.77
1768802437.14,2026-01-19 11:30:37,12,22,146,14.4%,124,NORMAL,275.2,0.0,0.4,0.4,False,9.23,70.77
1768802440.96,2026-01-19 11:30:40,13,22,146,14.3%,124,NORMAL,274.6,0.0,0.4,0.4,False,9.96,70.04
1768802443.72,2026-01-19 11:30:43,13,22,146,14.2%,124,NORMAL,274.0,0.0,0.4,0.4,False,9.96,70.04
1768802446.64,2026-01-19 11:30:46,11,22,147,14.0%,124,NORMAL,275.3,0.0,0.4,0.4,False,8.49,71.51
1768802449.25,2026-01-19 11:30:49,12,22,147,13.8%,124,NORMAL,274.8,0.0,0.4,0.4,False,9.23,70.77
1768802451.94,2026-01-19 11:30:51,11,22,147,13.6%,124,NORMAL,274.2,0.0,0.4,0.4,False,8.49,71.51
1768802454.65,2026-01-19 11:30:54,9,22,148,13.3%,124,NORMAL,275.5,0.0,0.4,0.4,False,6.99,73.01
1768802457.31,2026-01-19 11:30:57,9,22,148,13.0%,124,NORMAL,274.9,0.0,0.4,0.4,False,6.99,73.01
1768802460.46,2026-01-19 11:31:00,10,22,149,12.8%,124,NORMAL,276.2,0.0,0.4,0.4,False,7.74,72.26
1768802463.29,2026-01-19 11:31:03,9,22,149,12.6%,124,NORMAL,275.6,0.0,0.4,0.4,False,6.99,73.01
1768802466.46,2026-01-19 11:31:06,11,22,149,12.5%,124,NORMAL,275.1,0.0,0.4,0.4,False,8.49,71.51
1768802469.26,2026-01-19 11:31:09,11,22,149,12.3%,124,NORMAL,274.5,0.0,0.4,0.4,False,8.49,71.51
1768802472.31,2026-01-19 11:31:12,10,22,150,12.2%,124,NORMAL,275.8,0.0,0.4,0.4,False,7.74,72.26
1768802476.11,2026-01-19 11:31:16,13,22,151,12.1%,124,NORMAL,277.1,0.0,0.4,0.4,False,9.96,70.04
1768802479.66,2026-01-19 11:31:19,11,22,151,12.0%,124,NORMAL,276.5,0.0,0.4,0.4,False,8.49,71.51
1768802483.21,2026-01-19 11:31:23,2,22,151,11.6%,124,NORMAL,275.9,0.0,0.4,0.4,False,1.59,78.41
1768802486.91,2026-01-19 11:31:26,8,22,151,11.3%,124,NORMAL,275.4,0.0,0.4,0.4,False,6.23,73.77
1768802491.04,2026-01-19 11:31:31,8,22,151,11.1%,124,NORMAL,274.8,0.0,0.4,0.4,False,6.23,73.77
1768802495.18,2026-01-19 11:31:35,8,22,151,10.8%,124,NORMAL,274.3,0.0,0.4,0.4,False,6.23,73.77
1768802498.99,2026-01-19 11:31:38,7,22,151,10.6%,124,NORMAL,273.7,0.0,0.4,0.4,False,5.47,74.53
1768802502.79,2026-01-19 11:31:42,7,22,151,10.3%,124,NORMAL,273.2,0.0,0.4,0.4,False,5.47,74.53
1768802505.78,2026-01-19 11:31:45,8,22,151,10.2%,124,NORMAL,272.6,0.0,0.4,0.4,False,6.23,73.77
1768802508.53,2026-01-19 11:31:48,7,22,151,9.9%,124,NORMAL,272.1,0.0,0.4,0.4,False,5.47,74.53
1768802511.15,2026-01-19 11:31:51,7,22,151,9.7%,124,NORMAL,271.5,0.0,0.4,0.4,False,5.47,74.53
1768802513.95,2026-01-19 11:31:53,6,22,151,9.5%,124,NORMAL,271.0,0.0,0.4,0.4,False,4.71,75.29
1768802516.51,2026-01-19 11:31:56,7,22,151,9.3%,124,NORMAL,270.4,0.0,0.4,0.4,False,5.47,74.53
1768802519.15,2026-01-19 11:31:59,9,22,151,9.2%,124,NORMAL,269.9,0.0,0.4,0.4,False,6.99,73.01
1768802521.81,2026-01-19 11:32:01,10,22,152,9.2%,124,NORMAL,271.2,0.0,0.4,0.4,False,7.74,72.26
1768802524.45,2026-01-19 11:32:04,10,22,152,9.1%,124,NORMAL,270.6,0.0,0.4,0.4,False,7.74,72.26
1768802527.09,2026-01-19 11:32:07,10,22,152,9.0%,124,NORMAL,270.1,0.0,0.4,0.4,False,7.74,72.26
1768802529.83,2026-01-19 11:32:09,11,22,152,9.0%,124,NORMAL,269.6,0.0,0.4,0.4,False,8.49,71.51
1768802532.43,2026-01-19 11:32:12,11,22,152,8.9%,124,NORMAL,269.0,0.0,0.4,0.4,False,8.49,71.51
1768802535.10,2026-01-19 11:32:15,11,22,153,8.8%,124,NORMAL,270.3,0.0,0.4,0.4,False,8.49,71.51
1768802537.83,2026-01-19 11:32:17,11,22,153,8.8%,124,NORMAL,269.7,0.0,0.4,0.4,False,8.49,71.51
1768802540.50,2026-01-19 11:32:20,13,22,153,8.9%,124,NORMAL,269.2,0.0,0.4,0.4,False,9.96,70.04
1768802543.15,2026-01-19 11:32:23,13,22,154,8.9%,124,NORMAL,270.4,0.0,0.4,0.4,False,9.96,70.04
1768802545.89,2026-01-19 11:32:25,13,22,155,9.1%,124,NORMAL,271.7,0.0,0.4,0.4,False,9.96,70.04
1768802548.49,2026-01-19 11:32:28,12,22,155,9.2%,124,NORMAL,271.1,0.0,0.4,0.4,False,9.23,70.77
1768802551.61,2026-01-19 11:32:31,13,22,155,9.3%,124,NORMAL,270.6,0.0,0.3,0.3,False,9.96,70.04
1768802554.37,2026-01-19 11:32:34,11,22,155,9.3%,124,NORMAL,270.1,0.0,0.3,0.3,False,8.49,71.51
1768802557.24,2026-01-19 11:32:37,11,22,156,9.3%,124,NORMAL,271.3,0.0,0.3,0.3,False,8.49,71.51
1768802560.01,2026-01-19 11:32:40,9,22,156,9.3%,124,NORMAL,270.8,0.0,0.3,0.3,False,6.99,73.01
1768802563.00,2026-01-19 11:32:43,9,22,157,9.2%,124,NORMAL,272.0,0.0,0.3,0.3,False,6.99,73.01
1768802565.84,2026-01-19 11:32:45,10,22,157,9.1%,124,NORMAL,271.5,0.0,0.3,0.3,False,7.74,72.26
1768802568.71,2026-01-19 11:32:48,10,22,157,9.1%,124,NORMAL,270.9,0.0,0.3,0.3,False,7.74,72.26
1768802571.40,2026-01-19 11:32:51,10,22,157,9.4%,124,NORMAL,270.4,0.0,0.3,0.3,False,7.74,72.26
1768802574.03,2026-01-19 11:32:54,11,22,157,9.4%,124,NORMAL,269.9,0.0,0.3,0.3,False,8.49,71.51
1768802576.64,2026-01-19 11:32:56,12,22,157,9.6%,124,NORMAL,269.4,0.0,0.3,0.3,False,9.23,70.77
1768802579.68,2026-01-19 11:32:59,12,22,157,9.7%,124,NORMAL,268.9,0.0,0.3,0.3,False,9.23,70.77
1768802582.58,2026-01-19 11:33:02,12,22,158,9.9%,124,NORMAL,270.1,0.0,0.3,0.3,False,9.23,70.77
1768802585.40,2026-01-19 11:33:05,12,22,158,10.0%,124,NORMAL,269.6,0.0,0.3,0.3,False,9.23,70.77
1768802588.15,2026-01-19 11:33:08,11,22,158,10.1%,124,NORMAL,269.1,0.0,0.3,0.3,False,8.49,71.51
1768802590.78,2026-01-19 11:33:10,13,22,158,10.3%,124,NORMAL,268.6,0.0,0.3,0.3,False,9.96,70.04
1768802593.47,2026-01-19 11:33:13,13,22,158,10.5%,124,NORMAL,268.0,0.0,0.3,0.3,False,9.96,70.04
1768802596.27,2026-01-19 11:33:16,14,22,158,10.7%,124,NORMAL,267.5,0.0,0.3,0.3,False,10.69,69.31
1768802598.86,2026-01-19 11:33:18,15,22,159,11.0%,124,NORMAL,268.7,0.0,0.3,0.3,False,11.42,68.58
1768802601.50,2026-01-19 11:33:21,15,22,159,11.2%,124,NORMAL,268.2,0.0,0.3,0.3,False,11.42,68.58
1768802604.10,2026-01-19 11:33:24,16,22,160,11.3%,124,NORMAL,269.4,0.0,0.3,0.3,False,12.14,67.86
1768802606.80,2026-01-19 11:33:26,16,22,161,11.5%,124,NORMAL,270.6,0.0,0.3,0.3,False,12.14,67.86
1768802609.44,2026-01-19 11:33:29,16,22,162,11.7%,124,NORMAL,271.8,0.0,0.3,0.3,False,12.14,67.86
1768802612.14,2026-01-19 11:33:32,13,22,162,11.8%,124,NORMAL,271.3,0.0,0.3,0.3,False,9.96,70.04
1768802614.78,2026-01-19 11:33:34,14,22,162,11.9%,124,NORMAL,270.8,0.0,0.3,0.3,False,10.69,69.31
1768802617.45,2026-01-19 11:33:37,13,22,162,11.9%,124,NORMAL,270.3,0.0,0.3,0.3,False,9.96,70.04
1768802620.21,2026-01-19 11:33:40,13,22,162,12.0%,124,NORMAL,269.8,0.0,0.3,0.3,False,9.96,70.04
1768802622.91,2026-01-19 11:33:42,10,22,162,11.9%,124,NORMAL,269.3,0.0,0.3,0.3,False,7.74,72.26
1768802625.60,2026-01-19 11:33:45,10,22,163,11.8%,124,NORMAL,270.4,0.0,0.3,0.3,False,7.74,72.26
1768802628.29,2026-01-19 11:33:48,7,22,163,11.6%,124,NORMAL,269.9,0.0,0.3,0.3,False,5.47,74.53
1768802631.14,2026-01-19 11:33:51,9,22,163,11.5%,124,NORMAL,269.4,0.0,0.3,0.3,False,6.99,73.01
1768802634.33,2026-01-19 11:33:54,8,22,163,11.4%,124,NORMAL,268.9,0.0,0.3,0.3,False,6.23,73.77
1768802636.96,2026-01-19 11:33:56,11,22,163,11.4%,124,NORMAL,268.4,0.0,0.3,0.3,False,8.49,71.51
1768802639.55,2026-01-19 11:33:59,11,22,165,11.4%,124,NORMAL,271.2,0.0,0.3,0.3,False,8.49,71.51
1768802642.30,2026-01-19 11:34:02,12,22,165,11.5%,124,NORMAL,270.7,0.0,0.3,0.3,False,9.23,70.77
1768802644.98,2026-01-19 11:34:04,10,22,165,11.5%,124,NORMAL,270.2,0.0,0.3,0.3,False,7.74,72.26
1768802647.61,2026-01-19 11:34:07,10,22,165,11.5%,124,NORMAL,269.8,0.0,0.3,0.3,False,7.74,72.26
1768802650.54,2026-01-19 11:34:10,10,22,165,11.5%,124,NORMAL,269.3,0.0,0.3,0.3,False,7.74,72.26
1768802653.20,2026-01-19 11:34:13,9,22,165,11.5%,124,NORMAL,268.8,0.0,0.3,0.3,False,6.99,73.01
1768802656.10,2026-01-19 11:34:16,9,22,165,11.4%,124,NORMAL,268.3,0.0,0.3,0.3,False,6.99,73.01
1768802658.96,2026-01-19 11:34:18,8,22,166,11.3%,124,NORMAL,269.4,0.0,0.3,0.3,False,6.23,73.77
1768802661.56,2026-01-19 11:34:21,8,22,166,11.1%,124,NORMAL,268.9,0.0,0.3,0.3,False,6.23,73.77
1768802664.22,2026-01-19 11:34:24,8,22,166,11.0%,124,NORMAL,268.5,0.0,0.3,0.3,False,6.23,73.77
1768802666.99,2026-01-19 11:34:26,8,22,166,10.9%,124,NORMAL,268.0,0.0,0.3,0.3,False,6.23,73.77
1768802669.64,2026-01-19 11:34:29,8,22,166,10.8%,124,NORMAL,267.5,0.0,0.3,0.3,False,6.23,73.77
1768802672.30,2026-01-19 11:34:32,9,22,166,10.7%,124,NORMAL,267.0,0.0,0.3,0.3,False,6.99,73.01
1768802674.97,2026-01-19 11:34:34,11,22,166,10.6%,124,NORMAL,266.5,0.0,0.3,0.3,False,8.49,71.51
1768802677.60,2026-01-19 11:34:37,11,22,166,10.5%,124,NORMAL,266.1,0.0,0.3,0.3,False,8.49,71.51
1768802680.23,2026-01-19 11:34:40,12,22,166,10.4%,124,NORMAL,265.6,0.0,0.3,0.3,False,9.23,70.77
1768802683.09,2026-01-19 11:34:43,12,22,167,10.3%,124,NORMAL,266.7,0.0,0.3,0.3,False,9.23,70.77
1768802685.84,2026-01-19 11:34:45,15,22,168,10.3%,124,NORMAL,267.8,0.0,0.3,0.3,False,11.42,68.58
1768802688.55,2026-01-19 11:34:48,13,22,168,10.2%,124,NORMAL,267.4,0.0,0.3,0.3,False,9.96,70.04
1768802691.31,2026-01-19 11:34:51,13,22,168,10.1%,124,NORMAL,266.9,0.0,0.3,0.3,False,9.96,70.04
1768802693.98,2026-01-19 11:34:53,15,22,168,10.2%,124,NORMAL,266.4,0.0,0.3,0.3,False,11.42,68.58
1768802696.68,2026-01-19 11:34:56,15,22,169,10.2%,124,NORMAL,267.5,0.0,0.4,0.4,False,11.42,68.58
1768802699.66,2026-01-19 11:34:59,13,22,169,10.2%,124,NORMAL,267.1,0.0,0.4,0.4,False,9.96,70.04
1768802703.05,2026-01-19 11:35:03,9,22,169,10.1%,124,NORMAL,266.6,0.0,0.4,0.4,False,6.99,73.01
1768802706.16,2026-01-19 11:35:06,10,22,169,10.1%,124,NORMAL,266.1,0.0,0.4,0.4,False,7.74,72.26
1768802709.00,2026-01-19 11:35:08,13,22,170,10.2%,124,NORMAL,267.2,0.0,0.4,0.4,False,9.96,70.04
1768802711.80,2026-01-19 11:35:11,13,22,170,10.4%,124,NORMAL,266.8,0.0,0.4,0.4,False,9.96,70.04
1768802714.52,2026-01-19 11:35:14,12,22,170,10.5%,124,NORMAL,266.3,0.0,0.4,0.4,False,9.23,70.77
1768802717.21,2026-01-19 11:35:17,11,22,171,10.6%,124,NORMAL,267.4,0.0,0.4,0.4,False,8.49,71.51
1768802719.79,2026-01-19 11:35:19,13,22,171,10.6%,124,NORMAL,267.0,0.0,0.4,0.4,False,9.96,70.04
1768802723.62,2026-01-19 11:35:23,12,22,171,10.7%,124,NORMAL,266.5,0.0,0.4,0.4,False,9.23,70.77
1768802727.23,2026-01-19 11:35:27,11,22,172,10.6%,124,NORMAL,267.6,0.0,0.4,0.4,False,8.49,71.51
1768802730.98,2026-01-19 11:35:30,11,22,172,10.7%,124,NORMAL,267.1,0.0,0.4,0.4,False,8.49,71.51
1768802733.91,2026-01-19 11:35:33,10,22,172,10.7%,124,NORMAL,266.7,0.0,0.4,0.4,False,7.74,72.26
1768802736.67,2026-01-19 11:35:36,13,22,172,10.7%,124,NORMAL,266.2,0.0,0.4,0.4,False,9.96,70.04
1768802740.47,2026-01-19 11:35:40,13,22,172,10.9%,124,NORMAL,265.8,0.0,0.4,0.4,False,9.96,70.04
1768802743.86,2026-01-19 11:35:43,15,22,172,11.1%,124,NORMAL,265.3,0.0,0.4,0.4,False,11.42,68.58
1768802746.86,2026-01-19 11:35:46,16,22,175,11.3%,124,NORMAL,269.5,0.0,0.4,0.4,False,12.14,67.86
1768802749.85,2026-01-19 11:35:49,13,22,175,11.5%,124,NORMAL,269.0,0.0,0.4,0.4,False,9.96,70.04
1768802753.65,2026-01-19 11:35:53,12,22,175,11.6%,124,NORMAL,268.5,0.0,0.4,0.4,False,9.23,70.77
1768802758.03,2026-01-19 11:35:58,14,22,176,11.8%,124,NORMAL,269.6,0.0,0.4,0.4,False,10.69,69.31
1768802761.53,2026-01-19 11:36:01,15,22,177,12.0%,124,NORMAL,270.7,0.0,0.4,0.4,False,11.42,68.58
1768802764.45,2026-01-19 11:36:04,17,22,177,12.2%,124,NORMAL,270.2,0.0,0.4,0.4,False,12.85,67.15
1768802767.16,2026-01-19 11:36:07,17,22,178,12.4%,124,NORMAL,271.3,0.0,0.4,0.4,False,12.85,67.15
1768802769.98,2026-01-19 11:36:09,16,22,179,12.6%,124,NORMAL,272.4,0.0,0.4,0.4,False,12.14,67.86
1768802772.72,2026-01-19 11:36:12,12,22,179,12.6%,124,NORMAL,271.9,0.0,0.4,0.4,False,9.23,70.77
1768802775.49,2026-01-19 11:36:15,16,22,179,12.7%,124,NORMAL,271.4,0.0,0.4,0.4,False,12.14,67.86
1768802778.41,2026-01-19 11:36:18,14,22,179,12.7%,124,NORMAL,271.0,0.0,0.4,0.4,False,10.69,69.31
1768802781.20,2026-01-19 11:36:21,13,22,179,12.7%,124,NORMAL,270.5,0.0,0.4,0.4,False,9.96,70.04
1768802784.36,2026-01-19 11:36:24,13,22,179,12.7%,124,NORMAL,270.1,0.0,0.4,0.4,False,9.96,70.04
1768802787.17,2026-01-19 11:36:27,12,22,179,12.6%,124,NORMAL,269.6,0.0,0.4,0.4,False,9.23,70.77
1768802790.45,2026-01-19 11:36:30,12,22,179,12.5%,124,NORMAL,269.2,0.0,0.4,0.4,False,9.23,70.77
1768802794.30,2026-01-19 11:36:34,13,22,179,12.5%,124,NORMAL,268.7,0.0,0.4,0.4,False,9.96,70.04
1768802797.16,2026-01-19 11:36:37,12,22,179,12.6%,124,NORMAL,268.3,0.0,0.4,0.4,False,9.23,70.77
1768802800.21,2026-01-19 11:36:40,12,22,179,12.6%,124,NORMAL,267.8,0.0,0.4,0.4,False,9.23,70.77
1768802802.80,2026-01-19 11:36:42,10,22,180,12.5%,124,NORMAL,268.9,0.0,0.4,0.4,False,7.74,72.26
1768802806.81,2026-01-19 11:36:46,10,22,180,12.4%,124,NORMAL,268.4,0.0,0.4,0.4,False,7.74,72.26
1768802811.17,2026-01-19 11:36:51,13,22,180,12.5%,124,NORMAL,268.0,0.0,0.4,0.4,False,9.96,70.04
1768802815.01,2026-01-19 11:36:55,12,22,180,12.5%,124,NORMAL,267.5,0.0,0.4,0.4,False,9.23,70.77
1768802818.53,2026-01-19 11:36:58,13,22,181,12.5%,124,NORMAL,268.6,0.0,0.4,0.4,False,9.96,70.04
1768802822.08,2026-01-19 11:37:02,12,22,181,12.5%,124,NORMAL,268.1,0.0,0.4,0.4,False,9.23,70.77
1768802825.27,2026-01-19 11:37:05,12,22,181,12.5%,124,NORMAL,267.7,0.0,0.4,0.4,False,9.23,70.77
1768802829.11,2026-01-19 11:37:09,12,22,181,12.6%,124,NORMAL,267.3,0.0,0.4,0.4,False,9.23,70.77
1768802833.20,2026-01-19 11:37:13,10,22,182,12.6%,124,NORMAL,268.3,0.0,0.4,0.4,False,7.74,72.26
1768802837.43,2026-01-19 11:37:17,11,22,182,12.5%,124,NORMAL,267.9,0.0,0.4,0.4,False,8.49,71.51
1768802841.60,2026-01-19 11:37:21,10,22,182,12.4%,124,NORMAL,267.4,0.0,0.4,0.4,False,7.74,72.26
1768802845.23,2026-01-19 11:37:25,10,22,182,12.3%,124,NORMAL,267.0,0.0,0.4,0.4,False,7.74,72.26
1768802848.63,2026-01-19 11:37:28,10,22,182,12.1%,124,NORMAL,266.6,0.0,0.4,0.4,False,7.74,72.26
1768802852.17,2026-01-19 11:37:32,12,22,183,12.0%,124,NORMAL,267.6,0.0,0.4,0.4,False,9.23,70.77
1768802855.99,2026-01-19 11:37:35,13,22,184,12.1%,124,NORMAL,268.6,0.0,0.4,0.4,False,9.96,70.04
1768802859.20,2026-01-19 11:37:39,11,22,184,12.0%,124,NORMAL,268.2,0.0,0.4,0.4,False,8.49,71.51
1768802862.69,2026-01-19 11:37:42,11,22,184,11.9%,124,NORMAL,267.7,0.0,0.4,0.4,False,8.49,71.51
1768802866.45,2026-01-19 11:37:46,13,22,185,11.7%,124,NORMAL,268.8,0.0,0.4,0.4,False,9.96,70.04
1768802869.82,2026-01-19 11:37:49,13,22,185,11.6%,124,NORMAL,268.3,0.0,0.3,0.3,False,9.96,70.04
1768802873.46,2026-01-19 11:37:53,12,22,185,11.5%,124,NORMAL,267.9,0.0,0.3,0.3,False,9.23,70.77
1768802876.59,2026-01-19 11:37:56,13,22,185,11.5%,124,NORMAL,267.5,0.0,0.3,0.3,False,9.96,70.04
1768802879.81,2026-01-19 11:37:59,11,22,185,11.4%,124,NORMAL,267.0,0.0,0.3,0.3,False,8.49,71.51
1768802883.28,2026-01-19 11:38:03,12,22,185,11.3%,124,NORMAL,266.6,0.0,0.3,0.3,False,9.23,70.77
1768802886.43,2026-01-19 11:38:06,15,22,185,11.4%,124,NORMAL,266.2,0.0,0.3,0.3,False,11.42,68.58
1768802889.60,2026-01-19 11:38:09,14,22,186,11.4%,124,NORMAL,267.2,0.0,0.3,0.3,False,10.69,69.31
1768802892.95,2026-01-19 11:38:12,15,22,186,11.5%,124,NORMAL,266.8,0.0,0.3,0.3,False,11.42,68.58
1768802896.65,2026-01-19 11:38:16,14,22,187,11.6%,124,NORMAL,267.8,0.0,0.3,0.3,False,10.69,69.31
1768802900.13,2026-01-19 11:38:20,13,22,187,11.6%,124,NORMAL,267.4,0.0,0.3,0.3,False,9.96,70.04
1768802903.51,2026-01-19 11:38:23,13,22,187,11.6%,124,NORMAL,266.9,0.0,0.3,0.3,False,9.96,70.04
1768802907.13,2026-01-19 11:38:27,12,22,187,11.6%,124,NORMAL,266.5,0.0,0.3,0.3,False,9.23,70.77
1768802909.90,2026-01-19 11:38:29,12,22,187,11.7%,124,NORMAL,266.1,0.0,0.3,0.3,False,9.23,70.77
1768802912.78,2026-01-19 11:38:32,13,22,187,11.7%,124,NORMAL,265.7,0.0,0.3,0.3,False,9.96,70.04
1768802915.76,2026-01-19 11:38:35,13,22,187,11.7%,124,NORMAL,265.2,0.0,0.3,0.3,False,9.96,70.04
1768802918.54,2026-01-19 11:38:38,12,22,187,11.7%,124,NORMAL,264.8,0.0,0.3,0.3,False,9.23,70.77
1768802921.61,2026-01-19 11:38:41,12,22,187,11.7%,124,NORMAL,264.4,0.0,0.3,0.3,False,9.23,70.77
1768802924.54,2026-01-19 11:38:44,13,22,187,11.7%,124,NORMAL,264.0,0.0,0.3,0.3,False,9.96,70.04
1768802927.55,2026-01-19 11:38:47,13,22,187,11.8%,124,NORMAL,263.6,0.0,0.3,0.3,False,9.96,70.04
1768802930.85,2026-01-19 11:38:50,12,22,188,11.8%,124,NORMAL,264.6,0.0,0.3,0.3,False,9.23,70.77
1768802933.63,2026-01-19 11:38:53,13,22,188,11.9%,124,NORMAL,264.2,0.0,0.3,0.3,False,9.96,70.04
1768802936.51,2026-01-19 11:38:56,13,22,188,11.9%,124,NORMAL,263.8,0.0,0.3,0.3,False,9.96,70.04
1768802939.56,2026-01-19 11:38:59,12,22,189,12.0%,124,NORMAL,264.7,0.0,0.3,0.3,False,9.23,70.77
1768802942.63,2026-01-19 11:39:02,14,22,190,12.1%,124,NORMAL,265.7,0.0,0.3,0.3,False,10.69,69.31
1768802945.72,2026-01-19 11:39:05,12,22,192,12.2%,124,NORMAL,268.1,0.0,0.3,0.3,False,9.23,70.77
1768802948.53,2026-01-19 11:39:08,12,22,193,12.2%,124,NORMAL,269.1,0.0,0.3,0.3,False,9.23,70.77
1768802952.20,2026-01-19 11:39:12,12,22,193,12.1%,124,NORMAL,268.7,0.0,0.3,0.3,False,9.23,70.77
1768802955.41,2026-01-19 11:39:15,12,22,193,12.2%,124,NORMAL,268.3,0.0,0.3,0.3,False,9.23,70.77
1768802958.31,2026-01-19 11:39:18,12,22,193,12.2%,124,NORMAL,267.8,0.0,0.3,0.3,False,9.23,70.77
1768802961.31,2026-01-19 11:39:21,13,22,193,12.2%,124,NORMAL,267.4,0.0,0.3,0.3,False,9.96,70.04
1768802964.24,2026-01-19 11:39:24,13,22,193,12.2%,124,NORMAL,267.0,0.0,0.3,0.3,False,9.96,70.04
1768802966.92,2026-01-19 11:39:26,13,22,193,12.2%,124,NORMAL,266.6,0.0,0.3,0.3,False,9.96,70.04
1768802969.73,2026-01-19 11:39:29,11,22,193,12.2%,124,NORMAL,266.2,0.0,0.3,0.3,False,8.49,71.51
1768802972.41,2026-01-19 11:39:32,11,22,193,12.2%,124,NORMAL,265.8,0.0,0.3,0.3,False,8.49,71.51
1768802975.59,2026-01-19 11:39:35,12,22,193,12.2%,124,NORMAL,265.4,0.0,0.3,0.3,False,9.23,70.77
1768802978.85,2026-01-19 11:39:38,12,22,193,12.1%,124,NORMAL,265.0,0.0,0.3,0.3,False,9.23,70.77
1768802982.08,2026-01-19 11:39:42,12,22,193,12.0%,124,NORMAL,264.6,0.0,0.3,0.3,False,9.23,70.77
1768802985.39,2026-01-19 11:39:45,11,22,193,11.9%,124,NORMAL,264.2,0.0,0.3,0.3,False,8.49,71.51
1768802988.58,2026-01-19 11:39:48,11,22,193,11.8%,124,NORMAL,263.8,0.0,0.3,0.3,False,8.49,71.51
1768802991.37,2026-01-19 11:39:51,12,22,193,11.8%,124,NORMAL,263.4,0.0,0.3,0.3,False,9.23,70.77
1768802994.02,2026-01-19 11:39:54,12,22,193,11.7%,124,NORMAL,263.0,0.0,0.3,0.3,False,9.23,70.77
1768802996.82,2026-01-19 11:39:56,12,22,194,11.7%,124,NORMAL,263.9,0.0,0.3,0.3,False,9.23,70.77
1768802999.63,2026-01-19 11:39:59,12,22,194,11.7%,124,NORMAL,263.5,0.0,0.3,0.3,False,9.23,70.77
1768803002.34,2026-01-19 11:40:02,11,22,194,11.7%,124,NORMAL,263.1,0.0,0.3,0.3,False,8.49,71.51
1768803005.21,2026-01-19 11:40:05,10,22,194,11.6%,124,NORMAL,262.8,0.0,0.3,0.3,False,7.74,72.26
1768803007.93,2026-01-19 11:40:07,10,22,194,11.5%,124,NORMAL,262.4,0.0,0.3,0.3,False,7.74,72.26
1768803010.63,2026-01-19 11:40:10,10,22,194,11.5%,124,NORMAL,262.0,0.0,0.3,0.3,False,7.74,72.26
1768803013.49,2026-01-19 11:40:13,11,22,194,11.4%,124,NORMAL,261.6,0.0,0.3,0.3,False,8.49,71.51
1768803016.20,2026-01-19 11:40:16,11,22,194,11.3%,124,NORMAL,261.2,0.0,0.3,0.3,False,8.49,71.51
1768803019.49,2026-01-19 11:40:19,10,22,194,11.3%,124,NORMAL,260.8,0.0,0.3,0.3,False,7.74,72.26
1768803022.84,2026-01-19 11:40:22,11,22,195,11.2%,124,NORMAL,261.7,0.0,0.3,0.3,False,8.49,71.51
1768803026.70,2026-01-19 11:40:26,12,22,195,11.2%,124,NORMAL,261.4,0.0,0.3,0.3,False,9.23,70.77
1768803030.46,2026-01-19 11:40:30,11,22,195,11.2%,124,NORMAL,261.0,0.0,0.3,0.3,False,8.49,71.51
1768803033.90,2026-01-19 11:40:33,11,22,195,11.1%,124,NORMAL,260.6,0.0,0.3,0.3,False,8.49,71.51
1768803036.63,2026-01-19 11:40:36,11,22,195,11.0%,124,NORMAL,260.2,0.0,0.3,0.3,False,8.49,71.51
1768803039.30,2026-01-19 11:40:39,11,22,195,11.0%,124,NORMAL,259.8,0.0,0.3,0.3,False,8.49,71.51
1768803042.13,2026-01-19 11:40:42,11,22,195,11.0%,124,NORMAL,259.4,0.0,0.3,0.3,False,8.49,71.51
1768803044.80,2026-01-19 11:40:44,11,22,195,10.9%,124,NORMAL,259.0,0.0,0.3,0.3,False,8.49,71.51
1768803047.50,2026-01-19 11:40:47,11,22,195,10.9%,124,NORMAL,258.7,0.0,0.3,0.3,False,8.49,71.51
1768803050.21,2026-01-19 11:40:50,11,22,195,10.9%,124,NORMAL,258.3,0.0,0.3,0.3,False,8.49,71.51
1768803052.99,2026-01-19 11:40:52,9,22,195,10.7%,124,NORMAL,257.9,0.0,0.3,0.3,False,6.99,73.01
1768803055.92,2026-01-19 11:40:55,10,22,195,10.6%,124,NORMAL,257.5,0.0,0.3,0.3,False,7.74,72.26
1768803058.69,2026-01-19 11:40:58,10,22,195,10.6%,124,NORMAL,257.1,0.0,0.3,0.3,False,7.74,72.26
1768803061.50,2026-01-19 11:41:01,9,22,195,10.5%,124,NORMAL,256.8,0.0,0.3,0.3,False,6.99,73.01
1768803064.25,2026-01-19 11:41:04,9,22,195,10.5%,124,NORMAL,256.4,0.0,0.3,0.3,False,6.99,73.01
1768803066.98,2026-01-19 11:41:06,9,22,195,10.4%,124,NORMAL,256.0,0.0,0.3,0.3,False,6.99,73.01
1768803069.59,2026-01-19 11:41:09,8,22,195,10.2%,124,NORMAL,255.6,0.0,0.3,0.3,False,6.23,73.77
1768803072.31,2026-01-19 11:41:12,7,22,195,10.1%,124,NORMAL,255.3,0.0,0.3,0.3,False,5.47,74.53
1768803074.94,2026-01-19 11:41:14,7,22,195,10.0%,124,NORMAL,254.9,0.0,0.3,0.3,False,5.47,74.53
1768803077.60,2026-01-19 11:41:17,7,22,195,9.8%,124,NORMAL,254.5,0.0,0.3,0.3,False,5.47,74.53
1768803080.33,2026-01-19 11:41:20,7,22,195,9.7%,124,NORMAL,254.2,0.0,0.3,0.3,False,5.47,74.53
1768803082.96,2026-01-19 11:41:22,7,22,195,9.5%,124,NORMAL,253.8,0.0,0.3,0.3,False,5.47,74.53
1768803085.58,2026-01-19 11:41:25,7,22,195,9.4%,124,NORMAL,253.4,0.0,0.3,0.3,False,5.47,74.53
1768803088.38,2026-01-19 11:41:28,7,22,195,9.2%,124,NORMAL,253.1,0.0,0.3,0.3,False,5.47,74.53
1768803091.51,2026-01-19 11:41:31,7,22,195,9.1%,124,NORMAL,252.7,0.0,0.3,0.3,False,5.47,74.53
1768803095.50,2026-01-19 11:41:35,6,22,195,9.0%,124,NORMAL,252.3,0.0,0.3,0.3,False,4.71,75.29
1768803099.49,2026-01-19 11:41:39,7,22,195,8.9%,124,NORMAL,252.0,0.0,0.3,0.3,False,5.47,74.53
1768803103.48,2026-01-19 11:41:43,7,22,195,8.8%,124,NORMAL,251.6,0.0,0.3,0.3,False,5.47,74.53
1768803107.43,2026-01-19 11:41:47,5,22,195,8.6%,124,NORMAL,251.3,0.0,0.3,0.3,False,3.94,76.06
1768803110.95,2026-01-19 11:41:50,5,22,195,8.4%,124,NORMAL,250.9,0.0,0.3,0.3,False,3.94,76.06
1768803113.63,2026-01-19 11:41:53,6,22,195,8.3%,124,NORMAL,250.5,0.0,0.3,0.3,False,4.71,75.29
1768803116.40,2026-01-19 11:41:56,5,22,195,8.1%,124,NORMAL,250.2,0.0,0.3,0.3,False,3.94,76.06
1768803119.54,2026-01-19 11:41:59,5,22,195,7.9%,124,NORMAL,249.8,0.0,0.3,0.3,False,3.94,76.06
1768803122.65,2026-01-19 11:42:02,5,22,195,7.7%,124,NORMAL,249.5,0.0,0.3,0.3,False,3.94,76.06
1768803125.86,2026-01-19 11:42:05,5,22,195,7.5%,124,NORMAL,249.1,0.0,0.3,0.3,False,3.94,76.06
1768803128.45,2026-01-19 11:42:08,4,22,195,7.3%,124,NORMAL,248.8,0.0,0.3,0.3,False,3.16,76.84
1768803131.20,2026-01-19 11:42:11,4,22,195,7.1%,124,NORMAL,248.4,0.0,0.3,0.3,False,3.16,76.84
1768803133.85,2026-01-19 11:42:13,4,22,195,6.8%,124,NORMAL,248.1,0.0,0.3,0.3,False,3.16,76.84
1768803136.57,2026-01-19 11:42:16,5,22,195,6.6%,124,NORMAL,247.7,0.0,0.3,0.3,False,3.94,76.06
1768803139.17,2026-01-19 11:42:19,4,22,195,6.4%,124,NORMAL,247.4,0.0,0.3,0.3,False,3.16,76.84
1768803141.80,2026-01-19 11:42:21,5,22,196,6.3%,124,NORMAL,248.3,0.0,0.3,0.3,False,3.94,76.06
1768803144.46,2026-01-19 11:42:24,5,22,196,6.1%,124,NORMAL,247.9,0.0,0.3,0.3,False,3.94,76.06
1768803147.07,2026-01-19 11:42:27,5,22,197,6.0%,124,NORMAL,248.8,0.0,0.3,0.3,False,3.94,76.06
1768803149.71,2026-01-19 11:42:29,5,22,197,5.8%,124,NORMAL,248.5,0.0,0.3,0.3,False,3.94,76.06
1768803152.48,2026-01-19 11:42:32,5,22,197,5.7%,124,NORMAL,248.1,0.0,0.3,0.3,False,3.94,76.06
1768803155.13,2026-01-19 11:42:35,5,22,197,5.6%,124,NORMAL,247.8,0.0,0.3,0.3,False,3.94,76.06
1768803157.89,2026-01-19 11:42:37,5,22,197,5.5%,124,NORMAL,247.5,0.0,0.3,0.3,False,3.94,76.06
1768803160.64,2026-01-19 11:42:40,5,22,197,5.4%,124,NORMAL,247.1,0.0,0.3,0.3,False,3.94,76.06
1768803163.38,2026-01-19 11:42:43,5,22,197,5.4%,124,NORMAL,246.8,0.0,0.3,0.3,False,3.94,76.06
1768803166.05,2026-01-19 11:42:46,5,22,197,5.3%,124,NORMAL,246.4,0.0,0.3,0.3,False,3.94,76.06
1768803168.88,2026-01-19 11:42:48,5,22,197,5.2%,124,NORMAL,246.1,0.0,0.3,0.3,False,3.94,76.06
1768803171.53,2026-01-19 11:42:51,4,22,197,5.1%,124,NORMAL,245.7,0.0,0.3,0.3,False,3.16,76.84
1768803174.28,2026-01-19 11:42:54,7,22,197,5.1%,124,NORMAL,245.4,0.0,0.3,0.3,False,5.47,74.53
1768803177.51,2026-01-19 11:42:57,6,22,197,5.1%,124,NORMAL,245.1,0.0,0.3,0.3,False,4.71,75.29
1768803180.14,2026-01-19 11:43:00,6,22,199,5.1%,124,NORMAL,247.2,0.0,0.3,0.3,False,4.71,75.29
1768803182.82,2026-01-19 11:43:02,5,22,199,5.0%,124,NORMAL,246.9,0.0,0.3,0.3,False,3.94,76.06
1768803185.79,2026-01-19 11:43:05,6,22,199,5.0%,124,NORMAL,246.5,0.0,0.3,0.3,False,4.71,75.29
1768803188.95,2026-01-19 11:43:08,6,22,199,5.0%,124,NORMAL,246.2,0.0,0.3,0.3,False,4.71,75.29
1768803192.03,2026-01-19 11:43:12,6,22,200,5.0%,124,NORMAL,247.1,0.0,0.3,0.3,False,4.71,75.29
1768803195.16,2026-01-19 11:43:15,8,22,200,5.1%,124,NORMAL,246.7,0.0,0.3,0.3,False,6.23,73.77
1768803198.23,2026-01-19 11:43:18,8,22,200,5.2%,124,NORMAL,246.4,0.0,0.3,0.3,False,6.23,73.77
1768803201.31,2026-01-19 11:43:21,8,22,201,5.3%,124,NORMAL,247.3,0.0,0.3,0.3,False,6.23,73.77
1768803204.53,2026-01-19 11:43:24,8,22,201,5.4%,124,NORMAL,247.0,0.0,0.3,0.3,False,6.23,73.77
1768803207.66,2026-01-19 11:43:27,8,22,201,5.5%,124,NORMAL,246.6,0.0,0.3,0.3,False,6.23,73.77
1768803210.73,2026-01-19 11:43:30,9,22,201,5.6%,124,NORMAL,246.3,0.0,0.3,0.3,False,6.99,73.01
1768803214.55,2026-01-19 11:43:34,10,22,201,5.8%,124,NORMAL,246.0,0.0,0.3,0.3,False,7.74,72.26
1768803218.20,2026-01-19 11:43:38,11,22,202,6.0%,124,NORMAL,246.8,0.0,0.3,0.3,False,8.49,71.51
1768803222.03,2026-01-19 11:43:42,10,22,204,6.2%,124,NORMAL,248.9,0.0,0.3,0.3,False,7.74,72.26
1768803225.62,2026-01-19 11:43:45,11,22,205,6.4%,124,NORMAL,249.8,0.0,0.3,0.3,False,8.49,71.51
1768803229.13,2026-01-19 11:43:49,13,22,206,6.7%,124,NORMAL,250.7,0.0,0.3,0.3,False,9.96,70.04
1768803231.86,2026-01-19 11:43:51,14,22,207,6.9%,124,NORMAL,251.6,0.0,0.3,0.3,False,10.69,69.31
1768803235.40,2026-01-19 11:43:55,14,22,208,7.2%,124,NORMAL,252.5,0.0,0.3,0.3,False,10.69,69.31
1768803238.92,2026-01-19 11:43:58,14,22,209,7.5%,124,NORMAL,253.3,0.0,0.3,0.3,False,10.69,69.31
1768803242.07,2026-01-19 11:44:02,13,22,209,7.8%,124,NORMAL,253.0,0.0,0.3,0.3,False,9.96,70.04
1768803244.97,2026-01-19 11:44:04,11,22,209,8.0%,124,NORMAL,252.7,0.0,0.3,0.3,False,8.49,71.51
1768803247.63,2026-01-19 11:44:07,11,22,209,8.1%,124,NORMAL,252.3,0.0,0.3,0.3,False,8.49,71.51
1768803250.53,2026-01-19 11:44:10,10,22,209,8.3%,124,NORMAL,252.0,0.0,0.3,0.3,False,7.74,72.26
1768803253.26,2026-01-19 11:44:13,7,22,209,8.4%,124,NORMAL,251.6,0.0,0.3,0.3,False,5.47,74.53
1768803255.98,2026-01-19 11:44:15,7,22,209,8.4%,124,NORMAL,251.3,0.0,0.3,0.3,False,5.47,74.53
1768803258.83,2026-01-19 11:44:18,8,22,209,8.5%,124,NORMAL,251.0,0.0,0.3,0.3,False,6.23,73.77
1768803261.50,2026-01-19 11:44:21,7,22,209,8.6%,124,NORMAL,250.6,0.0,0.3,0.3,False,5.47,74.53
1768803265.13,2026-01-19 11:44:25,11,22,210,8.8%,124,NORMAL,251.5,0.0,0.3,0.3,False,8.49,71.51
1768803269.03,2026-01-19 11:44:29,11,22,210,8.9%,124,NORMAL,251.2,0.0,0.3,0.3,False,8.49,71.51
1768803272.27,2026-01-19 11:44:32,10,22,211,9.1%,124,NORMAL,252.0,0.0,0.3,0.3,False,7.74,72.26
1768803274.93,2026-01-19 11:44:34,11,22,211,9.2%,124,NORMAL,251.7,0.0,0.3,0.3,False,8.49,71.51
1768803277.70,2026-01-19 11:44:37,11,22,211,9.4%,124,NORMAL,251.4,0.0,0.3,0.3,False,8.49,71.51
1768803280.53,2026-01-19 11:44:40,12,22,211,9.6%,124,NORMAL,251.0,0.0,0.3,0.3,False,9.23,70.77
1768803283.68,2026-01-19 11:44:43,13,22,211,9.8%,124,NORMAL,250.7,0.0,0.3,0.3,False,9.96,70.04
1768803287.55,2026-01-19 11:44:47,13,22,212,10.0%,124,NORMAL,251.5,0.0,0.3,0.3,False,9.96,70.04
1768803290.25,2026-01-19 11:44:50,12,22,212,10.2%,124,NORMAL,251.2,0.0,0.3,0.3,False,9.23,70.77
1768803293.05,2026-01-19 11:44:53,11,22,213,10.3%,124,NORMAL,252.1,0.0,0.3,0.3,False,8.49,71.51
1768803295.78,2026-01-19 11:44:55,11,22,213,10.3%,124,NORMAL,251.7,0.0,0.3,0.3,False,8.49,71.51
1768803298.51,2026-01-19 11:44:58,12,22,213,10.5%,124,NORMAL,251.4,0.0,0.3,0.3,False,9.23,70.77
1768803301.37,2026-01-19 11:45:01,10,22,213,10.5%,124,NORMAL,251.1,0.0,0.3,0.3,False,7.74,72.26
1768803304.17,2026-01-19 11:45:04,13,22,213,10.7%,124,NORMAL,250.8,0.0,0.3,0.3,False,9.96,70.04
1768803307.45,2026-01-19 11:45:07,13,22,213,10.8%,124,NORMAL,250.4,0.0,0.3,0.3,False,9.96,70.04
1768803310.44,2026-01-19 11:45:10,12,22,213,10.8%,124,NORMAL,250.1,0.0,0.3,0.3,False,9.23,70.77
1768803313.38,2026-01-19 11:45:13,11,22,214,10.8%,124,NORMAL,250.9,0.0,0.3,0.3,False,8.49,71.51
1768803317.21,2026-01-19 11:45:17,10,22,214,10.8%,124,NORMAL,250.6,0.0,0.3,0.3,False,7.74,72.26
1768803322.87,2026-01-19 11:45:22,11,22,214,10.7%,124,NORMAL,250.3,0.0,0.3,0.3,False,8.49,71.51
1768803327.82,2026-01-19 11:45:27,12,22,214,10.7%,124,NORMAL,250.0,0.0,0.3,0.3,False,9.23,70.77
1768803332.83,2026-01-19 11:45:32,14,22,215,10.7%,124,NORMAL,250.8,0.0,0.3,0.3,False,10.69,69.31
1768803338.13,2026-01-19 11:45:38,14,22,215,10.7%,124,NORMAL,250.5,0.0,0.3,0.3,False,10.69,69.31
1768803343.03,2026-01-19 11:45:43,11,22,216,10.6%,124,NORMAL,251.3,0.0,0.3,0.3,False,8.49,71.51
1768803348.01,2026-01-19 11:45:48,14,22,216,10.7%,124,NORMAL,251.0,0.0,0.3,0.3,False,10.69,69.31
1768803352.02,2026-01-19 11:45:52,13,22,216,10.8%,124,NORMAL,250.7,0.0,0.3,0.3,False,9.96,70.04
1768803356.50,2026-01-19 11:45:56,14,22,216,10.9%,124,NORMAL,250.4,0.0,0.3,0.3,False,10.69,69.31
1768803360.77,2026-01-19 11:46:00,12,22,216,11.0%,124,NORMAL,250.0,0.0,0.3,0.3,False,9.23,70.77
1768803365.17,2026-01-19 11:46:05,13,22,216,11.2%,124,NORMAL,249.7,0.0,0.3,0.3,False,9.96,70.04
1768803369.74,2026-01-19 11:46:09,11,22,216,11.3%,124,NORMAL,249.4,0.0,0.3,0.3,False,8.49,71.51
1768803373.97,2026-01-19 11:46:13,11,22,216,11.4%,124,NORMAL,249.1,0.0,0.3,0.3,False,8.49,71.51
1768803378.32,2026-01-19 11:46:18,10,22,216,11.4%,124,NORMAL,248.8,0.0,0.3,0.3,False,7.74,72.26
1768803382.50,2026-01-19 11:46:22,11,22,216,11.4%,124,NORMAL,248.4,0.0,0.3,0.3,False,8.49,71.51
1768803386.12,2026-01-19 11:46:26,14,22,216,11.5%,124,NORMAL,248.1,0.0,0.3,0.3,False,10.69,69.31
1768803389.18,2026-01-19 11:46:29,13,22,217,11.6%,124,NORMAL,248.9,0.0,0.3,0.3,False,9.96,70.04
1768803393.37,2026-01-19 11:46:33,12,22,217,11.6%,124,NORMAL,248.6,0.0,0.3,0.3,False,9.23,70.77
1768803398.09,2026-01-19 11:46:38,12,22,217,11.6%,124,NORMAL,248.3,0.0,0.3,0.3,False,9.23,70.77
1768803402.10,2026-01-19 11:46:42,12,22,217,11.6%,124,NORMAL,248.0,0.0,0.3,0.3,False,9.23,70.77
1768803405.11,2026-01-19 11:46:45,11,22,217,11.5%,124,NORMAL,247.7,0.0,0.3,0.3,False,8.49,71.51
1768803408.99,2026-01-19 11:46:48,11,22,217,11.5%,124,NORMAL,247.4,0.0,0.3,0.3,False,8.49,71.51
1768803413.21,2026-01-19 11:46:53,13,22,217,11.6%,124,NORMAL,247.1,0.0,0.3,0.3,False,9.96,70.04
1768803417.08,2026-01-19 11:46:57,14,22,217,11.7%,124,NORMAL,246.7,0.0,0.3,0.3,False,10.69,69.31
1768803420.71,2026-01-19 11:47:00,15,22,218,11.7%,124,NORMAL,247.6,0.0,0.3,0.3,False,11.42,68.58
1768803424.19,2026-01-19 11:47:04,13,22,218,11.8%,124,NORMAL,247.3,0.0,0.3,0.3,False,9.96,70.04
1768803427.72,2026-01-19 11:47:07,11,22,219,11.8%,124,NORMAL,248.1,0.0,0.3,0.3,False,8.49,71.51
1768803431.88,2026-01-19 11:47:11,10,22,219,11.7%,124,NORMAL,247.8,0.0,0.3,0.3,False,7.74,72.26
1768803435.73,2026-01-19 11:47:15,13,22,219,11.7%,124,NORMAL,247.5,0.0,0.3,0.3,False,9.96,70.04
1768803439.74,2026-01-19 11:47:19,13,22,219,11.8%,124,NORMAL,247.1,0.0,0.3,0.3,False,9.96,70.04
1768803443.49,2026-01-19 11:47:23,13,22,220,11.9%,124,NORMAL,248.0,0.0,0.3,0.3,False,9.96,70.04
1768803447.22,2026-01-19 11:47:27,15,22,220,12.0%,124,NORMAL,247.7,0.0,0.3,0.3,False,11.42,68.58
1768803450.84,2026-01-19 11:47:30,13,22,220,12.0%,124,NORMAL,247.3,0.0,0.3,0.3,False,9.96,70.04
1768803454.75,2026-01-19 11:47:34,13,22,221,12.0%,124,NORMAL,248.2,0.0,0.3,0.3,False,9.96,70.04
1768803458.01,2026-01-19 11:47:38,11,22,221,11.9%,124,NORMAL,247.9,0.0,0.3,0.3,False,8.49,71.51
1768803461.07,2026-01-19 11:47:41,14,22,221,12.0%,124,NORMAL,247.5,0.0,0.3,0.3,False,10.69,69.31
1768803464.41,2026-01-19 11:47:44,14,22,221,12.0%,124,NORMAL,247.2,0.0,0.3,0.3,False,10.69,69.31
1768803467.56,2026-01-19 11:47:47,12,22,221,12.0%,124,NORMAL,246.9,0.0,0.3,0.3,False,9.23,70.77
1768803470.68,2026-01-19 11:47:50,14,22,221,12.0%,124,NORMAL,246.6,0.0,0.3,0.3,False,10.69,69.31
1768803475.24,2026-01-19 11:47:55,13,22,221,12.0%,124,NORMAL,246.3,0.0,0.3,0.3,False,9.96,70.04
1768803479.63,2026-01-19 11:47:59,12,22,221,12.0%,124,NORMAL,246.0,0.0,0.3,0.3,False,9.23,70.77
1768803482.90,2026-01-19 11:48:02,10,22,222,11.9%,124,NORMAL,246.8,0.0,0.3,0.3,False,7.74,72.26
1768803486.61,2026-01-19 11:48:06,11,22,222,11.9%,124,NORMAL,246.5,0.0,0.3,0.3,False,8.49,71.51
1768803489.86,2026-01-19 11:48:09,11,22,223,12.0%,124,NORMAL,247.3,0.0,0.3,0.3,False,8.49,71.51
1768803493.29,2026-01-19 11:48:13,13,22,224,12.0%,124,NORMAL,248.1,0.0,0.3,0.3,False,9.96,70.04
1768803496.25,2026-01-19 11:48:16,13,22,224,12.0%,124,NORMAL,247.8,0.0,0.3,0.3,False,9.96,70.04
1768803499.28,2026-01-19 11:48:19,13,22,224,12.0%,124,NORMAL,247.5,0.0,0.3,0.3,False,9.96,70.04
1768803502.15,2026-01-19 11:48:22,13,22,224,12.0%,124,NORMAL,247.2,0.0,0.3,0.3,False,9.96,70.04
1768803505.00,2026-01-19 11:48:25,12,22,225,12.0%,124,NORMAL,248.0,0.0,0.3,0.3,False,9.23,70.77
1768803508.33,2026-01-19 11:48:28,13,22,225,12.1%,124,NORMAL,247.7,0.0,0.3,0.3,False,9.96,70.04
1768803511.04,2026-01-19 11:48:31,14,22,227,12.1%,124,NORMAL,249.6,0.0,0.3,0.3,False,10.69,69.31
1768803514.26,2026-01-19 11:48:34,13,22,227,12.2%,124,NORMAL,249.3,0.0,0.3,0.3,False,9.96,70.04
1768803519.06,2026-01-19 11:48:39,11,22,227,12.1%,124,NORMAL,249.0,0.0,0.3,0.3,False,8.49,71.51
1768803523.79,2026-01-19 11:48:43,13,22,227,12.1%,124,NORMAL,248.7,0.0,0.3,0.3,False,9.96,70.04
1768803527.22,2026-01-19 11:48:47,13,22,228,12.1%,124,NORMAL,249.5,0.0,0.3,0.3,False,9.96,70.04
1768803530.81,2026-01-19 11:48:50,14,22,230,12.1%,124,NORMAL,251.4,0.0,0.3,0.3,False,10.69,69.31
1768803536.11,2026-01-19 11:48:56,14,22,230,12.2%,124,NORMAL,251.1,0.0,0.3,0.3,False,10.69,69.31
1768803539.21,2026-01-19 11:48:59,14,22,230,12.3%,124,NORMAL,250.8,0.0,0.3,0.3,False,10.69,69.31
1768803542.39,2026-01-19 11:49:02,11,22,230,12.2%,124,NORMAL,250.5,0.0,0.3,0.3,False,8.49,71.51
1768803545.08,2026-01-19 11:49:05,12,22,230,12.2%,124,NORMAL,250.2,0.0,0.3,0.3,False,9.23,70.77
1768803549.14,2026-01-19 11:49:09,11,22,231,12.1%,124,NORMAL,250.9,0.0,0.3,0.3,False,8.49,71.51
1768803552.09,2026-01-19 11:49:12,11,22,231,12.0%,124,NORMAL,250.6,0.0,0.3,0.3,False,8.49,71.51
1768803555.91,2026-01-19 11:49:15,12,22,231,12.0%,124,NORMAL,250.3,0.0,0.3,0.3,False,9.23,70.77
1768803559.23,2026-01-19 11:49:19,14,22,232,12.0%,124,NORMAL,251.1,0.0,0.3,0.3,False,10.69,69.31
1768803562.82,2026-01-19 11:49:22,16,22,232,12.2%,124,NORMAL,250.8,0.0,0.3,0.3,False,12.14,67.86
1768803566.36,2026-01-19 11:49:26,15,22,233,12.2%,124,NORMAL,251.6,0.0,0.3,0.3,False,11.42,68.58
1768803569.91,2026-01-19 11:49:29,14,22,233,12.2%,124,NORMAL,251.3,0.0,0.3,0.3,False,10.69,69.31
1768803572.87,2026-01-19 11:49:32,12,22,233,12.2%,124,NORMAL,251.0,0.0,0.3,0.3,False,9.23,70.77
1768803576.46,2026-01-19 11:49:36,11,22,233,12.1%,124,NORMAL,250.7,0.0,0.3,0.3,False,8.49,71.51
1768803580.19,2026-01-19 11:49:40,12,22,233,12.1%,124,NORMAL,250.4,0.0,0.3,0.3,False,9.23,70.77
1768803583.55,2026-01-19 11:49:43,11,22,233,12.1%,124,NORMAL,250.1,0.0,0.3,0.3,False,8.49,71.51
1768803587.18,2026-01-19 11:49:47,10,22,234,12.1%,124,NORMAL,250.9,0.0,0.3,0.3,False,7.74,72.26
1768803591.00,2026-01-19 11:49:51,10,22,234,12.0%,124,NORMAL,250.6,0.0,0.3,0.3,False,7.74,72.26
1768803595.03,2026-01-19 11:49:55,9,22,234,12.0%,124,NORMAL,250.3,0.0,0.3,0.3,False,6.99,73.01
1768803599.09,2026-01-19 11:49:59,11,22,234,11.9%,124,NORMAL,250.0,0.0,0.3,0.3,False,8.49,71.51
1768803602.35,2026-01-19 11:50:02,10,22,234,11.8%,124,NORMAL,249.7,0.0,0.3,0.3,False,7.74,72.26
1768803605.03,2026-01-19 11:50:05,10,22,236,11.7%,124,NORMAL,251.5,0.0,0.3,0.3,False,7.74,72.26
1768803607.88,2026-01-19 11:50:07,10,22,237,11.6%,124,NORMAL,252.3,0.0,0.3,0.3,False,7.74,72.26
1768803610.71,2026-01-19 11:50:10,8,22,238,11.5%,124,NORMAL,253.0,0.0,0.3,0.3,False,6.23,73.77
1768803613.58,2026-01-19 11:50:13,8,22,238,11.3%,124,NORMAL,252.7,0.0,0.3,0.3,False,6.23,73.77
1768803616.74,2026-01-19 11:50:16,7,22,238,11.1%,124,NORMAL,252.4,0.0,0.3,0.3,False,5.47,74.53
1768803620.23,2026-01-19 11:50:20,9,22,239,11.0%,124,NORMAL,253.2,0.0,0.3,0.3,False,6.99,73.01
1768803623.76,2026-01-19 11:50:23,10,22,239,11.0%,124,NORMAL,252.9,0.0,0.3,0.3,False,7.74,72.26
1768803627.17,2026-01-19 11:50:27,11,22,239,10.9%,124,NORMAL,252.6,0.0,0.3,0.3,False,8.49,71.51
1768803630.51,2026-01-19 11:50:30,12,22,240,10.9%,124,NORMAL,253.4,0.0,0.3,0.3,False,9.23,70.77
1768803633.77,2026-01-19 11:50:33,10,22,241,10.8%,124,NORMAL,254.1,0.0,0.3,0.3,False,7.74,72.26
1768803637.25,2026-01-19 11:50:37,10,22,241,10.6%,124,NORMAL,253.8,0.0,0.3,0.3,False,7.74,72.26
1768803640.71,2026-01-19 11:50:40,12,22,241,10.6%,124,NORMAL,253.5,0.0,0.3,0.3,False,9.23,70.77
1768803643.82,2026-01-19 11:50:43,12,22,241,10.6%,124,NORMAL,253.2,0.0,0.3,0.3,False,9.23,70.77
1768803647.02,2026-01-19 11:50:47,13,22,241,10.6%,124,NORMAL,252.9,0.0,0.3,0.3,False,9.96,70.04
1768803650.08,2026-01-19 11:50:50,13,22,242,10.7%,124,NORMAL,253.7,0.0,0.3,0.3,False,9.96,70.04
1768803653.20,2026-01-19 11:50:53,11,22,242,10.7%,124,NORMAL,253.4,0.0,0.3,0.3,False,8.49,71.51
1768803656.46,2026-01-19 11:50:56,11,22,242,10.7%,124,NORMAL,253.1,0.0,0.3,0.3,False,8.49,71.51
1768803659.67,2026-01-19 11:50:59,11,22,242,10.6%,124,NORMAL,252.8,0.0,0.3,0.3,False,8.49,71.51
1768803663.02,2026-01-19 11:51:03,8,22,242,10.3%,124,NORMAL,252.5,0.0,0.3,0.3,False,6.23,73.77
1768803666.24,2026-01-19 11:51:06,9,22,242,10.1%,124,NORMAL,252.2,0.0,0.3,0.3,False,6.99,73.01
1768803669.55,2026-01-19 11:51:09,8,22,242,10.0%,124,NORMAL,251.9,0.0,0.3,0.3,False,6.23,73.77
1768803672.36,2026-01-19 11:51:12,9,22,243,9.9%,124,NORMAL,252.7,0.0,0.3,0.3,False,6.99,73.01
1768803675.07,2026-01-19 11:51:15,10,22,243,9.8%,124,NORMAL,252.4,0.0,0.3,0.3,False,7.74,72.26
1768803677.84,2026-01-19 11:51:17,10,22,243,9.8%,124,NORMAL,252.1,0.0,0.3,0.3,False,7.74,72.26
1768803680.51,2026-01-19 11:51:20,9,22,243,9.7%,124,NORMAL,251.8,0.0,0.3,0.3,False,6.99,73.01
1768803683.39,2026-01-19 11:51:23,9,22,243,9.7%,124,NORMAL,251.5,0.0,0.3,0.3,False,6.99,73.01
1768803686.09,2026-01-19 11:51:26,11,22,244,9.7%,124,NORMAL,252.3,0.0,0.3,0.3,False,8.49,71.51
1768803689.00,2026-01-19 11:51:29,11,22,244,9.8%,124,NORMAL,252.0,0.0,0.3,0.3,False,8.49,71.51
1768803691.73,2026-01-19 11:51:31,11,22,245,9.8%,124,NORMAL,252.7,0.0,0.3,0.3,False,8.49,71.51
1768803694.62,2026-01-19 11:51:34,10,22,246,9.8%,124,NORMAL,253.5,0.0,0.3,0.3,False,7.74,72.26
1768803697.33,2026-01-19 11:51:37,10,22,246,9.8%,124,NORMAL,253.2,0.0,0.3,0.3,False,7.74,72.26
1768803700.22,2026-01-19 11:51:40,11,22,246,9.8%,124,NORMAL,252.9,0.0,0.3,0.3,False,8.49,71.51
1768803702.92,2026-01-19 11:51:42,8,22,246,9.8%,124,NORMAL,252.6,0.0,0.3,0.3,False,6.23,73.77
1768803705.60,2026-01-19 11:51:45,8,22,246,9.8%,124,NORMAL,252.3,0.0,0.3,0.3,False,6.23,73.77
1768803708.59,2026-01-19 11:51:48,7,22,247,9.8%,124,NORMAL,253.0,0.0,0.3,0.3,False,5.47,74.53
1768803711.39,2026-01-19 11:51:51,8,22,247,9.8%,124,NORMAL,252.8,0.0,0.3,0.3,False,6.23,73.77
1768803714.27,2026-01-19 11:51:54,10,22,247,9.8%,124,NORMAL,252.5,0.0,0.3,0.3,False,7.74,72.26
1768803716.99,2026-01-19 11:51:56,9,22,247,9.7%,124,NORMAL,252.2,0.0,0.3,0.3,False,6.99,73.01
1768803719.94,2026-01-19 11:51:59,9,22,247,9.6%,124,NORMAL,251.9,0.0,0.3,0.3,False,6.99,73.01
1768803722.74,2026-01-19 11:52:02,9,22,247,9.6%,124,NORMAL,251.6,0.0,0.3,0.3,False,6.99,73.01
1768803725.77,2026-01-19 11:52:05,9,22,248,9.5%,124,NORMAL,252.3,0.0,0.3,0.3,False,6.99,73.01
1768803729.05,2026-01-19 11:52:09,9,22,248,9.5%,124,NORMAL,252.1,0.0,0.3,0.3,False,6.99,73.01
1768803732.46,2026-01-19 11:52:12,9,22,248,9.4%,124,NORMAL,251.8,0.0,0.3,0.3,False,6.99,73.01
1768803735.57,2026-01-19 11:52:15,9,22,248,9.2%,124,NORMAL,251.5,0.0,0.3,0.3,False,6.99,73.01
1768803738.48,2026-01-19 11:52:18,10,22,248,9.1%,124,NORMAL,251.2,0.0,0.3,0.3,False,7.74,72.26
1768803741.23,2026-01-19 11:52:21,10,22,248,9.1%,124,NORMAL,250.9,0.0,0.3,0.3,False,7.74,72.26
1768803744.21,2026-01-19 11:52:24,11,22,248,9.1%,124,NORMAL,250.6,0.0,0.3,0.3,False,8.49,71.51
1768803747.45,2026-01-19 11:52:27,11,22,248,9.1%,124,NORMAL,250.4,0.0,0.3,0.3,False,8.49,71.51
1768803751.24,2026-01-19 11:52:31,12,22,248,9.2%,124,NORMAL,250.1,0.0,0.3,0.3,False,9.23,70.77
1768803755.01,2026-01-19 11:52:35,12,22,249,9.3%,124,NORMAL,250.8,0.0,0.3,0.3,False,9.23,70.77
1768803758.50,2026-01-19 11:52:38,13,22,249,9.5%,124,NORMAL,250.5,0.0,0.3,0.3,False,9.96,70.04
1768803762.05,2026-01-19 11:52:42,12,22,249,9.6%,124,NORMAL,250.3,0.0,0.3,0.3,False,9.23,70.77
1768803765.17,2026-01-19 11:52:45,11,22,250,9.6%,124,NORMAL,251.0,0.0,0.3,0.3,False,8.49,71.51
1768803768.65,2026-01-19 11:52:48,11,22,250,9.6%,124,NORMAL,250.7,0.0,0.3,0.3,False,8.49,71.51
1768803771.97,2026-01-19 11:52:51,12,22,250,9.7%,124,NORMAL,250.4,0.0,0.3,0.3,False,9.23,70.77
1768803775.30,2026-01-19 11:52:55,11,22,250,9.8%,124,NORMAL,250.1,0.0,0.3,0.3,False,8.49,71.51
1768803778.70,2026-01-19 11:52:58,13,22,251,9.9%,124,NORMAL,235.0,0.0,0.3,0.3,False,9.96,70.04
1768803782.02,2026-01-19 11:53:02,12,22,251,9.9%,124,NORMAL,235.0,0.0,0.3,0.3,False,9.23,70.77
1768803785.12,2026-01-19 11:53:05,13,22,251,9.9%,124,NORMAL,234.0,0.0,0.3,0.3,False,9.96,70.04
1768803788.61,2026-01-19 11:53:08,13,22,252,10.0%,124,NORMAL,233.0,0.0,0.3,0.3,False,9.96,70.04
1768803792.48,2026-01-19 11:53:12,14,22,253,10.2%,124,NORMAL,233.0,0.0,0.3,0.3,False,10.69,69.31
1768803795.72,2026-01-19 11:53:15,14,22,253,10.3%,124,NORMAL,230.0,0.0,0.3,0.3,False,10.69,69.31
1768803798.67,2026-01-19 11:53:18,12,22,254,10.4%,124,NORMAL,231.0,0.0,0.3,0.3,False,9.23,70.77
1768803802.52,2026-01-19 11:53:22,12,22,254,10.5%,124,NORMAL,231.0,0.0,0.3,0.3,False,9.23,70.77
1768803805.74,2026-01-19 11:53:25,10,22,254,10.6%,124,NORMAL,229.0,0.0,0.3,0.3,False,7.74,72.26
1768803809.17,2026-01-19 11:53:29,9,22,254,10.6%,124,NORMAL,228.0,0.0,0.3,0.3,False,6.99,73.01
1768803812.83,2026-01-19 11:53:32,8,22,254,10.6%,124,NORMAL,228.0,0.0,0.3,0.3,False,6.23,73.77
1768803816.26,2026-01-19 11:53:36,10,22,254,10.6%,124,NORMAL,228.0,0.0,0.3,0.3,False,7.74,72.26
1768803819.32,2026-01-19 11:53:39,9,22,254,10.6%,124,NORMAL,227.0,0.0,0.3,0.3,False,6.99,73.01
1768803822.70,2026-01-19 11:53:42,10,22,255,10.6%,124,NORMAL,228.0,0.0,0.3,0.3,False,7.74,72.26
1768803825.97,2026-01-19 11:53:45,11,22,255,10.7%,124,NORMAL,227.0,0.0,0.3,0.3,False,8.49,71.51
1768803829.07,2026-01-19 11:53:49,10,22,255,10.7%,124,NORMAL,226.0,0.0,0.3,0.3,False,7.74,72.26
1768803833.18,2026-01-19 11:53:53,10,22,256,10.8%,124,NORMAL,227.0,0.0,0.3,0.3,False,7.74,72.26
1768803836.97,2026-01-19 11:53:56,10,22,256,10.8%,124,NORMAL,227.0,0.0,0.3,0.3,False,7.74,72.26
1768803842.26,2026-01-19 11:54:02,12,22,257,10.9%,124,NORMAL,226.0,0.0,0.3,0.3,False,9.23,70.77
1768803847.66,2026-01-19 11:54:07,14,22,259,11.0%,124,NORMAL,226.0,0.0,0.3,0.3,False,10.69,69.31
1768803851.46,2026-01-19 11:54:11,14,22,259,11.1%,124,NORMAL,225.0,0.0,0.3,0.3,False,10.69,69.31
1768803856.62,2026-01-19 11:54:16,16,22,259,11.2%,124,NORMAL,225.0,0.0,0.3,0.3,False,12.14,67.86
1768803860.88,2026-01-19 11:54:20,15,22,260,11.3%,124,NORMAL,224.0,0.0,0.3,0.3,False,11.42,68.58
1768803866.22,2026-01-19 11:54:26,16,22,261,11.4%,124,NORMAL,224.0,0.0,0.3,0.3,False,12.14,67.86
1768803871.31,2026-01-19 11:54:31,16,22,261,11.5%,124,NORMAL,224.0,0.0,0.3,0.3,False,12.14,67.86
1768803875.18,2026-01-19 11:54:35,11,22,261,11.5%,124,NORMAL,224.0,0.0,0.3,0.3,False,8.49,71.51
1768803878.60,2026-01-19 11:54:38,10,22,262,11.5%,124,NORMAL,224.0,0.0,0.3,0.3,False,7.74,72.26
1768803884.17,2026-01-19 11:54:44,9,22,262,11.4%,124,NORMAL,224.0,0.0,0.3,0.3,False,6.99,73.01
1768803888.78,2026-01-19 11:54:48,12,22,262,11.4%,124,NORMAL,224.0,0.0,0.3,0.3,False,9.23,70.77
1768803894.81,2026-01-19 11:54:54,14,22,263,11.5%,124,NORMAL,225.0,0.0,0.3,0.3,False,10.69,69.31
1768803899.42,2026-01-19 11:54:59,14,22,264,11.5%,124,NORMAL,226.0,0.0,0.3,0.3,False,10.69,69.31
1768803903.47,2026-01-19 11:55:03,12,22,264,11.5%,124,NORMAL,225.0,0.0,0.3,0.3,False,9.23,70.77
1768803907.04,2026-01-19 11:55:07,13,22,264,11.5%,124,NORMAL,225.0,0.0,0.3,0.3,False,9.96,70.04
1768803911.07,2026-01-19 11:55:11,14,22,264,11.5%,124,NORMAL,225.0,0.0,0.3,0.3,False,10.69,69.31
1768803915.65,2026-01-19 11:55:15,10,22,264,11.4%,124,NORMAL,224.0,0.0,0.3,0.3,False,7.74,72.26
1768803920.36,2026-01-19 11:55:20,10,22,264,11.3%,124,NORMAL,223.0,0.0,0.3,0.3,False,7.74,72.26
1768803925.29,2026-01-19 11:55:25,9,22,264,11.2%,124,NORMAL,222.0,0.0,0.3,0.3,False,6.99,73.01
1768803929.96,2026-01-19 11:55:29,10,22,264,11.1%,124,NORMAL,220.0,0.0,0.3,0.3,False,7.74,72.26
1768803933.49,2026-01-19 11:55:33,13,22,264,11.2%,124,NORMAL,218.0,0.0,0.3,0.3,False,9.96,70.04
1768803938.56,2026-01-19 11:55:38,10,22,264,11.3%,124,NORMAL,217.0,0.0,0.3,0.3,False,7.74,72.26
1768803944.26,2026-01-19 11:55:44,10,22,264,11.3%,124,NORMAL,217.0,0.0,0.3,0.3,False,7.74,72.26
1768803949.70,2026-01-19 11:55:49,10,22,264,11.3%,124,NORMAL,215.0,0.0,0.3,0.3,False,7.74,72.26
1768803955.21,2026-01-19 11:55:55,11,22,264,11.4%,124,NORMAL,215.0,0.0,0.3,0.3,False,8.49,71.51
1768803958.35,2026-01-19 11:55:58,12,22,265,11.5%,124,NORMAL,216.0,0.0,0.3,0.3,False,9.23,70.77
1768803961.52,2026-01-19 11:56:01,15,22,267,11.6%,124,NORMAL,217.0,0.0,0.3,0.3,False,11.42,68.58
1768803964.98,2026-01-19 11:56:04,14,22,269,11.7%,124,NORMAL,218.0,0.0,0.3,0.3,False,10.69,69.31
1768803968.40,2026-01-19 11:56:08,15,22,270,11.9%,124,NORMAL,218.0,0.0,0.3,0.3,False,11.42,68.58
1768803971.94,2026-01-19 11:56:11,15,22,270,12.0%,124,NORMAL,218.0,0.0,0.3,0.3,False,11.42,68.58
1768803975.64,2026-01-19 11:56:15,17,22,271,12.2%,124,NORMAL,217.0,0.0,0.3,0.3,False,12.85,67.15
1768803979.05,2026-01-19 11:56:19,16,22,271,12.2%,124,NORMAL,217.0,0.0,0.3,0.3,False,12.14,67.86
1768803982.01,2026-01-19 11:56:22,12,22,271,12.2%,124,NORMAL,217.0,0.0,0.3,0.3,False,9.23,70.77
1768803985.22,2026-01-19 11:56:25,13,22,271,12.1%,124,NORMAL,216.0,0.0,0.3,0.3,False,9.96,70.04
1768803988.31,2026-01-19 11:56:28,15,22,271,12.1%,124,NORMAL,216.0,0.0,0.3,0.3,False,11.42,68.58
1768803992.09,2026-01-19 11:56:32,14,22,271,12.0%,124,NORMAL,215.0,0.0,0.3,0.3,False,10.69,69.31
1768803994.95,2026-01-19 11:56:34,12,22,272,11.9%,124,NORMAL,215.0,0.0,0.3,0.3,False,9.23,70.77
1768803997.96,2026-01-19 11:56:37,11,22,272,11.9%,124,NORMAL,215.0,0.0,0.3,0.3,False,8.49,71.51
1768804000.96,2026-01-19 11:56:40,12,22,272,12.0%,124,NORMAL,215.0,0.0,0.3,0.3,False,9.23,70.77
1768804004.14,2026-01-19 11:56:44,14,22,272,12.1%,124,NORMAL,215.0,0.0,0.3,0.3,False,10.69,69.31
1768804007.29,2026-01-19 11:56:47,15,22,272,12.2%,124,NORMAL,214.0,0.0,0.3,0.3,False,11.42,68.58
1768804011.01,2026-01-19 11:56:51,14,22,272,12.2%,124,NORMAL,214.0,0.0,0.3,0.3,False,10.69,69.31
1768804014.36,2026-01-19 11:56:54,14,22,272,12.2%,124,NORMAL,214.0,0.0,0.3,0.3,False,10.69,69.31
1768804018.05,2026-01-19 11:56:58,13,22,272,12.2%,124,NORMAL,212.0,0.0,0.3,0.3,False,9.96,70.04
1768804021.60,2026-01-19 11:57:01,14,22,272,12.3%,124,NORMAL,212.0,0.0,0.3,0.3,False,10.69,69.31
1768804025.06,2026-01-19 11:57:05,12,22,272,12.2%,124,NORMAL,212.0,0.0,0.3,0.3,False,9.23,70.77
1768804028.66,2026-01-19 11:57:08,12,22,272,12.3%,124,NORMAL,212.0,0.0,0.3,0.3,False,9.23,70.77
1768804032.20,2026-01-19 11:57:12,11,22,273,12.3%,124,NORMAL,212.0,0.0,0.3,0.3,False,8.49,71.51
1768804035.69,2026-01-19 11:57:15,12,22,273,12.4%,124,NORMAL,210.0,0.0,0.3,0.3,False,9.23,70.77
1768804039.29,2026-01-19 11:57:19,14,22,273,12.5%,124,NORMAL,208.0,0.0,0.3,0.3,False,10.69,69.31
1768804042.72,2026-01-19 11:57:22,13,22,274,12.5%,124,NORMAL,209.0,0.0,0.3,0.3,False,9.96,70.04
1768804046.40,2026-01-19 11:57:26,11,22,274,12.5%,124,NORMAL,209.0,0.0,0.3,0.3,False,8.49,71.51
1768804049.81,2026-01-19 11:57:29,9,22,274,12.5%,124,NORMAL,208.0,0.0,0.3,0.3,False,6.99,73.01
1768804052.69,2026-01-19 11:57:32,12,22,274,12.6%,124,NORMAL,207.0,0.0,0.3,0.3,False,9.23,70.77
1768804056.03,2026-01-19 11:57:36,12,22,274,12.6%,124,NORMAL,207.0,0.0,0.3,0.3,False,9.23,70.77
1768804059.14,2026-01-19 11:57:39,13,22,274,12.6%,124,NORMAL,207.0,0.0,0.3,0.3,False,9.96,70.04
1768804062.21,2026-01-19 11:57:42,13,22,274,12.6%,124,NORMAL,207.0,0.0,0.3,0.3,False,9.96,70.04
1768804065.22,2026-01-19 11:57:45,10,22,275,12.4%,124,NORMAL,207.0,0.0,0.3,0.3,False,7.74,72.26
1768804068.27,2026-01-19 11:57:48,10,22,276,12.3%,124,NORMAL,208.0,0.0,0.3,0.3,False,7.74,72.26
1768804071.85,2026-01-19 11:57:51,10,22,276,12.1%,124,NORMAL,207.0,0.0,0.3,0.3,False,7.74,72.26
1768804074.71,2026-01-19 11:57:54,10,22,276,11.9%,124,NORMAL,207.0,0.0,0.3,0.3,False,7.74,72.26
1768804077.84,2026-01-19 11:57:57,10,22,276,11.7%,124,NORMAL,207.0,0.0,0.3,0.3,False,7.74,72.26
1768804080.97,2026-01-19 11:58:00,11,22,278,11.7%,124,NORMAL,209.0,0.0,0.3,0.3,False,8.49,71.51
1768804083.82,2026-01-19 11:58:03,13,22,278,11.7%,124,NORMAL,208.0,0.0,0.3,0.3,False,9.96,70.04
1768804087.37,2026-01-19 11:58:07,12,22,278,11.6%,124,NORMAL,208.0,0.0,0.3,0.3,False,9.23,70.77
1768804091.07,2026-01-19 11:58:11,7,22,278,11.4%,124,NORMAL,208.0,0.0,0.3,0.3,False,5.47,74.53
1768804094.65,2026-01-19 11:58:14,2,22,278,11.1%,124,NORMAL,208.0,0.0,0.3,0.3,False,1.59,78.41
1768804098.14,2026-01-19 11:58:18,8,22,278,11.0%,124,NORMAL,207.0,0.0,0.3,0.3,False,6.23,73.77
1768804101.65,2026-01-19 11:58:21,9,22,278,10.9%,124,NORMAL,207.0,0.0,0.3,0.3,False,6.99,73.01
1768804105.08,2026-01-19 11:58:25,9,22,279,10.7%,124,NORMAL,208.0,0.0,0.3,0.3,False,6.99,73.01
1768804108.60,2026-01-19 11:58:28,10,22,279,10.6%,124,NORMAL,208.0,0.0,0.3,0.3,False,7.74,72.26
1768804112.11,2026-01-19 11:58:32,8,22,279,10.4%,124,NORMAL,208.0,0.0,0.3,0.3,False,6.23,73.77
1768804115.71,2026-01-19 11:58:35,9,22,279,10.2%,124,NORMAL,207.0,0.0,0.3,0.3,False,6.99,73.01
1768804119.16,2026-01-19 11:58:39,11,22,279,10.2%,124,NORMAL,206.0,0.0,0.3,0.3,False,8.49,71.51
1768804122.40,2026-01-19 11:58:42,9,22,280,10.0%,124,NORMAL,207.0,0.0,0.3,0.3,False,6.99,73.01
1768804125.31,2026-01-19 11:58:45,8,22,280,9.9%,124,NORMAL,206.0,0.0,0.3,0.3,False,6.23,73.77
1768804128.23,2026-01-19 11:58:48,6,22,280,9.7%,124,NORMAL,206.0,0.0,0.3,0.3,False,4.71,75.29
1768804131.29,2026-01-19 11:58:51,9,22,280,9.7%,124,NORMAL,206.0,0.0,0.3,0.3,False,6.99,73.01
1768804134.26,2026-01-19 11:58:54,9,22,280,9.6%,124,NORMAL,205.0,0.0,0.3,0.3,False,6.99,73.01
1768804137.08,2026-01-19 11:58:57,8,22,281,9.4%,124,NORMAL,206.0,0.0,0.3,0.3,False,6.23,73.77
1768804139.99,2026-01-19 11:58:59,8,22,281,9.2%,124,NORMAL,206.0,0.0,0.3,0.3,False,6.23,73.77
1768804142.86,2026-01-19 11:59:02,8,22,281,9.1%,124,NORMAL,205.0,0.0,0.3,0.3,False,6.23,73.77
1768804146.09,2026-01-19 11:59:06,7,22,281,9.1%,124,NORMAL,205.0,0.0,0.3,0.3,False,5.47,74.53
1768804149.01,2026-01-19 11:59:09,10,22,281,9.0%,124,NORMAL,203.0,0.0,0.3,0.3,False,7.74,72.26
1768804152.05,2026-01-19 11:59:12,11,22,281,9.0%,124,NORMAL,203.0,0.0,0.3,0.3,False,8.49,71.51
1768804155.18,2026-01-19 11:59:15,8,22,281,8.8%,124,NORMAL,203.0,0.0,0.3,0.3,False,6.23,73.77
1768804158.25,2026-01-19 11:59:18,6,22,281,8.6%,124,NORMAL,203.0,0.0,0.3,0.3,False,4.71,75.29
1768804161.64,2026-01-19 11:59:21,10,22,281,8.6%,124,NORMAL,202.0,0.0,0.3,0.3,False,7.74,72.26
1768804165.22,2026-01-19 11:59:25,11,22,283,8.6%,124,NORMAL,204.0,0.0,0.3,0.3,False,8.49,71.51
1768804168.84,2026-01-19 11:59:28,9,22,284,8.6%,124,NORMAL,205.0,0.0,0.3,0.3,False,6.99,73.01
1768804172.83,2026-01-19 11:59:32,11,22,285,8.6%,124,NORMAL,206.0,0.0,0.3,0.3,False,8.49,71.51
1768804177.14,2026-01-19 11:59:37,12,22,285,8.7%,124,NORMAL,206.0,0.0,0.3,0.3,False,9.23,70.77
1768804181.82,2026-01-19 11:59:41,13,22,285,8.8%,124,NORMAL,205.0,0.0,0.3,0.3,False,9.96,70.04
1768804185.15,2026-01-19 11:59:45,12,22,286,8.7%,124,NORMAL,206.0,0.0,0.3,0.3,False,9.23,70.77
1768804188.56,2026-01-19 11:59:48,11,22,287,8.7%,124,NORMAL,207.0,0.0,0.3,0.3,False,8.49,71.51
1768804192.05,2026-01-19 11:59:52,12,22,289,8.8%,124,NORMAL,208.0,0.0,0.3,0.3,False,9.23,70.77
1768804196.62,2026-01-19 11:59:56,14,22,289,9.2%,124,NORMAL,208.0,0.0,0.3,0.3,False,10.69,69.31
1768804199.95,2026-01-19 11:59:59,11,22,290,9.3%,124,NORMAL,209.0,0.0,0.3,0.3,False,8.49,71.51
1768804203.24,2026-01-19 12:00:03,12,22,290,9.4%,124,NORMAL,209.0,0.0,0.3,0.3,False,9.23,70.77
1768804206.92,2026-01-19 12:00:06,14,22,290,9.6%,124,NORMAL,209.0,0.0,0.3,0.3,False,10.69,69.31
1768804210.45,2026-01-19 12:00:10,13,22,290,9.7%,124,NORMAL,209.0,0.0,0.3,0.3,False,9.96,70.04
1768804213.57,2026-01-19 12:00:13,13,22,290,9.8%,124,NORMAL,209.0,0.0,0.3,0.3,False,9.96,70.04
1768804217.47,2026-01-19 12:00:17,12,22,290,9.9%,124,NORMAL,207.0,0.0,0.3,0.3,False,9.23,70.77
1768804220.83,2026-01-19 12:00:20,14,22,292,10.0%,124,NORMAL,209.0,0.0,0.3,0.3,False,10.69,69.31
1768804224.01,2026-01-19 12:00:24,11,22,292,10.1%,124,NORMAL,209.0,0.0,0.3,0.3,False,8.49,71.51
1768804227.35,2026-01-19 12:00:27,10,22,292,10.1%,124,NORMAL,209.0,0.0,0.3,0.3,False,7.74,72.26
1768804230.60,2026-01-19 12:00:30,9,22,292,10.2%,124,NORMAL,206.0,0.0,0.3,0.3,False,6.99,73.01
1768804234.00,2026-01-19 12:00:33,10,22,292,10.3%,124,NORMAL,205.0,0.0,0.3,0.3,False,7.74,72.26
1768804237.17,2026-01-19 12:00:37,9,22,292,10.3%,124,NORMAL,204.0,0.0,0.3,0.3,False,6.99,73.01
1768804240.27,2026-01-19 12:00:40,8,22,293,10.3%,124,NORMAL,205.0,0.0,0.3,0.3,False,6.23,73.77
1768804243.42,2026-01-19 12:00:43,10,22,293,10.3%,124,NORMAL,204.0,0.0,0.3,0.3,False,7.74,72.26
1768804247.03,2026-01-19 12:00:47,10,22,293,10.4%,124,NORMAL,204.0,0.0,0.3,0.3,False,7.74,72.26
1768804252.00,2026-01-19 12:00:52,11,22,294,10.5%,124,NORMAL,205.0,0.0,0.3,0.3,False,8.49,71.51
1768804256.80,2026-01-19 12:00:56,11,22,294,10.5%,124,NORMAL,205.0,0.0,0.3,0.3,False,8.49,71.51
1768804261.49,2026-01-19 12:01:01,12,22,295,10.6%,124,NORMAL,206.0,0.0,0.3,0.3,False,9.23,70.77
1768804265.37,2026-01-19 12:01:05,12,22,296,10.7%,124,NORMAL,207.0,0.0,0.3,0.3,False,9.23,70.77
1768804268.58,2026-01-19 12:01:08,8,22,296,10.8%,124,NORMAL,207.0,0.0,0.3,0.3,False,6.23,73.77
1768804271.74,2026-01-19 12:01:11,9,22,296,10.7%,124,NORMAL,207.0,0.0,0.3,0.3,False,6.99,73.01
1768804275.72,2026-01-19 12:01:15,9,22,296,10.7%,124,NORMAL,207.0,0.0,0.3,0.3,False,6.99,73.01
1768804279.52,2026-01-19 12:01:19,10,22,296,10.7%,124,NORMAL,207.0,0.0,0.3,0.3,False,7.74,72.26
1768804283.25,2026-01-19 12:01:23,12,22,296,10.7%,124,NORMAL,207.0,0.0,0.3,0.3,False,9.23,70.77
1768804286.50,2026-01-19 12:01:26,10,22,296,10.7%,124,NORMAL,205.0,0.0,0.3,0.3,False,7.74,72.26
1768804289.62,2026-01-19 12:01:29,10,22,296,10.6%,124,NORMAL,205.0,0.0,0.3,0.3,False,7.74,72.26
1768804292.94,2026-01-19 12:01:32,10,22,296,10.5%,124,NORMAL,203.0,0.0,0.3,0.3,False,7.74,72.26
1768804295.88,2026-01-19 12:01:35,12,22,296,10.5%,124,NORMAL,203.0,0.0,0.3,0.3,False,9.23,70.77
1768804299.17,2026-01-19 12:01:39,12,22,297,10.5%,124,NORMAL,204.0,0.0,0.3,0.3,False,9.23,70.77
1768804302.70,2026-01-19 12:01:42,12,22,297,10.5%,124,NORMAL,203.0,0.0,0.3,0.3,False,9.23,70.77
1768804305.76,2026-01-19 12:01:45,12,22,297,10.5%,124,NORMAL,203.0,0.0,0.3,0.3,False,9.23,70.77
1768804309.24,2026-01-19 12:01:49,11,22,297,10.5%,124,NORMAL,203.0,0.0,0.3,0.3,False,8.49,71.51
1768804312.55,2026-01-19 12:01:52,11,22,297,10.4%,124,NORMAL,203.0,0.0,0.3,0.3,False,8.49,71.51
1768804316.14,2026-01-19 12:01:56,9,22,298,10.3%,124,NORMAL,204.0,0.0,0.3,0.3,False,6.99,73.01
1768804319.26,2026-01-19 12:01:59,9,22,299,10.1%,124,NORMAL,205.0,0.0,0.3,0.3,False,6.99,73.01
1768804323.10,2026-01-19 12:02:03,10,22,299,10.1%,124,NORMAL,204.0,0.0,0.3,0.3,False,7.74,72.26
1768804326.44,2026-01-19 12:02:06,10,22,299,10.0%,124,NORMAL,203.0,0.0,0.3,0.3,False,7.74,72.26
1768804329.31,2026-01-19 12:02:09,11,22,299,10.0%,124,NORMAL,202.0,0.0,0.3,0.3,False,8.49,71.51
1768804332.36,2026-01-19 12:02:12,10,22,299,10.0%,124,NORMAL,202.0,0.0,0.3,0.3,False,7.74,72.26
1768804335.54,2026-01-19 12:02:15,9,22,299,10.0%,124,NORMAL,201.0,0.0,0.3,0.3,False,6.99,73.01
1768804338.99,2026-01-19 12:02:18,8,22,299,9.9%,124,NORMAL,200.0,0.0,0.3,0.3,False,6.23,73.77
1768804342.07,2026-01-19 12:02:22,10,22,300,9.9%,124,NORMAL,201.0,0.0,0.3,0.3,False,7.74,72.26
1768804345.12,2026-01-19 12:02:25,10,22,300,10.0%,124,NORMAL,201.0,0.0,0.3,0.3,False,7.74,72.26
1768804349.92,2026-01-19 12:02:29,10,22,300,10.0%,124,NORMAL,200.0,0.0,0.3,0.3,False,7.74,72.26
1768804354.73,2026-01-19 12:02:34,11,22,300,10.0%,124,NORMAL,199.0,0.0,0.3,0.3,False,8.49,71.51
1768804359.17,2026-01-19 12:02:39,13,22,300,10.1%,124,NORMAL,199.0,0.0,0.3,0.3,False,9.96,70.04
1768804364.20,2026-01-19 12:02:44,10,22,300,10.0%,124,NORMAL,198.0,0.0,0.3,0.3,False,7.74,72.26
1768804368.19,2026-01-19 12:02:48,8,22,300,9.9%,124,NORMAL,198.0,0.0,0.3,0.3,False,6.23,73.77
1768804371.84,2026-01-19 12:02:51,8,22,300,9.8%,124,NORMAL,196.0,0.0,0.3,0.3,False,6.23,73.77
1768804375.72,2026-01-19 12:02:55,8,22,301,9.8%,124,NORMAL,196.0,0.0,0.3,0.3,False,6.23,73.77
1768804378.88,2026-01-19 12:02:58,9,22,301,9.8%,124,NORMAL,196.0,0.0,0.3,0.3,False,6.99,73.01
1768804381.75,2026-01-19 12:03:01,11,22,301,9.9%,124,NORMAL,195.0,0.0,0.3,0.3,False,8.49,71.51
1768804385.12,2026-01-19 12:03:05,13,22,301,10.0%,124,NORMAL,194.0,0.0,0.3,0.3,False,9.96,70.04
1768804388.70,2026-01-19 12:03:08,11,22,301,9.9%,124,NORMAL,194.0,0.0,0.3,0.3,False,8.49,71.51
1768804391.77,2026-01-19 12:03:11,13,22,302,10.0%,124,NORMAL,194.0,0.0,0.3,0.3,False,9.96,70.04
1768804394.89,2026-01-19 12:03:14,13,22,302,10.1%,124,NORMAL,194.0,0.0,0.3,0.3,False,9.96,70.04
1768804398.58,2026-01-19 12:03:18,15,22,304,10.3%,124,NORMAL,194.0,0.0,0.3,0.3,False,11.42,68.58
1768804402.09,2026-01-19 12:03:22,13,22,304,10.3%,124,NORMAL,194.0,0.0,0.3,0.3,False,9.96,70.04
1768804405.91,2026-01-19 12:03:25,14,22,305,10.4%,124,NORMAL,195.0,0.0,0.3,0.3,False,10.69,69.31
1768804409.22,2026-01-19 12:03:29,14,22,305,10.4%,124,NORMAL,193.0,0.0,0.3,0.3,False,10.69,69.31
1768804412.63,2026-01-19 12:03:32,12,22,305,10.4%,124,NORMAL,192.0,0.0,0.3,0.3,False,9.23,70.77
1768804416.27,2026-01-19 12:03:36,12,22,307,10.4%,124,NORMAL,194.0,0.0,0.3,0.3,False,9.23,70.77
1768804419.98,2026-01-19 12:03:39,11,22,307,10.4%,124,NORMAL,194.0,0.0,0.3,0.3,False,8.49,71.51
1768804423.87,2026-01-19 12:03:43,11,22,307,10.5%,124,NORMAL,192.0,0.0,0.3,0.3,False,8.49,71.51
1768804428.77,2026-01-19 12:03:48,11,22,308,10.6%,124,NORMAL,193.0,0.0,0.3,0.3,False,8.49,71.51
1768804433.85,2026-01-19 12:03:53,12,22,308,10.6%,124,NORMAL,193.0,0.0,0.3,0.3,False,9.23,70.77
1768804437.29,2026-01-19 12:03:57,10,22,308,10.6%,124,NORMAL,192.0,0.0,0.3,0.3,False,7.74,72.26
1768804441.12,2026-01-19 12:04:01,9,22,308,10.6%,124,NORMAL,192.0,0.0,0.3,0.3,False,6.99,73.01
1768804444.77,2026-01-19 12:04:04,11,22,308,10.6%,124,NORMAL,192.0,0.0,0.3,0.3,False,8.49,71.51
1768804447.76,2026-01-19 12:04:07,8,22,308,10.6%,124,NORMAL,191.0,0.0,0.3,0.3,False,6.23,73.77
1768804451.08,2026-01-19 12:04:11,10,22,309,10.6%,124,NORMAL,192.0,0.0,0.3,0.3,False,7.74,72.26
1768804454.77,2026-01-19 12:04:14,9,22,309,10.6%,124,NORMAL,192.0,0.0,0.3,0.3,False,6.99,73.01
1768804457.83,2026-01-19 12:04:17,8,22,309,10.5%,124,NORMAL,192.0,0.0,0.3,0.3,False,6.23,73.77
1768804460.72,2026-01-19 12:04:20,6,22,309,10.4%,124,NORMAL,191.0,0.0,0.3,0.3,False,4.71,75.29
1768804464.13,2026-01-19 12:04:24,10,22,310,10.4%,124,NORMAL,190.0,0.0,0.3,0.3,False,7.74,72.26
1768804467.16,2026-01-19 12:04:27,11,22,310,10.3%,124,NORMAL,190.0,0.0,0.3,0.3,False,8.49,71.51
1768804470.33,2026-01-19 12:04:30,12,22,311,10.4%,124,NORMAL,191.0,0.0,0.3,0.3,False,9.23,70.77
1768804474.06,2026-01-19 12:04:34,12,22,311,10.5%,124,NORMAL,191.0,0.0,0.3,0.3,False,9.23,70.77
1768804477.90,2026-01-19 12:04:37,9,22,311,10.5%,124,NORMAL,189.0,0.0,0.3,0.3,False,6.99,73.01
1768804481.05,2026-01-19 12:04:41,12,22,311,10.7%,124,NORMAL,189.0,0.0,0.3,0.3,False,9.23,70.77
1768804484.29,2026-01-19 12:04:44,14,22,311,10.8%,124,NORMAL,187.0,0.0,0.3,0.3,False,10.69,69.31
1768804487.58,2026-01-19 12:04:47,15,22,312,10.9%,124,NORMAL,188.0,0.0,0.3,0.3,False,11.42,68.58
1768804490.53,2026-01-19 12:04:50,14,22,313,11.0%,124,NORMAL,186.0,0.0,0.3,0.3,False,10.69,69.31
1768804493.72,2026-01-19 12:04:53,9,22,313,10.9%,124,NORMAL,186.0,0.0,0.3,0.3,False,6.99,73.01
1768804496.78,2026-01-19 12:04:56,10,22,313,10.8%,124,NORMAL,186.0,0.0,0.3,0.3,False,7.74,72.26
1768804499.93,2026-01-19 12:04:59,10,22,313,10.7%,124,NORMAL,185.0,0.0,0.3,0.3,False,7.74,72.26
1768804502.77,2026-01-19 12:05:02,13,22,314,10.7%,124,NORMAL,186.0,0.0,0.3,0.3,False,9.96,70.04
1768804505.97,2026-01-19 12:05:05,17,22,314,10.8%,124,NORMAL,186.0,0.0,0.3,0.3,False,12.85,67.15
1768804508.83,2026-01-19 12:05:08,17,22,316,10.9%,124,NORMAL,187.0,0.0,0.3,0.3,False,12.85,67.15
1768804511.93,2026-01-19 12:05:11,16,22,317,10.9%,124,NORMAL,188.0,0.0,0.3,0.3,False,12.14,67.86
1768804514.73,2026-01-19 12:05:14,12,22,319,10.9%,124,NORMAL,190.0,0.0,0.3,0.3,False,9.23,70.77
1768804517.77,2026-01-19 12:05:17,12,22,320,10.9%,124,NORMAL,190.0,0.0,0.3,0.3,False,9.23,70.77
1768804521.22,2026-01-19 12:05:21,13,22,321,11.0%,124,NORMAL,191.0,0.0,0.3,0.3,False,9.96,70.04
1768804524.96,2026-01-19 12:05:24,11,22,321,11.0%,124,NORMAL,191.0,0.0,0.3,0.3,False,8.49,71.51
1768804527.96,2026-01-19 12:05:27,11,22,321,11.0%,124,NORMAL,189.0,0.0,0.3,0.3,False,8.49,71.51
1768804530.89,2026-01-19 12:05:30,10,22,321,10.9%,124,NORMAL,189.0,0.0,0.3,0.3,False,7.74,72.26
1768804533.92,2026-01-19 12:05:33,10,22,321,10.9%,124,NORMAL,189.0,0.0,0.3,0.3,False,7.74,72.26
1768804536.90,2026-01-19 12:05:36,10,22,321,11.0%,124,NORMAL,187.0,0.0,0.3,0.3,False,7.74,72.26
1768804540.10,2026-01-19 12:05:40,11,22,321,11.0%,124,NORMAL,187.0,0.0,0.3,0.3,False,8.49,71.51
1768804543.25,2026-01-19 12:05:43,10,22,321,11.0%,124,NORMAL,187.0,0.0,0.3,0.3,False,7.74,72.26
1768804546.29,2026-01-19 12:05:46,11,22,321,11.1%,124,NORMAL,187.0,0.0,0.3,0.3,False,8.49,71.51
1768804549.27,2026-01-19 12:05:49,10,22,321,11.1%,124,NORMAL,186.0,0.0,0.3,0.3,False,7.74,72.26
1768804552.50,2026-01-19 12:05:52,10,22,321,11.1%,124,NORMAL,183.0,0.0,0.3,0.3,False,7.74,72.26
1768804556.14,2026-01-19 12:05:56,9,22,321,11.2%,124,NORMAL,183.0,0.0,0.3,0.3,False,6.99,73.01
1768804559.10,2026-01-19 12:05:59,10,22,321,11.2%,124,NORMAL,183.0,0.0,0.3,0.3,False,7.74,72.26
1768804562.23,2026-01-19 12:06:02,10,22,321,11.2%,124,NORMAL,183.0,0.0,0.3,0.3,False,7.74,72.26
1768804565.08,2026-01-19 12:06:05,10,22,321,11.1%,124,NORMAL,183.0,0.0,0.3,0.3,False,7.74,72.26
1768804568.08,2026-01-19 12:06:08,11,22,321,11.1%,124,NORMAL,182.0,0.0,0.3,0.3,False,8.49,71.51
1768804570.98,2026-01-19 12:06:10,10,22,321,11.1%,124,NORMAL,182.0,0.0,0.3,0.3,False,7.74,72.26
1768804574.43,2026-01-19 12:06:14,11,22,321,11.1%,124,NORMAL,182.0,0.0,0.3,0.3,False,8.49,71.51
1768804577.55,2026-01-19 12:06:17,9,22,321,11.0%,124,NORMAL,181.0,0.0,0.3,0.3,False,6.99,73.01
1768804580.76,2026-01-19 12:06:20,9,22,321,10.8%,124,NORMAL,181.0,0.0,0.3,0.3,False,6.99,73.01
1768804584.54,2026-01-19 12:06:24,11,22,321,10.7%,124,NORMAL,181.0,0.0,0.3,0.3,False,8.49,71.51
1768804587.89,2026-01-19 12:06:27,13,22,321,10.8%,124,NORMAL,181.0,0.0,0.3,0.3,False,9.96,70.04
1768804590.94,2026-01-19 12:06:30,12,22,321,10.9%,124,NORMAL,181.0,0.0,0.3,0.3,False,9.23,70.77
1768804593.88,2026-01-19 12:06:33,13,22,321,11.0%,124,NORMAL,181.0,0.0,0.3,0.3,False,9.96,70.04
1768804596.87,2026-01-19 12:06:36,13,22,321,11.0%,124,NORMAL,180.0,0.0,0.3,0.3,False,9.96,70.04
1768804600.08,2026-01-19 12:06:40,12,22,321,10.8%,124,NORMAL,180.0,0.0,0.3,0.3,False,9.23,70.77
1768804603.02,2026-01-19 12:06:43,14,22,322,10.7%,124,NORMAL,180.0,0.0,0.3,0.3,False,10.69,69.31
1768804606.54,2026-01-19 12:06:46,14,22,322,10.7%,124,NORMAL,177.0,0.0,0.3,0.3,False,10.69,69.31
1768804609.53,2026-01-19 12:06:49,16,22,322,10.8%,124,NORMAL,177.0,0.0,0.3,0.3,False,12.14,67.86
1768804613.03,2026-01-19 12:06:53,17,22,323,10.9%,124,NORMAL,178.0,0.0,0.3,0.3,False,12.85,67.15
1768804616.60,2026-01-19 12:06:56,18,22,324,11.1%,124,NORMAL,178.0,0.0,0.3,0.3,False,13.56,66.44
1768804620.19,2026-01-19 12:07:00,18,22,324,11.3%,124,NORMAL,178.0,0.0,0.3,0.3,False,13.56,66.44
1768804625.17,2026-01-19 12:07:05,18,22,326,11.5%,124,NORMAL,179.0,0.0,0.3,0.3,False,13.56,66.44
1768804629.17,2026-01-19 12:07:09,17,22,326,11.7%,124,NORMAL,179.0,0.0,0.3,0.3,False,12.85,67.15
1768804633.31,2026-01-19 12:07:13,17,22,326,11.9%,124,NORMAL,179.0,0.0,0.3,0.3,False,12.85,67.15
1768804637.13,2026-01-19 12:07:17,18,22,327,12.2%,124,NORMAL,179.0,0.0,0.3,0.3,False,13.56,66.44
1768804640.66,2026-01-19 12:07:20,18,22,327,12.4%,124,NORMAL,179.0,0.0,0.3,0.3,False,13.56,66.44
1768804644.02,2026-01-19 12:07:24,18,22,327,12.6%,124,NORMAL,178.0,0.0,0.3,0.3,False,13.56,66.44
1768804649.61,2026-01-19 12:07:29,18,22,328,12.8%,124,NORMAL,179.0,0.0,0.3,0.3,False,13.56,66.44
1768804656.12,2026-01-19 12:07:36,16,22,328,13.0%,124,NORMAL,178.0,0.0,0.3,0.3,False,12.14,67.86
1768804662.38,2026-01-19 12:07:42,13,22,328,13.1%,124,NORMAL,178.0,0.0,0.3,0.3,False,9.96,70.04
1768804667.67,2026-01-19 12:07:47,13,22,328,13.2%,124,NORMAL,177.0,0.0,0.3,0.3,False,9.96,70.04
1768804671.47,2026-01-19 12:07:51,12,22,328,13.3%,124,NORMAL,176.0,0.0,0.3,0.3,False,9.23,70.77
1768804675.23,2026-01-19 12:07:55,14,22,328,13.4%,124,NORMAL,176.0,0.0,0.3,0.3,False,10.69,69.31
1768804678.31,2026-01-19 12:07:58,14,22,328,13.6%,124,NORMAL,175.0,0.0,0.3,0.3,False,10.69,69.31
1768804681.64,2026-01-19 12:08:01,15,22,328,13.7%,124,NORMAL,175.0,0.0,0.3,0.3,False,11.42,68.58
1768804685.27,2026-01-19 12:08:05,15,22,330,13.8%,124,NORMAL,177.0,0.0,0.3,0.3,False,11.42,68.58
1768804688.59,2026-01-19 12:08:08,15,22,330,13.9%,124,NORMAL,177.0,0.0,0.3,0.3,False,11.42,68.58
1768804692.00,2026-01-19 12:08:11,14,22,330,14.1%,124,NORMAL,176.0,0.0,0.3,0.3,False,10.69,69.31
1768804695.19,2026-01-19 12:08:15,14,22,330,14.3%,124,NORMAL,175.0,0.0,0.3,0.3,False,10.69,69.31
1768804698.43,2026-01-19 12:08:18,12,22,330,14.3%,124,NORMAL,174.0,0.0,0.3,0.3,False,9.23,70.77
1768804701.79,2026-01-19 12:08:21,12,22,330,14.3%,124,NORMAL,174.0,0.0,0.3,0.3,False,9.23,70.77
1768804705.41,2026-01-19 12:08:25,15,22,330,14.3%,124,NORMAL,173.0,0.0,0.3,0.3,False,11.42,68.58
1768804710.57,2026-01-19 12:08:30,13,22,330,14.4%,124,NORMAL,173.0,0.0,0.3,0.3,False,9.96,70.04
1768804715.59,2026-01-19 12:08:35,14,22,331,14.4%,124,NORMAL,174.0,0.0,0.3,0.3,False,10.69,69.31
1768804720.57,2026-01-19 12:08:40,15,22,331,14.5%,124,NORMAL,173.0,0.0,0.3,0.3,False,11.42,68.58
1768804725.39,2026-01-19 12:08:45,16,22,331,14.5%,124,NORMAL,173.0,0.0,0.3,0.3,False,12.14,67.86
1768804730.20,2026-01-19 12:08:50,16,22,331,14.6%,124,NORMAL,173.0,0.0,0.3,0.3,False,12.14,67.86
1768804734.74,2026-01-19 12:08:54,16,22,331,14.6%,124,NORMAL,172.0,0.0,0.3,0.3,False,12.14,67.86
1768804738.13,2026-01-19 12:08:58,17,22,331,14.6%,124,NORMAL,170.0,0.0,0.3,0.3,False,12.85,67.15
1768804741.39,2026-01-19 12:09:01,15,22,331,14.5%,124,NORMAL,170.0,0.0,0.3,0.3,False,11.42,68.58
1768804744.56,2026-01-19 12:09:04,17,22,331,14.5%,124,NORMAL,169.0,0.0,0.3,0.3,False,12.85,67.15
1768804747.72,2026-01-19 12:09:07,16,22,331,14.4%,124,NORMAL,169.0,0.0,0.3,0.3,False,12.14,67.86
1768804751.15,2026-01-19 12:09:11,17,22,332,14.4%,124,NORMAL,170.0,0.0,0.3,0.3,False,12.85,67.15
1768804754.53,2026-01-19 12:09:14,17,22,332,14.4%,124,NORMAL,169.0,0.0,0.3,0.3,False,12.85,67.15
1768804757.91,2026-01-19 12:09:17,16,22,334,14.4%,124,NORMAL,168.0,0.0,0.3,0.3,False,12.14,67.86
1768804761.48,2026-01-19 12:09:21,17,22,334,14.3%,124,NORMAL,166.0,0.0,0.3,0.3,False,12.85,67.15
1768804764.50,2026-01-19 12:09:24,16,22,334,14.3%,124,NORMAL,166.0,0.0,0.3,0.3,False,12.14,67.86
1768804767.71,2026-01-19 12:09:27,16,22,334,14.2%,124,NORMAL,166.0,0.0,0.3,0.3,False,12.14,67.86
1768804771.48,2026-01-19 12:09:31,16,22,334,14.2%,124,NORMAL,164.0,0.0,0.3,0.3,False,12.14,67.86
1768804774.80,2026-01-19 12:09:34,15,22,334,14.3%,124,NORMAL,163.0,0.0,0.3,0.3,False,11.42,68.58
1768804778.88,2026-01-19 12:09:38,15,22,334,14.3%,124,NORMAL,162.0,0.0,0.3,0.3,False,11.42,68.58
1768804782.92,2026-01-19 12:09:42,16,22,334,14.4%,124,NORMAL,161.0,0.0,0.3,0.3,False,12.14,67.86
1768804786.55,2026-01-19 12:09:46,16,22,334,14.5%,124,NORMAL,161.0,0.0,0.3,0.3,False,12.14,67.86
1768804790.38,2026-01-19 12:09:50,18,22,336,14.6%,124,NORMAL,161.0,0.0,0.3,0.3,False,13.56,66.44
1768804793.77,2026-01-19 12:09:53,19,22,336,14.7%,124,NORMAL,160.0,0.0,0.3,0.3,False,14.27,65.73
1768804797.21,2026-01-19 12:09:57,19,22,336,14.9%,124,NORMAL,160.0,0.0,0.3,0.3,False,14.27,65.73
1768804800.71,2026-01-19 12:10:00,18,22,336,15.0%,124,NORMAL,159.0,0.0,0.3,0.3,False,13.56,66.44
1768804804.70,2026-01-19 12:10:04,19,22,336,15.1%,124,NORMAL,157.0,0.0,0.3,0.3,False,14.27,65.73
1768804808.62,2026-01-19 12:10:08,16,22,336,15.2%,124,NORMAL,155.0,0.0,0.3,0.3,False,12.14,67.86
1768804812.34,2026-01-19 12:10:12,15,22,336,15.3%,124,NORMAL,154.0,0.0,0.3,0.3,False,11.42,68.58
1768804815.97,2026-01-19 12:10:15,17,22,336,15.4%,124,NORMAL,153.0,0.0,0.3,0.3,False,12.85,67.15
1768804820.06,2026-01-19 12:10:20,16,22,336,15.4%,124,NORMAL,152.0,0.0,0.3,0.3,False,12.14,67.86
1768804823.43,2026-01-19 12:10:23,18,22,338,15.6%,124,NORMAL,154.0,0.0,0.3,0.3,False,13.56,66.44
1768804827.70,2026-01-19 12:10:27,17,22,338,15.7%,124,NORMAL,153.0,0.0,0.3,0.3,False,12.85,67.15
1768804831.32,2026-01-19 12:10:31,18,22,339,15.8%,124,NORMAL,154.0,0.0,0.3,0.3,False,13.56,66.44
1768804835.44,2026-01-19 12:10:35,17,22,339,15.8%,124,NORMAL,153.0,0.0,0.3,0.3,False,12.85,67.15
1768804839.09,2026-01-19 12:10:39,20,22,339,15.9%,124,NORMAL,153.0,0.0,0.3,0.3,False,14.97,65.03
1768804842.86,2026-01-19 12:10:42,20,22,339,16.0%,124,NORMAL,153.0,0.0,0.3,0.3,False,14.97,65.03
1768804847.45,2026-01-19 12:10:47,20,22,339,16.1%,124,NORMAL,153.0,0.0,0.3,0.3,False,14.97,65.03
1768804850.75,2026-01-19 12:10:50,18,22,339,16.2%,124,NORMAL,153.0,0.0,0.3,0.3,False,13.56,66.44
1768804855.15,2026-01-19 12:10:55,19,22,339,16.3%,124,NORMAL,152.0,0.0,0.3,0.3,False,14.27,65.73
1768804858.10,2026-01-19 12:10:58,19,22,340,16.4%,124,NORMAL,153.0,0.0,0.3,0.3,False,14.27,65.73
1768804861.16,2026-01-19 12:11:01,20,22,340,16.4%,124,NORMAL,150.0,0.0,0.3,0.3,False,14.97,65.03
1768804864.22,2026-01-19 12:11:04,20,22,340,16.5%,124,NORMAL,149.0,0.0,0.3,0.3,False,14.97,65.03
1768804867.52,2026-01-19 12:11:07,20,22,340,16.7%,124,NORMAL,147.0,0.0,0.3,0.3,False,14.97,65.03
1768804870.72,2026-01-19 12:11:10,18,22,340,16.7%,124,NORMAL,146.0,0.0,0.3,0.3,False,13.56,66.44
1768804873.81,2026-01-19 12:11:13,17,22,341,16.7%,124,NORMAL,147.0,0.0,0.3,0.3,False,12.85,67.15
1768804877.52,2026-01-19 12:11:17,17,22,341,16.7%,124,NORMAL,147.0,0.0,0.3,0.3,False,12.85,67.15
1768804882.07,2026-01-19 12:11:22,15,22,341,16.7%,124,NORMAL,147.0,0.0,0.3,0.3,False,11.42,68.58
1768804888.22,2026-01-19 12:11:28,16,22,342,16.7%,124,NORMAL,148.0,0.0,0.3,0.3,False,12.14,67.86
1768804891.80,2026-01-19 12:11:31,17,22,342,16.8%,124,NORMAL,148.0,0.0,0.3,0.3,False,12.85,67.15
1768804898.57,2026-01-19 12:11:38,16,22,343,16.8%,124,NORMAL,149.0,0.0,0.3,0.3,False,12.14,67.86
1768804909.75,2026-01-19 12:11:49,16,22,343,16.8%,124,NORMAL,149.0,0.0,0.3,0.3,False,12.14,67.86
1768804915.36,2026-01-19 12:11:55,17,22,343,16.8%,124,NORMAL,149.0,0.0,0.3,0.3,False,12.85,67.15
1768804920.55,2026-01-19 12:12:00,17,22,343,16.7%,124,NORMAL,149.0,0.0,0.3,0.3,False,12.85,67.15
1768804927.45,2026-01-19 12:12:07,15,22,343,16.6%,124,NORMAL,149.0,0.0,0.3,0.3,False,11.42,68.58
1768804933.79,2026-01-19 12:12:13,15,22,343,16.5%,124,NORMAL,147.0,0.0,0.3,0.3,False,11.42,68.58
1768804939.52,2026-01-19 12:12:19,17,22,343,16.4%,124,NORMAL,147.0,0.0,0.3,0.3,False,12.85,67.15
1768804945.18,2026-01-19 12:12:25,17,22,343,16.5%,124,NORMAL,147.0,0.0,0.3,0.3,False,12.85,67.15
1768804950.36,2026-01-19 12:12:30,17,22,343,16.5%,124,NORMAL,145.0,0.0,0.3,0.3,False,12.85,67.15
1768804956.60,2026-01-19 12:12:36,17,22,343,16.5%,124,NORMAL,144.0,0.0,0.3,0.3,False,12.85,67.15
1768804964.89,2026-01-19 12:12:44,16,22,343,16.5%,124,NORMAL,140.0,0.0,0.3,0.3,False,12.14,67.86
1768804969.62,2026-01-19 12:12:49,16,22,343,16.5%,124,NORMAL,140.0,0.0,0.3,0.3,False,12.14,67.86
1768804976.09,2026-01-19 12:12:56,16,22,343,16.4%,124,NORMAL,139.0,0.0,0.3,0.3,False,12.14,67.86
1768804980.78,2026-01-19 12:13:00,16,22,343,16.4%,124,NORMAL,139.0,0.0,0.3,0.3,False,12.14,67.86
1768804984.66,2026-01-19 12:13:04,14,22,343,16.3%,124,NORMAL,139.0,0.0,0.3,0.3,False,10.69,69.31
1768804989.74,2026-01-19 12:13:09,13,22,343,16.1%,124,NORMAL,137.0,0.0,0.3,0.3,False,9.96,70.04
1768804995.60,2026-01-19 12:13:15,12,22,343,15.8%,124,NORMAL,137.0,0.0,0.3,0.3,False,9.23,70.77
1768805000.07,2026-01-19 12:13:20,12,22,343,15.6%,124,NORMAL,137.0,0.0,0.3,0.3,False,9.23,70.77
1768805005.54,2026-01-19 12:13:25,13,22,343,15.5%,124,NORMAL,137.0,0.0,0.3,0.3,False,9.96,70.04
1768805010.27,2026-01-19 12:13:30,15,22,343,15.3%,124,NORMAL,136.0,0.0,0.3,0.3,False,11.42,68.58
1768805014.57,2026-01-19 12:13:34,15,22,344,15.2%,124,NORMAL,136.0,0.0,0.3,0.3,False,11.42,68.58
1768805019.34,2026-01-19 12:13:39,16,22,345,15.1%,124,NORMAL,134.0,0.0,0.3,0.3,False,12.14,67.86
1768805025.71,2026-01-19 12:13:45,15,22,345,15.0%,124,NORMAL,134.0,0.0,0.3,0.3,False,11.42,68.58
1768805030.96,2026-01-19 12:13:50,15,22,346,14.8%,124,NORMAL,135.0,0.0,0.3,0.3,False,11.42,68.58
1768805035.97,2026-01-19 12:13:55,16,22,346,14.7%,124,NORMAL,134.0,0.0,0.3,0.3,False,12.14,67.86
1768805043.14,2026-01-19 12:14:03,14,22,346,14.7%,124,NORMAL,132.0,0.0,0.3,0.3,False,10.69,69.31
1768805053.10,2026-01-19 12:14:13,17,22,346,14.7%,124,NORMAL,132.0,0.0,0.3,0.3,False,12.85,67.15
1768805063.46,2026-01-19 12:14:23,16,22,346,14.7%,124,NORMAL,132.0,0.0,0.3,0.3,False,12.14,67.86
1768805083.33,2026-01-19 12:14:43,15,22,347,14.7%,124,NORMAL,132.0,0.0,0.2,0.2,False,11.42,68.58
1768805097.67,2026-01-19 12:14:57,14,22,347,14.6%,124,NORMAL,132.0,0.0,0.2,0.2,False,10.69,69.31
1768805108.20,2026-01-19 12:15:08,12,22,347,14.4%,124,NORMAL,131.0,0.0,0.2,0.2,False,9.23,70.77
1768805118.66,2026-01-19 12:15:18,10,22,347,14.3%,124,NORMAL,131.0,0.0,0.2,0.2,False,7.74,72.26
1768805129.03,2026-01-19 12:15:29,9,22,347,14.0%,124,NORMAL,130.0,0.0,0.2,0.2,False,6.99,73.01
1768805138.67,2026-01-19 12:15:38,10,22,347,13.8%,124,NORMAL,130.0,0.0,0.2,0.2,False,7.74,72.26
1768805148.00,2026-01-19 12:15:47,9,22,347,13.6%,124,NORMAL,129.0,0.0,0.2,0.2,False,6.99,73.01
1768805157.40,2026-01-19 12:15:57,8,22,347,13.4%,124,NORMAL,128.0,0.0,0.2,0.2,False,6.23,73.77
1768805164.44,2026-01-19 12:16:04,7,22,347,13.1%,124,NORMAL,128.0,0.0,0.2,0.2,False,5.47,74.53
1768805173.27,2026-01-19 12:16:13,9,22,347,12.9%,124,NORMAL,127.0,0.0,0.2,0.2,False,6.99,73.01
1768805181.36,2026-01-19 12:16:21,7,22,347,12.5%,124,NORMAL,124.0,0.0,0.2,0.2,False,5.47,74.53
1768805190.02,2026-01-19 12:16:30,7,22,347,12.2%,124,NORMAL,124.0,0.0,0.2,0.2,False,5.47,74.53
1768805196.53,2026-01-19 12:16:36,5,22,347,11.9%,124,NORMAL,123.0,0.0,0.2,0.2,False,3.94,76.06
1768805203.83,2026-01-19 12:16:43,6,22,347,11.6%,124,NORMAL,122.0,0.0,0.2,0.2,False,4.71,75.29
1768805209.31,2026-01-19 12:16:49,6,22,347,11.3%,124,NORMAL,121.0,0.0,0.2,0.2,False,4.71,75.29
1768805212.91,2026-01-19 12:16:52,5,22,347,10.9%,124,NORMAL,119.0,0.0,0.2,0.2,False,3.94,76.06
1768805221.72,2026-01-19 12:17:01,6,22,347,10.7%,124,NORMAL,117.0,0.0,0.2,0.2,False,4.71,75.29
1768805232.69,2026-01-19 12:17:12,5,22,347,10.4%,124,NORMAL,117.0,0.0,0.2,0.2,False,3.94,76.06
1768805243.37,2026-01-19 12:17:23,6,22,348,10.2%,124,NORMAL,118.0,0.0,0.2,0.2,False,4.71,75.29
1768805254.65,2026-01-19 12:17:34,7,22,348,10.1%,124,NORMAL,117.0,0.0,0.2,0.2,False,5.47,74.53
1768805263.94,2026-01-19 12:17:43,7,22,348,9.9%,124,NORMAL,117.0,0.0,0.2,0.2,False,5.47,74.53
1768805273.60,2026-01-19 12:17:53,8,22,349,9.7%,124,NORMAL,117.0,0.0,0.2,0.2,False,6.23,73.77
1768805282.24,2026-01-19 12:18:02,8,22,349,9.5%,124,NORMAL,117.0,0.0,0.2,0.2,False,6.23,73.77
1768805291.12,2026-01-19 12:18:11,7,22,349,9.2%,124,NORMAL,117.0,0.0,0.2,0.2,False,5.47,74.53
1768805306.74,2026-01-19 12:18:26,5,22,349,8.9%,124,NORMAL,115.0,0.0,0.2,0.2,False,3.94,76.06
1768805325.65,2026-01-19 12:18:45,5,22,349,8.6%,124,NORMAL,115.0,0.0,0.2,0.2,False,3.94,76.06
1768805340.52,2026-01-19 12:19:00,5,22,349,8.2%,124,NORMAL,115.0,0.0,0.2,0.2,False,3.94,76.06
1768805350.29,2026-01-19 12:19:10,5,22,349,7.9%,124,NORMAL,112.0,0.0,0.2,0.2,False,3.94,76.06
1768805358.36,2026-01-19 12:19:18,6,22,349,7.6%,124,NORMAL,112.0,0.0,0.2,0.2,False,4.71,75.29
1768805366.53,2026-01-19 12:19:26,6,22,349,7.3%,124,NORMAL,111.0,0.0,0.2,0.2,False,4.71,75.29
1768805371.58,2026-01-19 12:19:31,6,22,349,7.0%,124,NORMAL,110.0,0.0,0.2,0.2,False,4.71,75.29
1768805376.23,2026-01-19 12:19:36,5,22,350,6.7%,124,NORMAL,110.0,0.0,0.2,0.2,False,3.94,76.06
1768805385.07,2026-01-19 12:19:45,6,22,351,6.5%,124,NORMAL,111.0,0.0,0.2,0.2,False,4.71,75.29
1768805390.25,2026-01-19 12:19:50,5,22,351,6.4%,124,NORMAL,109.0,0.0,0.2,0.2,False,3.94,76.06
1768805398.79,2026-01-19 12:19:58,5,22,351,6.3%,124,NORMAL,107.0,0.0,0.2,0.2,False,3.94,76.06
1768805412.36,2026-01-19 12:20:12,5,22,351,6.1%,124,NORMAL,105.0,0.0,0.2,0.2,False,3.94,76.06
1768805421.08,2026-01-19 12:20:21,5,22,351,6.0%,124,NORMAL,105.0,0.0,0.2,0.2,False,3.94,76.06
1768805426.83,2026-01-19 12:20:26,5,22,351,5.9%,124,NORMAL,103.0,0.0,0.2,0.2,False,3.94,76.06
1768805431.23,2026-01-19 12:20:31,4,22,351,5.8%,124,NORMAL,103.0,0.0,0.2,0.2,False,3.16,76.84
1768805439.12,2026-01-19 12:20:39,4,22,351,5.6%,124,NORMAL,100.0,0.0,0.2,0.2,False,3.16,76.84
1768805444.44,2026-01-19 12:20:44,4,22,351,5.5%,124,NORMAL,99.0,0.0,0.2,0.2,False,3.16,76.84
1768805451.46,2026-01-19 12:20:51,4,22,351,5.4%,124,NORMAL,98.0,0.0,0.2,0.2,False,3.16,76.84
1768805456.93,2026-01-19 12:20:56,5,22,351,5.4%,124,NORMAL,96.0,0.0,0.2,0.2,False,3.94,76.06
1768805461.50,2026-01-19 12:21:01,6,22,351,5.4%,124,NORMAL,96.0,0.0,0.2,0.2,False,4.71,75.29
1768805468.45,2026-01-19 12:21:08,6,22,352,5.4%,124,NORMAL,95.0,0.0,0.2,0.2,False,4.71,75.29
1768805473.51,2026-01-19 12:21:13,5,22,352,5.4%,124,NORMAL,95.0,0.0,0.2,0.2,False,3.94,76.06
1768805480.60,2026-01-19 12:21:20,5,22,352,5.4%,124,NORMAL,94.0,0.0,0.2,0.2,False,3.94,76.06
1768805489.41,2026-01-19 12:21:29,6,22,352,5.4%,124,NORMAL,93.0,0.0,0.2,0.2,False,4.71,75.29
1768805494.76,2026-01-19 12:21:34,6,22,352,5.4%,124,NORMAL,92.0,0.0,0.2,0.2,False,4.71,75.29
1768805500.73,2026-01-19 12:21:40,6,22,353,5.4%,124,NORMAL,93.0,0.0,0.2,0.2,False,4.71,75.29
1768805506.32,2026-01-19 12:21:46,5,22,353,5.3%,124,NORMAL,93.0,0.0,0.2,0.2,False,3.94,76.06
1768805510.68,2026-01-19 12:21:50,5,22,353,5.2%,124,NORMAL,92.0,0.0,0.2,0.2,False,3.94,76.06
1768805516.16,2026-01-19 12:21:56,6,22,353,5.2%,124,NORMAL,92.0,0.0,0.2,0.2,False,4.71,75.29
1768805526.67,2026-01-19 12:22:06,5,22,353,5.1%,124,NORMAL,91.0,0.0,0.2,0.2,False,3.94,76.06
1768805535.93,2026-01-19 12:22:15,5,22,354,5.1%,124,NORMAL,92.0,0.0,0.2,0.2,False,3.94,76.06
1768805544.51,2026-01-19 12:22:24,6,22,354,5.1%,124,NORMAL,92.0,0.0,0.2,0.2,False,4.71,75.29
1768805549.47,2026-01-19 12:22:29,6,22,354,5.2%,124,NORMAL,89.0,0.0,0.2,0.2,False,4.71,75.29
1768805557.55,2026-01-19 12:22:37,6,22,355,5.2%,124,NORMAL,90.0,0.0,0.2,0.2,False,4.71,75.29
1768805562.65,2026-01-19 12:22:42,5,22,355,5.2%,124,NORMAL,88.0,0.0,0.2,0.2,False,3.94,76.06
1768805569.67,2026-01-19 12:22:49,5,22,355,5.1%,124,NORMAL,88.0,0.0,0.2,0.2,False,3.94,76.06
1768805580.14,2026-01-19 12:23:00,5,22,355,5.1%,124,NORMAL,88.0,0.0,0.2,0.2,False,3.94,76.06
1768805586.57,2026-01-19 12:23:06,4,22,355,5.1%,124,NORMAL,88.0,0.0,0.2,0.2,False,3.16,76.84
1768805595.69,2026-01-19 12:23:15,6,22,356,5.1%,124,NORMAL,88.0,0.0,0.2,0.2,False,4.71,75.29
1768805606.64,2026-01-19 12:23:26,5,22,356,5.1%,124,NORMAL,87.0,0.0,0.1,0.1,False,3.94,76.06
1768805612.39,2026-01-19 12:23:32,5,22,356,5.1%,124,NORMAL,85.0,0.0,0.1,0.1,False,3.94,76.06
1768805616.82,2026-01-19 12:23:36,5,22,356,5.1%,124,NORMAL,85.0,0.0,0.1,0.1,False,3.94,76.06
1768805624.32,2026-01-19 12:23:44,6,22,356,5.1%,124,NORMAL,85.0,0.0,0.1,0.1,False,4.71,75.29
1768805631.81,2026-01-19 12:23:51,6,22,356,5.1%,124,NORMAL,85.0,0.0,0.1,0.1,False,4.71,75.29
1768805638.46,2026-01-19 12:23:58,5,22,356,5.2%,124,NORMAL,83.0,0.0,0.1,0.1,False,3.94,76.06
1768805642.50,2026-01-19 12:24:02,5,22,356,5.2%,124,NORMAL,82.0,0.0,0.1,0.1,False,3.94,76.06
1768805646.49,2026-01-19 12:24:06,5,22,356,5.2%,124,NORMAL,81.0,0.0,0.1,0.1,False,3.94,76.06
1768805650.56,2026-01-19 12:24:10,5,22,356,5.3%,124,NORMAL,80.0,0.0,0.1,0.1,False,3.94,76.06
1768805654.68,2026-01-19 12:24:14,6,22,356,5.3%,124,NORMAL,78.0,0.0,0.1,0.1,False,4.71,75.29
1768805658.19,2026-01-19 12:24:18,6,22,356,5.3%,124,NORMAL,76.0,0.0,0.1,0.1,False,4.71,75.29
1768805662.02,2026-01-19 12:24:22,7,22,357,5.3%,124,NORMAL,77.0,0.0,0.1,0.1,False,5.47,74.53
1768805665.72,2026-01-19 12:24:25,7,22,357,5.4%,124,NORMAL,76.0,0.0,0.1,0.1,False,5.47,74.53
1768805669.18,2026-01-19 12:24:29,8,22,358,5.5%,124,NORMAL,76.0,0.0,0.1,0.1,False,6.23,73.77
1768805673.04,2026-01-19 12:24:33,8,22,358,5.6%,124,NORMAL,75.0,0.0,0.1,0.1,False,6.23,73.77
1768805677.82,2026-01-19 12:24:37,9,22,358,5.7%,124,NORMAL,74.0,0.0,0.1,0.1,False,6.99,73.01
1768805682.69,2026-01-19 12:24:42,8,22,358,5.7%,124,NORMAL,71.0,0.0,0.1,0.1,False,6.23,73.77
1768805686.57,2026-01-19 12:24:46,8,22,358,5.8%,124,NORMAL,68.0,0.0,0.1,0.1,False,6.23,73.77
1768805690.68,2026-01-19 12:24:50,9,22,359,5.9%,124,NORMAL,68.0,0.0,0.1,0.1,False,6.99,73.01
1768805694.20,2026-01-19 12:24:54,8,22,359,6.0%,124,NORMAL,67.0,0.0,0.1,0.1,False,6.23,73.77
1768805698.20,2026-01-19 12:24:58,8,22,359,6.1%,124,NORMAL,67.0,0.0,0.1,0.1,False,6.23,73.77
1768805701.99,2026-01-19 12:25:01,7,22,359,6.2%,124,NORMAL,64.0,0.0,0.1,0.1,False,5.47,74.53
1768805705.77,2026-01-19 12:25:05,7,22,359,6.2%,124,NORMAL,63.0,0.0,0.1,0.1,False,5.47,74.53
1768805709.66,2026-01-19 12:25:09,7,22,359,6.2%,124,NORMAL,62.0,0.0,0.1,0.1,False,5.47,74.53
1768805713.47,2026-01-19 12:25:13,6,22,359,6.2%,124,NORMAL,61.0,0.0,0.1,0.1,False,4.71,75.29
1768805717.45,2026-01-19 12:25:17,7,22,359,6.3%,124,NORMAL,60.0,0.0,0.1,0.1,False,5.47,74.53
1768805721.28,2026-01-19 12:25:21,7,22,359,6.4%,124,NORMAL,59.0,0.0,0.1,0.1,False,5.47,74.53
1768805725.15,2026-01-19 12:25:25,7,22,359,6.4%,124,NORMAL,59.0,0.0,0.1,0.1,False,5.47,74.53
1768805728.47,2026-01-19 12:25:28,7,22,359,6.5%,124,NORMAL,58.0,0.0,0.1,0.1,False,5.47,74.53
1768805731.99,2026-01-19 12:25:31,7,22,359,6.6%,124,NORMAL,58.0,0.0,0.1,0.1,False,5.47,74.53
1768805735.35,2026-01-19 12:25:35,7,22,359,6.6%,124,NORMAL,58.0,0.0,0.1,0.1,False,5.47,74.53
1768805740.12,2026-01-19 12:25:40,7,22,359,6.7%,124,NORMAL,56.0,0.0,0.1,0.1,False,5.47,74.53
1768805745.00,2026-01-19 12:25:45,8,22,359,6.8%,124,NORMAL,56.0,0.0,0.1,0.1,False,6.23,73.77
1768805749.87,2026-01-19 12:25:49,8,22,359,6.8%,124,NORMAL,56.0,0.0,0.1,0.1,False,6.23,73.77
1768805754.56,2026-01-19 12:25:54,8,22,359,6.9%,124,NORMAL,55.0,0.0,0.1,0.1,False,6.23,73.77
1768805757.79,2026-01-19 12:25:57,7,22,360,7.0%,124,NORMAL,56.0,0.0,0.1,0.1,False,5.47,74.53
1768805760.95,2026-01-19 12:26:00,7,22,360,7.0%,124,NORMAL,52.0,0.0,0.1,0.1,False,5.47,74.53
1768805764.91,2026-01-19 12:26:04,9,22,360,7.2%,124,NORMAL,52.0,0.0,0.1,0.1,False,6.99,73.01
1768805768.19,2026-01-19 12:26:08,10,22,360,7.3%,124,NORMAL,48.0,0.0,0.2,0.2,False,7.74,72.26
1768805771.27,2026-01-19 12:26:11,9,22,361,7.4%,124,NORMAL,49.0,0.0,0.2,0.2,False,6.99,73.01
1768805774.38,2026-01-19 12:26:14,9,22,361,7.5%,124,NORMAL,48.0,0.0,0.2,0.2,False,6.99,73.01
1768805777.41,2026-01-19 12:26:17,9,22,361,7.6%,124,NORMAL,48.0,0.0,0.2,0.2,False,6.99,73.01
1768805780.60,2026-01-19 12:26:20,10,22,361,7.7%,124,NORMAL,47.0,0.0,0.2,0.2,False,7.74,72.26
1768805783.79,2026-01-19 12:26:23,12,22,361,7.8%,124,NORMAL,46.0,0.0,0.2,0.2,False,9.23,70.77
1768805787.42,2026-01-19 12:26:27,12,22,361,7.9%,124,NORMAL,46.0,0.0,0.2,0.2,False,9.23,70.77
1768805790.79,2026-01-19 12:26:30,14,22,362,8.1%,124,NORMAL,47.0,0.0,0.2,0.2,False,10.69,69.31
1768805794.13,2026-01-19 12:26:34,14,22,363,8.3%,124,NORMAL,48.0,0.0,0.2,0.2,False,10.69,69.31
1768805797.53,2026-01-19 12:26:37,14,22,366,8.4%,124,NORMAL,51.0,0.0,0.2,0.2,False,10.69,69.31
1768805800.95,2026-01-19 12:26:40,14,22,366,8.6%,124,NORMAL,51.0,0.0,0.2,0.2,False,10.69,69.31
1768805804.20,2026-01-19 12:26:44,14,22,367,8.8%,124,NORMAL,51.0,0.0,0.2,0.2,False,10.69,69.31
1768805807.53,2026-01-19 12:26:47,15,22,367,9.0%,124,NORMAL,50.0,0.0,0.2,0.2,False,11.42,68.58
1768805811.17,2026-01-19 12:26:51,16,22,368,9.3%,124,NORMAL,50.0,0.0,0.2,0.2,False,12.14,67.86
1768805815.03,2026-01-19 12:26:55,13,22,368,9.5%,124,NORMAL,50.0,0.0,0.2,0.2,False,9.96,70.04
1768805818.66,2026-01-19 12:26:58,15,22,368,9.7%,124,NORMAL,49.0,0.0,0.2,0.2,False,11.42,68.58
1768805822.03,2026-01-19 12:27:02,14,22,368,10.0%,124,NORMAL,49.0,0.0,0.2,0.2,False,10.69,69.31
1768805825.34,2026-01-19 12:27:05,14,22,368,10.2%,124,NORMAL,49.0,0.0,0.2,0.2,False,10.69,69.31
1768805828.55,2026-01-19 12:27:08,15,22,369,10.4%,124,NORMAL,49.0,0.0,0.2,0.2,False,11.42,68.58
1768805831.91,2026-01-19 12:27:11,15,22,370,10.7%,124,NORMAL,50.0,0.0,0.2,0.2,False,11.42,68.58
1768805835.66,2026-01-19 12:27:15,15,22,371,10.9%,124,NORMAL,51.0,0.0,0.2,0.2,False,11.42,68.58
1768805839.51,2026-01-19 12:27:19,14,22,371,11.1%,124,NORMAL,51.0,0.0,0.2,0.2,False,10.69,69.31
1768805842.85,2026-01-19 12:27:22,15,22,371,11.4%,124,NORMAL,51.0,0.0,0.2,0.2,False,11.42,68.58
1768805846.21,2026-01-19 12:27:26,15,22,371,11.6%,124,NORMAL,51.0,0.0,0.2,0.2,False,11.42,68.58
1768805849.63,2026-01-19 12:27:29,14,22,371,11.8%,124,NORMAL,51.0,0.0,0.2,0.2,False,10.69,69.31
1768805853.01,2026-01-19 12:27:33,15,22,371,12.0%,124,NORMAL,50.0,0.0,0.2,0.2,False,11.42,68.58
1768805856.31,2026-01-19 12:27:36,13,22,371,12.2%,124,NORMAL,50.0,0.0,0.2,0.2,False,9.96,70.04
1768805860.12,2026-01-19 12:27:40,16,22,372,12.5%,124,NORMAL,51.0,0.0,0.2,0.2,False,12.14,67.86
1768805863.36,2026-01-19 12:27:43,14,22,372,12.7%,124,NORMAL,50.0,0.0,0.2,0.2,False,10.69,69.31
1768805866.73,2026-01-19 12:27:46,14,22,372,12.8%,124,NORMAL,48.0,0.0,0.2,0.2,False,10.69,69.31
1768805869.84,2026-01-19 12:27:49,14,22,372,13.0%,124,NORMAL,47.0,0.0,0.2,0.2,False,10.69,69.31
1768805873.08,2026-01-19 12:27:53,16,22,373,13.2%,124,NORMAL,47.0,0.0,0.2,0.2,False,12.14,67.86
1768805876.40,2026-01-19 12:27:56,16,22,374,13.4%,124,NORMAL,48.0,0.0,0.2,0.2,False,12.14,67.86
1768805879.79,2026-01-19 12:27:59,14,22,375,13.5%,124,NORMAL,49.0,0.0,0.2,0.2,False,10.69,69.31
1768805883.10,2026-01-19 12:28:03,14,22,375,13.7%,124,NORMAL,48.0,0.0,0.2,0.2,False,10.69,69.31
1768805886.76,2026-01-19 12:28:06,15,22,375,13.8%,124,NORMAL,48.0,0.0,0.2,0.2,False,11.42,68.58
1768805890.66,2026-01-19 12:28:10,15,22,376,13.8%,124,NORMAL,48.0,0.0,0.2,0.2,False,11.42,68.58
1768805894.44,2026-01-19 12:28:14,16,22,376,13.9%,124,NORMAL,48.0,0.0,0.2,0.2,False,12.14,67.86
1768805898.16,2026-01-19 12:28:18,16,22,376,14.0%,124,NORMAL,48.0,0.0,0.2,0.2,False,12.14,67.86
1768805901.85,2026-01-19 12:28:21,13,22,376,13.9%,124,NORMAL,46.0,0.0,0.2,0.2,False,9.96,70.04
1768805904.88,2026-01-19 12:28:24,15,22,376,14.0%,124,NORMAL,45.0,0.0,0.2,0.2,False,11.42,68.58
1768805907.93,2026-01-19 12:28:27,12,22,376,13.9%,124,NORMAL,45.0,0.0,0.2,0.2,False,9.23,70.77
1768805911.02,2026-01-19 12:28:31,11,22,376,13.8%,124,NORMAL,43.0,0.0,0.2,0.2,False,8.49,71.51
1768805914.09,2026-01-19 12:28:34,11,22,376,13.6%,124,NORMAL,43.0,0.0,0.2,0.2,False,8.49,71.51
1768805917.22,2026-01-19 12:28:37,11,22,376,13.6%,124,NORMAL,43.0,0.0,0.2,0.2,False,8.49,71.51
1768805920.45,2026-01-19 12:28:40,12,22,376,13.5%,124,NORMAL,42.0,0.0,0.2,0.2,False,9.23,70.77
1768805923.47,2026-01-19 12:28:43,10,22,376,13.4%,124,NORMAL,41.0,0.0,0.2,0.2,False,7.74,72.26
1768805926.72,2026-01-19 12:28:46,10,22,377,13.2%,124,NORMAL,42.0,0.0,0.2,0.2,False,7.74,72.26
1768805930.02,2026-01-19 12:28:50,13,22,377,13.2%,124,NORMAL,41.0,0.0,0.2,0.2,False,9.96,70.04
1768805933.02,2026-01-19 12:28:53,12,22,377,13.1%,124,NORMAL,41.0,0.0,0.2,0.2,False,9.23,70.77
1768805936.21,2026-01-19 12:28:56,13,22,378,13.0%,124,NORMAL,42.0,0.0,0.2,0.2,False,9.96,70.04
1768805939.38,2026-01-19 12:28:59,13,22,378,13.0%,124,NORMAL,39.0,0.0,0.2,0.2,False,9.96,70.04
1768805942.67,2026-01-19 12:29:02,12,22,378,12.9%,124,NORMAL,39.0,0.0,0.2,0.2,False,9.23,70.77
1768805946.16,2026-01-19 12:29:06,12,22,378,12.8%,124,NORMAL,39.0,0.0,0.2,0.2,False,9.23,70.77
1768805950.42,2026-01-19 12:29:10,12,22,378,12.7%,124,NORMAL,33.0,0.0,0.3,0.3,False,9.23,70.77
1768805953.87,2026-01-19 12:29:13,11,22,378,12.6%,124,NORMAL,33.0,0.0,0.3,0.3,False,8.49,71.51
1768805957.62,2026-01-19 12:29:17,12,22,378,12.6%,124,NORMAL,32.0,0.0,0.3,0.3,False,9.23,70.77
1768805961.24,2026-01-19 12:29:21,12,22,379,12.5%,124,NORMAL,33.0,0.0,0.3,0.3,False,9.23,70.77
1768805965.27,2026-01-19 12:29:25,12,22,379,12.4%,124,NORMAL,33.0,0.0,0.3,0.3,False,9.23,70.77
1768805970.14,2026-01-19 12:29:30,13,22,379,12.4%,124,NORMAL,32.0,0.0,0.3,0.3,False,9.96,70.04
1768805973.54,2026-01-19 12:29:33,13,22,380,12.4%,124,NORMAL,33.0,0.0,0.3,0.3,False,9.96,70.04
1768805976.78,2026-01-19 12:29:36,13,22,380,12.3%,124,NORMAL,33.0,0.0,0.3,0.3,False,9.96,70.04
1768805980.14,2026-01-19 12:29:40,12,22,380,12.1%,124,NORMAL,33.0,0.0,0.3,0.3,False,9.23,70.77
1768805983.32,2026-01-19 12:29:43,13,22,381,12.1%,124,NORMAL,34.0,0.0,0.3,0.3,False,9.96,70.04
1768805986.48,2026-01-19 12:29:46,14,22,381,12.1%,124,NORMAL,32.0,0.0,0.3,0.3,False,10.69,69.31
1768805989.55,2026-01-19 12:29:49,12,22,382,12.0%,124,NORMAL,32.0,0.0,0.3,0.3,False,9.23,70.77
1768805992.73,2026-01-19 12:29:52,12,22,382,11.9%,124,NORMAL,32.0,0.0,0.3,0.3,False,9.23,70.77
1768805995.82,2026-01-19 12:29:55,12,22,382,11.8%,124,NORMAL,32.0,0.0,0.3,0.3,False,9.23,70.77
1768805999.05,2026-01-19 12:29:59,12,22,382,11.7%,124,NORMAL,31.0,0.0,0.3,0.3,False,9.23,70.77
1768806002.21,2026-01-19 12:30:02,12,22,382,11.7%,124,NORMAL,31.0,0.0,0.3,0.3,False,9.23,70.77
1768806005.53,2026-01-19 12:30:05,12,22,382,11.6%,124,NORMAL,31.0,0.0,0.3,0.3,False,9.23,70.77
1768806010.48,2026-01-19 12:30:10,10,22,382,11.5%,124,NORMAL,30.0,0.0,0.3,0.3,False,7.74,72.26
1768806015.48,2026-01-19 12:30:15,11,22,382,11.5%,124,NORMAL,28.0,0.0,0.3,0.3,False,8.49,71.51
1768806019.56,2026-01-19 12:30:19,11,22,382,11.5%,124,NORMAL,28.0,0.0,0.3,0.3,False,8.49,71.51
1768806023.22,2026-01-19 12:30:23,9,22,382,11.4%,124,NORMAL,27.0,0.0,0.3,0.3,False,6.99,73.01
1768806026.74,2026-01-19 12:30:26,10,22,382,11.4%,124,NORMAL,27.0,0.0,0.3,0.3,False,7.74,72.26
1768806030.26,2026-01-19 12:30:30,8,22,382,11.3%,124,NORMAL,26.0,0.0,0.3,0.3,False,6.23,73.77
1768806033.48,2026-01-19 12:30:33,10,22,382,11.3%,124,NORMAL,26.0,0.0,0.3,0.3,False,7.74,72.26
1768806036.65,2026-01-19 12:30:36,8,22,382,11.2%,124,NORMAL,26.0,0.0,0.3,0.3,False,6.23,73.77
1768806039.72,2026-01-19 12:30:39,8,22,382,11.0%,124,NORMAL,26.0,0.0,0.3,0.3,False,6.23,73.77
1768806044.44,2026-01-19 12:30:44,9,22,382,10.9%,124,NORMAL,25.0,0.0,0.3,0.3,False,6.99,73.01
1768806049.00,2026-01-19 12:30:49,9,22,382,10.8%,124,NORMAL,25.0,0.0,0.3,0.3,False,6.99,73.01
1768806052.35,2026-01-19 12:30:52,8,22,382,10.7%,124,NORMAL,25.0,0.0,0.3,0.3,False,6.23,73.77
1768806055.40,2026-01-19 12:30:55,9,22,382,10.6%,124,NORMAL,24.0,0.0,0.3,0.3,False,6.99,73.01
1768806059.78,2026-01-19 12:30:59,7,22,383,10.4%,124,NORMAL,24.0,0.0,0.3,0.3,False,5.47,74.53
1768806062.84,2026-01-19 12:31:02,8,22,383,10.3%,124,NORMAL,23.0,0.0,0.3,0.3,False,6.23,73.77
1768806065.71,2026-01-19 12:31:05,8,22,383,10.2%,124,NORMAL,23.0,0.0,0.3,0.3,False,6.23,73.77
1768806069.29,2026-01-19 12:31:09,8,22,383,10.1%,124,NORMAL,23.0,0.0,0.3,0.3,False,6.23,73.77
1768806073.04,2026-01-19 12:31:13,8,22,383,9.9%,124,NORMAL,23.0,0.0,0.3,0.3,False,6.23,73.77
1768806076.98,2026-01-19 12:31:16,8,22,383,9.8%,124,NORMAL,23.0,0.0,0.3,0.3,False,6.23,73.77
1768806081.71,2026-01-19 12:31:21,9,22,383,9.7%,124,NORMAL,21.0,0.0,0.3,0.3,False,6.99,73.01
1768806086.55,2026-01-19 12:31:26,11,22,383,9.6%,124,NORMAL,20.0,0.0,0.3,0.3,False,8.49,71.51
1768806090.37,2026-01-19 12:31:30,11,22,384,9.6%,124,NORMAL,21.0,0.0,0.3,0.3,False,8.49,71.51
1768806093.36,2026-01-19 12:31:33,10,22,386,9.5%,124,NORMAL,22.0,0.0,0.3,0.3,False,7.74,72.26
1768806096.49,2026-01-19 12:31:36,9,22,386,9.3%,124,NORMAL,21.0,0.0,0.3,0.3,False,6.99,73.01
1768806099.49,2026-01-19 12:31:39,4,22,386,9.1%,124,NORMAL,20.0,0.0,0.3,0.3,False,3.16,76.84
1768806102.63,2026-01-19 12:31:42,4,22,386,8.8%,124,NORMAL,20.0,0.0,0.3,0.3,False,3.16,76.84
1768806105.82,2026-01-19 12:31:45,6,22,386,8.6%,124,NORMAL,19.0,0.0,0.3,0.3,False,4.71,75.29
1768806108.90,2026-01-19 12:31:48,6,22,386,8.4%,124,NORMAL,19.0,0.0,0.3,0.3,False,4.71,75.29
1768806111.97,2026-01-19 12:31:51,5,22,386,8.2%,124,NORMAL,18.0,0.0,0.3,0.3,False,3.94,76.06
1768806115.02,2026-01-19 12:31:55,5,22,386,8.0%,124,NORMAL,18.0,0.0,0.3,0.3,False,3.94,76.06
1768806118.25,2026-01-19 12:31:58,6,22,386,7.9%,124,NORMAL,17.0,0.0,0.3,0.3,False,4.71,75.29
1768806121.31,2026-01-19 12:32:01,7,22,386,7.8%,124,NORMAL,17.0,0.0,0.3,0.3,False,5.47,74.53
1768806124.38,2026-01-19 12:32:04,5,22,386,7.6%,124,NORMAL,17.0,0.0,0.3,0.3,False,3.94,76.06
1768806127.42,2026-01-19 12:32:07,5,22,387,7.4%,124,NORMAL,18.0,0.0,0.3,0.3,False,3.94,76.06
1768806130.47,2026-01-19 12:32:10,6,22,387,7.3%,124,NORMAL,18.0,0.0,0.3,0.3,False,4.71,75.29
1768806133.50,2026-01-19 12:32:13,8,22,387,7.3%,124,NORMAL,17.0,0.0,0.3,0.3,False,6.23,73.77
1768806136.67,2026-01-19 12:32:16,7,22,387,7.2%,124,NORMAL,16.0,0.0,0.3,0.3,False,5.47,74.53
1768806139.91,2026-01-19 12:32:19,4,22,387,7.1%,124,NORMAL,16.0,0.0,0.3,0.3,False,3.16,76.84
1768806143.07,2026-01-19 12:32:23,6,22,388,7.0%,124,NORMAL,16.0,0.0,0.3,0.3,False,4.71,75.29
1768806147.38,2026-01-19 12:32:27,4,22,388,6.9%,124,NORMAL,16.0,0.0,0.3,0.3,False,3.16,76.84
1768806152.01,2026-01-19 12:32:32,5,22,388,6.7%,124,NORMAL,16.0,0.0,0.3,0.3,False,3.94,76.06
1768806156.84,2026-01-19 12:32:36,5,22,388,6.6%,124,NORMAL,15.0,0.0,0.3,0.3,False,3.94,76.06
1768806160.01,2026-01-19 12:32:40,6,22,388,6.5%,124,NORMAL,15.0,0.0,0.3,0.3,False,4.71,75.29
1768806163.29,2026-01-19 12:32:43,7,22,388,6.5%,124,NORMAL,15.0,0.0,0.3,0.3,False,5.47,74.53
1768806166.55,2026-01-19 12:32:46,9,22,388,6.6%,124,NORMAL,14.0,0.0,0.3,0.3,False,6.99,73.01
1768806169.88,2026-01-19 12:32:49,9,22,391,6.6%,124,NORMAL,17.0,0.0,0.3,0.3,False,6.99,73.01
1768806173.14,2026-01-19 12:32:53,7,22,391,6.6%,124,NORMAL,17.0,0.0,0.3,0.3,False,5.47,74.53
1768806176.69,2026-01-19 12:32:56,7,22,391,6.5%,124,NORMAL,17.0,0.0,0.3,0.3,False,5.47,74.53
1768806179.84,2026-01-19 12:32:59,4,22,391,6.4%,124,NORMAL,17.0,0.0,0.3,0.3,False,3.16,76.84
1768806183.16,2026-01-19 12:33:03,4,22,391,6.3%,124,NORMAL,16.0,0.0,0.3,0.3,False,3.16,76.84
1768806186.37,2026-01-19 12:33:06,4,22,391,6.0%,124,NORMAL,14.0,0.0,0.3,0.3,False,3.16,76.84
1768806190.41,2026-01-19 12:33:10,5,22,391,5.8%,124,NORMAL,13.0,0.0,0.3,0.3,False,3.94,76.06
1768806193.70,2026-01-19 12:33:13,6,22,391,5.7%,124,NORMAL,12.0,0.0,0.3,0.3,False,4.71,75.29
1768806197.03,2026-01-19 12:33:17,6,22,391,5.6%,124,NORMAL,11.0,0.0,0.3,0.3,False,4.71,75.29
1768806201.22,2026-01-19 12:33:21,7,22,391,5.7%,124,NORMAL,8.0,0.0,0.3,0.3,False,5.47,74.53
1768806205.23,2026-01-19 12:33:25,4,22,391,5.7%,124,NORMAL,7.0,0.0,0.3,0.3,False,3.16,76.84
1768806208.56,2026-01-19 12:33:28,5,22,391,5.7%,124,NORMAL,7.0,0.0,0.3,0.3,False,3.94,76.06
1768806211.81,2026-01-19 12:33:31,5,22,391,5.7%,124,NORMAL,5.0,0.0,0.3,0.3,False,3.94,76.06
1768806215.63,2026-01-19 12:33:35,5,22,391,5.7%,124,NORMAL,5.0,0.0,0.3,0.3,False,3.94,76.06
1768806219.05,2026-01-19 12:33:39,7,22,391,5.7%,124,NORMAL,3.0,0.0,0.3,0.3,False,5.47,74.53
1768806222.85,2026-01-19 12:33:42,8,22,391,5.8%,124,NORMAL,3.0,0.0,0.3,0.3,False,6.23,73.77
1768806226.37,2026-01-19 12:33:46,7,22,393,5.8%,124,NORMAL,5.0,0.0,0.3,0.3,False,5.47,74.53
1768806229.69,2026-01-19 12:33:49,8,22,394,5.9%,124,NORMAL,3.0,0.0,0.3,0.3,False,6.23,73.77
1768806232.91,2026-01-19 12:33:52,8,22,394,6.0%,124,NORMAL,2.0,0.0,0.3,0.3,False,6.23,73.77
