timestamp,datetime,current_occupancy,peak_occupancy,unique_people,utilization_pct,est_capacity,capacity_status,flow_rate_per_min,avg_dwell_time_sec,processing_fps,alert_active
1767695147.30,2026-01-06 15:55:47,0,0,0,0.0%,76,NORMAL,0.0,0.0,3.3,False
1767695148.34,2026-01-06 15:55:48,11,12,12,8.4%,76,NORMAL,0.0,0.0,4.7,False
1767695149.45,2026-01-06 15:55:49,12,12,12,11.7%,76,NORMAL,0.0,0.0,5.2,False
1767695150.64,2026-01-06 15:55:50,10,12,12,12.7%,76,NORMAL,0.0,0.0,5.6,False
1767695152.11,2026-01-06 15:55:52,10,12,12,13.2%,76,NORMAL,0.0,0.0,5.7,False
1767695153.20,2026-01-06 15:55:53,10,12,12,13.6%,76,NORMAL,0.0,0.0,5.7,False
1767695154.94,2026-01-06 15:55:54,9,12,13,13.6%,76,NORMAL,0.0,0.0,5.6,False
1767695155.99,2026-01-06 15:55:55,10,12,13,13.9%,76,NORMAL,0.0,0.0,5.6,False
1767695157.11,2026-01-06 15:55:57,9,12,13,13.9%,76,NORMAL,0.0,0.0,5.6,False
1767695158.68,2026-01-06 15:55:58,9,12,13,13.9%,76,NORMAL,754.8,0.0,5.6,False
1767695159.88,2026-01-06 15:55:59,11,12,15,14.2%,76,NORMAL,771.4,0.0,5.5,False
1767695161.01,2026-01-06 15:56:01,11,12,15,14.4%,76,NORMAL,729.7,0.0,5.5,False
1767695162.69,2026-01-06 15:56:02,8,12,15,14.2%,76,NORMAL,658.5,0.0,5.5,False
1767695164.38,2026-01-06 15:56:04,7,12,16,14.0%,76,NORMAL,626.1,0.0,5.5,False
1767695165.50,2026-01-06 15:56:05,9,12,17,14.0%,76,NORMAL,612.0,0.0,5.5,False
1767695166.76,2026-01-06 15:56:06,8,12,17,13.9%,76,NORMAL,577.4,0.0,5.5,False
1767695167.78,2026-01-06 15:56:07,8,12,17,13.8%,76,NORMAL,556.4,0.0,5.5,False
1767695168.94,2026-01-06 15:56:08,8,12,17,13.8%,76,NORMAL,527.6,0.0,5.5,False
1767695170.15,2026-01-06 15:56:10,7,12,17,13.6%,76,NORMAL,501.6,0.0,5.4,False
1767695171.33,2026-01-06 15:56:11,9,12,18,13.6%,76,NORMAL,498.5,0.0,5.4,False
1767695172.55,2026-01-06 15:56:12,7,12,18,13.5%,76,NORMAL,476.5,0.0,5.4,False
1767695174.02,2026-01-06 15:56:14,8,12,20,13.5%,76,NORMAL,507.0,0.0,5.4,False
1767695175.09,2026-01-06 15:56:15,7,12,20,13.4%,76,NORMAL,480.0,0.0,5.4,False
1767695176.22,2026-01-06 15:56:16,6,12,20,13.2%,76,NORMAL,461.5,0.0,5.4,False
1767695177.23,2026-01-06 15:56:17,7,12,20,13.1%,76,NORMAL,450.0,0.0,5.4,False
1767695178.50,2026-01-06 15:56:18,10,12,20,13.2%,76,NORMAL,433.7,0.0,5.4,False
1767695179.73,2026-01-06 15:56:19,7,12,20,13.1%,76,NORMAL,418.6,0.0,5.4,False
1767695181.44,2026-01-06 15:56:21,7,12,20,13.0%,76,NORMAL,395.6,0.0,5.4,False
1767695182.50,2026-01-06 15:56:22,8,12,21,13.0%,76,NORMAL,397.9,0.0,5.4,False
1767695183.79,2026-01-06 15:56:23,9,12,21,13.0%,76,NORMAL,385.7,0.0,5.3,False
1767695185.07,2026-01-06 15:56:25,7,12,21,13.4%,76,NORMAL,374.3,0.0,5.3,False
1767695186.30,2026-01-06 15:56:26,9,12,22,13.3%,76,NORMAL,377.1,0.0,5.3,False
1767695187.55,2026-01-06 15:56:27,7,12,22,13.1%,76,NORMAL,370.1,0.0,5.3,False
1767695189.17,2026-01-06 15:56:29,8,12,22,13.0%,76,NORMAL,356.8,0.0,5.3,False
1767695190.61,2026-01-06 15:56:30,9,12,25,12.9%,76,NORMAL,391.3,0.0,5.3,False
1767695191.67,2026-01-06 15:56:31,9,12,25,12.9%,76,NORMAL,384.6,0.0,5.3,False
1767695192.69,2026-01-06 15:56:32,11,12,26,13.0%,76,NORMAL,390.0,0.0,5.3,False
1767695194.21,2026-01-06 15:56:34,10,12,26,13.0%,76,NORMAL,383.6,0.0,5.3,False
1767695195.85,2026-01-06 15:56:35,9,12,26,13.0%,76,NORMAL,371.4,0.0,5.2,False
1767695196.85,2026-01-06 15:56:36,11,12,27,13.1%,76,NORMAL,379.7,0.0,5.2,False
1767695197.95,2026-01-06 15:56:37,8,12,27,12.9%,76,NORMAL,371.0,0.0,5.2,False
1767695199.59,2026-01-06 15:56:39,8,12,27,12.8%,76,NORMAL,357.4,0.0,5.2,False
1767695200.62,2026-01-06 15:56:40,9,12,28,12.8%,76,NORMAL,360.0,0.0,5.2,False
1767695201.77,2026-01-06 15:56:41,12,12,30,13.1%,76,NORMAL,380.3,0.0,5.1,False
1767695203.74,2026-01-06 15:56:43,12,14,31,13.2%,76,NORMAL,382.2,0.0,5.1,False
1767695204.76,2026-01-06 15:56:44,12,14,32,13.4%,76,NORMAL,384.0,0.0,5.1,False
1767695205.90,2026-01-06 15:56:45,13,14,32,13.7%,76,NORMAL,381.5,0.0,5.1,False
1767695207.10,2026-01-06 15:56:47,13,14,32,13.9%,76,NORMAL,374.0,0.0,5.2,False
1767695208.34,2026-01-06 15:56:48,12,14,32,14.1%,76,NORMAL,369.2,0.0,5.2,False
1767695209.35,2026-01-06 15:56:49,12,14,32,14.3%,76,NORMAL,360.0,0.0,5.2,False
1767695210.41,2026-01-06 15:56:50,13,14,32,14.6%,76,NORMAL,357.8,0.0,5.2,False
1767695211.63,2026-01-06 15:56:51,13,14,32,14.8%,76,NORMAL,351.2,0.0,5.2,False
1767695212.86,2026-01-06 15:56:52,12,14,32,15.1%,76,NORMAL,347.0,0.0,5.2,False
1767695213.90,2026-01-06 15:56:53,13,14,32,15.4%,76,NORMAL,338.8,0.0,5.2,False
1767695215.00,2026-01-06 15:56:55,13,14,32,15.7%,76,NORMAL,336.8,0.0,5.2,False
1767695216.17,2026-01-06 15:56:56,13,14,33,15.8%,76,NORMAL,339.4,0.0,5.2,False
1767695217.24,2026-01-06 15:56:57,13,14,33,16.1%,76,NORMAL,337.5,0.0,5.2,False
1767695218.32,2026-01-06 15:56:58,11,14,33,16.3%,76,NORMAL,330.0,0.0,5.2,False
1767695219.40,2026-01-06 15:56:59,10,14,33,16.4%,76,NORMAL,326.4,0.0,5.2,False
1767695220.68,2026-01-06 15:57:00,9,14,33,16.4%,76,NORMAL,321.1,0.0,5.2,False
1767695222.23,2026-01-06 15:57:02,11,14,35,16.6%,76,NORMAL,333.3,0.0,5.1,False
1767695223.40,2026-01-06 15:57:03,11,14,36,16.7%,76,NORMAL,339.3,0.0,5.1,False
1767695225.02,2026-01-06 15:57:05,11,14,37,16.9%,76,NORMAL,339.8,0.0,5.1,False
1767695226.58,2026-01-06 15:57:06,10,14,38,17.0%,76,NORMAL,340.3,0.0,5.1,False
1767695228.31,2026-01-06 15:57:08,11,14,39,17.1%,76,NORMAL,340.8,0.0,5.1,False
1767695229.37,2026-01-06 15:57:09,12,14,39,17.3%,76,NORMAL,337.5,0.0,5.1,False
1767695231.02,2026-01-06 15:57:11,12,14,40,17.3%,76,NORMAL,341.2,0.0,5.1,False
1767695232.10,2026-01-06 15:57:12,12,14,40,17.4%,76,NORMAL,336.4,0.0,5.1,False
1767695233.18,2026-01-06 15:57:13,12,14,40,17.5%,76,NORMAL,330.3,0.0,5.1,False
1767695234.41,2026-01-06 15:57:14,12,14,40,17.6%,76,NORMAL,327.3,0.0,5.1,False
1767695235.52,2026-01-06 15:57:15,14,14,45,17.9%,76,NORMAL,363.2,0.0,5.1,False
1767695237.05,2026-01-06 15:57:17,14,14,45,18.2%,76,NORMAL,358.4,0.0,5.1,False
1767695238.54,2026-01-06 15:57:18,15,15,46,18.5%,76,NORMAL,358.4,0.0,5.1,False
1767695240.13,2026-01-06 15:57:20,14,15,46,18.5%,76,NORMAL,350.8,0.0,5.0,False
1767695241.14,2026-01-06 15:57:21,13,15,46,18.6%,76,NORMAL,346.4,0.0,5.0,False
1767695242.41,2026-01-06 15:57:22,13,15,46,18.6%,76,NORMAL,343.6,0.0,5.0,False
1767695244.04,2026-01-06 15:57:24,12,15,47,18.6%,76,NORMAL,343.9,0.0,5.0,False
1767695245.59,2026-01-06 15:57:25,11,15,47,18.5%,76,NORMAL,337.1,0.0,5.0,False
1767695247.18,2026-01-06 15:57:27,11,15,47,18.5%,76,NORMAL,330.5,0.0,5.0,False
1767695248.28,2026-01-06 15:57:28,11,15,47,18.4%,76,NORMAL,327.9,0.0,5.0,False
1767695249.62,2026-01-06 15:57:29,13,15,48,18.4%,76,NORMAL,331.0,0.0,5.1,False
1767695250.70,2026-01-06 15:57:30,12,15,48,18.4%,76,NORMAL,326.0,0.0,5.1,False
1767695251.80,2026-01-06 15:57:31,13,15,49,18.4%,76,NORMAL,330.3,0.0,5.1,False
1767695253.48,2026-01-06 15:57:33,11,15,49,18.3%,76,NORMAL,325.5,0.0,5.1,False
1767695255.14,2026-01-06 15:57:35,13,15,50,18.3%,76,NORMAL,326.1,0.0,5.1,False
1767695256.34,2026-01-06 15:57:36,13,15,51,18.3%,76,NORMAL,330.2,0.0,5.1,False
1767695257.57,2026-01-06 15:57:37,11,15,51,18.2%,76,NORMAL,326.7,0.0,5.1,False
1767695258.75,2026-01-06 15:57:38,12,15,53,18.3%,76,NORMAL,334.7,0.0,5.1,False
1767695260.00,2026-01-06 15:57:39,12,15,54,18.4%,76,NORMAL,338.7,0.0,5.1,False
1767695261.24,2026-01-06 15:57:41,12,15,55,18.5%,76,NORMAL,340.2,0.0,5.1,False
1767695262.38,2026-01-06 15:57:42,12,15,55,18.6%,76,NORMAL,337.9,0.0,5.1,False
1767695263.56,2026-01-06 15:57:43,12,15,55,18.6%,76,NORMAL,334.5,0.0,5.1,False
1767695265.25,2026-01-06 15:57:45,10,15,55,18.6%,76,NORMAL,328.9,0.0,5.1,False
1767695266.77,2026-01-06 15:57:46,10,15,56,18.6%,76,NORMAL,329.4,0.0,5.1,False
1767695267.91,2026-01-06 15:57:47,10,15,56,18.5%,76,NORMAL,325.2,0.0,5.1,False
1767695269.36,2026-01-06 15:57:49,10,15,56,18.4%,76,NORMAL,323.1,0.0,5.1,False
1767695270.90,2026-01-06 15:57:50,8,15,56,18.2%,76,NORMAL,319.0,0.0,5.1,False
1767695272.69,2026-01-06 15:57:52,10,15,57,18.1%,76,NORMAL,319.6,0.0,5.2,False
1767695273.87,2026-01-06 15:57:53,10,15,58,18.0%,76,NORMAL,322.2,0.0,5.2,False
1767695275.15,2026-01-06 15:57:55,10,15,60,17.9%,76,NORMAL,330.3,0.0,5.2,False
1767695276.60,2026-01-06 15:57:56,10,15,60,17.7%,76,NORMAL,328.3,0.0,5.1,False
1767695278.31,2026-01-06 15:57:58,12,15,61,17.6%,76,NORMAL,330.7,0.0,5.1,False
1767695280.03,2026-01-06 15:58:00,11,15,61,17.5%,76,NORMAL,326.8,0.0,5.1,False
1767695282.05,2026-01-06 15:58:02,15,15,64,17.5%,76,NORMAL,337.8,0.0,5.0,False
1767695283.22,2026-01-06 15:58:03,14,15,64,17.5%,76,NORMAL,333.9,0.0,4.9,False
1767695284.29,2026-01-06 15:58:04,14,16,65,17.6%,76,NORMAL,337.2,0.0,4.9,False
1767695285.36,2026-01-06 15:58:05,14,16,65,17.7%,76,NORMAL,335.2,0.0,4.9,False
1767695286.86,2026-01-06 15:58:06,14,16,65,17.8%,76,NORMAL,333.3,0.0,4.8,False
1767695287.93,2026-01-06 15:58:07,14,16,66,18.0%,76,NORMAL,335.6,0.0,4.8,False
1767695289.61,2026-01-06 15:58:09,13,16,66,18.1%,76,NORMAL,333.7,0.0,4.8,False
1767695290.86,2026-01-06 15:58:10,16,16,69,18.2%,76,NORMAL,345.0,0.0,4.7,False
1767695292.08,2026-01-06 15:58:12,14,16,69,18.3%,76,NORMAL,344.0,0.0,4.7,False
1767695293.23,2026-01-06 15:58:13,13,16,69,18.3%,76,NORMAL,340.3,0.0,4.7,False
1767695294.37,2026-01-06 15:58:14,13,16,69,18.4%,76,NORMAL,339.3,0.0,4.7,False
1767695295.39,2026-01-06 15:58:15,14,16,70,18.4%,76,NORMAL,341.5,0.0,4.7,False
1767695296.82,2026-01-06 15:58:16,14,16,72,18.5%,76,NORMAL,349.3,0.0,4.6,False
1767695297.89,2026-01-06 15:58:17,14,16,72,18.6%,76,NORMAL,345.6,0.0,4.6,False
1767695298.92,2026-01-06 15:58:18,13,16,72,18.7%,76,NORMAL,344.7,0.0,4.6,False
1767695300.06,2026-01-06 15:58:20,15,16,72,18.8%,76,NORMAL,341.1,0.0,4.6,False
1767695301.07,2026-01-06 15:58:21,14,16,72,18.9%,76,NORMAL,340.2,0.0,4.6,False
1767695302.91,2026-01-06 15:58:22,15,16,74,19.0%,76,NORMAL,345.1,0.0,4.7,False
1767695304.58,2026-01-06 15:58:24,13,16,74,19.1%,76,NORMAL,340.7,0.0,4.8,False
1767695305.62,2026-01-06 15:58:25,13,16,76,19.2%,76,NORMAL,346.3,0.0,4.8,False
1767695306.91,2026-01-06 15:58:26,14,16,77,19.4%,76,NORMAL,349.1,0.0,4.9,False
1767695308.43,2026-01-06 15:58:28,13,16,77,19.6%,76,NORMAL,345.6,0.0,4.9,False
1767695310.33,2026-01-06 15:58:30,12,16,77,19.7%,76,NORMAL,341.4,0.0,5.0,False
1767695311.42,2026-01-06 15:58:31,11,16,77,19.8%,76,NORMAL,338.9,0.0,5.1,False
1767695312.55,2026-01-06 15:58:32,9,16,77,19.8%,76,NORMAL,337.2,0.0,5.1,False
1767695313.59,2026-01-06 15:58:33,10,16,79,19.8%,76,NORMAL,342.7,0.0,5.2,False
1767695314.77,2026-01-06 15:58:34,11,16,80,19.8%,76,NORMAL,344.5,0.0,5.2,False
1767695316.02,2026-01-06 15:58:36,9,16,80,19.8%,76,NORMAL,342.9,0.0,5.2,False
1767695317.21,2026-01-06 15:58:37,13,16,81,19.8%,76,NORMAL,345.5,0.0,5.2,False
1767695319.11,2026-01-06 15:58:39,9,16,82,19.7%,76,NORMAL,346.5,0.0,5.3,False
1767695320.36,2026-01-06 15:58:40,12,16,83,19.6%,76,NORMAL,347.4,0.0,5.3,False
1767695321.58,2026-01-06 15:58:41,13,16,84,19.5%,76,NORMAL,350.8,0.0,5.3,False
1767695322.77,2026-01-06 15:58:42,13,16,84,19.5%,76,NORMAL,347.6,0.0,5.4,False
1767695324.05,2026-01-06 15:58:44,12,16,84,19.4%,76,NORMAL,346.0,0.0,5.4,False
1767695325.70,2026-01-06 15:58:45,11,16,84,19.2%,76,NORMAL,342.9,0.0,5.4,False
1767695326.81,2026-01-06 15:58:46,14,16,85,19.2%,76,NORMAL,344.6,0.0,5.5,False
1767695328.20,2026-01-06 15:58:48,14,16,85,19.3%,76,NORMAL,343.0,0.0,5.5,False
1767695329.78,2026-01-06 15:58:49,14,16,85,19.2%,76,NORMAL,339.2,0.0,5.5,False
1767695330.97,2026-01-06 15:58:50,16,16,88,19.3%,76,NORMAL,349.7,0.0,5.5,False
1767695332.16,2026-01-06 15:58:52,13,16,88,19.3%,76,NORMAL,347.4,0.0,5.6,False
1767695333.29,2026-01-06 15:58:53,15,16,89,19.4%,76,NORMAL,349.0,0.0,5.6,False
1767695334.78,2026-01-06 15:58:54,16,16,89,19.5%,76,NORMAL,347.5,0.0,5.6,False
1767695335.83,2026-01-06 15:58:55,14,16,89,19.5%,76,NORMAL,345.3,0.0,5.6,False
1767695337.05,2026-01-06 15:58:57,13,16,89,19.4%,76,NORMAL,343.8,0.0,5.6,False
1767695339.18,2026-01-06 15:58:59,16,16,89,19.6%,76,NORMAL,340.1,0.0,5.6,False
1767695340.20,2026-01-06 15:59:00,14,16,90,19.5%,76,NORMAL,341.1,0.0,5.6,False
1767695342.03,2026-01-06 15:59:02,12,16,90,19.4%,76,NORMAL,339.6,0.0,5.5,False
1767695343.15,2026-01-06 15:59:03,13,16,90,19.3%,76,NORMAL,338.2,0.0,5.5,False
1767695344.66,2026-01-06 15:59:04,13,16,91,19.3%,76,NORMAL,340.5,0.0,5.5,False
1767695345.69,2026-01-06 15:59:05,15,16,92,19.4%,76,NORMAL,342.1,0.0,5.4,False
1767695347.82,2026-01-06 15:59:07,16,16,92,19.5%,76,NORMAL,340.7,0.0,5.3,False
1767695349.02,2026-01-06 15:59:09,16,16,92,19.7%,76,NORMAL,338.0,0.0,5.2,False
1767695350.31,2026-01-06 15:59:10,15,16,92,19.8%,76,NORMAL,337.3,0.0,5.2,False
1767695351.60,2026-01-06 15:59:11,15,16,92,20.0%,76,NORMAL,334.5,0.0,5.1,False
1767695352.80,2026-01-06 15:59:12,14,16,92,20.2%,76,NORMAL,333.9,0.0,5.1,False
1767695354.08,2026-01-06 15:59:14,14,16,93,20.4%,76,NORMAL,334.8,0.0,5.0,False
1767695355.26,2026-01-06 15:59:15,15,16,94,20.6%,76,NORMAL,337.7,0.0,5.0,False
1767695356.27,2026-01-06 15:59:16,15,16,95,20.9%,76,NORMAL,339.3,0.0,4.9,False
1767695357.83,2026-01-06 15:59:17,16,17,96,21.0%,76,NORMAL,341.5,0.0,4.9,False
1767695359.65,2026-01-06 15:59:19,15,17,96,21.3%,76,NORMAL,338.2,0.0,4.9,False
1767695360.97,2026-01-06 15:59:20,14,17,96,21.4%,76,NORMAL,335.5,0.0,4.9,False
1767695362.09,2026-01-06 15:59:22,14,17,96,21.4%,76,NORMAL,333.6,0.0,4.9,False
1767695363.59,2026-01-06 15:59:23,16,17,97,21.6%,76,NORMAL,335.1,0.0,4.9,False
1767695365.22,2026-01-06 15:59:25,15,17,98,21.7%,76,NORMAL,335.4,0.0,4.9,False
1767695367.16,2026-01-06 15:59:27,13,17,99,21.8%,76,NORMAL,335.6,0.0,5.0,False
1767695368.17,2026-01-06 15:59:28,13,17,100,21.8%,76,NORMAL,337.1,0.0,5.0,False
1767695369.76,2026-01-06 15:59:29,13,17,100,21.7%,76,NORMAL,335.8,0.0,5.0,False
1767695370.92,2026-01-06 15:59:30,13,17,101,21.7%,76,NORMAL,336.7,0.0,5.1,False
1767695372.07,2026-01-06 15:59:32,14,17,101,21.6%,76,NORMAL,335.4,0.0,5.1,False
1767695373.16,2026-01-06 15:59:33,14,17,102,21.6%,76,NORMAL,337.5,0.0,5.1,False
1767695374.32,2026-01-06 15:59:34,13,17,102,21.5%,76,NORMAL,336.3,0.0,5.1,False
1767695375.40,2026-01-06 15:59:35,14,17,103,21.5%,76,NORMAL,337.1,0.0,5.1,False
1767695376.53,2026-01-06 15:59:36,15,17,103,21.5%,76,NORMAL,335.9,0.0,5.1,False
1767695377.74,2026-01-06 15:59:37,15,17,103,21.6%,76,NORMAL,334.1,0.0,5.1,False
1767695378.74,2026-01-06 15:59:38,16,17,103,21.6%,76,NORMAL,333.5,0.0,5.1,False
1767695380.63,2026-01-06 15:59:40,16,17,103,21.7%,76,NORMAL,330.5,0.0,5.1,False
1767695381.73,2026-01-06 15:59:41,16,17,105,21.9%,76,NORMAL,335.1,0.0,5.1,False
1767695382.83,2026-01-06 15:59:42,14,17,105,21.9%,76,NORMAL,333.3,0.0,5.1,False
1767695384.88,2026-01-06 15:59:44,15,17,107,22.0%,76,NORMAL,337.3,0.0,5.1,False
1767695386.07,2026-01-06 15:59:46,14,17,107,22.0%,76,NORMAL,335.5,0.0,5.1,False
1767695387.42,2026-01-06 15:59:47,14,17,107,21.9%,76,NORMAL,334.4,0.0,5.2,False
1767695388.59,2026-01-06 15:59:48,15,17,109,21.8%,76,NORMAL,338.3,0.0,5.2,False
1767695389.79,2026-01-06 15:59:49,15,17,109,21.8%,76,NORMAL,337.7,0.0,5.2,False
1767695390.80,2026-01-06 15:59:50,14,17,109,21.8%,76,NORMAL,335.4,0.0,5.2,False
1767695391.98,2026-01-06 15:59:51,14,17,109,21.8%,76,NORMAL,334.8,0.0,5.2,False
1767695393.51,2026-01-06 15:59:53,16,17,111,21.9%,76,NORMAL,338.6,0.0,5.3,False
1767695394.78,2026-01-06 15:59:54,15,17,111,21.9%,76,NORMAL,338.1,0.0,5.3,False
1767695395.83,2026-01-06 15:59:55,11,17,111,21.7%,76,NORMAL,335.8,0.0,5.3,False
1767695397.00,2026-01-06 15:59:57,11,17,111,21.4%,76,NORMAL,334.7,0.0,5.3,False
1767695398.90,2026-01-06 15:59:58,11,17,111,21.3%,76,NORMAL,332.4,0.0,5.3,False
1767695400.06,2026-01-06 16:00:00,13,17,113,21.2%,76,NORMAL,336.2,0.0,5.4,False
1767695401.21,2026-01-06 16:00:01,14,17,114,21.2%,76,NORMAL,338.6,0.0,5.4,False
1767695402.30,2026-01-06 16:00:02,14,17,114,21.1%,76,NORMAL,336.4,0.0,5.4,False
1767695403.32,2026-01-06 16:00:03,13,17,114,21.0%,76,NORMAL,335.8,0.0,5.4,False
1767695404.46,2026-01-06 16:00:04,12,17,114,21.0%,76,NORMAL,333.7,0.0,5.4,False
1767695405.64,2026-01-06 16:00:05,12,17,114,20.9%,76,NORMAL,332.0,0.0,5.4,False
1767695407.15,2026-01-06 16:00:07,10,17,114,20.8%,76,NORMAL,330.4,0.0,5.4,False
1767695408.38,2026-01-06 16:00:08,11,17,115,20.7%,76,NORMAL,331.2,0.0,5.4,False
1767695409.45,2026-01-06 16:00:09,9,17,115,20.5%,76,NORMAL,330.1,0.0,5.4,False
1767695410.58,2026-01-06 16:00:10,9,17,117,20.2%,76,NORMAL,334.3,0.0,5.3,False
1767695411.69,2026-01-06 16:00:11,9,17,118,20.0%,76,NORMAL,336.1,0.0,5.3,False
1767695412.94,2026-01-06 16:00:12,10,17,118,19.8%,76,NORMAL,334.0,0.0,5.4,False
1767695414.10,2026-01-06 16:00:14,6,17,118,19.4%,76,NORMAL,331.9,0.0,5.4,False
1767695415.22,2026-01-06 16:00:15,7,17,118,19.0%,76,NORMAL,330.8,0.0,5.4,False
1767695416.24,2026-01-06 16:00:16,7,17,118,18.6%,76,NORMAL,328.8,0.0,5.4,False
1767695417.53,2026-01-06 16:00:17,7,17,119,18.2%,76,NORMAL,329.5,0.0,5.4,False
1767695418.60,2026-01-06 16:00:18,9,17,120,17.8%,76,NORMAL,330.3,0.0,5.5,False
1767695419.71,2026-01-06 16:00:19,9,17,120,17.6%,76,NORMAL,329.3,0.0,5.5,False
1767695420.75,2026-01-06 16:00:20,9,17,120,17.3%,76,NORMAL,327.8,0.0,5.5,False
1767695421.86,2026-01-06 16:00:21,9,17,121,17.1%,76,NORMAL,328.5,0.0,5.5,False
1767695423.01,2026-01-06 16:00:23,8,17,121,16.8%,76,NORMAL,326.0,0.0,5.5,False
1767695424.40,2026-01-06 16:00:24,9,17,121,16.5%,76,NORMAL,325.1,0.0,5.5,False
1767695425.55,2026-01-06 16:00:25,9,17,121,16.2%,76,NORMAL,323.1,0.0,5.5,False
1767695426.79,2026-01-06 16:00:26,8,17,121,15.9%,76,NORMAL,322.2,0.0,5.5,False
1767695427.95,2026-01-06 16:00:27,7,17,121,15.6%,76,NORMAL,320.8,0.0,5.5,False
1767695429.11,2026-01-06 16:00:29,8,17,121,15.2%,76,NORMAL,318.4,0.0,5.4,False
1767695430.31,2026-01-06 16:00:30,8,17,122,14.9%,76,NORMAL,320.1,0.0,5.4,False
1767695431.49,2026-01-06 16:00:31,7,17,122,14.7%,76,NORMAL,318.3,0.0,5.4,False
1767695432.77,2026-01-06 16:00:32,8,17,123,14.5%,76,NORMAL,319.5,0.0,5.3,False
1767695434.06,2026-01-06 16:00:34,8,17,123,14.4%,76,NORMAL,318.1,0.0,5.3,False
1767695435.71,2026-01-06 16:00:35,7,17,123,14.1%,76,NORMAL,315.8,0.0,5.2,False
1767695436.96,2026-01-06 16:00:36,7,17,123,13.7%,76,NORMAL,314.5,0.0,5.2,False
1767695438.40,2026-01-06 16:00:38,8,17,123,13.5%,76,NORMAL,312.7,0.0,5.1,False
1767695439.70,2026-01-06 16:00:39,8,17,124,13.2%,76,NORMAL,313.9,0.0,5.1,False
1767695440.74,2026-01-06 16:00:40,7,17,124,13.0%,76,NORMAL,311.7,0.0,5.0,False
1767695441.77,2026-01-06 16:00:41,6,17,124,12.7%,76,NORMAL,310.9,0.0,5.0,False
1767695443.06,2026-01-06 16:00:43,7,17,125,12.5%,76,NORMAL,312.5,0.0,4.9,False
1767695444.18,2026-01-06 16:00:44,7,17,125,12.3%,76,NORMAL,310.3,0.0,4.8,False
1767695445.67,2026-01-06 16:00:45,7,17,125,12.2%,76,NORMAL,309.1,0.0,4.8,False
1767695446.88,2026-01-06 16:00:46,7,17,125,12.1%,76,NORMAL,307.4,0.0,4.7,False
1767695448.30,2026-01-06 16:00:48,8,17,126,12.1%,76,NORMAL,308.2,0.0,4.6,False
1767695449.35,2026-01-06 16:00:49,7,17,126,11.9%,76,NORMAL,306.5,0.0,4.6,False
1767695450.47,2026-01-06 16:00:50,8,17,126,12.0%,76,NORMAL,305.2,0.0,4.5,False
1767695451.60,2026-01-06 16:00:51,8,17,126,12.1%,76,NORMAL,304.0,0.0,4.5,False
1767695452.85,2026-01-06 16:00:52,7,17,126,12.1%,76,NORMAL,302.8,0.0,4.5,False
1767695453.94,2026-01-06 16:00:53,7,17,126,12.1%,76,NORMAL,302.0,0.0,4.5,False
1767695455.57,2026-01-06 16:00:55,8,17,127,12.0%,76,NORMAL,302.8,0.0,4.4,False
1767695456.74,2026-01-06 16:00:56,8,17,127,12.0%,76,NORMAL,301.6,0.0,4.4,False
1767695457.79,2026-01-06 16:00:57,8,17,128,11.9%,76,NORMAL,302.4,0.0,4.4,False
1767695458.86,2026-01-06 16:00:58,8,17,128,11.9%,76,NORMAL,301.6,0.0,4.4,False
1767695459.89,2026-01-06 16:00:59,8,17,128,11.9%,76,NORMAL,300.0,0.0,4.4,False
1767695460.99,2026-01-06 16:01:00,9,17,128,11.9%,76,NORMAL,298.4,0.0,4.4,False
1767695462.41,2026-01-06 16:01:02,9,17,128,11.9%,76,NORMAL,297.7,0.0,4.4,False
1767695463.51,2026-01-06 16:01:03,7,17,128,11.8%,76,NORMAL,296.1,0.0,4.4,False
1767695464.70,2026-01-06 16:01:04,9,17,128,11.9%,76,NORMAL,295.0,0.0,4.4,False
1767695465.81,2026-01-06 16:01:05,8,17,128,11.9%,76,NORMAL,293.9,0.0,4.4,False
1767695467.00,2026-01-06 16:01:07,7,17,129,11.9%,76,NORMAL,294.3,0.0,4.4,False
1767695468.05,2026-01-06 16:01:08,7,17,129,11.9%,76,NORMAL,292.8,0.0,4.4,False
1767695469.66,2026-01-06 16:01:09,9,17,131,11.9%,76,NORMAL,296.2,0.0,4.4,False
1767695470.89,2026-01-06 16:01:10,8,17,131,11.9%,76,NORMAL,294.4,0.0,4.5,False
1767695472.28,2026-01-06 16:01:12,9,17,132,12.0%,76,NORMAL,294.8,0.0,4.5,False
1767695473.56,2026-01-06 16:01:13,8,17,132,12.1%,76,NORMAL,293.7,0.0,4.6,False
1767695474.87,2026-01-06 16:01:14,8,17,132,12.1%,76,NORMAL,293.0,0.0,4.6,False
1767695476.23,2026-01-06 16:01:16,9,17,133,12.1%,76,NORMAL,293.4,0.0,4.6,False
1767695477.77,2026-01-06 16:01:17,9,17,134,12.2%,76,NORMAL,293.8,0.0,4.7,False
1767695479.08,2026-01-06 16:01:19,8,17,134,12.3%,76,NORMAL,292.0,0.0,4.8,False
1767695480.22,2026-01-06 16:01:20,7,17,134,12.3%,76,NORMAL,291.0,0.0,4.8,False
1767695481.32,2026-01-06 16:01:21,7,17,134,12.3%,76,NORMAL,289.9,0.0,4.8,False
1767695482.82,2026-01-06 16:01:22,7,17,135,12.3%,76,NORMAL,290.7,0.0,4.8,False
1767695484.22,2026-01-06 16:01:24,8,17,136,12.4%,76,NORMAL,291.1,0.0,4.8,False
1767695485.29,2026-01-06 16:01:25,7,17,136,12.3%,76,NORMAL,289.7,0.0,4.8,False
1767695486.48,2026-01-06 16:01:26,7,17,136,12.3%,76,NORMAL,288.7,0.0,4.9,False
1767695487.60,2026-01-06 16:01:27,7,17,136,12.3%,76,NORMAL,287.7,0.0,4.9,False
1767695489.07,2026-01-06 16:01:29,7,17,137,12.2%,76,NORMAL,288.8,0.0,4.9,False
1767695490.14,2026-01-06 16:01:30,6,17,137,12.2%,76,NORMAL,287.7,0.0,4.9,False
1767695491.81,2026-01-06 16:01:31,7,17,138,12.2%,76,NORMAL,288.5,0.0,4.9,False
1767695493.18,2026-01-06 16:01:33,6,17,138,12.1%,76,NORMAL,287.5,0.0,5.0,False
1767695494.33,2026-01-06 16:01:34,6,17,138,12.0%,76,NORMAL,286.5,0.0,5.0,False
1767695495.54,2026-01-06 16:01:35,4,17,138,11.8%,76,NORMAL,285.2,0.0,5.0,False
1767695496.59,2026-01-06 16:01:36,4,17,138,11.6%,76,NORMAL,284.5,0.0,5.0,False
1767695497.81,2026-01-06 16:01:37,4,17,138,11.4%,76,NORMAL,283.2,0.0,5.0,False
1767695499.00,2026-01-06 16:01:38,4,17,138,11.1%,76,NORMAL,282.0,0.0,5.0,False
1767695500.08,2026-01-06 16:01:40,4,17,138,10.9%,76,NORMAL,281.0,0.0,4.9,False
1767695501.34,2026-01-06 16:01:41,6,17,139,10.8%,76,NORMAL,282.1,0.0,4.9,False
1767695502.67,2026-01-06 16:01:42,7,17,139,10.7%,76,NORMAL,280.8,0.0,4.9,False
1767695503.84,2026-01-06 16:01:43,7,17,139,10.7%,76,NORMAL,279.9,0.0,4.9,False
1767695504.91,2026-01-06 16:01:44,8,17,140,10.7%,76,NORMAL,281.2,0.0,4.8,False
1767695506.20,2026-01-06 16:01:46,8,17,140,10.8%,76,NORMAL,279.7,0.0,4.8,False
1767695507.34,2026-01-06 16:01:47,9,17,142,10.8%,76,NORMAL,282.7,0.0,4.8,False
1767695508.46,2026-01-06 16:01:48,8,17,142,10.8%,76,NORMAL,282.1,0.0,4.8,False
1767695509.69,2026-01-06 16:01:49,9,17,144,10.8%,76,NORMAL,284.5,0.0,4.8,False
1767695510.72,2026-01-06 16:01:50,6,17,144,10.7%,76,NORMAL,283.6,0.0,4.8,False
1767695511.94,2026-01-06 16:01:51,8,17,144,10.7%,76,NORMAL,282.0,0.0,4.8,False
1767695513.01,2026-01-06 16:01:53,7,17,144,10.6%,76,NORMAL,280.8,0.0,4.8,False
1767695514.38,2026-01-06 16:01:54,8,17,144,10.5%,76,NORMAL,280.2,0.0,4.8,False
1767695515.57,2026-01-06 16:01:55,7,17,145,10.5%,76,NORMAL,280.9,0.0,4.8,False
1767695517.11,2026-01-06 16:01:57,8,17,146,10.5%,76,NORMAL,282.3,0.0,4.8,False
1767695518.29,2026-01-06 16:01:58,7,17,146,10.5%,76,NORMAL,281.1,0.0,4.8,False
1767695519.49,2026-01-06 16:01:59,8,17,146,10.6%,76,NORMAL,280.2,0.0,4.7,False
1767695520.80,2026-01-06 16:02:00,8,17,146,10.6%,76,NORMAL,279.3,0.0,4.7,False
1767695522.06,2026-01-06 16:02:02,8,17,147,10.6%,76,NORMAL,280.3,0.0,4.7,False
1767695523.10,2026-01-06 16:02:03,9,17,147,10.7%,76,NORMAL,279.7,0.0,4.7,False
1767695524.24,2026-01-06 16:02:04,9,17,147,10.8%,76,NORMAL,278.5,0.0,4.7,False
1767695525.27,2026-01-06 16:02:05,9,17,147,10.9%,76,NORMAL,277.9,0.0,4.7,False
1767695526.88,2026-01-06 16:02:06,9,17,147,11.1%,76,NORMAL,276.8,0.0,4.6,False
1767695527.88,2026-01-06 16:02:07,8,17,147,11.1%,76,NORMAL,275.6,0.0,4.6,False
1767695528.95,2026-01-06 16:02:08,7,17,147,11.2%,76,NORMAL,275.1,0.0,4.6,False
1767695530.32,2026-01-06 16:02:10,7,17,147,11.2%,76,NORMAL,274.2,0.0,4.7,False
1767695531.36,2026-01-06 16:02:11,7,17,147,11.4%,76,NORMAL,273.3,0.0,4.7,False
1767695532.54,2026-01-06 16:02:12,7,17,147,11.5%,76,NORMAL,272.5,0.0,4.7,False
1767695533.62,2026-01-06 16:02:13,7,17,148,11.7%,76,NORMAL,273.2,0.0,4.7,False
1767695534.67,2026-01-06 16:02:14,7,17,148,11.8%,76,NORMAL,272.4,0.0,4.7,False
1767695535.79,2026-01-06 16:02:15,7,17,148,12.0%,76,NORMAL,271.6,0.0,4.7,False
1767695537.16,2026-01-06 16:02:17,7,17,148,12.0%,76,NORMAL,270.5,0.0,4.8,False
1767695538.76,2026-01-06 16:02:18,7,17,148,12.0%,76,NORMAL,269.6,0.0,4.8,False
1767695540.00,2026-01-06 16:02:20,8,17,149,12.1%,76,NORMAL,270.6,0.0,4.8,False
1767695541.06,2026-01-06 16:02:21,8,17,149,12.1%,76,NORMAL,269.5,0.0,4.7,False
1767695542.25,2026-01-06 16:02:22,7,17,149,12.0%,76,NORMAL,268.7,0.0,4.7,False
1767695543.26,2026-01-06 16:02:23,7,17,149,11.9%,76,NORMAL,267.9,0.0,4.7,False
1767695544.27,2026-01-06 16:02:24,7,17,149,11.9%,76,NORMAL,266.9,0.0,4.8,False
1767695545.28,2026-01-06 16:02:25,7,17,149,11.8%,76,NORMAL,266.1,0.0,4.7,False
1767695546.44,2026-01-06 16:02:26,5,17,149,11.7%,76,NORMAL,265.0,0.0,4.7,False
1767695547.66,2026-01-06 16:02:27,6,17,149,11.6%,76,NORMAL,264.0,0.0,4.7,False
1767695548.70,2026-01-06 16:02:28,7,17,149,11.6%,76,NORMAL,262.9,0.0,4.8,False
1767695549.74,2026-01-06 16:02:29,7,17,149,11.6%,76,NORMAL,262.4,0.0,4.8,False
1767695550.80,2026-01-06 16:02:30,5,17,149,11.5%,76,NORMAL,261.9,0.0,4.8,False
1767695552.01,2026-01-06 16:02:32,5,17,149,11.3%,76,NORMAL,260.9,0.0,4.8,False
1767695553.49,2026-01-06 16:02:33,5,17,149,11.2%,76,NORMAL,260.1,0.0,4.8,False
1767695554.85,2026-01-06 16:02:34,5,17,149,11.1%,76,NORMAL,259.1,0.0,4.9,False
1767695555.99,2026-01-06 16:02:35,6,17,149,11.0%,76,NORMAL,258.1,0.0,4.9,False
1767695557.04,2026-01-06 16:02:37,6,17,149,10.9%,76,NORMAL,257.1,0.0,4.9,False
1767695558.59,2026-01-06 16:02:38,6,17,149,10.7%,76,NORMAL,256.4,0.0,4.9,False
1767695560.06,2026-01-06 16:02:40,6,17,149,10.6%,76,NORMAL,255.2,0.0,4.8,False
1767695561.22,2026-01-06 16:02:41,6,17,149,10.4%,76,NORMAL,254.2,0.0,4.8,False
1767695562.33,2026-01-06 16:02:42,6,17,149,10.3%,76,NORMAL,253.5,0.0,4.8,False
1767695563.59,2026-01-06 16:02:43,5,17,149,10.1%,76,NORMAL,252.8,0.0,4.8,False
1767695564.64,2026-01-06 16:02:44,6,17,149,10.1%,76,NORMAL,252.1,0.0,4.8,False
1767695565.67,2026-01-06 16:02:45,6,17,149,10.0%,76,NORMAL,251.4,0.0,4.8,False
1767695566.99,2026-01-06 16:02:46,6,17,149,10.0%,76,NORMAL,250.4,0.0,4.8,False
1767695568.24,2026-01-06 16:02:48,7,17,150,10.0%,76,NORMAL,251.2,0.0,4.8,False
1767695569.43,2026-01-06 16:02:49,7,17,150,10.0%,76,NORMAL,250.5,0.0,4.9,False
1767695570.47,2026-01-06 16:02:50,7,17,150,10.0%,76,NORMAL,249.8,0.0,4.9,False
1767695571.65,2026-01-06 16:02:51,8,17,150,10.0%,76,NORMAL,248.8,0.0,4.9,False
1767695572.79,2026-01-06 16:02:52,8,17,150,10.1%,76,NORMAL,248.2,0.0,4.9,False
1767695573.94,2026-01-06 16:02:53,8,17,150,10.1%,76,NORMAL,247.5,0.0,4.9,False
1767695574.94,2026-01-06 16:02:54,7,17,151,10.1%,76,NORMAL,248.2,0.0,5.0,False
1767695576.27,2026-01-06 16:02:56,7,17,151,10.0%,76,NORMAL,247.8,0.0,5.0,False
1767695577.35,2026-01-06 16:02:57,7,17,151,10.0%,76,NORMAL,247.1,0.0,5.0,False
1767695578.59,2026-01-06 16:02:58,8,17,152,10.1%,76,NORMAL,248.1,0.0,5.0,False
1767695579.77,2026-01-06 16:02:59,7,17,152,10.1%,76,NORMAL,247.4,0.0,5.0,False
1767695581.33,2026-01-06 16:03:01,7,17,152,10.1%,76,NORMAL,246.3,0.0,4.9,False
1767695582.85,2026-01-06 16:03:02,9,17,153,10.3%,76,NORMAL,247.2,0.0,4.9,False
1767695584.01,2026-01-06 16:03:04,8,17,153,10.4%,76,NORMAL,246.6,0.0,4.9,False
1767695585.43,2026-01-06 16:03:05,7,17,153,10.4%,76,NORMAL,245.7,0.0,4.9,False
1767695586.48,2026-01-06 16:03:06,7,17,153,10.4%,76,NORMAL,245.0,0.0,4.9,False
1767695587.56,2026-01-06 16:03:07,7,17,153,10.5%,76,NORMAL,244.4,0.0,4.9,False
1767695589.10,2026-01-06 16:03:09,7,17,153,10.6%,76,NORMAL,243.5,0.0,4.9,False
1767695590.64,2026-01-06 16:03:10,8,17,154,10.7%,76,NORMAL,244.0,0.0,4.9,False
1767695592.41,2026-01-06 16:03:12,8,17,154,10.9%,76,NORMAL,242.9,0.0,4.9,False
1767695593.41,2026-01-06 16:03:13,9,17,154,11.0%,76,NORMAL,242.1,0.0,5.0,False
1767695594.74,2026-01-06 16:03:14,9,17,154,11.2%,76,NORMAL,241.7,0.0,5.0,False
1767695596.49,2026-01-06 16:03:16,10,17,155,11.4%,76,NORMAL,242.4,0.0,5.0,False
1767695597.98,2026-01-06 16:03:17,10,17,155,11.6%,76,NORMAL,241.3,0.0,5.0,False
1767695599.26,2026-01-06 16:03:19,10,17,156,11.8%,76,NORMAL,241.9,0.0,5.1,False
1767695600.52,2026-01-06 16:03:20,8,17,156,11.9%,76,NORMAL,241.0,0.0,5.1,False
1767695601.65,2026-01-06 16:03:21,8,17,156,12.0%,76,NORMAL,240.4,0.0,5.1,False
1767695603.16,2026-01-06 16:03:23,10,17,157,12.2%,76,NORMAL,241.3,0.0,5.1,False
1767695604.30,2026-01-06 16:03:24,11,17,158,12.5%,76,NORMAL,242.0,0.0,5.1,False
1767695605.54,2026-01-06 16:03:25,10,17,158,12.7%,76,NORMAL,241.6,0.0,5.1,False
1767695607.62,2026-01-06 16:03:27,10,17,158,12.8%,76,NORMAL,240.8,0.0,5.1,False
1767695608.89,2026-01-06 16:03:28,10,17,158,13.0%,76,NORMAL,240.2,0.0,5.1,False
1767695610.02,2026-01-06 16:03:30,9,17,158,13.1%,76,NORMAL,239.8,0.0,5.1,False
1767695611.20,2026-01-06 16:03:31,8,17,158,13.1%,76,NORMAL,239.0,0.0,5.1,False
1767695612.33,2026-01-06 16:03:32,9,17,159,13.1%,76,NORMAL,240.1,0.0,5.0,False
1767695613.96,2026-01-06 16:03:33,8,17,159,13.1%,76,NORMAL,239.3,0.0,5.0,False
1767695615.34,2026-01-06 16:03:35,9,17,159,13.2%,76,NORMAL,238.5,0.0,5.0,False
1767695616.42,2026-01-06 16:03:36,8,17,159,13.3%,76,NORMAL,238.1,0.0,5.0,False
1767695617.55,2026-01-06 16:03:37,9,17,160,13.4%,76,NORMAL,239.0,0.0,5.0,False
1767695618.72,2026-01-06 16:03:38,8,17,160,13.4%,76,NORMAL,238.6,0.0,5.0,False
1767695620.22,2026-01-06 16:03:40,8,17,161,13.4%,76,NORMAL,239.3,0.0,5.0,False
1767695621.37,2026-01-06 16:03:41,10,17,163,13.6%,76,NORMAL,241.5,0.0,5.0,False
1767695622.45,2026-01-06 16:03:42,10,17,163,13.6%,76,NORMAL,241.1,0.0,5.0,False
1767695624.23,2026-01-06 16:03:44,11,17,164,13.8%,76,NORMAL,241.8,0.0,5.1,False
1767695625.26,2026-01-06 16:03:45,11,17,165,14.0%,76,NORMAL,242.4,0.0,5.1,False
1767695626.47,2026-01-06 16:03:46,11,17,165,14.2%,76,NORMAL,242.1,0.0,5.1,False
1767695627.59,2026-01-06 16:03:47,10,17,165,14.3%,76,NORMAL,241.5,0.0,5.1,False
1767695628.77,2026-01-06 16:03:48,10,17,165,14.5%,76,NORMAL,240.7,0.0,5.1,False
1767695629.91,2026-01-06 16:03:49,9,17,166,14.5%,76,NORMAL,241.7,0.0,5.1,False
1767695631.12,2026-01-06 16:03:51,9,17,166,14.6%,76,NORMAL,241.2,0.0,5.1,False
1767695632.14,2026-01-06 16:03:52,9,17,166,14.6%,76,NORMAL,240.8,0.0,5.1,False
1767695633.95,2026-01-06 16:03:53,9,17,166,14.6%,76,NORMAL,239.8,0.0,5.1,False
1767695635.69,2026-01-06 16:03:55,8,17,166,14.5%,76,NORMAL,238.8,0.0,5.1,False
1767695636.79,2026-01-06 16:03:56,9,17,166,14.4%,76,NORMAL,238.1,0.0,5.0,False
1767695637.80,2026-01-06 16:03:57,8,17,166,14.3%,76,NORMAL,237.7,0.0,5.0,False
1767695638.85,2026-01-06 16:03:58,8,17,166,14.3%,76,NORMAL,237.1,0.0,5.0,False
1767695639.90,2026-01-06 16:03:59,8,17,166,14.3%,76,NORMAL,236.8,0.0,5.0,False
1767695641.42,2026-01-06 16:04:01,8,17,166,14.2%,76,NORMAL,236.0,0.0,5.0,False
1767695643.14,2026-01-06 16:04:03,8,17,166,14.1%,76,NORMAL,235.1,0.0,5.0,False
1767695644.89,2026-01-06 16:04:04,8,17,166,14.0%,76,NORMAL,234.2,0.0,5.1,False
1767695645.89,2026-01-06 16:04:05,8,17,167,13.9%,76,NORMAL,234.8,0.0,5.1,False
1767695646.96,2026-01-06 16:04:06,9,17,167,13.8%,76,NORMAL,234.5,0.0,5.1,False
1767695648.35,2026-01-06 16:04:08,8,17,167,13.8%,76,NORMAL,233.9,0.0,5.1,False
1767695649.50,2026-01-06 16:04:09,8,17,167,13.8%,76,NORMAL,233.6,0.0,5.1,False
1767695650.85,2026-01-06 16:04:10,7,17,167,13.7%,76,NORMAL,232.8,0.0,5.2,False
1767695652.20,2026-01-06 16:04:12,7,17,167,13.6%,76,NORMAL,232.3,0.0,5.2,False
1767695653.38,2026-01-06 16:04:13,8,17,168,13.6%,76,NORMAL,233.0,0.0,5.2,False
1767695654.43,2026-01-06 16:04:14,8,17,168,13.6%,76,NORMAL,232.4,0.0,5.2,False
1767695655.50,2026-01-06 16:04:15,9,17,169,13.6%,76,NORMAL,233.1,0.0,5.2,False
1767695656.64,2026-01-06 16:04:16,9,17,170,13.6%,76,NORMAL,233.9,0.0,5.2,False
1767695657.77,2026-01-06 16:04:17,11,17,171,13.8%,76,NORMAL,234.8,0.0,5.2,False
1767695658.99,2026-01-06 16:04:18,10,17,171,13.8%,76,NORMAL,234.1,0.0,5.2,False
1767695660.15,2026-01-06 16:04:20,9,17,171,13.7%,76,NORMAL,233.5,0.0,5.2,False
1767695661.45,2026-01-06 16:04:21,10,17,172,13.7%,76,NORMAL,234.4,0.0,5.2,False
1767695662.57,2026-01-06 16:04:22,9,17,173,13.6%,76,NORMAL,235.2,0.0,5.2,False
1767695664.03,2026-01-06 16:04:24,10,17,174,13.5%,76,NORMAL,236.2,0.0,5.2,False
1767695665.69,2026-01-06 16:04:25,9,17,174,13.5%,76,NORMAL,235.3,0.0,5.3,False
1767695667.76,2026-01-06 16:04:27,9,17,175,13.4%,76,NORMAL,235.8,0.0,5.3,False
1767695669.42,2026-01-06 16:04:29,10,17,176,13.5%,76,NORMAL,236.2,0.0,5.3,False
1767695670.57,2026-01-06 16:04:30,11,17,177,13.6%,76,NORMAL,236.9,0.0,5.2,False
1767695671.91,2026-01-06 16:04:31,11,17,177,13.7%,76,NORMAL,236.5,0.0,5.2,False
1767695673.76,2026-01-06 16:04:33,10,17,178,13.7%,76,NORMAL,237.2,0.0,5.2,False
1767695674.94,2026-01-06 16:04:34,8,17,178,13.7%,76,NORMAL,236.5,0.0,5.2,False
1767695675.98,2026-01-06 16:04:35,7,17,178,13.6%,76,NORMAL,236.1,0.0,5.2,False
1767695677.69,2026-01-06 16:04:37,9,17,178,13.7%,76,NORMAL,235.4,0.0,5.2,False
1767695678.89,2026-01-06 16:04:38,9,17,178,13.7%,76,NORMAL,234.9,0.0,5.2,False
1767695679.91,2026-01-06 16:04:39,8,17,178,13.7%,76,NORMAL,234.6,0.0,5.2,False
1767695681.07,2026-01-06 16:04:41,8,17,178,13.7%,76,NORMAL,233.9,0.0,5.2,False
1767695682.12,2026-01-06 16:04:42,7,17,179,13.7%,76,NORMAL,234.7,0.0,5.1,False
1767695683.22,2026-01-06 16:04:43,7,17,179,13.6%,76,NORMAL,234.0,0.0,5.1,False
1767695684.33,2026-01-06 16:04:44,6,17,180,13.5%,76,NORMAL,234.8,0.0,5.2,False
1767695686.14,2026-01-06 16:04:46,8,17,182,13.5%,76,NORMAL,236.7,0.0,5.1,False
1767695687.25,2026-01-06 16:04:47,10,17,184,13.6%,76,NORMAL,238.6,0.0,5.1,False
1767695688.58,2026-01-06 16:04:48,9,17,184,13.6%,76,NORMAL,238.1,0.0,5.1,False
1767695689.74,2026-01-06 16:04:49,10,17,185,13.8%,76,NORMAL,238.7,0.0,5.1,False
1767695690.93,2026-01-06 16:04:50,11,17,186,14.0%,76,NORMAL,239.3,0.0,5.1,False
1767695692.01,2026-01-06 16:04:52,12,17,187,14.2%,76,NORMAL,240.3,0.0,5.1,False
1767695693.16,2026-01-06 16:04:53,12,17,187,14.3%,76,NORMAL,239.7,0.0,5.1,False
1767695694.22,2026-01-06 16:04:54,13,17,187,14.5%,76,NORMAL,239.2,0.0,5.1,False
1767695695.56,2026-01-06 16:04:55,12,17,187,14.7%,76,NORMAL,238.6,0.0,5.1,False
1767695696.63,2026-01-06 16:04:56,12,17,187,14.7%,76,NORMAL,237.9,0.0,5.0,False
1767695697.71,2026-01-06 16:04:57,12,17,187,14.8%,76,NORMAL,237.4,0.0,5.0,False
1767695699.21,2026-01-06 16:04:59,12,17,187,15.0%,76,NORMAL,236.9,0.0,5.0,False
1767695700.56,2026-01-06 16:05:00,12,17,187,15.1%,76,NORMAL,236.0,0.0,5.0,False
1767695701.94,2026-01-06 16:05:01,10,17,187,15.1%,76,NORMAL,235.2,0.0,5.1,False
1767695703.36,2026-01-06 16:05:03,11,17,188,15.2%,76,NORMAL,235.7,0.0,5.1,False
1767695704.86,2026-01-06 16:05:04,12,17,189,15.3%,76,NORMAL,236.1,0.0,5.2,False
1767695706.09,2026-01-06 16:05:06,12,17,189,15.5%,76,NORMAL,235.8,0.0,5.2,False
1767695707.31,2026-01-06 16:05:07,10,17,189,15.5%,76,NORMAL,235.3,0.0,5.2,False
1767695708.37,2026-01-06 16:05:08,10,17,189,15.4%,76,NORMAL,234.9,0.0,5.2,False
1767695709.39,2026-01-06 16:05:09,10,17,189,15.4%,76,NORMAL,234.5,0.0,5.2,False
1767695711.04,2026-01-06 16:05:11,11,17,191,15.4%,76,NORMAL,236.1,0.0,5.2,False
1767695712.41,2026-01-06 16:05:12,10,17,191,15.5%,76,NORMAL,235.3,0.0,5.2,False
1767695714.01,2026-01-06 16:05:14,10,17,192,15.7%,76,NORMAL,235.7,0.0,5.2,False
1767695715.01,2026-01-06 16:05:15,10,17,192,15.7%,76,NORMAL,235.4,0.0,5.2,False
1767695716.05,2026-01-06 16:05:16,11,17,193,15.8%,76,NORMAL,236.2,0.0,5.2,False
1767695717.21,2026-01-06 16:05:17,11,17,193,16.0%,76,NORMAL,235.5,0.0,5.2,False
1767695718.27,2026-01-06 16:05:18,12,17,193,16.1%,76,NORMAL,235.0,0.0,5.2,False
1767695719.37,2026-01-06 16:05:19,12,17,194,16.4%,76,NORMAL,235.8,0.0,5.3,False
1767695720.37,2026-01-06 16:05:20,9,17,194,16.5%,76,NORMAL,235.2,0.0,5.3,False
1767695721.53,2026-01-06 16:05:21,10,17,194,16.7%,76,NORMAL,234.8,0.0,5.3,False
1767695723.19,2026-01-06 16:05:23,9,17,194,16.7%,76,NORMAL,234.2,0.0,5.3,False
1767695724.43,2026-01-06 16:05:24,8,17,194,16.6%,76,NORMAL,233.6,0.0,5.3,False
1767695725.97,2026-01-06 16:05:25,9,17,195,16.6%,76,NORMAL,234.6,0.0,5.3,False
1767695727.55,2026-01-06 16:05:27,9,17,196,16.6%,76,NORMAL,235.4,0.0,5.4,False
1767695728.70,2026-01-06 16:05:28,9,17,196,16.5%,76,NORMAL,235.0,0.0,5.3,False
1767695729.75,2026-01-06 16:05:29,8,17,196,16.3%,76,NORMAL,234.6,0.0,5.3,False
1767695731.01,2026-01-06 16:05:31,8,17,197,16.1%,76,NORMAL,235.5,0.0,5.3,False
1767695732.61,2026-01-06 16:05:32,9,17,198,15.9%,76,NORMAL,235.9,0.0,5.2,False
1767695733.93,2026-01-06 16:05:33,9,17,198,15.8%,76,NORMAL,235.2,0.0,5.2,False
1767695735.00,2026-01-06 16:05:34,9,17,198,15.6%,76,NORMAL,234.9,0.0,5.1,False
1767695736.97,2026-01-06 16:05:36,10,17,198,15.5%,76,NORMAL,234.3,0.0,5.1,False
1767695738.38,2026-01-06 16:05:38,9,17,199,15.4%,76,NORMAL,234.7,0.0,5.0,False
1767695739.46,2026-01-06 16:05:39,8,17,199,15.2%,76,NORMAL,234.3,0.0,4.9,False
1767695740.83,2026-01-06 16:05:40,9,17,199,15.1%,76,NORMAL,234.0,0.0,4.8,False
1767695742.42,2026-01-06 16:05:42,9,17,199,15.0%,76,NORMAL,233.2,0.0,4.8,False
1767695743.58,2026-01-06 16:05:43,10,17,199,14.9%,76,NORMAL,232.9,0.0,4.7,False
1767695744.76,2026-01-06 16:05:44,10,17,200,14.8%,76,NORMAL,233.6,0.0,4.7,False
1767695746.49,2026-01-06 16:05:46,12,17,202,14.9%,76,NORMAL,235.2,0.0,4.6,False
1767695748.06,2026-01-06 16:05:48,11,17,203,15.0%,76,NORMAL,235.7,0.0,4.6,False
1767695749.26,2026-01-06 16:05:49,9,17,203,14.9%,76,NORMAL,235.6,0.0,4.6,False
1767695750.34,2026-01-06 16:05:50,10,17,204,14.9%,76,NORMAL,236.1,0.0,4.5,False
1767695751.74,2026-01-06 16:05:51,10,17,204,14.9%,76,NORMAL,235.7,0.0,4.5,False
1767695752.91,2026-01-06 16:05:52,10,17,204,14.9%,76,NORMAL,235.4,0.0,4.5,False
1767695754.20,2026-01-06 16:05:54,9,17,204,14.8%,76,NORMAL,235.1,0.0,4.5,False
1767695755.45,2026-01-06 16:05:55,11,17,207,14.8%,76,NORMAL,237.9,0.0,4.4,False
1767695756.49,2026-01-06 16:05:56,11,17,208,14.8%,76,NORMAL,238.6,0.0,4.3,False
1767695757.59,2026-01-06 16:05:57,11,17,208,14.8%,76,NORMAL,238.2,0.0,4.3,False
1767695759.12,2026-01-06 16:05:59,11,17,208,14.8%,76,NORMAL,237.7,0.0,4.2,False
1767695760.30,2026-01-06 16:06:00,12,17,209,14.9%,76,NORMAL,238.4,0.0,4.2,False
1767695761.65,2026-01-06 16:06:01,12,17,210,15.0%,76,NORMAL,239.1,0.0,4.1,False
1767695763.63,2026-01-06 16:06:03,15,17,212,15.3%,76,NORMAL,240.6,0.0,4.1,False
1767695765.50,2026-01-06 16:06:05,11,17,212,15.4%,76,NORMAL,239.8,0.0,4.1,False
1767695766.75,2026-01-06 16:06:06,11,17,213,15.5%,76,NORMAL,240.4,0.0,4.2,False
1767695768.16,2026-01-06 16:06:08,10,17,213,15.6%,76,NORMAL,240.2,0.0,4.2,False
1767695769.21,2026-01-06 16:06:09,11,17,213,15.7%,76,NORMAL,239.8,0.0,4.2,False
1767695770.44,2026-01-06 16:06:10,11,17,213,15.8%,76,NORMAL,239.5,0.0,4.2,False
1767695772.14,2026-01-06 16:06:12,11,17,214,16.0%,76,NORMAL,239.9,0.0,4.3,False
1767695773.59,2026-01-06 16:06:13,12,17,214,16.1%,76,NORMAL,239.6,0.0,4.3,False
1767695775.23,2026-01-06 16:06:15,12,17,214,16.2%,76,NORMAL,239.1,0.0,4.3,False
1767695776.52,2026-01-06 16:06:16,12,17,214,16.4%,76,NORMAL,238.7,0.0,4.4,False
1767695778.19,2026-01-06 16:06:18,12,17,214,16.5%,76,NORMAL,238.4,0.0,4.4,False
1767695779.26,2026-01-06 16:06:19,13,17,215,16.7%,76,NORMAL,239.0,0.0,4.3,False
1767695780.83,2026-01-06 16:06:20,13,17,215,16.9%,76,NORMAL,238.7,0.0,4.3,False
1767695782.62,2026-01-06 16:06:22,13,17,216,17.1%,76,NORMAL,239.1,0.0,4.3,False
1767695784.24,2026-01-06 16:06:24,11,17,217,17.2%,76,NORMAL,239.5,0.0,4.3,False
1767695785.42,2026-01-06 16:06:25,12,17,217,17.3%,76,NORMAL,239.2,0.0,4.3,False
1767695786.57,2026-01-06 16:06:26,13,17,218,17.5%,76,NORMAL,239.9,0.0,4.3,False
1767695787.63,2026-01-06 16:06:27,13,17,220,17.5%,76,NORMAL,241.6,0.0,4.2,False
1767695789.10,2026-01-06 16:06:29,14,17,221,17.6%,76,NORMAL,242.4,0.0,4.2,False
1767695790.87,2026-01-06 16:06:30,15,17,221,17.9%,76,NORMAL,241.7,0.0,4.3,False
1767695792.67,2026-01-06 16:06:32,15,17,222,18.2%,76,NORMAL,242.0,0.0,4.3,False
1767695793.95,2026-01-06 16:06:33,16,17,222,18.4%,76,NORMAL,241.7,0.0,4.3,False
1767695795.31,2026-01-06 16:06:35,15,17,223,18.7%,76,NORMAL,242.4,0.0,4.3,False
1767695796.42,2026-01-06 16:06:36,12,17,224,18.8%,76,NORMAL,242.9,0.0,4.4,False
1767695797.58,2026-01-06 16:06:37,10,17,224,18.8%,76,NORMAL,242.6,0.0,4.4,False
1767695798.76,2026-01-06 16:06:38,10,17,224,18.7%,76,NORMAL,242.3,0.0,4.4,False
1767695800.66,2026-01-06 16:06:40,12,17,224,18.8%,76,NORMAL,241.9,0.0,4.4,False
1767695802.36,2026-01-06 16:06:42,12,17,225,18.8%,76,NORMAL,242.4,0.0,4.5,False
1767695803.57,2026-01-06 16:06:43,12,17,225,18.8%,76,NORMAL,242.1,0.0,4.5,False
1767695804.64,2026-01-06 16:06:44,12,17,227,18.8%,76,NORMAL,243.8,0.0,4.5,False
1767695805.84,2026-01-06 16:06:45,10,17,228,18.6%,76,NORMAL,244.3,0.0,4.4,False
1767695806.89,2026-01-06 16:06:46,10,17,229,18.5%,76,NORMAL,244.9,0.0,4.4,False
1767695807.90,2026-01-06 16:06:47,11,17,230,18.5%,76,NORMAL,245.7,0.0,4.4,False
1767695809.20,2026-01-06 16:06:49,11,17,230,18.6%,76,NORMAL,245.3,0.0,4.4,False
1767695810.97,2026-01-06 16:06:50,8,17,230,18.4%,76,NORMAL,244.8,0.0,4.3,False
1767695812.51,2026-01-06 16:06:52,10,17,231,18.4%,76,NORMAL,245.5,0.0,4.3,False
1767695813.59,2026-01-06 16:06:53,10,17,231,18.3%,76,NORMAL,245.2,0.0,4.3,False
1767695815.03,2026-01-06 16:06:55,10,17,232,18.2%,76,NORMAL,245.5,0.0,4.2,False
1767695816.57,2026-01-06 16:06:56,9,17,232,18.1%,76,NORMAL,244.8,0.0,4.3,False
1767695818.45,2026-01-06 16:06:58,9,17,233,18.0%,76,NORMAL,245.1,0.0,4.3,False
1767695819.47,2026-01-06 16:06:59,9,17,233,17.8%,76,NORMAL,244.7,0.0,4.4,False
1767695821.37,2026-01-06 16:07:01,9,17,233,17.6%,76,NORMAL,244.4,0.0,4.4,False
1767695822.59,2026-01-06 16:07:02,8,17,233,17.4%,76,NORMAL,243.7,0.0,4.4,False
1767695824.23,2026-01-06 16:07:04,9,17,234,17.2%,76,NORMAL,244.3,0.0,4.5,False
1767695825.29,2026-01-06 16:07:05,8,17,234,17.0%,76,NORMAL,243.8,0.0,4.5,False
1767695826.80,2026-01-06 16:07:06,8,17,234,16.8%,76,NORMAL,243.3,0.0,4.6,False
1767695828.06,2026-01-06 16:07:08,9,17,234,16.7%,76,NORMAL,242.9,0.0,4.6,False
1767695829.17,2026-01-06 16:07:09,9,17,234,16.5%,76,NORMAL,242.6,0.0,4.6,False
1767695830.99,2026-01-06 16:07:10,8,17,235,16.2%,76,NORMAL,243.0,0.0,4.5,False
1767695832.24,2026-01-06 16:07:12,7,17,235,15.8%,76,NORMAL,242.3,0.0,4.5,False
1767695833.34,2026-01-06 16:07:13,9,17,236,15.5%,76,NORMAL,242.7,0.0,4.5,False
1767695834.47,2026-01-06 16:07:14,7,17,236,15.1%,76,NORMAL,242.3,0.0,4.4,False
1767695835.55,2026-01-06 16:07:15,8,17,237,14.7%,76,NORMAL,242.8,0.0,4.4,False
1767695837.00,2026-01-06 16:07:17,7,17,238,14.5%,76,NORMAL,243.3,0.0,4.5,False
1767695838.43,2026-01-06 16:07:18,7,17,238,14.3%,76,NORMAL,242.6,0.0,4.5,False
1767695839.70,2026-01-06 16:07:19,8,17,240,14.2%,76,NORMAL,243.9,0.0,4.6,False
1767695841.11,2026-01-06 16:07:21,8,17,240,14.1%,76,NORMAL,243.2,0.0,4.6,False
1767695842.62,2026-01-06 16:07:22,8,17,240,13.9%,76,NORMAL,242.6,0.0,4.7,False
1767695843.71,2026-01-06 16:07:23,7,17,240,13.6%,76,NORMAL,242.0,0.0,4.8,False
1767695844.85,2026-01-06 16:07:24,7,17,240,13.4%,76,NORMAL,241.3,0.0,4.9,False
1767695846.04,2026-01-06 16:07:26,7,17,240,13.2%,76,NORMAL,240.8,0.0,5.0,False
1767695847.47,2026-01-06 16:07:27,7,17,240,13.1%,76,NORMAL,240.5,0.0,5.0,False
1767695848.95,2026-01-06 16:07:28,8,17,241,12.9%,76,NORMAL,241.0,0.0,5.0,False
1767695850.69,2026-01-06 16:07:30,7,17,242,12.7%,76,NORMAL,230.0,0.0,5.1,False
1767695851.76,2026-01-06 16:07:31,7,17,242,12.7%,76,NORMAL,230.0,0.0,5.1,False
1767695852.79,2026-01-06 16:07:32,8,17,242,12.6%,76,NORMAL,230.0,0.0,5.1,False
1767695853.83,2026-01-06 16:07:33,5,17,242,12.3%,76,NORMAL,230.0,0.0,5.1,False
1767695854.89,2026-01-06 16:07:34,5,17,242,12.1%,76,NORMAL,229.0,0.0,5.0,False
1767695856.08,2026-01-06 16:07:36,6,17,242,11.9%,76,NORMAL,229.0,0.0,5.0,False
1767695857.43,2026-01-06 16:07:37,7,17,242,11.8%,76,NORMAL,229.0,0.0,5.0,False
1767695858.46,2026-01-06 16:07:38,6,17,242,11.7%,76,NORMAL,229.0,0.0,5.0,False
1767695859.59,2026-01-06 16:07:39,8,17,242,11.6%,76,NORMAL,228.0,0.0,5.0,False
1767695860.71,2026-01-06 16:07:40,8,17,242,11.6%,76,NORMAL,227.0,0.0,5.0,False
1767695861.95,2026-01-06 16:07:41,8,17,242,11.6%,76,NORMAL,227.0,0.0,5.0,False
1767695863.18,2026-01-06 16:07:43,7,17,242,11.5%,76,NORMAL,227.0,0.0,5.0,False
1767695864.37,2026-01-06 16:07:44,8,17,242,11.5%,76,NORMAL,226.0,0.0,5.0,False
1767695865.67,2026-01-06 16:07:45,8,17,242,11.5%,76,NORMAL,225.0,0.0,5.0,False
1767695866.97,2026-01-06 16:07:46,6,17,242,11.3%,76,NORMAL,225.0,0.0,5.0,False
1767695868.25,2026-01-06 16:07:48,7,17,245,11.3%,76,NORMAL,228.0,0.0,5.0,False
1767695869.68,2026-01-06 16:07:49,12,17,247,11.5%,76,NORMAL,229.0,0.0,4.9,False
1767695871.02,2026-01-06 16:07:51,12,17,247,11.7%,76,NORMAL,229.0,0.0,4.9,False
1767695872.19,2026-01-06 16:07:52,10,17,247,11.8%,76,NORMAL,229.0,0.0,4.8,False
1767695873.51,2026-01-06 16:07:53,11,17,247,12.0%,76,NORMAL,227.0,0.0,4.8,False
1767695875.18,2026-01-06 16:07:55,9,17,248,12.1%,76,NORMAL,228.0,0.0,4.7,False
1767695876.84,2026-01-06 16:07:56,10,17,248,12.2%,76,NORMAL,228.0,0.0,4.7,False
1767695878.47,2026-01-06 16:07:58,9,17,248,12.3%,76,NORMAL,228.0,0.0,4.6,False
1767695879.61,2026-01-06 16:07:59,10,17,250,12.4%,76,NORMAL,230.0,0.0,4.6,False
1767695880.79,2026-01-06 16:08:00,10,17,250,12.5%,76,NORMAL,230.0,0.0,4.6,False
1767695881.84,2026-01-06 16:08:01,9,17,250,12.6%,76,NORMAL,230.0,0.0,4.5,False
1767695882.96,2026-01-06 16:08:02,10,17,251,12.7%,76,NORMAL,231.0,0.0,4.5,False
1767695884.59,2026-01-06 16:08:04,9,17,251,12.8%,76,NORMAL,230.0,0.0,4.5,False
1767695885.88,2026-01-06 16:08:05,7,17,251,12.8%,76,NORMAL,230.0,0.0,4.4,False
1767695887.36,2026-01-06 16:08:07,7,17,251,12.8%,76,NORMAL,229.0,0.0,4.4,False
1767695888.55,2026-01-06 16:08:08,9,17,252,12.9%,76,NORMAL,230.0,0.0,4.4,False
1767695890.15,2026-01-06 16:08:10,9,17,252,13.0%,76,NORMAL,230.0,0.0,4.4,False
1767695891.22,2026-01-06 16:08:11,8,17,252,13.0%,76,NORMAL,228.0,0.0,4.4,False
1767695892.39,2026-01-06 16:08:12,9,17,253,13.2%,76,NORMAL,228.0,0.0,4.4,False
1767695893.62,2026-01-06 16:08:13,10,17,254,13.4%,76,NORMAL,228.0,0.0,4.4,False
1767695894.65,2026-01-06 16:08:14,9,17,254,13.6%,76,NORMAL,228.0,0.0,4.4,False
1767695895.79,2026-01-06 16:08:15,7,17,254,13.6%,76,NORMAL,227.0,0.0,4.3,False
1767695897.23,2026-01-06 16:08:17,7,17,254,13.6%,76,NORMAL,227.0,0.0,4.3,False
1767695898.28,2026-01-06 16:08:18,7,17,254,13.6%,76,NORMAL,227.0,0.0,4.3,False
1767695899.37,2026-01-06 16:08:19,7,17,254,13.5%,76,NORMAL,227.0,0.0,4.3,False
1767695900.77,2026-01-06 16:08:20,7,17,254,13.5%,76,NORMAL,226.0,0.0,4.2,False
1767695902.19,2026-01-06 16:08:22,7,17,254,13.5%,76,NORMAL,224.0,0.0,4.2,False
1767695903.34,2026-01-06 16:08:23,8,17,255,13.5%,76,NORMAL,224.0,0.0,4.2,False
1767695904.42,2026-01-06 16:08:24,8,17,257,13.5%,76,NORMAL,226.0,0.0,4.2,False
1767695906.80,2026-01-06 16:08:26,9,17,257,13.6%,76,NORMAL,225.0,0.0,4.2,False
1767695908.44,2026-01-06 16:08:28,7,17,257,13.6%,76,NORMAL,225.0,0.0,4.1,False
1767695909.87,2026-01-06 16:08:29,8,17,257,13.4%,76,NORMAL,225.0,0.0,4.1,False
1767695911.35,2026-01-06 16:08:31,8,17,257,13.2%,76,NORMAL,225.0,0.0,4.1,False
1767695912.70,2026-01-06 16:08:32,6,17,258,13.0%,76,NORMAL,226.0,0.0,4.1,False
1767695914.22,2026-01-06 16:08:34,7,17,258,12.8%,76,NORMAL,226.0,0.0,4.1,False
1767695915.61,2026-01-06 16:08:35,7,17,258,12.7%,76,NORMAL,225.0,0.0,4.0,False
1767695916.76,2026-01-06 16:08:36,6,17,258,12.5%,76,NORMAL,225.0,0.0,4.0,False
1767695918.27,2026-01-06 16:08:38,8,17,258,12.5%,76,NORMAL,225.0,0.0,4.0,False
1767695919.28,2026-01-06 16:08:39,9,17,259,12.4%,76,NORMAL,226.0,0.0,4.0,False
1767695920.72,2026-01-06 16:08:40,8,17,259,12.3%,76,NORMAL,226.0,0.0,4.0,False
1767695921.83,2026-01-06 16:08:41,8,17,260,12.3%,76,NORMAL,224.0,0.0,4.0,False
1767695922.86,2026-01-06 16:08:42,8,17,260,12.2%,76,NORMAL,223.0,0.0,4.0,False
1767695924.61,2026-01-06 16:08:44,8,17,260,12.1%,76,NORMAL,223.0,0.0,4.0,False
1767695926.10,2026-01-06 16:08:46,8,17,260,12.2%,76,NORMAL,222.0,0.0,4.0,False
1767695927.22,2026-01-06 16:08:47,7,17,260,12.2%,76,NORMAL,221.0,0.0,4.1,False
1767695928.45,2026-01-06 16:08:48,7,17,260,12.1%,76,NORMAL,221.0,0.0,4.1,False
1767695929.62,2026-01-06 16:08:49,7,17,261,12.0%,76,NORMAL,221.0,0.0,4.1,False
1767695930.79,2026-01-06 16:08:50,8,17,261,12.0%,76,NORMAL,221.0,0.0,4.2,False
1767695932.01,2026-01-06 16:08:52,9,17,261,12.0%,76,NORMAL,221.0,0.0,4.3,False
1767695933.01,2026-01-06 16:08:53,9,17,261,11.9%,76,NORMAL,216.0,0.0,4.3,False
1767695934.02,2026-01-06 16:08:54,8,17,261,11.9%,76,NORMAL,216.0,0.0,4.4,False
1767695935.33,2026-01-06 16:08:55,9,17,261,12.0%,76,NORMAL,215.0,0.0,4.5,False
1767695936.35,2026-01-06 16:08:56,8,17,261,12.0%,76,NORMAL,215.0,0.0,4.5,False
1767695937.39,2026-01-06 16:08:57,8,17,262,12.1%,76,NORMAL,216.0,0.0,4.6,False
1767695938.70,2026-01-06 16:08:58,9,17,262,12.2%,76,NORMAL,216.0,0.0,4.6,False
1767695940.34,2026-01-06 16:09:00,7,17,262,12.2%,76,NORMAL,216.0,0.0,4.7,False
1767695941.45,2026-01-06 16:09:01,7,17,262,12.2%,76,NORMAL,215.0,0.0,4.7,False
1767695942.90,2026-01-06 16:09:02,9,17,263,12.2%,76,NORMAL,216.0,0.0,4.7,False
1767695943.91,2026-01-06 16:09:03,7,17,263,12.2%,76,NORMAL,216.0,0.0,4.7,False
1767695945.07,2026-01-06 16:09:05,7,17,263,12.1%,76,NORMAL,216.0,0.0,4.8,False
1767695946.08,2026-01-06 16:09:06,7,17,263,12.1%,76,NORMAL,216.0,0.0,4.8,False
1767695947.20,2026-01-06 16:09:07,8,17,263,12.1%,76,NORMAL,215.0,0.0,4.8,False
1767695948.24,2026-01-06 16:09:08,8,17,263,12.1%,76,NORMAL,215.0,0.0,4.8,False
1767695949.29,2026-01-06 16:09:09,7,17,263,12.1%,76,NORMAL,215.0,0.0,4.8,False
1767695950.37,2026-01-06 16:09:10,7,17,263,12.1%,76,NORMAL,214.0,0.0,4.8,False
1767695951.39,2026-01-06 16:09:11,8,17,264,12.2%,76,NORMAL,215.0,0.0,4.8,False
1767695952.51,2026-01-06 16:09:12,7,17,264,12.2%,76,NORMAL,214.0,0.0,4.8,False
1767695953.72,2026-01-06 16:09:13,7,17,264,12.2%,76,NORMAL,213.0,0.0,4.8,False
1767695954.84,2026-01-06 16:09:14,7,17,265,12.1%,76,NORMAL,214.0,0.0,4.8,False
1767695956.01,2026-01-06 16:09:16,7,17,265,12.0%,76,NORMAL,212.0,0.0,4.8,False
1767695957.34,2026-01-06 16:09:17,7,17,265,12.0%,76,NORMAL,211.0,0.0,4.8,False
1767695958.89,2026-01-06 16:09:18,7,17,265,11.9%,76,NORMAL,210.0,0.0,4.8,False
1767695960.31,2026-01-06 16:09:20,7,17,265,11.9%,76,NORMAL,210.0,0.0,4.8,False
1767695961.89,2026-01-06 16:09:21,7,17,265,11.8%,76,NORMAL,210.0,0.0,4.8,False
1767695963.09,2026-01-06 16:09:23,7,17,265,11.8%,76,NORMAL,210.0,0.0,4.8,False
1767695964.12,2026-01-06 16:09:24,7,17,265,11.8%,76,NORMAL,209.0,0.0,4.7,False
1767695965.56,2026-01-06 16:09:25,7,17,265,11.8%,76,NORMAL,209.0,0.0,4.7,False
1767695966.77,2026-01-06 16:09:26,9,17,265,11.9%,76,NORMAL,209.0,0.0,4.7,False
1767695968.19,2026-01-06 16:09:28,9,17,265,11.9%,76,NORMAL,208.0,0.0,4.7,False
1767695969.29,2026-01-06 16:09:29,9,17,266,11.9%,76,NORMAL,209.0,0.0,4.6,False
1767695970.60,2026-01-06 16:09:30,7,17,266,11.8%,76,NORMAL,206.0,0.0,4.6,False
1767695972.75,2026-01-06 16:09:32,9,17,267,11.8%,76,NORMAL,206.0,0.0,4.6,False
1767695974.00,2026-01-06 16:09:34,8,17,268,11.8%,76,NORMAL,207.0,0.0,4.6,False
1767695975.26,2026-01-06 16:09:35,10,17,270,11.9%,76,NORMAL,207.0,0.0,4.6,False
1767695976.96,2026-01-06 16:09:36,10,17,271,12.0%,76,NORMAL,207.0,0.0,4.6,False
1767695978.03,2026-01-06 16:09:38,10,17,272,12.1%,76,NORMAL,208.0,0.0,4.6,False
1767695979.29,2026-01-06 16:09:39,10,17,272,12.3%,76,NORMAL,207.0,0.0,4.6,False
1767695980.69,2026-01-06 16:09:40,9,17,272,12.3%,76,NORMAL,207.0,0.0,4.6,False
1767695982.20,2026-01-06 16:09:42,10,17,273,12.4%,76,NORMAL,207.0,0.0,4.6,False
1767695983.55,2026-01-06 16:09:43,9,17,273,12.5%,76,NORMAL,205.0,0.0,4.5,False
1767695984.83,2026-01-06 16:09:44,10,17,273,12.7%,76,NORMAL,204.0,0.0,4.5,False
1767695986.49,2026-01-06 16:09:46,11,17,274,12.8%,76,NORMAL,204.0,0.0,4.5,False
1767695987.58,2026-01-06 16:09:47,11,17,274,13.0%,76,NORMAL,202.0,0.0,4.5,False
1767695988.64,2026-01-06 16:09:48,11,17,274,13.2%,76,NORMAL,202.0,0.0,4.5,False
1767695990.35,2026-01-06 16:09:50,11,17,274,13.4%,76,NORMAL,202.0,0.0,4.5,False
1767695991.80,2026-01-06 16:09:51,11,17,275,13.5%,76,NORMAL,203.0,0.0,4.5,False
1767695992.94,2026-01-06 16:09:52,12,17,276,13.8%,76,NORMAL,204.0,0.0,4.5,False
1767695994.38,2026-01-06 16:09:54,11,17,276,14.0%,76,NORMAL,202.0,0.0,4.5,False
1767695995.91,2026-01-06 16:09:55,10,17,276,14.1%,76,NORMAL,202.0,0.0,4.5,False
1767695997.16,2026-01-06 16:09:57,11,17,276,14.3%,76,NORMAL,202.0,0.0,4.5,False
1767695998.51,2026-01-06 16:09:58,12,17,276,14.5%,76,NORMAL,200.0,0.0,4.4,False
1767695999.61,2026-01-06 16:09:59,12,17,276,14.8%,76,NORMAL,199.0,0.0,4.4,False
1767696000.84,2026-01-06 16:10:00,11,17,276,15.0%,76,NORMAL,199.0,0.0,4.4,False
1767696001.88,2026-01-06 16:10:01,12,17,276,15.2%,76,NORMAL,199.0,0.0,4.4,False
1767696003.08,2026-01-06 16:10:03,10,17,277,15.4%,76,NORMAL,200.0,0.0,4.3,False
1767696004.11,2026-01-06 16:10:04,10,17,277,15.5%,76,NORMAL,200.0,0.0,4.3,False
1767696005.24,2026-01-06 16:10:05,10,17,277,15.7%,76,NORMAL,200.0,0.0,4.3,False
1767696006.49,2026-01-06 16:10:06,10,17,277,15.7%,76,NORMAL,199.0,0.0,4.3,False
1767696008.30,2026-01-06 16:10:08,10,17,278,15.8%,76,NORMAL,198.0,0.0,4.3,False
1767696009.92,2026-01-06 16:10:09,12,17,279,15.9%,76,NORMAL,198.0,0.0,4.3,False
1767696011.64,2026-01-06 16:10:11,10,17,279,16.1%,76,NORMAL,197.0,0.0,4.3,False
1767696012.90,2026-01-06 16:10:12,11,17,280,16.2%,76,NORMAL,197.0,0.0,4.4,False
1767696014.06,2026-01-06 16:10:14,12,17,282,16.4%,76,NORMAL,198.0,0.0,4.4,False
1767696015.57,2026-01-06 16:10:15,13,17,283,16.5%,76,NORMAL,199.0,0.0,4.4,False
1767696016.92,2026-01-06 16:10:16,13,17,283,16.6%,76,NORMAL,199.0,0.0,4.4,False
1767696017.99,2026-01-06 16:10:17,12,17,283,16.7%,76,NORMAL,199.0,0.0,4.4,False
1767696019.61,2026-01-06 16:10:19,11,17,283,16.8%,76,NORMAL,199.0,0.0,4.4,False
1767696020.75,2026-01-06 16:10:20,12,17,283,16.9%,76,NORMAL,198.0,0.0,4.4,False
1767696021.96,2026-01-06 16:10:21,11,17,283,17.0%,76,NORMAL,198.0,0.0,4.4,False
1767696023.39,2026-01-06 16:10:23,12,17,284,17.1%,76,NORMAL,199.0,0.0,4.5,False
1767696024.51,2026-01-06 16:10:24,12,17,284,17.2%,76,NORMAL,196.0,0.0,4.4,False
1767696026.26,2026-01-06 16:10:26,11,17,284,17.2%,76,NORMAL,196.0,0.0,4.4,False
1767696027.37,2026-01-06 16:10:27,13,17,286,17.3%,76,NORMAL,197.0,0.0,4.4,False
1767696028.53,2026-01-06 16:10:28,13,17,286,17.4%,76,NORMAL,197.0,0.0,4.4,False
1767696030.26,2026-01-06 16:10:30,13,17,286,17.5%,76,NORMAL,197.0,0.0,4.4,False
1767696031.43,2026-01-06 16:10:31,13,17,286,17.6%,76,NORMAL,197.0,0.0,4.4,False
1767696032.52,2026-01-06 16:10:32,13,17,286,17.6%,76,NORMAL,197.0,0.0,4.4,False
1767696033.99,2026-01-06 16:10:33,13,17,286,17.7%,76,NORMAL,196.0,0.0,4.4,False
1767696035.23,2026-01-06 16:10:35,15,17,286,18.0%,76,NORMAL,196.0,0.0,4.5,False
1767696036.29,2026-01-06 16:10:36,14,17,286,18.1%,76,NORMAL,195.0,0.0,4.5,False
1767696037.33,2026-01-06 16:10:37,14,17,286,18.2%,76,NORMAL,194.0,0.0,4.5,False
1767696038.40,2026-01-06 16:10:38,12,17,286,18.2%,76,NORMAL,194.0,0.0,4.5,False
1767696039.52,2026-01-06 16:10:39,10,17,286,18.2%,76,NORMAL,194.0,0.0,4.5,False
1767696040.54,2026-01-06 16:10:40,11,17,287,18.1%,76,NORMAL,195.0,0.0,4.5,False
1767696041.90,2026-01-06 16:10:41,11,17,287,18.2%,76,NORMAL,195.0,0.0,4.5,False
1767696043.07,2026-01-06 16:10:43,11,17,287,18.2%,76,NORMAL,195.0,0.0,4.6,False
1767696044.45,2026-01-06 16:10:44,9,17,287,18.2%,76,NORMAL,193.0,0.0,4.6,False
1767696045.91,2026-01-06 16:10:45,9,17,287,18.1%,76,NORMAL,191.0,0.0,4.6,False
1767696047.51,2026-01-06 16:10:47,9,17,288,18.1%,76,NORMAL,192.0,0.0,4.6,False
1767696048.54,2026-01-06 16:10:48,9,17,288,17.9%,76,NORMAL,192.0,0.0,4.6,False
1767696050.09,2026-01-06 16:10:50,10,17,288,17.9%,76,NORMAL,192.0,0.0,4.5,False
1767696051.67,2026-01-06 16:10:51,10,17,288,17.9%,76,NORMAL,190.0,0.0,4.5,False
1767696053.31,2026-01-06 16:10:53,9,17,288,17.7%,76,NORMAL,190.0,0.0,4.5,False
1767696054.43,2026-01-06 16:10:54,9,17,288,17.5%,76,NORMAL,190.0,0.0,4.5,False
1767696055.77,2026-01-06 16:10:55,7,17,288,17.2%,76,NORMAL,188.0,0.0,4.5,False
1767696056.94,2026-01-06 16:10:56,8,17,288,17.1%,76,NORMAL,188.0,0.0,4.5,False
1767696058.00,2026-01-06 16:10:57,9,17,288,17.0%,76,NORMAL,188.0,0.0,4.5,False
1767696059.06,2026-01-06 16:10:59,9,17,288,16.8%,76,NORMAL,187.0,0.0,4.5,False
1767696060.14,2026-01-06 16:11:00,9,17,288,16.7%,76,NORMAL,187.0,0.0,4.5,False
1767696061.20,2026-01-06 16:11:01,9,17,288,16.6%,76,NORMAL,186.0,0.0,4.5,False
1767696062.46,2026-01-06 16:11:02,8,17,288,16.4%,76,NORMAL,186.0,0.0,4.5,False
1767696063.91,2026-01-06 16:11:03,9,17,289,16.3%,76,NORMAL,186.0,0.0,4.5,False
1767696065.26,2026-01-06 16:11:05,9,17,289,16.1%,76,NORMAL,186.0,0.0,4.5,False
1767696066.30,2026-01-06 16:11:06,8,17,289,15.8%,76,NORMAL,186.0,0.0,4.5,False
1767696067.93,2026-01-06 16:11:07,9,17,289,15.6%,76,NORMAL,186.0,0.0,4.4,False
1767696069.09,2026-01-06 16:11:09,9,17,289,15.5%,76,NORMAL,184.0,0.0,4.4,False
1767696070.33,2026-01-06 16:11:10,8,17,289,15.2%,76,NORMAL,184.0,0.0,4.4,False
1767696071.44,2026-01-06 16:11:11,7,17,289,14.9%,76,NORMAL,182.0,0.0,4.4,False
1767696072.48,2026-01-06 16:11:12,8,17,289,14.6%,76,NORMAL,182.0,0.0,4.4,False
1767696073.64,2026-01-06 16:11:13,8,17,289,14.3%,76,NORMAL,180.0,0.0,4.4,False
1767696075.61,2026-01-06 16:11:15,8,17,290,14.0%,76,NORMAL,181.0,0.0,4.4,False
1767696076.69,2026-01-06 16:11:16,9,17,291,13.9%,76,NORMAL,182.0,0.0,4.4,False
1767696077.74,2026-01-06 16:11:17,9,17,291,13.8%,76,NORMAL,181.0,0.0,4.4,False
1767696079.18,2026-01-06 16:11:19,9,17,292,13.7%,76,NORMAL,181.0,0.0,4.4,False
1767696080.34,2026-01-06 16:11:20,9,17,292,13.6%,76,NORMAL,181.0,0.0,4.4,False
1767696081.45,2026-01-06 16:11:21,10,17,292,13.6%,76,NORMAL,181.0,0.0,4.4,False
1767696082.73,2026-01-06 16:11:22,10,17,292,13.6%,76,NORMAL,181.0,0.0,4.4,False
1767696083.79,2026-01-06 16:11:23,9,17,292,13.6%,76,NORMAL,179.0,0.0,4.3,False
1767696085.31,2026-01-06 16:11:25,9,17,292,13.6%,76,NORMAL,178.0,0.0,4.3,False
1767696086.49,2026-01-06 16:11:26,7,17,292,13.5%,76,NORMAL,178.0,0.0,4.3,False
1767696087.64,2026-01-06 16:11:27,7,17,293,13.4%,76,NORMAL,179.0,0.0,4.2,False
1767696089.02,2026-01-06 16:11:29,7,17,293,13.2%,76,NORMAL,179.0,0.0,4.2,False
1767696090.04,2026-01-06 16:11:30,8,17,293,13.2%,76,NORMAL,179.0,0.0,4.2,False
1767696091.36,2026-01-06 16:11:31,9,17,293,13.2%,76,NORMAL,178.0,0.0,4.2,False
1767696092.46,2026-01-06 16:11:32,7,17,293,13.2%,76,NORMAL,175.0,0.0,4.3,False
1767696093.49,2026-01-06 16:11:33,6,17,294,13.1%,76,NORMAL,176.0,0.0,4.3,False
1767696094.63,2026-01-06 16:11:34,7,17,294,13.0%,76,NORMAL,176.0,0.0,4.4,False
1767696095.92,2026-01-06 16:11:35,8,17,296,12.9%,76,NORMAL,178.0,0.0,4.4,False
1767696097.44,2026-01-06 16:11:37,8,17,296,12.9%,76,NORMAL,178.0,0.0,4.5,False
1767696098.60,2026-01-06 16:11:38,7,17,296,12.8%,76,NORMAL,177.0,0.0,4.5,False
1767696099.78,2026-01-06 16:11:39,8,17,297,12.8%,76,NORMAL,178.0,0.0,4.5,False
1767696100.80,2026-01-06 16:11:40,8,17,297,12.7%,76,NORMAL,178.0,0.0,4.5,False
1767696102.24,2026-01-06 16:11:42,7,17,297,12.6%,76,NORMAL,177.0,0.0,4.6,False
1767696103.76,2026-01-06 16:11:43,8,17,297,12.6%,76,NORMAL,177.0,0.0,4.6,False
1767696105.03,2026-01-06 16:11:45,7,17,297,12.5%,76,NORMAL,176.0,0.0,4.6,False
1767696106.77,2026-01-06 16:11:46,7,17,297,12.4%,76,NORMAL,176.0,0.0,4.6,False
1767696108.31,2026-01-06 16:11:48,7,17,297,12.4%,76,NORMAL,176.0,0.0,4.5,False
1767696109.77,2026-01-06 16:11:49,7,17,297,12.4%,76,NORMAL,176.0,0.0,4.5,False
1767696110.83,2026-01-06 16:11:50,7,17,298,12.3%,76,NORMAL,177.0,0.0,4.5,False
1767696111.95,2026-01-06 16:11:51,7,17,298,12.3%,76,NORMAL,177.0,0.0,4.4,False
1767696113.46,2026-01-06 16:11:53,8,17,298,12.3%,76,NORMAL,177.0,0.0,4.4,False
1767696115.15,2026-01-06 16:11:55,10,17,299,12.3%,76,NORMAL,177.0,0.0,4.4,False
1767696116.51,2026-01-06 16:11:56,8,17,299,12.3%,76,NORMAL,177.0,0.0,4.4,False
1767696117.94,2026-01-06 16:11:57,9,17,299,12.3%,76,NORMAL,176.0,0.0,4.4,False
1767696119.38,2026-01-06 16:11:59,8,17,299,12.2%,76,NORMAL,176.0,0.0,4.5,False
1767696121.26,2026-01-06 16:12:01,9,17,300,12.2%,76,NORMAL,177.0,0.0,4.6,False
1767696122.38,2026-01-06 16:12:02,10,17,300,12.2%,76,NORMAL,177.0,0.0,4.6,False
1767696123.51,2026-01-06 16:12:03,9,17,301,12.2%,76,NORMAL,177.0,0.0,4.7,False
1767696124.58,2026-01-06 16:12:04,9,17,301,12.2%,76,NORMAL,177.0,0.0,4.7,False
1767696125.94,2026-01-06 16:12:05,7,17,301,12.2%,76,NORMAL,176.0,0.0,4.8,False
1767696127.38,2026-01-06 16:12:07,9,17,301,12.3%,76,NORMAL,176.0,0.0,4.8,False
1767696128.67,2026-01-06 16:12:08,9,17,301,12.4%,76,NORMAL,176.0,0.0,4.8,False
1767696130.06,2026-01-06 16:12:10,10,17,302,12.5%,76,NORMAL,176.0,0.0,4.8,False
1767696131.11,2026-01-06 16:12:11,9,17,302,12.5%,76,NORMAL,176.0,0.0,4.8,False
1767696132.30,2026-01-06 16:12:12,8,17,303,12.5%,76,NORMAL,177.0,0.0,4.8,False
1767696133.43,2026-01-06 16:12:13,9,17,303,12.7%,76,NORMAL,177.0,0.0,4.8,False
1767696134.55,2026-01-06 16:12:14,9,17,303,12.8%,76,NORMAL,177.0,0.0,4.8,False
1767696135.57,2026-01-06 16:12:15,9,17,303,12.8%,76,NORMAL,177.0,0.0,4.8,False
1767696137.14,2026-01-06 16:12:17,9,17,303,12.9%,76,NORMAL,177.0,0.0,4.8,False
1767696138.42,2026-01-06 16:12:18,10,17,303,13.0%,76,NORMAL,176.0,0.0,4.8,False
1767696139.57,2026-01-06 16:12:19,8,17,303,13.0%,76,NORMAL,176.0,0.0,4.9,False
1767696140.84,2026-01-06 16:12:20,8,17,303,13.0%,76,NORMAL,175.0,0.0,4.9,False
1767696143.28,2026-01-06 16:12:23,10,17,304,13.2%,76,NORMAL,176.0,0.0,4.9,False
1767696144.93,2026-01-06 16:12:24,12,17,306,13.4%,76,NORMAL,178.0,0.0,4.9,False
1767696146.03,2026-01-06 16:12:26,9,17,306,13.5%,76,NORMAL,178.0,0.0,5.0,False
1767696147.12,2026-01-06 16:12:27,9,17,306,13.6%,76,NORMAL,178.0,0.0,5.0,False
1767696148.17,2026-01-06 16:12:28,8,17,306,13.6%,76,NORMAL,178.0,0.0,5.0,False
1767696150.57,2026-01-06 16:12:30,9,17,307,13.7%,76,NORMAL,179.0,0.0,5.0,False
1767696152.31,2026-01-06 16:12:32,9,17,307,13.8%,76,NORMAL,179.0,0.0,4.9,False
1767696153.36,2026-01-06 16:12:33,11,17,308,14.0%,76,NORMAL,180.0,0.0,4.8,False
1767696154.51,2026-01-06 16:12:34,11,17,308,14.2%,76,NORMAL,179.0,0.0,4.7,False
1767696155.80,2026-01-06 16:12:35,9,17,309,14.1%,76,NORMAL,178.0,0.0,4.7,False
1767696157.70,2026-01-06 16:12:37,9,17,309,14.2%,76,NORMAL,178.0,0.0,4.6,False
1767696159.01,2026-01-06 16:12:39,10,17,310,14.2%,76,NORMAL,179.0,0.0,4.5,False
1767696160.48,2026-01-06 16:12:40,9,17,311,14.3%,76,NORMAL,179.0,0.0,4.4,False
1767696161.72,2026-01-06 16:12:41,9,17,311,14.3%,76,NORMAL,179.0,0.0,4.4,False
1767696163.17,2026-01-06 16:12:43,11,17,313,14.3%,76,NORMAL,181.0,0.0,4.2,False
1767696164.27,2026-01-06 16:12:44,11,17,314,14.4%,76,NORMAL,182.0,0.0,4.2,False
1767696165.39,2026-01-06 16:12:45,9,17,314,14.4%,76,NORMAL,181.0,0.0,4.1,False
1767696166.51,2026-01-06 16:12:46,11,17,314,14.6%,76,NORMAL,181.0,0.0,4.1,False
1767696167.88,2026-01-06 16:12:47,11,17,314,14.7%,76,NORMAL,180.0,0.0,4.0,False
1767696169.75,2026-01-06 16:12:49,10,17,314,14.8%,76,NORMAL,180.0,0.0,3.9,False
1767696171.34,2026-01-06 16:12:51,10,17,315,14.8%,76,NORMAL,181.0,0.0,3.9,False
1767696172.41,2026-01-06 16:12:52,10,17,315,14.8%,76,NORMAL,181.0,0.0,3.9,False
1767696174.13,2026-01-06 16:12:54,9,17,316,14.8%,76,NORMAL,180.0,0.0,3.8,False
1767696175.25,2026-01-06 16:12:55,8,17,316,14.8%,76,NORMAL,180.0,0.0,3.8,False
1767696176.34,2026-01-06 16:12:56,11,17,317,14.9%,76,NORMAL,181.0,0.0,3.8,False
1767696177.50,2026-01-06 16:12:57,8,17,318,14.8%,76,NORMAL,182.0,0.0,3.8,False
1767696178.52,2026-01-06 16:12:58,7,17,318,14.7%,76,NORMAL,182.0,0.0,3.8,False
1767696179.64,2026-01-06 16:12:59,9,17,319,14.7%,76,NORMAL,183.0,0.0,3.8,False
1767696181.47,2026-01-06 16:13:01,6,17,319,14.6%,76,NORMAL,182.0,0.0,3.8,False
1767696182.72,2026-01-06 16:13:02,9,17,321,14.6%,76,NORMAL,183.0,0.0,3.8,False
1767696184.43,2026-01-06 16:13:04,8,17,322,14.5%,76,NORMAL,184.0,0.0,3.8,False
1767696185.56,2026-01-06 16:13:05,7,17,322,14.3%,76,NORMAL,184.0,0.0,3.7,False
1767696186.76,2026-01-06 16:13:06,9,17,324,14.3%,76,NORMAL,186.0,0.0,3.7,False
1767696187.86,2026-01-06 16:13:07,9,17,325,14.3%,76,NORMAL,187.0,0.0,3.7,False
1767696189.91,2026-01-06 16:13:09,10,17,327,14.4%,76,NORMAL,189.0,0.0,3.8,False
1767696190.97,2026-01-06 16:13:10,9,17,329,14.4%,76,NORMAL,191.0,0.0,3.8,False
1767696192.03,2026-01-06 16:13:12,9,17,329,14.4%,76,NORMAL,191.0,0.0,3.8,False
1767696193.05,2026-01-06 16:13:13,10,17,329,14.4%,76,NORMAL,191.0,0.0,3.8,False
1767696194.45,2026-01-06 16:13:14,9,17,329,14.3%,76,NORMAL,190.0,0.0,3.8,False
1767696195.66,2026-01-06 16:13:15,9,17,330,14.3%,76,NORMAL,191.0,0.0,3.8,False
1767696196.72,2026-01-06 16:13:16,9,17,330,14.3%,76,NORMAL,191.0,0.0,3.9,False
1767696198.65,2026-01-06 16:13:18,8,17,330,14.2%,76,NORMAL,190.0,0.0,3.9,False
1767696199.71,2026-01-06 16:13:19,7,17,330,14.1%,76,NORMAL,190.0,0.0,4.0,False
1767696201.05,2026-01-06 16:13:21,6,17,330,13.9%,76,NORMAL,188.0,0.0,4.0,False
1767696202.13,2026-01-06 16:13:22,12,17,332,14.0%,76,NORMAL,190.0,0.0,4.0,False
1767696203.63,2026-01-06 16:13:23,10,17,332,13.9%,76,NORMAL,189.0,0.0,4.0,False
1767696205.02,2026-01-06 16:13:25,10,17,333,14.0%,76,NORMAL,189.0,0.0,4.0,False
1767696206.22,2026-01-06 16:13:26,10,17,333,13.9%,76,NORMAL,189.0,0.0,4.0,False
1767696207.41,2026-01-06 16:13:27,9,17,333,13.8%,76,NORMAL,189.0,0.0,4.0,False
1767696208.59,2026-01-06 16:13:28,11,17,335,13.9%,76,NORMAL,191.0,0.0,4.0,False
1767696209.76,2026-01-06 16:13:29,11,17,335,13.9%,76,NORMAL,191.0,0.0,4.0,False
1767696211.36,2026-01-06 16:13:31,10,17,335,13.9%,76,NORMAL,191.0,0.0,4.0,False
1767696212.50,2026-01-06 16:13:32,9,17,335,13.9%,76,NORMAL,189.0,0.0,4.0,False
1767696213.85,2026-01-06 16:13:33,11,17,336,14.1%,76,NORMAL,190.0,0.0,4.1,False
1767696215.09,2026-01-06 16:13:35,9,17,336,14.0%,76,NORMAL,190.0,0.0,4.1,False
1767696216.13,2026-01-06 16:13:36,7,17,336,13.9%,76,NORMAL,190.0,0.0,4.1,False
1767696217.26,2026-01-06 16:13:37,9,17,337,14.0%,76,NORMAL,191.0,0.0,4.1,False
1767696218.30,2026-01-06 16:13:38,8,17,337,14.0%,76,NORMAL,190.0,0.0,4.1,False
1767696219.34,2026-01-06 16:13:39,8,17,338,14.1%,76,NORMAL,191.0,0.0,4.1,False
1767696220.35,2026-01-06 16:13:40,10,17,338,14.1%,76,NORMAL,191.0,0.0,4.2,False
1767696221.94,2026-01-06 16:13:41,11,17,338,14.3%,76,NORMAL,191.0,0.0,4.2,False
1767696223.28,2026-01-06 16:13:43,9,17,338,14.4%,76,NORMAL,191.0,0.0,4.2,False
1767696224.49,2026-01-06 16:13:44,9,17,338,14.4%,76,NORMAL,191.0,0.0,4.2,False
1767696226.13,2026-01-06 16:13:46,9,17,339,14.4%,76,NORMAL,192.0,0.0,4.2,False
1767696227.28,2026-01-06 16:13:47,10,17,340,14.4%,76,NORMAL,193.0,0.0,4.1,False
1767696228.66,2026-01-06 16:13:48,10,17,340,14.4%,76,NORMAL,193.0,0.0,4.1,False
1767696229.74,2026-01-06 16:13:49,8,17,341,14.4%,76,NORMAL,194.0,0.0,4.2,False
1767696231.58,2026-01-06 16:13:51,10,17,343,14.4%,76,NORMAL,195.0,0.0,4.2,False
1767696233.10,2026-01-06 16:13:53,9,17,343,14.4%,76,NORMAL,195.0,0.0,4.2,False
1767696234.73,2026-01-06 16:13:54,9,17,343,14.4%,76,NORMAL,195.0,0.0,4.2,False
1767696235.84,2026-01-06 16:13:55,10,17,343,14.4%,76,NORMAL,195.0,0.0,4.1,False
1767696237.79,2026-01-06 16:13:57,9,17,343,14.5%,76,NORMAL,195.0,0.0,4.1,False
1767696238.85,2026-01-06 16:13:58,9,17,343,14.6%,76,NORMAL,195.0,0.0,4.1,False
1767696239.93,2026-01-06 16:13:59,9,17,344,14.7%,76,NORMAL,195.0,0.0,4.1,False
1767696241.17,2026-01-06 16:14:01,9,17,344,14.6%,76,NORMAL,195.0,0.0,4.1,False
1767696242.28,2026-01-06 16:14:02,10,17,344,14.6%,76,NORMAL,195.0,0.0,4.0,False
1767696243.65,2026-01-06 16:14:03,10,17,345,14.6%,76,NORMAL,196.0,0.0,4.0,False
1767696245.06,2026-01-06 16:14:05,10,17,345,14.6%,76,NORMAL,196.0,0.0,4.0,False
1767696246.09,2026-01-06 16:14:06,10,17,345,14.6%,76,NORMAL,196.0,0.0,4.0,False
1767696247.30,2026-01-06 16:14:07,11,17,346,14.6%,76,NORMAL,197.0,0.0,4.0,False
1767696248.57,2026-01-06 16:14:08,10,17,346,14.6%,76,NORMAL,197.0,0.0,4.0,False
1767696249.83,2026-01-06 16:14:09,9,17,346,14.5%,76,NORMAL,197.0,0.0,4.0,False
1767696251.30,2026-01-06 16:14:11,9,17,347,14.5%,76,NORMAL,198.0,0.0,4.0,False
1767696252.34,2026-01-06 16:14:12,11,17,347,14.5%,76,NORMAL,198.0,0.0,4.1,False
1767696253.47,2026-01-06 16:14:13,8,17,347,14.5%,76,NORMAL,198.0,0.0,4.1,False
1767696254.57,2026-01-06 16:14:14,8,17,347,14.5%,76,NORMAL,198.0,0.0,4.1,False
1767696255.82,2026-01-06 16:14:15,7,17,347,14.4%,76,NORMAL,198.0,0.0,4.1,False
1767696257.01,2026-01-06 16:14:17,7,17,347,14.4%,76,NORMAL,198.0,0.0,4.1,False
1767696258.05,2026-01-06 16:14:18,7,17,347,14.3%,76,NORMAL,198.0,0.0,4.1,False
1767696259.16,2026-01-06 16:14:19,6,17,348,14.1%,76,NORMAL,199.0,0.0,4.1,False
1767696260.34,2026-01-06 16:14:20,5,17,348,13.8%,76,NORMAL,199.0,0.0,4.0,False
1767696262.43,2026-01-06 16:14:22,8,17,349,13.8%,76,NORMAL,200.0,0.0,4.0,False
1767696263.60,2026-01-06 16:14:23,9,17,349,13.8%,76,NORMAL,200.0,0.0,4.1,False
1767696264.82,2026-01-06 16:14:24,9,17,349,13.8%,76,NORMAL,200.0,0.0,4.1,False
1767696266.31,2026-01-06 16:14:26,9,17,350,13.7%,76,NORMAL,201.0,0.0,4.1,False
1767696267.75,2026-01-06 16:14:27,9,17,350,13.7%,76,NORMAL,201.0,0.0,4.1,False
1767696268.99,2026-01-06 16:14:28,11,17,351,13.8%,76,NORMAL,202.0,0.0,4.1,False
1767696270.56,2026-01-06 16:14:30,10,17,351,13.8%,76,NORMAL,202.0,0.0,4.0,False
1767696271.68,2026-01-06 16:14:31,11,17,352,13.9%,76,NORMAL,203.0,0.0,4.0,False
1767696272.75,2026-01-06 16:14:32,12,17,352,14.1%,76,NORMAL,203.0,0.0,4.0,False
1767696273.95,2026-01-06 16:14:33,12,17,352,14.1%,76,NORMAL,203.0,0.0,4.0,False
1767696275.84,2026-01-06 16:14:35,11,17,352,14.2%,76,NORMAL,202.0,0.0,4.0,False
1767696276.90,2026-01-06 16:14:36,9,17,352,14.2%,76,NORMAL,202.0,0.0,4.0,False
1767696278.42,2026-01-06 16:14:38,8,17,352,14.2%,76,NORMAL,202.0,0.0,4.0,False
1767696279.51,2026-01-06 16:14:39,9,17,352,14.2%,76,NORMAL,202.0,0.0,4.0,False
1767696281.21,2026-01-06 16:14:41,8,17,352,14.1%,76,NORMAL,202.0,0.0,4.0,False
1767696282.91,2026-01-06 16:14:42,9,17,353,14.0%,76,NORMAL,203.0,0.0,4.0,False
1767696284.12,2026-01-06 16:14:44,11,17,353,14.1%,76,NORMAL,203.0,0.0,4.0,False
1767696285.22,2026-01-06 16:14:45,11,17,354,14.1%,76,NORMAL,204.0,0.0,4.0,False
1767696286.52,2026-01-06 16:14:46,11,17,354,14.1%,76,NORMAL,203.0,0.0,4.0,False
1767696287.71,2026-01-06 16:14:47,11,17,354,14.2%,76,NORMAL,203.0,0.0,4.0,False
1767696289.09,2026-01-06 16:14:49,11,17,355,14.3%,76,NORMAL,204.0,0.0,4.0,False
1767696290.42,2026-01-06 16:14:50,10,17,355,14.3%,76,NORMAL,203.0,0.0,4.0,False
1767696291.65,2026-01-06 16:14:51,9,17,355,14.2%,76,NORMAL,203.0,0.0,4.0,False
1767696293.22,2026-01-06 16:14:53,9,17,356,14.3%,76,NORMAL,203.0,0.0,4.0,False
1767696295.10,2026-01-06 16:14:55,9,17,356,14.3%,76,NORMAL,203.0,0.0,4.0,False
1767696296.35,2026-01-06 16:14:56,8,17,356,14.4%,76,NORMAL,203.0,0.0,4.0,False
1767696297.57,2026-01-06 16:14:57,9,17,357,14.5%,76,NORMAL,204.0,0.0,4.0,False
1767696299.20,2026-01-06 16:14:59,7,17,357,14.5%,76,NORMAL,204.0,0.0,4.0,False
1767696300.30,2026-01-06 16:15:00,7,17,358,14.5%,76,NORMAL,205.0,0.0,4.0,False
1767696301.68,2026-01-06 16:15:01,9,17,358,14.7%,76,NORMAL,205.0,0.0,4.0,False
1767696302.87,2026-01-06 16:15:02,7,17,358,14.7%,76,NORMAL,204.0,0.0,4.0,False
1767696303.97,2026-01-06 16:15:03,8,17,358,14.6%,76,NORMAL,204.0,0.0,4.0,False
1767696305.30,2026-01-06 16:15:05,7,17,358,14.5%,76,NORMAL,204.0,0.0,4.0,False
1767696306.40,2026-01-06 16:15:06,7,17,358,14.4%,76,NORMAL,204.0,0.0,4.0,False
1767696307.59,2026-01-06 16:15:07,8,17,360,14.4%,76,NORMAL,206.0,0.0,4.0,False
1767696309.13,2026-01-06 16:15:09,8,17,360,14.2%,76,NORMAL,205.0,0.0,4.1,False
1767696310.37,2026-01-06 16:15:10,8,17,360,14.2%,76,NORMAL,205.0,0.0,4.1,False
1767696311.54,2026-01-06 16:15:11,9,17,361,14.1%,76,NORMAL,206.0,0.0,4.1,False
1767696312.61,2026-01-06 16:15:12,10,17,361,14.0%,76,NORMAL,205.0,0.0,4.1,False
1767696313.62,2026-01-06 16:15:13,10,17,361,13.9%,76,NORMAL,205.0,0.0,4.1,False
1767696314.86,2026-01-06 16:15:14,11,17,362,13.9%,76,NORMAL,206.0,0.0,4.2,False
1767696316.62,2026-01-06 16:15:16,11,17,364,14.0%,76,NORMAL,208.0,0.0,4.2,False
1767696317.82,2026-01-06 16:15:17,10,17,364,14.1%,76,NORMAL,208.0,0.0,4.2,False
1767696318.94,2026-01-06 16:15:18,11,17,364,14.2%,76,NORMAL,207.0,0.0,4.2,False
1767696320.17,2026-01-06 16:15:20,10,17,364,14.3%,76,NORMAL,207.0,0.0,4.2,False
1767696321.73,2026-01-06 16:15:21,11,17,364,14.3%,76,NORMAL,206.0,0.0,4.3,False
1767696322.77,2026-01-06 16:15:22,11,17,364,14.3%,76,NORMAL,206.0,0.0,4.3,False
1767696324.56,2026-01-06 16:15:24,10,17,364,14.3%,76,NORMAL,206.0,0.0,4.3,False
1767696326.21,2026-01-06 16:15:26,9,17,364,14.2%,76,NORMAL,206.0,0.0,4.3,False
1767696327.38,2026-01-06 16:15:27,10,17,364,14.2%,76,NORMAL,206.0,0.0,4.3,False
1767696328.66,2026-01-06 16:15:28,11,17,364,14.2%,76,NORMAL,205.0,0.0,4.3,False
1767696329.67,2026-01-06 16:15:29,9,17,365,14.1%,76,NORMAL,206.0,0.0,4.3,False
1767696331.11,2026-01-06 16:15:31,10,17,365,14.2%,76,NORMAL,206.0,0.0,4.3,False
1767696332.56,2026-01-06 16:15:32,12,17,366,14.3%,76,NORMAL,207.0,0.0,4.2,False
1767696333.70,2026-01-06 16:15:33,12,17,366,14.4%,76,NORMAL,207.0,0.0,4.2,False
1767696334.71,2026-01-06 16:15:34,12,17,367,14.6%,76,NORMAL,207.0,0.0,4.2,False
1767696335.91,2026-01-06 16:15:35,11,17,367,14.7%,76,NORMAL,207.0,0.0,4.2,False
1767696337.02,2026-01-06 16:15:37,9,17,367,14.8%,76,NORMAL,206.0,0.0,4.2,False
1767696338.32,2026-01-06 16:15:38,8,17,367,14.9%,76,NORMAL,206.0,0.0,4.2,False
1767696339.59,2026-01-06 16:15:39,12,17,370,15.0%,76,NORMAL,207.0,0.0,4.1,False
1767696340.90,2026-01-06 16:15:40,10,17,370,15.2%,76,NORMAL,207.0,0.0,4.1,False
1767696342.41,2026-01-06 16:15:42,10,17,370,15.3%,76,NORMAL,205.0,0.0,4.0,False
1767696344.50,2026-01-06 16:15:44,10,17,370,15.4%,76,NORMAL,205.0,0.0,4.0,False
1767696345.96,2026-01-06 16:15:45,11,17,371,15.6%,76,NORMAL,206.0,0.0,3.9,False
1767696347.15,2026-01-06 16:15:47,12,17,372,15.8%,76,NORMAL,207.0,0.0,3.9,False
1767696348.66,2026-01-06 16:15:48,11,17,373,16.0%,76,NORMAL,207.0,0.0,3.9,False
1767696349.72,2026-01-06 16:15:49,10,17,373,16.1%,76,NORMAL,207.0,0.0,3.9,False
1767696351.26,2026-01-06 16:15:51,11,17,373,16.2%,76,NORMAL,207.0,0.0,3.9,False
1767696352.44,2026-01-06 16:15:52,10,17,373,16.2%,76,NORMAL,207.0,0.0,3.9,False
1767696353.51,2026-01-06 16:15:53,10,17,374,16.2%,76,NORMAL,208.0,0.0,3.9,False
1767696354.68,2026-01-06 16:15:54,11,17,375,16.2%,76,NORMAL,209.0,0.0,3.9,False
1767696356.19,2026-01-06 16:15:56,11,17,375,16.2%,76,NORMAL,209.0,0.0,3.8,False
1767696357.27,2026-01-06 16:15:57,12,17,376,16.3%,76,NORMAL,210.0,0.0,3.8,False
1767696358.39,2026-01-06 16:15:58,11,17,376,16.3%,76,NORMAL,210.0,0.0,3.8,False
1767696360.31,2026-01-06 16:16:00,12,17,376,16.4%,76,NORMAL,210.0,0.0,3.8,False
1767696361.92,2026-01-06 16:16:01,11,17,376,16.4%,76,NORMAL,210.0,0.0,3.7,False
1767696362.96,2026-01-06 16:16:02,9,17,376,16.3%,76,NORMAL,210.0,0.0,3.7,False
1767696364.85,2026-01-06 16:16:04,10,17,377,16.3%,76,NORMAL,211.0,0.0,3.7,False
1767696366.27,2026-01-06 16:16:06,10,17,377,16.3%,76,NORMAL,211.0,0.0,3.7,False
1767696367.47,2026-01-06 16:16:07,11,17,378,16.4%,76,NORMAL,212.0,0.0,3.6,False
1767696368.98,2026-01-06 16:16:08,11,17,379,16.4%,76,NORMAL,213.0,0.0,3.6,False
1767696370.63,2026-01-06 16:16:10,11,17,379,16.5%,76,NORMAL,213.0,0.0,3.6,False
1767696372.25,2026-01-06 16:16:12,11,17,379,16.5%,76,NORMAL,212.0,0.0,3.5,False
1767696373.42,2026-01-06 16:16:13,12,17,379,16.5%,76,NORMAL,212.0,0.0,3.5,False
1767696375.03,2026-01-06 16:16:15,12,17,380,16.5%,76,NORMAL,213.0,0.0,3.5,False
1767696376.63,2026-01-06 16:16:16,12,17,380,16.5%,76,NORMAL,213.0,0.0,3.4,False
1767696377.81,2026-01-06 16:16:17,13,17,381,16.6%,76,NORMAL,214.0,0.0,3.4,False
1767696379.03,2026-01-06 16:16:19,11,17,381,16.7%,76,NORMAL,213.0,0.0,3.4,False
1767696380.58,2026-01-06 16:16:20,13,17,381,16.9%,76,NORMAL,212.0,0.0,3.4,False
1767696381.69,2026-01-06 16:16:21,11,17,381,16.9%,76,NORMAL,212.0,0.0,3.4,False
1767696382.86,2026-01-06 16:16:22,10,17,381,16.9%,76,NORMAL,211.0,0.0,3.5,False
1767696384.20,2026-01-06 16:16:24,10,17,381,16.9%,76,NORMAL,210.0,0.0,3.5,False
1767696385.53,2026-01-06 16:16:25,10,17,382,16.9%,76,NORMAL,211.0,0.0,3.6,False
1767696386.63,2026-01-06 16:16:26,11,17,382,16.9%,76,NORMAL,211.0,0.0,3.6,False
1767696388.18,2026-01-06 16:16:28,10,17,383,16.8%,76,NORMAL,211.0,0.0,3.7,False
1767696389.59,2026-01-06 16:16:29,11,17,383,16.8%,76,NORMAL,210.0,0.0,3.8,False
1767696390.65,2026-01-06 16:16:30,11,17,383,16.8%,76,NORMAL,209.0,0.0,3.8,False
1767696391.80,2026-01-06 16:16:31,9,17,383,16.7%,76,NORMAL,209.0,0.0,3.8,False
1767696393.06,2026-01-06 16:16:33,9,17,383,16.7%,76,NORMAL,208.0,0.0,3.9,False
1767696394.18,2026-01-06 16:16:34,7,17,383,16.5%,76,NORMAL,208.0,0.0,3.9,False
1767696395.30,2026-01-06 16:16:35,6,17,383,16.3%,76,NORMAL,208.0,0.0,3.9,False
1767696397.00,2026-01-06 16:16:36,9,17,383,16.2%,76,NORMAL,207.0,0.0,3.9,False
1767696398.05,2026-01-06 16:16:38,3,17,383,15.7%,76,NORMAL,206.0,0.0,3.9,False
1767696399.40,2026-01-06 16:16:39,4,17,383,15.4%,76,NORMAL,206.0,0.0,4.0,False
1767696400.54,2026-01-06 16:16:40,4,17,384,15.0%,76,NORMAL,207.0,0.0,4.0,False
1767696401.74,2026-01-06 16:16:41,3,17,385,14.6%,76,NORMAL,207.0,0.0,4.0,False
1767696402.88,2026-01-06 16:16:42,7,17,387,14.5%,76,NORMAL,209.0,0.0,4.1,False
1767696404.20,2026-01-06 16:16:44,9,17,388,14.4%,76,NORMAL,210.0,0.0,4.1,False
1767696405.46,2026-01-06 16:16:45,7,17,388,14.3%,76,NORMAL,210.0,0.0,4.2,False
1767696407.36,2026-01-06 16:16:47,8,17,390,14.2%,76,NORMAL,212.0,0.0,4.2,False
1767696408.64,2026-01-06 16:16:48,9,17,392,14.1%,76,NORMAL,214.0,0.0,4.3,False
1767696410.55,2026-01-06 16:16:50,12,17,393,14.1%,76,NORMAL,215.0,0.0,4.3,False
1767696412.17,2026-01-06 16:16:52,11,17,393,14.1%,76,NORMAL,214.0,0.0,4.4,False
1767696413.30,2026-01-06 16:16:53,9,17,393,14.0%,76,NORMAL,214.0,0.0,4.4,False
1767696415.11,2026-01-06 16:16:55,10,17,395,13.9%,76,NORMAL,214.0,0.0,4.5,False
1767696416.40,2026-01-06 16:16:56,11,17,395,13.8%,76,NORMAL,211.0,0.0,4.5,False
1767696417.60,2026-01-06 16:16:57,11,17,396,13.7%,76,NORMAL,212.0,0.0,4.5,False
1767696418.76,2026-01-06 16:16:58,11,17,396,13.7%,76,NORMAL,212.0,0.0,4.5,False
1767696420.94,2026-01-06 16:17:00,10,17,396,13.6%,76,NORMAL,212.0,0.0,4.5,False
1767696422.14,2026-01-06 16:17:02,10,17,396,13.5%,76,NORMAL,211.0,0.0,4.5,False
1767696423.19,2026-01-06 16:17:03,10,17,396,13.5%,76,NORMAL,211.0,0.0,4.5,False
1767696424.96,2026-01-06 16:17:04,10,17,396,13.5%,76,NORMAL,209.0,0.0,4.4,False
1767696426.11,2026-01-06 16:17:06,10,17,396,13.5%,76,NORMAL,209.0,0.0,4.4,False
1767696427.91,2026-01-06 16:17:07,10,17,397,13.5%,76,NORMAL,210.0,0.0,4.4,False
1767696429.41,2026-01-06 16:17:09,9,17,398,13.4%,76,NORMAL,211.0,0.0,4.3,False
1767696431.89,2026-01-06 16:17:11,9,17,399,13.3%,76,NORMAL,212.0,0.0,4.2,False
1767696433.03,2026-01-06 16:17:13,9,17,399,13.2%,76,NORMAL,212.0,0.0,4.2,False
1767696434.45,2026-01-06 16:17:14,9,17,399,13.2%,76,NORMAL,212.0,0.0,4.1,False
1767696436.59,2026-01-06 16:17:16,10,17,400,13.3%,76,NORMAL,213.0,0.0,4.1,False
1767696437.96,2026-01-06 16:17:17,10,17,400,13.4%,76,NORMAL,213.0,0.0,4.1,False
1767696439.39,2026-01-06 16:17:19,11,17,401,13.7%,76,NORMAL,214.0,0.0,4.1,False
1767696440.48,2026-01-06 16:17:20,10,17,401,13.7%,76,NORMAL,214.0,0.0,4.0,False
1767696441.50,2026-01-06 16:17:21,11,17,401,14.1%,76,NORMAL,213.0,0.0,4.0,False
1767696442.67,2026-01-06 16:17:22,12,17,402,14.5%,76,NORMAL,213.0,0.0,4.0,False
1767696444.10,2026-01-06 16:17:24,11,17,402,14.9%,76,NORMAL,213.0,0.0,4.0,False
1767696445.75,2026-01-06 16:17:25,11,17,404,15.3%,76,NORMAL,215.0,0.0,4.0,False
1767696446.98,2026-01-06 16:17:26,11,17,405,15.5%,76,NORMAL,216.0,0.0,3.9,False
1767696448.36,2026-01-06 16:17:28,13,17,407,15.7%,76,NORMAL,218.0,0.0,3.9,False
1767696449.66,2026-01-06 16:17:29,10,17,407,15.8%,76,NORMAL,216.0,0.0,3.9,False
1767696450.81,2026-01-06 16:17:30,10,17,407,15.9%,76,NORMAL,216.0,0.0,3.9,False
1767696452.04,2026-01-06 16:17:32,11,17,407,16.0%,76,NORMAL,216.0,0.0,3.9,False
1767696453.54,2026-01-06 16:17:33,12,17,407,16.0%,76,NORMAL,216.0,0.0,3.9,False
1767696454.57,2026-01-06 16:17:34,11,17,407,16.0%,76,NORMAL,215.0,0.0,3.8,False
1767696455.96,2026-01-06 16:17:35,10,17,407,16.1%,76,NORMAL,215.0,0.0,3.8,False
1767696457.72,2026-01-06 16:17:37,10,17,407,16.1%,76,NORMAL,214.0,0.0,3.8,False
1767696458.85,2026-01-06 16:17:38,10,17,407,16.0%,76,NORMAL,214.0,0.0,3.8,False
1767696460.27,2026-01-06 16:17:40,11,17,409,16.0%,76,NORMAL,216.0,0.0,3.7,False
1767696461.81,2026-01-06 16:17:41,11,17,409,16.0%,76,NORMAL,215.0,0.0,3.7,False
1767696463.24,2026-01-06 16:17:43,10,17,409,16.0%,76,NORMAL,215.0,0.0,3.7,False
1767696464.75,2026-01-06 16:17:44,9,17,409,16.0%,76,NORMAL,215.0,0.0,3.8,False
1767696465.98,2026-01-06 16:17:45,10,17,410,16.0%,76,NORMAL,215.0,0.0,3.8,False
1767696467.20,2026-01-06 16:17:47,10,17,410,16.0%,76,NORMAL,215.0,0.0,3.8,False
1767696468.48,2026-01-06 16:17:48,12,17,411,16.1%,76,NORMAL,215.0,0.0,3.9,False
1767696469.58,2026-01-06 16:17:49,12,17,411,16.2%,76,NORMAL,215.0,0.0,3.9,False
1767696471.06,2026-01-06 16:17:51,10,17,412,16.2%,76,NORMAL,215.0,0.0,3.9,False
1767696472.75,2026-01-06 16:17:52,10,17,413,16.3%,76,NORMAL,216.0,0.0,3.9,False
1767696474.20,2026-01-06 16:17:54,10,17,413,16.3%,76,NORMAL,215.0,0.0,4.0,False
1767696475.48,2026-01-06 16:17:55,11,17,414,16.4%,76,NORMAL,216.0,0.0,3.9,False
1767696476.97,2026-01-06 16:17:56,12,17,414,16.5%,76,NORMAL,216.0,0.0,3.9,False
1767696478.83,2026-01-06 16:17:58,15,17,415,16.7%,76,NORMAL,217.0,0.0,3.9,False
1767696481.19,2026-01-06 16:18:01,15,17,415,16.9%,76,NORMAL,216.0,0.0,3.9,False
1767696482.65,2026-01-06 16:18:02,15,17,418,17.2%,76,NORMAL,219.0,0.0,4.0,False
1767696484.35,2026-01-06 16:18:04,14,17,418,17.3%,76,NORMAL,219.0,0.0,4.0,False
1767696485.55,2026-01-06 16:18:05,14,17,418,17.4%,76,NORMAL,219.0,0.0,4.0,False
1767696486.63,2026-01-06 16:18:06,14,17,418,17.5%,76,NORMAL,219.0,0.0,4.0,False
1767696488.38,2026-01-06 16:18:08,15,17,419,17.7%,76,NORMAL,220.0,0.0,4.0,False
1767696489.73,2026-01-06 16:18:09,15,17,419,17.9%,76,NORMAL,218.0,0.0,4.0,False
1767696490.81,2026-01-06 16:18:10,14,17,419,18.0%,76,NORMAL,217.0,0.0,4.0,False
1767696492.42,2026-01-06 16:18:12,13,17,419,18.1%,76,NORMAL,216.0,0.0,4.0,False
1767696493.49,2026-01-06 16:18:13,13,17,419,18.2%,76,NORMAL,216.0,0.0,4.0,False
1767696494.75,2026-01-06 16:18:14,16,17,420,18.5%,76,NORMAL,216.0,0.0,4.0,False
1767696496.09,2026-01-06 16:18:16,16,17,420,18.7%,76,NORMAL,216.0,0.0,4.0,False
1767696497.25,2026-01-06 16:18:17,15,17,420,18.9%,76,NORMAL,216.0,0.0,4.0,False
1767696499.92,2026-01-06 16:18:19,15,17,420,19.1%,76,NORMAL,216.0,0.0,4.0,False
1767696501.56,2026-01-06 16:18:21,15,17,420,19.3%,76,NORMAL,213.0,0.0,4.0,False
1767696502.92,2026-01-06 16:18:22,15,17,420,19.6%,76,NORMAL,213.0,0.0,4.0,False
1767696504.17,2026-01-06 16:18:24,15,17,420,19.7%,76,NORMAL,212.0,0.0,4.0,False
1767696506.22,2026-01-06 16:18:26,16,17,421,20.0%,76,NORMAL,213.0,0.0,3.9,False
1767696507.93,2026-01-06 16:18:27,14,17,421,20.2%,76,NORMAL,212.0,0.0,3.9,False
1767696509.24,2026-01-06 16:18:29,14,17,421,20.4%,76,NORMAL,212.0,0.0,3.9,False
1767696510.49,2026-01-06 16:18:30,15,17,421,20.6%,76,NORMAL,212.0,0.0,3.9,False
1767696512.70,2026-01-06 16:18:32,16,17,424,20.9%,76,NORMAL,214.0,0.0,3.8,False
1767696514.04,2026-01-06 16:18:34,17,17,424,21.2%,76,NORMAL,213.0,0.0,3.8,False
1767696515.62,2026-01-06 16:18:35,16,17,424,21.3%,76,NORMAL,212.0,0.0,3.7,False
1767696516.89,2026-01-06 16:18:36,17,18,425,21.7%,76,NORMAL,213.0,0.0,3.7,False
1767696518.11,2026-01-06 16:18:38,16,18,425,21.9%,76,NORMAL,213.0,0.0,3.7,False
1767696519.24,2026-01-06 16:18:39,17,18,425,22.3%,76,NORMAL,212.0,0.0,3.6,False
1767696521.13,2026-01-06 16:18:41,15,18,425,22.5%,76,NORMAL,212.0,0.0,3.6,False
1767696523.20,2026-01-06 16:18:43,15,18,425,22.6%,76,NORMAL,212.0,0.0,3.6,False
1767696524.46,2026-01-06 16:18:44,15,18,426,22.6%,76,NORMAL,212.0,0.0,3.6,False
1767696526.19,2026-01-06 16:18:46,14,18,426,22.6%,76,NORMAL,212.0,0.0,3.6,False
1767696527.26,2026-01-06 16:18:47,10,18,426,22.3%,76,NORMAL,212.0,0.0,3.6,False
1767696528.34,2026-01-06 16:18:48,12,18,426,22.2%,76,NORMAL,212.0,0.0,3.6,False
1767696530.34,2026-01-06 16:18:50,11,18,426,22.1%,76,NORMAL,212.0,0.0,3.6,False
1767696531.56,2026-01-06 16:18:51,13,18,428,22.0%,76,NORMAL,213.0,0.0,3.7,False
1767696532.99,2026-01-06 16:18:52,14,18,429,22.0%,76,NORMAL,214.0,0.0,3.7,False
1767696534.88,2026-01-06 16:18:54,13,18,429,21.9%,76,NORMAL,213.0,0.0,3.7,False
1767696535.95,2026-01-06 16:18:55,12,18,429,21.8%,76,NORMAL,212.0,0.0,3.7,False
1767696537.29,2026-01-06 16:18:57,14,18,431,21.9%,76,NORMAL,214.0,0.0,3.8,False
1767696539.05,2026-01-06 16:18:59,14,18,431,21.9%,76,NORMAL,213.0,0.0,3.8,False
1767696540.08,2026-01-06 16:19:00,13,18,431,21.8%,76,NORMAL,210.0,0.0,3.8,False
1767696541.40,2026-01-06 16:19:01,13,18,431,21.6%,76,NORMAL,210.0,0.0,3.8,False
1767696542.96,2026-01-06 16:19:02,13,18,431,21.5%,76,NORMAL,210.0,0.0,3.9,False
1767696544.03,2026-01-06 16:19:04,12,18,431,21.4%,76,NORMAL,210.0,0.0,3.9,False
1767696545.50,2026-01-06 16:19:05,11,18,431,21.2%,76,NORMAL,209.0,0.0,3.9,False
1767696546.59,2026-01-06 16:19:06,12,18,431,21.1%,76,NORMAL,208.0,0.0,3.9,False
1767696547.86,2026-01-06 16:19:07,11,18,431,20.9%,76,NORMAL,208.0,0.0,4.0,False
1767696549.04,2026-01-06 16:19:09,11,18,432,20.6%,76,NORMAL,208.0,0.0,4.0,False
1767696550.06,2026-01-06 16:19:10,12,18,432,20.5%,76,NORMAL,208.0,0.0,4.0,False
1767696551.73,2026-01-06 16:19:11,11,18,432,20.4%,76,NORMAL,208.0,0.0,4.0,False
1767696553.05,2026-01-06 16:19:13,10,18,432,20.2%,76,NORMAL,208.0,0.0,4.0,False
1767696554.31,2026-01-06 16:19:14,9,18,432,19.8%,76,NORMAL,207.0,0.0,4.0,False
1767696555.93,2026-01-06 16:19:15,10,18,432,19.5%,76,NORMAL,205.0,0.0,4.1,False
1767696558.39,2026-01-06 16:19:18,10,18,432,19.2%,76,NORMAL,203.0,0.0,4.1,False
1767696559.52,2026-01-06 16:19:19,10,18,432,18.9%,76,NORMAL,202.0,0.0,4.1,False
1767696560.88,2026-01-06 16:19:20,10,18,432,18.6%,76,NORMAL,202.0,0.0,4.1,False
1767696562.02,2026-01-06 16:19:22,11,18,433,18.3%,76,NORMAL,203.0,0.0,4.1,False
1767696563.38,2026-01-06 16:19:23,10,18,433,18.1%,76,NORMAL,203.0,0.0,4.1,False
1767696564.43,2026-01-06 16:19:24,12,18,434,18.0%,76,NORMAL,203.0,0.0,4.1,False
1767696565.46,2026-01-06 16:19:25,11,18,434,17.8%,76,NORMAL,203.0,0.0,4.1,False
1767696566.67,2026-01-06 16:19:26,11,18,434,17.6%,76,NORMAL,202.0,0.0,4.1,False
1767696567.68,2026-01-06 16:19:27,11,18,434,17.7%,76,NORMAL,202.0,0.0,4.1,False
1767696568.74,2026-01-06 16:19:28,11,18,434,17.6%,76,NORMAL,202.0,0.0,4.1,False
1767696570.93,2026-01-06 16:19:30,12,18,435,17.7%,76,NORMAL,202.0,0.0,4.0,False
1767696571.97,2026-01-06 16:19:31,13,18,435,17.7%,76,NORMAL,202.0,0.0,4.0,False
1767696573.75,2026-01-06 16:19:33,13,18,436,17.6%,76,NORMAL,203.0,0.0,4.0,False
1767696574.96,2026-01-06 16:19:34,11,18,436,17.5%,76,NORMAL,203.0,0.0,4.0,False
1767696576.38,2026-01-06 16:19:36,11,18,436,17.5%,76,NORMAL,203.0,0.0,3.9,False
1767696578.71,2026-01-06 16:19:38,10,18,436,17.3%,76,NORMAL,203.0,0.0,3.9,False
1767696579.99,2026-01-06 16:19:39,10,18,436,17.1%,76,NORMAL,202.0,0.0,3.8,False
1767696581.06,2026-01-06 16:19:41,10,18,436,17.0%,76,NORMAL,202.0,0.0,3.8,False
1767696582.18,2026-01-06 16:19:42,10,18,436,16.8%,76,NORMAL,202.0,0.0,3.8,False
1767696583.57,2026-01-06 16:19:43,10,18,436,16.7%,76,NORMAL,202.0,0.0,3.8,False
1767696584.90,2026-01-06 16:19:44,10,18,436,16.6%,76,NORMAL,202.0,0.0,3.7,False
1767696586.31,2026-01-06 16:19:46,10,18,436,16.5%,76,NORMAL,201.0,0.0,3.7,False
1767696587.89,2026-01-06 16:19:47,10,18,436,16.5%,76,NORMAL,201.0,0.0,3.8,False
1767696589.10,2026-01-06 16:19:49,10,18,436,16.4%,76,NORMAL,200.0,0.0,3.8,False
1767696590.15,2026-01-06 16:19:50,9,18,436,16.3%,76,NORMAL,200.0,0.0,3.8,False
1767696591.33,2026-01-06 16:19:51,9,18,436,16.2%,76,NORMAL,199.0,0.0,3.8,False
1767696592.42,2026-01-06 16:19:52,9,18,436,16.1%,76,NORMAL,198.0,0.0,3.9,False
1767696593.61,2026-01-06 16:19:53,10,18,437,16.1%,76,NORMAL,199.0,0.0,3.9,False
1767696595.09,2026-01-06 16:19:55,10,18,437,16.1%,76,NORMAL,199.0,0.0,3.9,False
1767696596.51,2026-01-06 16:19:56,9,18,437,16.1%,76,NORMAL,198.0,0.0,4.0,False
1767696597.75,2026-01-06 16:19:57,8,18,437,16.0%,76,NORMAL,197.0,0.0,4.0,False
1767696598.92,2026-01-06 16:19:58,8,18,438,15.9%,76,NORMAL,198.0,0.0,4.0,False
1767696600.17,2026-01-06 16:20:00,9,18,438,15.8%,76,NORMAL,198.0,0.0,4.0,False
1767696601.19,2026-01-06 16:20:01,9,18,438,15.7%,76,NORMAL,198.0,0.0,4.0,False
1767696602.44,2026-01-06 16:20:02,9,18,438,15.7%,76,NORMAL,198.0,0.0,4.0,False
1767696603.46,2026-01-06 16:20:03,9,18,438,15.5%,76,NORMAL,198.0,0.0,4.0,False
1767696604.64,2026-01-06 16:20:04,9,18,438,15.4%,76,NORMAL,198.0,0.0,4.0,False
1767696605.97,2026-01-06 16:20:05,9,18,438,15.3%,76,NORMAL,197.0,0.0,4.0,False
1767696607.17,2026-01-06 16:20:07,9,18,438,15.2%,76,NORMAL,197.0,0.0,4.0,False
1767696609.06,2026-01-06 16:20:09,9,18,439,15.1%,76,NORMAL,198.0,0.0,4.1,False
1767696610.94,2026-01-06 16:20:10,10,18,440,15.0%,76,NORMAL,198.0,0.0,4.1,False
1767696612.47,2026-01-06 16:20:12,10,18,440,14.9%,76,NORMAL,198.0,0.0,4.1,False
1767696613.86,2026-01-06 16:20:13,10,18,440,14.8%,76,NORMAL,198.0,0.0,4.1,False
1767696615.14,2026-01-06 16:20:15,10,18,440,14.7%,76,NORMAL,198.0,0.0,4.1,False
1767696616.24,2026-01-06 16:20:16,9,18,440,14.6%,76,NORMAL,198.0,0.0,4.1,False
1767696617.45,2026-01-06 16:20:17,9,18,440,14.6%,76,NORMAL,198.0,0.0,4.1,False
1767696618.59,2026-01-06 16:20:18,9,18,441,14.5%,76,NORMAL,199.0,0.0,4.0,False
1767696619.79,2026-01-06 16:20:19,9,18,441,14.5%,76,NORMAL,199.0,0.0,4.0,False
1767696621.02,2026-01-06 16:20:21,10,18,442,14.5%,76,NORMAL,200.0,0.0,4.0,False
1767696622.11,2026-01-06 16:20:22,10,18,442,14.5%,76,NORMAL,200.0,0.0,4.0,False
1767696623.92,2026-01-06 16:20:23,11,18,443,14.5%,76,NORMAL,201.0,0.0,3.9,False
1767696625.12,2026-01-06 16:20:25,10,18,444,14.5%,76,NORMAL,202.0,0.0,3.8,False
1767696626.24,2026-01-06 16:20:26,10,18,444,14.5%,76,NORMAL,202.0,0.0,3.8,False
1767696627.67,2026-01-06 16:20:27,9,18,444,14.5%,76,NORMAL,202.0,0.0,3.7,False
1767696628.92,2026-01-06 16:20:28,9,18,444,14.5%,76,NORMAL,202.0,0.0,3.7,False
1767696630.37,2026-01-06 16:20:30,9,18,445,14.5%,76,NORMAL,203.0,0.0,3.6,False
1767696631.44,2026-01-06 16:20:31,10,18,446,14.5%,76,NORMAL,204.0,0.0,3.6,False
1767696632.98,2026-01-06 16:20:32,10,18,447,14.5%,76,NORMAL,202.0,0.0,3.5,False
1767696634.27,2026-01-06 16:20:34,9,18,448,14.5%,76,NORMAL,203.0,0.0,3.5,False
1767696635.70,2026-01-06 16:20:35,8,18,448,14.4%,76,NORMAL,203.0,0.0,3.5,False
1767696636.72,2026-01-06 16:20:36,9,18,449,14.5%,76,NORMAL,202.0,0.0,3.4,False
1767696638.00,2026-01-06 16:20:38,9,18,449,14.5%,76,NORMAL,202.0,0.0,3.4,False
1767696639.18,2026-01-06 16:20:39,9,18,449,14.5%,76,NORMAL,202.0,0.0,3.4,False
1767696640.43,2026-01-06 16:20:40,10,18,449,14.6%,76,NORMAL,202.0,0.0,3.4,False
1767696641.49,2026-01-06 16:20:41,9,18,449,14.6%,76,NORMAL,202.0,0.0,3.4,False
1767696642.68,2026-01-06 16:20:42,11,18,450,14.7%,76,NORMAL,202.0,0.0,3.4,False
1767696643.84,2026-01-06 16:20:43,12,18,451,14.8%,76,NORMAL,203.0,0.0,3.4,False
1767696645.07,2026-01-06 16:20:45,11,18,451,14.9%,76,NORMAL,203.0,0.0,3.4,False
1767696646.31,2026-01-06 16:20:46,12,18,451,15.0%,76,NORMAL,203.0,0.0,3.4,False
1767696647.94,2026-01-06 16:20:47,10,18,452,15.1%,76,NORMAL,202.0,0.0,3.4,False
1767696649.07,2026-01-06 16:20:49,10,18,453,15.1%,76,NORMAL,203.0,0.0,3.3,False
1767696650.38,2026-01-06 16:20:50,10,18,453,15.1%,76,NORMAL,203.0,0.0,3.3,False
1767696651.54,2026-01-06 16:20:51,10,18,453,15.1%,76,NORMAL,202.0,0.0,3.3,False
1767696652.62,2026-01-06 16:20:52,10,18,453,15.1%,76,NORMAL,202.0,0.0,3.4,False
1767696653.66,2026-01-06 16:20:53,10,18,453,15.1%,76,NORMAL,202.0,0.0,3.4,False
1767696655.36,2026-01-06 16:20:55,11,18,454,15.2%,76,NORMAL,203.0,0.0,3.4,False
1767696656.57,2026-01-06 16:20:56,12,18,455,15.4%,76,NORMAL,204.0,0.0,3.4,False
1767696657.99,2026-01-06 16:20:57,11,18,455,15.5%,76,NORMAL,203.0,0.0,3.4,False
1767696659.23,2026-01-06 16:20:59,10,18,455,15.5%,76,NORMAL,203.0,0.0,3.5,False
1767696660.51,2026-01-06 16:21:00,10,18,455,15.5%,76,NORMAL,203.0,0.0,3.5,False
1767696662.07,2026-01-06 16:21:02,11,18,455,15.5%,76,NORMAL,201.0,0.0,3.5,False
1767696663.58,2026-01-06 16:21:03,10,18,455,15.5%,76,NORMAL,201.0,0.0,3.5,False
1767696664.65,2026-01-06 16:21:04,11,18,456,15.5%,76,NORMAL,202.0,0.0,3.5,False
1767696665.92,2026-01-06 16:21:05,10,18,456,15.6%,76,NORMAL,202.0,0.0,3.6,False
1767696667.43,2026-01-06 16:21:07,11,18,456,15.7%,76,NORMAL,202.0,0.0,3.6,False
1767696670.12,2026-01-06 16:21:10,12,18,457,15.8%,76,NORMAL,203.0,0.0,3.5,False
1767696671.14,2026-01-06 16:21:11,11,18,458,15.9%,76,NORMAL,204.0,0.0,3.5,False
1767696672.32,2026-01-06 16:21:12,11,18,458,15.9%,76,NORMAL,204.0,0.0,3.5,False
1767696674.19,2026-01-06 16:21:14,9,18,458,15.9%,76,NORMAL,204.0,0.0,3.5,False
1767696675.48,2026-01-06 16:21:15,9,18,458,16.0%,76,NORMAL,203.0,0.0,3.5,False
1767696676.54,2026-01-06 16:21:16,10,18,458,16.0%,76,NORMAL,202.0,0.0,3.5,False
1767696677.57,2026-01-06 16:21:17,11,18,459,16.1%,76,NORMAL,202.0,0.0,3.5,False
1767696679.05,2026-01-06 16:21:19,10,18,460,16.2%,76,NORMAL,203.0,0.0,3.5,False
1767696680.06,2026-01-06 16:21:20,10,18,460,16.2%,76,NORMAL,203.0,0.0,3.6,False
1767696681.66,2026-01-06 16:21:21,10,18,461,16.2%,76,NORMAL,204.0,0.0,3.6,False
1767696682.70,2026-01-06 16:21:22,12,18,462,16.3%,76,NORMAL,205.0,0.0,3.6,False
1767696683.82,2026-01-06 16:21:23,11,18,462,16.2%,76,NORMAL,204.0,0.0,3.6,False
1767696684.83,2026-01-06 16:21:24,12,18,462,16.3%,76,NORMAL,204.0,0.0,3.6,False
1767696686.00,2026-01-06 16:21:25,12,18,462,16.3%,76,NORMAL,204.0,0.0,3.6,False
1767696687.44,2026-01-06 16:21:27,12,18,462,16.4%,76,NORMAL,204.0,0.0,3.6,False
1767696688.82,2026-01-06 16:21:28,12,18,462,16.5%,76,NORMAL,204.0,0.0,3.6,False
1767696690.22,2026-01-06 16:21:30,12,18,462,16.5%,76,NORMAL,204.0,0.0,3.6,False
1767696691.38,2026-01-06 16:21:31,11,18,462,16.6%,76,NORMAL,204.0,0.0,3.6,False
1767696692.59,2026-01-06 16:21:32,11,18,462,16.6%,76,NORMAL,204.0,0.0,3.6,False
1767696693.84,2026-01-06 16:21:33,10,18,462,16.6%,76,NORMAL,203.0,0.0,3.5,False
1767696694.89,2026-01-06 16:21:34,10,18,462,16.6%,76,NORMAL,202.0,0.0,3.5,False
1767696696.22,2026-01-06 16:21:36,9,18,462,16.5%,76,NORMAL,202.0,0.0,3.5,False
1767696697.36,2026-01-06 16:21:37,9,18,462,16.4%,76,NORMAL,202.0,0.0,3.5,False
1767696698.47,2026-01-06 16:21:38,9,18,462,16.3%,76,NORMAL,202.0,0.0,3.5,False
1767696699.60,2026-01-06 16:21:39,8,18,462,16.2%,76,NORMAL,202.0,0.0,3.5,False
1767696700.69,2026-01-06 16:21:40,9,18,462,16.1%,76,NORMAL,202.0,0.0,3.5,False
1767696702.93,2026-01-06 16:21:42,9,18,462,16.1%,76,NORMAL,202.0,0.0,3.5,False
1767696704.22,2026-01-06 16:21:44,9,18,463,16.0%,76,NORMAL,202.0,0.0,3.6,False
1767696705.98,2026-01-06 16:21:45,8,18,464,15.9%,76,NORMAL,203.0,0.0,3.7,False
1767696707.36,2026-01-06 16:21:47,7,18,465,15.7%,76,NORMAL,204.0,0.0,3.7,False
1767696708.82,2026-01-06 16:21:48,7,18,465,15.4%,76,NORMAL,204.0,0.0,3.7,False
1767696709.82,2026-01-06 16:21:49,8,18,465,15.3%,76,NORMAL,204.0,0.0,3.8,False
1767696711.04,2026-01-06 16:21:51,8,18,466,15.1%,76,NORMAL,205.0,0.0,3.8,False
1767696712.40,2026-01-06 16:21:52,8,18,466,15.1%,76,NORMAL,205.0,0.0,3.8,False
1767696713.49,2026-01-06 16:21:53,8,18,466,15.0%,76,NORMAL,204.0,0.0,3.8,False
1767696714.61,2026-01-06 16:21:54,9,18,466,15.0%,76,NORMAL,204.0,0.0,3.8,False
1767696716.16,2026-01-06 16:21:56,10,18,467,14.9%,76,NORMAL,205.0,0.0,3.8,False
1767696717.26,2026-01-06 16:21:57,8,18,467,14.8%,76,NORMAL,205.0,0.0,3.8,False
1767696718.40,2026-01-06 16:21:58,9,18,468,14.8%,76,NORMAL,206.0,0.0,3.8,False
1767696719.77,2026-01-06 16:21:59,8,18,468,14.7%,76,NORMAL,205.0,0.0,3.8,False
1767696722.00,2026-01-06 16:22:01,9,18,469,14.5%,76,NORMAL,206.0,0.0,3.8,False
1767696723.08,2026-01-06 16:22:03,10,18,471,14.5%,76,NORMAL,208.0,0.0,3.7,False
1767696724.59,2026-01-06 16:22:04,10,18,471,14.4%,76,NORMAL,208.0,0.0,3.7,False
1767696725.97,2026-01-06 16:22:05,10,18,471,14.3%,76,NORMAL,208.0,0.0,3.7,False
1767696727.29,2026-01-06 16:22:07,10,18,471,14.2%,76,NORMAL,208.0,0.0,3.7,False
1767696728.41,2026-01-06 16:22:08,10,18,471,14.1%,76,NORMAL,208.0,0.0,3.7,False
1767696729.60,2026-01-06 16:22:09,10,18,471,14.0%,76,NORMAL,207.0,0.0,3.7,False
1767696730.88,2026-01-06 16:22:10,11,18,471,14.0%,76,NORMAL,207.0,0.0,3.8,False
1767696731.98,2026-01-06 16:22:11,11,18,471,14.0%,76,NORMAL,206.0,0.0,3.8,False
1767696733.07,2026-01-06 16:22:13,10,18,471,14.0%,76,NORMAL,206.0,0.0,3.8,False
1767696734.72,2026-01-06 16:22:14,9,18,472,14.0%,76,NORMAL,207.0,0.0,3.9,False
1767696735.80,2026-01-06 16:22:15,8,18,472,13.9%,76,NORMAL,207.0,0.0,4.0,False
1767696737.58,2026-01-06 16:22:17,8,18,472,13.9%,76,NORMAL,207.0,0.0,4.0,False
1767696738.77,2026-01-06 16:22:18,8,18,472,13.8%,76,NORMAL,207.0,0.0,4.0,False
1767696739.97,2026-01-06 16:22:19,8,18,472,13.8%,76,NORMAL,207.0,0.0,4.0,False
1767696741.82,2026-01-06 16:22:21,8,18,472,13.8%,76,NORMAL,207.0,0.0,4.0,False
1767696743.37,2026-01-06 16:22:23,9,18,472,13.8%,76,NORMAL,207.0,0.0,4.0,False
1767696745.18,2026-01-06 16:22:25,8,18,472,13.7%,76,NORMAL,207.0,0.0,3.9,False
1767696746.41,2026-01-06 16:22:26,9,18,472,13.8%,76,NORMAL,207.0,0.0,3.9,False
1767696748.47,2026-01-06 16:22:28,9,18,472,13.9%,76,NORMAL,207.0,0.0,3.8,False
1767696749.62,2026-01-06 16:22:29,8,18,472,13.9%,76,NORMAL,207.0,0.0,3.8,False
1767696750.81,2026-01-06 16:22:30,8,18,472,13.9%,76,NORMAL,207.0,0.0,3.8,False
1767696751.82,2026-01-06 16:22:31,8,18,472,13.9%,76,NORMAL,207.0,0.0,3.7,False
1767696753.29,2026-01-06 16:22:33,9,18,473,14.0%,76,NORMAL,208.0,0.0,3.7,False
1767696754.35,2026-01-06 16:22:34,11,18,474,14.1%,76,NORMAL,208.0,0.0,3.7,False
1767696755.70,2026-01-06 16:22:35,11,18,476,14.2%,76,NORMAL,210.0,0.0,3.6,False
1767696756.76,2026-01-06 16:22:36,10,18,476,14.2%,76,NORMAL,210.0,0.0,3.6,False
1767696758.18,2026-01-06 16:22:38,11,18,477,14.4%,76,NORMAL,210.0,0.0,3.5,False
1767696759.39,2026-01-06 16:22:39,10,18,477,14.4%,76,NORMAL,210.0,0.0,3.5,False
1767696760.84,2026-01-06 16:22:40,12,18,477,14.6%,76,NORMAL,207.0,0.0,3.5,False
1767696762.07,2026-01-06 16:22:42,11,18,477,14.7%,76,NORMAL,207.0,0.0,3.5,False
1767696763.92,2026-01-06 16:22:43,10,18,477,14.7%,76,NORMAL,206.0,0.0,3.5,False
1767696764.98,2026-01-06 16:22:44,10,18,478,14.7%,76,NORMAL,206.0,0.0,3.5,False
1767696766.61,2026-01-06 16:22:46,10,18,478,14.7%,76,NORMAL,206.0,0.0,3.5,False
1767696767.90,2026-01-06 16:22:47,11,18,479,14.7%,76,NORMAL,207.0,0.0,3.5,False
1767696769.66,2026-01-06 16:22:49,12,18,479,14.8%,76,NORMAL,207.0,0.0,3.5,False
1767696770.78,2026-01-06 16:22:50,11,18,479,14.9%,76,NORMAL,206.0,0.0,3.4,False
1767696772.21,2026-01-06 16:22:52,12,18,480,14.9%,76,NORMAL,207.0,0.0,3.4,False
1767696773.50,2026-01-06 16:22:53,9,18,480,14.8%,76,NORMAL,207.0,0.0,3.4,False
1767696775.48,2026-01-06 16:22:55,8,18,480,14.7%,76,NORMAL,207.0,0.0,3.4,False
1767696776.69,2026-01-06 16:22:56,11,18,480,14.8%,76,NORMAL,206.0,0.0,3.3,False
1767696777.89,2026-01-06 16:22:57,11,18,481,15.0%,76,NORMAL,207.0,0.0,3.3,False
1767696779.15,2026-01-06 16:22:59,10,18,481,15.1%,76,NORMAL,207.0,0.0,3.3,False
1767696780.38,2026-01-06 16:23:00,10,18,481,15.2%,76,NORMAL,207.0,0.0,3.2,False
1767696782.67,2026-01-06 16:23:02,12,18,481,15.4%,76,NORMAL,207.0,0.0,3.2,False
1767696784.00,2026-01-06 16:23:04,11,18,481,15.5%,76,NORMAL,207.0,0.0,3.1,False
1767696785.13,2026-01-06 16:23:05,11,18,481,15.6%,76,NORMAL,206.0,0.0,3.0,False
1767696786.26,2026-01-06 16:23:06,11,18,481,15.8%,76,NORMAL,205.0,0.0,2.9,False
1767696787.78,2026-01-06 16:23:07,10,18,481,15.8%,76,NORMAL,205.0,0.0,2.9,False
1767696789.20,2026-01-06 16:23:09,10,18,481,15.9%,76,NORMAL,205.0,0.0,2.8,False
1767696790.67,2026-01-06 16:23:10,10,18,482,16.0%,76,NORMAL,206.0,0.0,2.8,False
1767696791.85,2026-01-06 16:23:11,11,18,483,16.1%,76,NORMAL,207.0,0.0,2.8,False
1767696793.61,2026-01-06 16:23:13,11,18,484,16.3%,76,NORMAL,208.0,0.0,2.9,False
1767696794.69,2026-01-06 16:23:14,12,18,485,16.4%,76,NORMAL,209.0,0.0,2.9,False
1767696796.41,2026-01-06 16:23:16,12,18,486,16.5%,76,NORMAL,209.0,0.0,2.9,False
1767696798.02,2026-01-06 16:23:18,12,18,486,16.5%,76,NORMAL,209.0,0.0,3.0,False
1767696799.63,2026-01-06 16:23:19,12,18,486,16.6%,76,NORMAL,209.0,0.0,3.1,False
1767696800.75,2026-01-06 16:23:20,14,18,488,16.7%,76,NORMAL,210.0,0.0,3.1,False
1767696802.31,2026-01-06 16:23:22,14,18,488,16.9%,76,NORMAL,210.0,0.0,3.1,False
1767696803.46,2026-01-06 16:23:23,15,18,489,17.1%,76,NORMAL,211.0,0.0,3.2,False
1767696804.72,2026-01-06 16:23:24,14,18,489,17.2%,76,NORMAL,210.0,0.0,3.2,False
1767696805.75,2026-01-06 16:23:25,14,18,489,17.4%,76,NORMAL,210.0,0.0,3.2,False
1767696807.21,2026-01-06 16:23:27,14,18,489,17.6%,76,NORMAL,210.0,0.0,3.2,False
1767696808.85,2026-01-06 16:23:28,14,18,489,17.8%,76,NORMAL,210.0,0.0,3.2,False
1767696809.86,2026-01-06 16:23:29,14,18,489,17.9%,76,NORMAL,209.0,0.0,3.2,False
1767696810.97,2026-01-06 16:23:30,14,18,489,18.0%,76,NORMAL,207.0,0.0,3.2,False
1767696812.93,2026-01-06 16:23:32,14,18,489,18.2%,76,NORMAL,206.0,0.0,3.2,False
1767696814.27,2026-01-06 16:23:34,13,18,489,18.2%,76,NORMAL,206.0,0.0,3.2,False
1767696815.36,2026-01-06 16:23:35,12,18,489,18.3%,76,NORMAL,206.0,0.0,3.2,False
1767696816.90,2026-01-06 16:23:36,13,18,489,18.6%,76,NORMAL,206.0,0.0,3.2,False
1767696818.40,2026-01-06 16:23:38,13,18,489,18.7%,76,NORMAL,206.0,0.0,3.2,False
1767696820.11,2026-01-06 16:23:40,13,18,489,18.8%,76,NORMAL,206.0,0.0,3.1,False
1767696821.46,2026-01-06 16:23:41,11,18,489,18.8%,76,NORMAL,206.0,0.0,3.1,False
1767696822.70,2026-01-06 16:23:42,11,18,489,18.9%,76,NORMAL,205.0,0.0,3.1,False
1767696823.75,2026-01-06 16:23:43,10,18,489,18.8%,76,NORMAL,205.0,0.0,3.1,False
1767696824.81,2026-01-06 16:23:44,10,18,489,18.7%,76,NORMAL,205.0,0.0,3.1,False
1767696826.55,2026-01-06 16:23:46,11,18,489,18.7%,76,NORMAL,205.0,0.0,3.1,False
1767696828.06,2026-01-06 16:23:48,11,18,489,18.7%,76,NORMAL,203.0,0.0,3.1,False
1767696829.33,2026-01-06 16:23:49,11,18,489,18.8%,76,NORMAL,203.0,0.0,3.1,False
1767696830.50,2026-01-06 16:23:50,11,18,490,18.8%,76,NORMAL,204.0,0.0,3.2,False
1767696832.34,2026-01-06 16:23:52,11,18,490,18.9%,76,NORMAL,204.0,0.0,3.2,False
1767696833.60,2026-01-06 16:23:53,9,18,490,18.8%,76,NORMAL,204.0,0.0,3.2,False
1767696834.96,2026-01-06 16:23:54,8,18,490,18.6%,76,NORMAL,204.0,0.0,3.2,False
1767696836.11,2026-01-06 16:23:56,9,18,490,18.5%,76,NORMAL,204.0,0.0,3.2,False
1767696838.26,2026-01-06 16:23:58,10,18,490,18.4%,76,NORMAL,204.0,0.0,3.2,False
1767696839.41,2026-01-06 16:23:59,9,18,490,18.2%,76,NORMAL,204.0,0.0,3.2,False
1767696840.66,2026-01-06 16:24:00,9,18,490,18.1%,76,NORMAL,204.0,0.0,3.2,False
1767696842.14,2026-01-06 16:24:02,9,18,490,17.9%,76,NORMAL,203.0,0.0,3.2,False
1767696844.04,2026-01-06 16:24:04,9,18,490,17.6%,76,NORMAL,203.0,0.0,3.1,False
1767696845.91,2026-01-06 16:24:05,9,18,490,17.3%,76,NORMAL,203.0,0.0,3.1,False
1767696847.08,2026-01-06 16:24:07,9,18,490,17.1%,76,NORMAL,203.0,0.0,3.1,False
1767696848.40,2026-01-06 16:24:08,11,18,490,17.0%,76,NORMAL,203.0,0.0,3.1,False
1767696850.18,2026-01-06 16:24:10,13,18,492,16.9%,76,NORMAL,205.0,0.0,3.1,False
1767696851.60,2026-01-06 16:24:11,10,18,492,16.7%,76,NORMAL,204.0,0.0,3.0,False
1767696852.61,2026-01-06 16:24:12,9,18,492,16.5%,76,NORMAL,204.0,0.0,3.0,False
1767696854.11,2026-01-06 16:24:14,10,18,492,16.3%,76,NORMAL,204.0,0.0,3.0,False
1767696855.15,2026-01-06 16:24:15,10,18,492,16.1%,76,NORMAL,204.0,0.0,3.0,False
1767696856.25,2026-01-06 16:24:16,10,18,492,16.0%,76,NORMAL,204.0,0.0,3.0,False
1767696857.57,2026-01-06 16:24:17,9,18,492,15.8%,76,NORMAL,204.0,0.0,3.0,False
1767696858.83,2026-01-06 16:24:18,9,18,492,15.6%,76,NORMAL,204.0,0.0,3.0,False
1767696860.20,2026-01-06 16:24:20,8,18,492,15.4%,76,NORMAL,204.0,0.0,3.0,False
1767696861.75,2026-01-06 16:24:21,10,18,492,15.2%,76,NORMAL,204.0,0.0,3.0,False
1767696862.96,2026-01-06 16:24:22,10,18,492,15.2%,76,NORMAL,204.0,0.0,3.0,False
1767696864.38,2026-01-06 16:24:24,10,18,492,15.1%,76,NORMAL,204.0,0.0,3.0,False
1767696865.89,2026-01-06 16:24:25,11,18,493,15.2%,76,NORMAL,205.0,0.0,3.1,False
1767696867.29,2026-01-06 16:24:27,8,18,494,15.1%,76,NORMAL,206.0,0.0,3.1,False
1767696868.29,2026-01-06 16:24:28,9,18,495,15.0%,76,NORMAL,207.0,0.0,3.1,False
1767696869.76,2026-01-06 16:24:29,9,18,495,14.9%,76,NORMAL,207.0,0.0,3.1,False
1767696871.39,2026-01-06 16:24:31,8,18,495,14.7%,76,NORMAL,206.0,0.0,3.2,False
1767696872.82,2026-01-06 16:24:32,10,18,495,14.7%,76,NORMAL,206.0,0.0,3.2,False
1767696873.99,2026-01-06 16:24:33,11,18,495,14.7%,76,NORMAL,206.0,0.0,3.2,False
1767696875.30,2026-01-06 16:24:35,8,18,495,14.7%,76,NORMAL,206.0,0.0,3.2,False
1767696876.57,2026-01-06 16:24:36,10,18,495,14.8%,76,NORMAL,206.0,0.0,3.2,False
1767696877.62,2026-01-06 16:24:37,9,18,496,14.8%,76,NORMAL,207.0,0.0,3.2,False
1767696879.01,2026-01-06 16:24:39,9,18,496,14.7%,76,NORMAL,207.0,0.0,3.2,False
1767696880.01,2026-01-06 16:24:40,9,18,496,14.7%,76,NORMAL,207.0,0.0,3.2,False
1767696881.22,2026-01-06 16:24:41,10,18,496,14.8%,76,NORMAL,207.0,0.0,3.2,False
1767696882.43,2026-01-06 16:24:42,10,18,497,14.8%,76,NORMAL,208.0,0.0,3.2,False
1767696884.11,2026-01-06 16:24:44,10,18,497,14.8%,76,NORMAL,208.0,0.0,3.2,False
1767696885.18,2026-01-06 16:24:45,9,18,497,14.8%,76,NORMAL,208.0,0.0,3.2,False
1767696886.62,2026-01-06 16:24:46,9,18,497,14.8%,76,NORMAL,207.0,0.0,3.2,False
1767696887.95,2026-01-06 16:24:47,9,18,497,14.8%,76,NORMAL,207.0,0.0,3.2,False
1767696889.96,2026-01-06 16:24:49,10,18,497,14.6%,76,NORMAL,206.0,0.0,3.2,False
1767696891.10,2026-01-06 16:24:51,10,18,498,14.6%,76,NORMAL,207.0,0.0,3.2,False
1767696892.15,2026-01-06 16:24:52,10,18,498,14.7%,76,NORMAL,206.0,0.0,3.2,False
1767696893.65,2026-01-06 16:24:53,8,18,498,14.6%,76,NORMAL,206.0,0.0,3.2,False
1767696895.20,2026-01-06 16:24:55,8,18,498,14.5%,76,NORMAL,206.0,0.0,3.3,False
1767696896.40,2026-01-06 16:24:56,8,18,498,14.4%,76,NORMAL,206.0,0.0,3.3,False
1767696897.85,2026-01-06 16:24:57,10,18,499,14.4%,76,NORMAL,207.0,0.0,3.3,False
1767696899.03,2026-01-06 16:24:59,9,18,499,14.4%,76,NORMAL,207.0,0.0,3.3,False
1767696900.36,2026-01-06 16:25:00,9,18,499,14.5%,76,NORMAL,207.0,0.0,3.3,False
1767696901.79,2026-01-06 16:25:01,9,18,499,14.4%,76,NORMAL,206.0,0.0,3.4,False
1767696903.11,2026-01-06 16:25:03,8,18,499,14.3%,76,NORMAL,206.0,0.0,3.4,False
1767696904.77,2026-01-06 16:25:04,9,18,500,14.3%,76,NORMAL,207.0,0.0,3.4,False
1767696905.78,2026-01-06 16:25:05,7,18,500,14.1%,76,NORMAL,207.0,0.0,3.4,False
1767696907.04,2026-01-06 16:25:07,7,18,500,14.0%,76,NORMAL,207.0,0.0,3.5,False
1767696908.23,2026-01-06 16:25:08,7,18,500,13.9%,76,NORMAL,207.0,0.0,3.5,False
1767696909.33,2026-01-06 16:25:09,7,18,500,13.8%,76,NORMAL,206.0,0.0,3.5,False
1767696911.03,2026-01-06 16:25:11,7,18,500,13.8%,76,NORMAL,206.0,0.0,3.5,False
1767696912.21,2026-01-06 16:25:12,9,18,502,13.7%,76,NORMAL,208.0,0.0,3.4,False
1767696913.53,2026-01-06 16:25:13,7,18,502,13.5%,76,NORMAL,206.0,0.0,3.4,False
1767696915.06,2026-01-06 16:25:15,8,18,503,13.5%,76,NORMAL,207.0,0.0,3.4,False
1767696916.19,2026-01-06 16:25:16,8,18,503,13.4%,76,NORMAL,207.0,0.0,3.4,False
1767696917.20,2026-01-06 16:25:17,8,18,503,13.4%,76,NORMAL,206.0,0.0,3.4,False
1767696918.51,2026-01-06 16:25:18,7,18,503,13.3%,76,NORMAL,206.0,0.0,3.4,False
1767696919.81,2026-01-06 16:25:19,7,18,503,13.2%,76,NORMAL,206.0,0.0,3.4,False
1767696921.05,2026-01-06 16:25:21,7,18,504,13.0%,76,NORMAL,207.0,0.0,3.4,False
1767696922.32,2026-01-06 16:25:22,7,18,505,12.9%,76,NORMAL,208.0,0.0,3.5,False
1767696923.78,2026-01-06 16:25:23,7,18,505,12.7%,76,NORMAL,208.0,0.0,3.5,False
1767696924.97,2026-01-06 16:25:24,7,18,505,12.6%,76,NORMAL,208.0,0.0,3.5,False
1767696926.39,2026-01-06 16:25:26,8,18,506,12.6%,76,NORMAL,208.0,0.0,3.5,False
1767696927.73,2026-01-06 16:25:27,7,18,506,12.5%,76,NORMAL,208.0,0.0,3.5,False
1767696928.76,2026-01-06 16:25:28,7,18,506,12.3%,76,NORMAL,208.0,0.0,3.5,False
1767696929.88,2026-01-06 16:25:29,8,18,506,12.2%,76,NORMAL,208.0,0.0,3.5,False
1767696931.04,2026-01-06 16:25:31,7,18,506,12.1%,76,NORMAL,207.0,0.0,3.5,False
1767696932.52,2026-01-06 16:25:32,8,18,507,12.1%,76,NORMAL,208.0,0.0,3.5,False
1767696933.82,2026-01-06 16:25:33,8,18,507,12.1%,76,NORMAL,208.0,0.0,3.5,False
1767696935.07,2026-01-06 16:25:35,8,18,508,12.1%,76,NORMAL,209.0,0.0,3.5,False
1767696936.08,2026-01-06 16:25:36,7,18,508,11.9%,76,NORMAL,209.0,0.0,3.5,False
1767696937.20,2026-01-06 16:25:37,7,18,508,11.8%,76,NORMAL,209.0,0.0,3.5,False
1767696938.41,2026-01-06 16:25:38,8,18,508,11.8%,76,NORMAL,209.0,0.0,3.5,False
1767696940.01,2026-01-06 16:25:40,8,18,509,11.7%,76,NORMAL,209.0,0.0,3.5,False
1767696941.03,2026-01-06 16:25:41,8,18,509,11.7%,76,NORMAL,209.0,0.0,3.5,False
1767696942.72,2026-01-06 16:25:42,10,18,510,11.8%,76,NORMAL,209.0,0.0,3.5,False
1767696943.87,2026-01-06 16:25:43,10,18,510,11.9%,76,NORMAL,209.0,0.0,3.5,False
1767696945.18,2026-01-06 16:25:45,10,18,511,12.1%,76,NORMAL,210.0,0.0,3.5,False
1767696946.35,2026-01-06 16:25:46,9,18,512,12.2%,76,NORMAL,211.0,0.0,3.6,False
1767696947.54,2026-01-06 16:25:47,8,18,512,12.2%,76,NORMAL,211.0,0.0,3.6,False
1767696949.02,2026-01-06 16:25:49,9,18,513,12.3%,76,NORMAL,212.0,0.0,3.7,False
1767696950.21,2026-01-06 16:25:50,8,18,513,12.3%,76,NORMAL,211.0,0.0,3.7,False
1767696951.78,2026-01-06 16:25:51,10,18,515,12.4%,76,NORMAL,213.0,0.0,3.8,False
1767696952.86,2026-01-06 16:25:52,12,18,516,12.6%,76,NORMAL,213.0,0.0,3.8,False
1767696954.05,2026-01-06 16:25:54,11,18,516,12.8%,76,NORMAL,213.0,0.0,3.8,False
1767696955.51,2026-01-06 16:25:55,10,18,516,12.9%,76,NORMAL,213.0,0.0,3.8,False
1767696956.91,2026-01-06 16:25:56,11,18,516,13.1%,76,NORMAL,213.0,0.0,3.9,False
1767696958.34,2026-01-06 16:25:58,10,18,517,13.2%,76,NORMAL,214.0,0.0,3.9,False
1767696959.94,2026-01-06 16:25:59,9,18,517,13.3%,76,NORMAL,214.0,0.0,3.9,False
1767696961.08,2026-01-06 16:26:01,10,18,517,13.5%,76,NORMAL,214.0,0.0,3.9,False
1767696962.38,2026-01-06 16:26:02,11,18,518,13.7%,76,NORMAL,215.0,0.0,3.9,False
1767696964.29,2026-01-06 16:26:04,11,18,518,13.9%,76,NORMAL,215.0,0.0,3.9,False
1767696965.46,2026-01-06 16:26:05,11,18,518,14.0%,76,NORMAL,215.0,0.0,3.9,False
1767696966.67,2026-01-06 16:26:06,12,18,519,14.3%,76,NORMAL,215.0,0.0,3.8,False
1767696967.78,2026-01-06 16:26:07,12,18,519,14.5%,76,NORMAL,215.0,0.0,3.8,False
1767696968.88,2026-01-06 16:26:08,10,18,519,14.6%,76,NORMAL,213.0,0.0,3.8,False
1767696970.46,2026-01-06 16:26:10,10,18,519,14.7%,76,NORMAL,213.0,0.0,3.8,False
1767696971.78,2026-01-06 16:26:11,10,18,519,14.8%,76,NORMAL,213.0,0.0,3.7,False
1767696973.37,2026-01-06 16:26:13,11,18,521,15.0%,76,NORMAL,214.0,0.0,3.7,False
1767696974.46,2026-01-06 16:26:14,11,18,521,15.1%,76,NORMAL,214.0,0.0,3.7,False
1767696976.11,2026-01-06 16:26:16,12,18,522,15.4%,76,NORMAL,215.0,0.0,3.7,False
1767696977.31,2026-01-06 16:26:17,12,18,523,15.6%,76,NORMAL,215.0,0.0,3.7,False
1767696979.27,2026-01-06 16:26:19,10,18,523,15.7%,76,NORMAL,215.0,0.0,3.7,False
1767696980.68,2026-01-06 16:26:20,9,18,523,15.8%,76,NORMAL,214.0,0.0,3.7,False
1767696982.04,2026-01-06 16:26:22,10,18,523,15.9%,76,NORMAL,214.0,0.0,3.7,False
1767696983.12,2026-01-06 16:26:23,11,18,523,15.9%,76,NORMAL,212.0,0.0,3.7,False
1767696984.41,2026-01-06 16:26:24,11,18,523,16.0%,76,NORMAL,212.0,0.0,3.7,False
1767696985.60,2026-01-06 16:26:25,13,18,523,16.1%,76,NORMAL,212.0,0.0,3.6,False
1767696986.76,2026-01-06 16:26:26,12,18,523,16.3%,76,NORMAL,210.0,0.0,3.6,False
1767696988.29,2026-01-06 16:26:28,13,18,523,16.5%,76,NORMAL,209.0,0.0,3.6,False
1767696989.91,2026-01-06 16:26:29,12,18,523,16.6%,76,NORMAL,209.0,0.0,3.6,False
1767696991.07,2026-01-06 16:26:31,12,18,523,16.8%,76,NORMAL,209.0,0.0,3.5,False
1767696992.29,2026-01-06 16:26:32,12,18,523,16.9%,76,NORMAL,209.0,0.0,3.5,False
1767696993.68,2026-01-06 16:26:33,12,18,523,16.9%,76,NORMAL,209.0,0.0,3.5,False
1767696995.28,2026-01-06 16:26:35,11,18,523,16.9%,76,NORMAL,209.0,0.0,3.4,False
1767696996.89,2026-01-06 16:26:36,12,18,523,17.0%,76,NORMAL,208.0,0.0,3.4,False
1767696998.71,2026-01-06 16:26:38,10,18,523,17.0%,76,NORMAL,208.0,0.0,3.4,False
1767696999.84,2026-01-06 16:26:39,11,18,523,17.0%,76,NORMAL,208.0,0.0,3.4,False
1767697001.15,2026-01-06 16:26:41,12,18,524,17.2%,76,NORMAL,208.0,0.0,3.3,False
1767697002.26,2026-01-06 16:26:42,12,18,524,17.3%,76,NORMAL,208.0,0.0,3.3,False
1767697003.78,2026-01-06 16:26:43,12,18,524,17.3%,76,NORMAL,207.0,0.0,3.3,False
1767697004.88,2026-01-06 16:26:44,12,18,524,17.4%,76,NORMAL,207.0,0.0,3.3,False
1767697006.91,2026-01-06 16:26:46,12,18,524,17.4%,76,NORMAL,206.0,0.0,3.2,False
1767697008.04,2026-01-06 16:26:48,12,18,524,17.4%,76,NORMAL,206.0,0.0,3.2,False
1767697009.20,2026-01-06 16:26:49,12,18,524,17.4%,76,NORMAL,205.0,0.0,3.2,False
1767697010.59,2026-01-06 16:26:50,12,18,525,17.5%,76,NORMAL,206.0,0.0,3.2,False
1767697011.66,2026-01-06 16:26:51,12,18,525,17.6%,76,NORMAL,206.0,0.0,3.2,False
1767697012.77,2026-01-06 16:26:52,12,18,525,17.7%,76,NORMAL,204.0,0.0,3.2,False
1767697014.35,2026-01-06 16:26:54,12,18,525,17.7%,76,NORMAL,203.0,0.0,3.2,False
1767697015.52,2026-01-06 16:26:55,12,18,525,17.8%,76,NORMAL,203.0,0.0,3.3,False
1767697017.13,2026-01-06 16:26:57,11,18,525,17.7%,76,NORMAL,203.0,0.0,3.3,False
1767697018.38,2026-01-06 16:26:58,11,18,525,17.7%,76,NORMAL,201.0,0.0,3.3,False
1767697020.15,2026-01-06 16:27:00,11,18,525,17.7%,76,NORMAL,200.0,0.0,3.3,False
1767697021.68,2026-01-06 16:27:01,11,18,525,17.8%,76,NORMAL,199.0,0.0,3.3,False
1767697022.84,2026-01-06 16:27:02,12,18,526,17.9%,76,NORMAL,197.0,0.0,3.3,False
1767697024.82,2026-01-06 16:27:04,12,18,526,18.0%,76,NORMAL,197.0,0.0,3.3,False
1767697025.97,2026-01-06 16:27:05,12,18,526,18.0%,76,NORMAL,197.0,0.0,3.2,False
1767697027.28,2026-01-06 16:27:07,11,18,526,17.9%,76,NORMAL,196.0,0.0,3.2,False
1767697028.98,2026-01-06 16:27:08,11,18,526,17.9%,76,NORMAL,196.0,0.0,3.2,False
1767697030.95,2026-01-06 16:27:10,11,18,526,17.8%,76,NORMAL,196.0,0.0,3.2,False
1767697032.32,2026-01-06 16:27:12,11,18,526,17.8%,76,NORMAL,196.0,0.0,3.1,False
1767697033.53,2026-01-06 16:27:13,10,18,526,17.7%,76,NORMAL,196.0,0.0,3.1,False
1767697034.62,2026-01-06 16:27:14,10,18,526,17.6%,76,NORMAL,196.0,0.0,3.1,False
1767697036.33,2026-01-06 16:27:16,10,18,526,17.5%,76,NORMAL,196.0,0.0,3.1,False
1767697037.52,2026-01-06 16:27:17,10,18,527,17.4%,76,NORMAL,195.0,0.0,3.0,False
1767697038.91,2026-01-06 16:27:18,9,18,527,17.3%,76,NORMAL,195.0,0.0,3.0,False
1767697040.13,2026-01-06 16:27:20,9,18,527,17.2%,76,NORMAL,194.0,0.0,3.0,False
1767697041.62,2026-01-06 16:27:21,11,18,528,17.2%,76,NORMAL,195.0,0.0,3.0,False
1767697043.05,2026-01-06 16:27:23,11,18,529,17.2%,76,NORMAL,196.0,0.0,2.9,False
1767697044.62,2026-01-06 16:27:24,10,18,529,17.1%,76,NORMAL,196.0,0.0,2.9,False
1767697045.79,2026-01-06 16:27:25,11,18,530,17.0%,76,NORMAL,196.0,0.0,2.9,False
1767697046.81,2026-01-06 16:27:26,11,18,531,17.0%,76,NORMAL,196.0,0.0,2.9,False
1767697047.93,2026-01-06 16:27:27,12,18,531,17.0%,76,NORMAL,196.0,0.0,2.9,False
1767697049.54,2026-01-06 16:27:29,11,18,531,16.9%,76,NORMAL,196.0,0.0,2.9,False
1767697051.17,2026-01-06 16:27:31,12,18,531,16.9%,76,NORMAL,196.0,0.0,2.9,False
1767697052.90,2026-01-06 16:27:32,11,18,531,16.9%,76,NORMAL,196.0,0.0,2.9,False
1767697054.53,2026-01-06 16:27:34,13,18,531,16.9%,76,NORMAL,195.0,0.0,2.8,False
1767697055.59,2026-01-06 16:27:35,13,18,531,17.0%,76,NORMAL,195.0,0.0,2.8,False
1767697056.77,2026-01-06 16:27:36,12,18,532,17.0%,76,NORMAL,196.0,0.0,2.8,False
1767697058.26,2026-01-06 16:27:38,11,18,532,16.9%,76,NORMAL,195.0,0.0,2.8,False
1767697059.60,2026-01-06 16:27:39,11,18,532,16.9%,76,NORMAL,195.0,0.0,2.8,False
1767697060.68,2026-01-06 16:27:40,11,18,532,16.9%,76,NORMAL,194.0,0.0,2.8,False
1767697062.25,2026-01-06 16:27:42,12,18,533,17.0%,76,NORMAL,195.0,0.0,2.8,False
1767697063.40,2026-01-06 16:27:43,10,18,533,16.9%,76,NORMAL,195.0,0.0,2.7,False
1767697064.79,2026-01-06 16:27:44,10,18,533,16.8%,76,NORMAL,195.0,0.0,2.7,False
1767697066.56,2026-01-06 16:27:46,11,18,534,16.8%,76,NORMAL,196.0,0.0,2.7,False
1767697068.04,2026-01-06 16:27:48,10,18,534,16.7%,76,NORMAL,196.0,0.0,2.7,False
1767697069.18,2026-01-06 16:27:49,11,18,535,16.7%,76,NORMAL,196.0,0.0,2.6,False
1767697070.95,2026-01-06 16:27:50,10,18,535,16.6%,76,NORMAL,196.0,0.0,2.6,False
1767697072.71,2026-01-06 16:27:52,11,18,536,16.6%,76,NORMAL,196.0,0.0,2.6,False
1767697073.96,2026-01-06 16:27:53,11,18,536,16.6%,76,NORMAL,196.0,0.0,2.6,False
1767697075.61,2026-01-06 16:27:55,13,18,538,16.8%,76,NORMAL,198.0,0.0,2.6,False
1767697077.39,2026-01-06 16:27:57,15,18,539,17.0%,76,NORMAL,197.0,0.0,2.6,False
1767697078.54,2026-01-06 16:27:58,13,18,539,17.2%,76,NORMAL,197.0,0.0,2.5,False
1767697080.37,2026-01-06 16:28:00,12,18,539,17.3%,76,NORMAL,196.0,0.0,2.5,False
1767697081.46,2026-01-06 16:28:01,11,18,539,17.4%,76,NORMAL,196.0,0.0,2.5,False
1767697082.64,2026-01-06 16:28:02,12,18,540,17.5%,76,NORMAL,197.0,0.0,2.5,False
1767697083.65,2026-01-06 16:28:03,12,18,540,17.6%,76,NORMAL,197.0,0.0,2.5,False
1767697085.52,2026-01-06 16:28:05,11,18,540,17.6%,76,NORMAL,197.0,0.0,2.5,False
1767697086.98,2026-01-06 16:28:06,13,18,541,17.7%,76,NORMAL,198.0,0.0,2.5,False
1767697088.26,2026-01-06 16:28:08,12,18,541,17.7%,76,NORMAL,197.0,0.0,2.5,False
1767697089.64,2026-01-06 16:28:09,11,18,541,17.7%,76,NORMAL,197.0,0.0,2.5,False
1767697091.06,2026-01-06 16:28:11,12,18,541,17.7%,76,NORMAL,197.0,0.0,2.5,False
1767697092.38,2026-01-06 16:28:12,12,18,541,17.8%,76,NORMAL,196.0,0.0,2.5,False
1767697094.06,2026-01-06 16:28:14,13,18,541,17.8%,76,NORMAL,196.0,0.0,2.5,False
1767697095.47,2026-01-06 16:28:15,12,18,541,17.9%,76,NORMAL,196.0,0.0,2.5,False
1767697096.76,2026-01-06 16:28:16,12,18,541,17.8%,76,NORMAL,195.0,0.0,2.6,False
1767697098.39,2026-01-06 16:28:18,11,18,541,17.7%,76,NORMAL,195.0,0.0,2.6,False
1767697099.44,2026-01-06 16:28:19,11,18,541,17.7%,76,NORMAL,195.0,0.0,2.6,False
1767697100.99,2026-01-06 16:28:20,10,18,542,17.6%,76,NORMAL,195.0,0.0,2.6,False
1767697102.29,2026-01-06 16:28:22,6,18,542,17.4%,76,NORMAL,195.0,0.0,2.6,False
1767697103.55,2026-01-06 16:28:23,7,18,544,17.2%,76,NORMAL,197.0,0.0,2.6,False
1767697105.12,2026-01-06 16:28:25,9,18,546,17.1%,76,NORMAL,199.0,0.0,2.7,False
1767697106.70,2026-01-06 16:28:26,10,18,546,17.1%,76,NORMAL,199.0,0.0,2.7,False
1767697108.01,2026-01-06 16:28:28,8,18,548,17.0%,76,NORMAL,201.0,0.0,2.7,False
1767697109.01,2026-01-06 16:28:29,8,18,548,16.8%,76,NORMAL,201.0,0.0,2.8,False
1767697110.24,2026-01-06 16:28:30,9,18,549,16.8%,76,NORMAL,202.0,0.0,2.8,False
1767697111.71,2026-01-06 16:28:31,11,18,549,16.8%,76,NORMAL,201.0,0.0,2.8,False
1767697112.75,2026-01-06 16:28:32,11,18,550,16.8%,76,NORMAL,202.0,0.0,2.8,False
1767697113.78,2026-01-06 16:28:33,10,18,550,16.8%,76,NORMAL,201.0,0.0,2.8,False
1767697115.18,2026-01-06 16:28:35,11,18,551,16.8%,76,NORMAL,202.0,0.0,2.8,False
1767697116.47,2026-01-06 16:28:36,13,18,551,16.8%,76,NORMAL,202.0,0.0,2.8,False
1767697118.00,2026-01-06 16:28:37,12,18,551,16.6%,76,NORMAL,201.0,0.0,2.8,False
1767697119.40,2026-01-06 16:28:39,12,18,551,16.6%,76,NORMAL,201.0,0.0,2.9,False
1767697120.82,2026-01-06 16:28:40,12,18,551,16.6%,76,NORMAL,201.0,0.0,2.9,False
1767697122.20,2026-01-06 16:28:42,10,18,551,16.5%,76,NORMAL,200.0,0.0,2.9,False
1767697123.83,2026-01-06 16:28:43,8,18,551,16.3%,76,NORMAL,200.0,0.0,2.9,False
1767697125.09,2026-01-06 16:28:45,10,18,551,16.2%,76,NORMAL,199.0,0.0,2.9,False
1767697126.35,2026-01-06 16:28:46,10,18,551,16.2%,76,NORMAL,199.0,0.0,3.0,False
1767697127.81,2026-01-06 16:28:47,10,18,551,16.0%,76,NORMAL,199.0,0.0,3.0,False
1767697129.16,2026-01-06 16:28:49,10,18,551,16.0%,76,NORMAL,199.0,0.0,3.0,False
1767697130.56,2026-01-06 16:28:50,10,18,551,15.9%,76,NORMAL,199.0,0.0,3.0,False
1767697132.41,2026-01-06 16:28:52,10,18,551,15.8%,76,NORMAL,199.0,0.0,3.0,False
1767697133.43,2026-01-06 16:28:53,12,18,551,15.8%,76,NORMAL,199.0,0.0,3.0,False
1767697134.65,2026-01-06 16:28:54,11,18,551,15.7%,76,NORMAL,199.0,0.0,3.0,False
1767697135.71,2026-01-06 16:28:55,10,18,551,15.6%,76,NORMAL,199.0,0.0,3.0,False
1767697137.15,2026-01-06 16:28:57,9,18,551,15.5%,76,NORMAL,198.0,0.0,2.9,False
1767697138.56,2026-01-06 16:28:58,9,18,551,15.4%,76,NORMAL,198.0,0.0,2.9,False
1767697140.22,2026-01-06 16:29:00,8,18,551,15.2%,76,NORMAL,197.0,0.0,2.9,False
1767697141.59,2026-01-06 16:29:01,8,18,551,15.1%,76,NORMAL,197.0,0.0,2.9,False
1767697142.61,2026-01-06 16:29:02,8,18,551,15.2%,76,NORMAL,197.0,0.0,2.9,False
1767697143.91,2026-01-06 16:29:03,8,18,551,15.3%,76,NORMAL,197.0,0.0,2.8,False
1767697145.35,2026-01-06 16:29:05,8,18,552,15.2%,76,NORMAL,197.0,0.0,2.8,False
1767697146.96,2026-01-06 16:29:06,8,18,552,15.1%,76,NORMAL,197.0,0.0,2.8,False
1767697148.45,2026-01-06 16:29:08,9,18,553,15.2%,76,NORMAL,198.0,0.0,2.8,False
1767697149.89,2026-01-06 16:29:09,9,18,553,15.2%,76,NORMAL,198.0,0.0,2.8,False
1767697151.12,2026-01-06 16:29:11,9,18,553,15.2%,76,NORMAL,198.0,0.0,2.7,False
1767697152.77,2026-01-06 16:29:12,9,18,553,15.1%,76,NORMAL,197.0,0.0,2.7,False
1767697153.98,2026-01-06 16:29:13,9,18,553,15.0%,76,NORMAL,197.0,0.0,2.7,False
1767697155.78,2026-01-06 16:29:15,10,18,554,15.0%,76,NORMAL,198.0,0.0,2.6,False
1767697156.86,2026-01-06 16:29:16,10,18,555,15.0%,76,NORMAL,199.0,0.0,2.6,False
1767697157.98,2026-01-06 16:29:17,12,18,556,14.9%,76,NORMAL,199.0,0.0,2.6,False
1767697159.06,2026-01-06 16:29:19,11,18,556,14.9%,76,NORMAL,199.0,0.0,2.5,False
1767697160.90,2026-01-06 16:29:20,11,18,557,14.8%,76,NORMAL,199.0,0.0,2.5,False
1767697162.30,2026-01-06 16:29:22,9,18,557,14.7%,76,NORMAL,199.0,0.0,2.5,False
1767697163.37,2026-01-06 16:29:23,9,18,557,14.7%,76,NORMAL,199.0,0.0,2.5,False
1767697164.78,2026-01-06 16:29:24,8,18,557,14.7%,76,NORMAL,199.0,0.0,2.5,False
1767697166.46,2026-01-06 16:29:26,7,18,557,14.5%,76,NORMAL,199.0,0.0,2.5,False
1767697167.59,2026-01-06 16:29:27,7,18,557,14.4%,76,NORMAL,199.0,0.0,2.5,False
1767697169.32,2026-01-06 16:29:29,6,18,557,14.2%,76,NORMAL,199.0,0.0,2.5,False
1767697171.30,2026-01-06 16:29:31,7,18,557,14.0%,76,NORMAL,197.0,0.0,2.4,False
1767697172.51,2026-01-06 16:29:32,6,18,557,13.8%,76,NORMAL,197.0,0.0,2.4,False
1767697174.50,2026-01-06 16:29:34,6,18,557,13.6%,76,NORMAL,197.0,0.0,2.4,False
1767697176.18,2026-01-06 16:29:36,6,18,558,13.3%,76,NORMAL,197.0,0.0,2.4,False
1767697177.91,2026-01-06 16:29:37,6,18,559,13.1%,76,NORMAL,198.0,0.0,2.4,False
1767697179.28,2026-01-06 16:29:39,7,18,560,12.9%,76,NORMAL,198.0,0.0,2.3,False
1767697180.56,2026-01-06 16:29:40,7,18,561,12.8%,76,NORMAL,197.0,0.0,2.3,False
1767697181.58,2026-01-06 16:29:41,7,18,561,12.7%,76,NORMAL,197.0,0.0,2.3,False
1767697182.79,2026-01-06 16:29:42,8,18,562,12.7%,76,NORMAL,198.0,0.0,2.3,False
1767697183.82,2026-01-06 16:29:43,7,18,562,12.7%,76,NORMAL,198.0,0.0,2.4,False
1767697185.10,2026-01-06 16:29:45,7,18,563,12.6%,76,NORMAL,199.0,0.0,2.4,False
1767697186.21,2026-01-06 16:29:46,7,18,563,12.6%,76,NORMAL,199.0,0.0,2.4,False
1767697187.38,2026-01-06 16:29:47,8,18,564,12.6%,76,NORMAL,200.0,0.0,2.4,False
1767697188.97,2026-01-06 16:29:48,8,18,564,12.6%,76,NORMAL,200.0,0.0,2.4,False
1767697190.33,2026-01-06 16:29:50,7,18,564,12.5%,76,NORMAL,200.0,0.0,2.5,False
1767697191.83,2026-01-06 16:29:51,9,18,566,12.5%,76,NORMAL,201.0,0.0,2.5,False
1767697192.94,2026-01-06 16:29:52,10,18,567,12.5%,76,NORMAL,202.0,0.0,2.6,False
1767697193.98,2026-01-06 16:29:53,9,18,567,12.5%,76,NORMAL,202.0,0.0,2.6,False
1767697195.14,2026-01-06 16:29:55,10,18,567,12.6%,76,NORMAL,202.0,0.0,2.6,False
1767697196.74,2026-01-06 16:29:56,10,18,567,12.6%,76,NORMAL,201.0,0.0,2.7,False
1767697197.91,2026-01-06 16:29:57,9,18,567,12.5%,76,NORMAL,200.0,0.0,2.7,False
1767697199.06,2026-01-06 16:29:59,9,18,567,12.4%,76,NORMAL,200.0,0.0,2.7,False
1767697200.23,2026-01-06 16:30:00,9,18,567,12.3%,76,NORMAL,200.0,0.0,2.8,False
1767697201.99,2026-01-06 16:30:01,9,18,567,12.2%,76,NORMAL,197.0,0.0,2.9,False
1767697203.52,2026-01-06 16:30:03,8,18,567,12.1%,76,NORMAL,197.0,0.0,2.9,False
1767697204.98,2026-01-06 16:30:04,9,18,567,12.1%,76,NORMAL,197.0,0.0,2.9,False
1767697206.00,2026-01-06 16:30:06,9,18,567,12.2%,76,NORMAL,197.0,0.0,2.9,False
1767697207.03,2026-01-06 16:30:07,9,18,567,12.3%,76,NORMAL,197.0,0.0,3.0,False
1767697208.16,2026-01-06 16:30:08,9,18,567,12.4%,76,NORMAL,197.0,0.0,3.0,False
1767697209.88,2026-01-06 16:30:09,9,18,569,12.5%,76,NORMAL,197.0,0.0,3.1,False
1767697210.98,2026-01-06 16:30:10,8,18,570,12.6%,76,NORMAL,197.0,0.0,3.1,False
1767697212.31,2026-01-06 16:30:12,7,18,570,12.6%,76,NORMAL,197.0,0.0,3.1,False
1767697214.08,2026-01-06 16:30:14,7,18,570,12.7%,76,NORMAL,197.0,0.0,3.2,False
1767697215.65,2026-01-06 16:30:15,7,18,570,12.7%,76,NORMAL,197.0,0.0,3.2,False
1767697216.93,2026-01-06 16:30:16,8,18,571,12.8%,76,NORMAL,197.0,0.0,3.2,False
1767697218.04,2026-01-06 16:30:18,8,18,571,12.9%,76,NORMAL,196.0,0.0,3.3,False
1767697219.60,2026-01-06 16:30:19,9,18,572,13.0%,76,NORMAL,197.0,0.0,3.3,False
1767697220.88,2026-01-06 16:30:20,7,18,573,13.0%,76,NORMAL,197.0,0.0,3.3,False
1767697222.13,2026-01-06 16:30:22,8,18,573,13.0%,76,NORMAL,197.0,0.0,3.3,False
1767697223.35,2026-01-06 16:30:23,7,18,574,13.0%,76,NORMAL,198.0,0.0,3.3,False
1767697224.44,2026-01-06 16:30:24,7,18,574,13.0%,76,NORMAL,197.0,0.0,3.3,False
1767697226.06,2026-01-06 16:30:26,7,18,575,13.0%,76,NORMAL,197.0,0.0,3.3,False
1767697227.47,2026-01-06 16:30:27,6,18,575,12.9%,76,NORMAL,197.0,0.0,3.3,False
1767697228.47,2026-01-06 16:30:28,6,18,575,12.8%,76,NORMAL,196.0,0.0,3.3,False
1767697229.67,2026-01-06 16:30:29,7,18,576,12.8%,76,NORMAL,197.0,0.0,3.3,False
1767697231.36,2026-01-06 16:30:31,7,18,576,12.7%,76,NORMAL,197.0,0.0,3.3,False
1767697232.97,2026-01-06 16:30:32,7,18,576,12.5%,76,NORMAL,197.0,0.0,3.3,False
1767697234.04,2026-01-06 16:30:34,8,18,576,12.5%,76,NORMAL,197.0,0.0,3.3,False
1767697235.99,2026-01-06 16:30:35,6,18,577,12.3%,76,NORMAL,197.0,0.0,3.3,False
1767697237.42,2026-01-06 16:30:37,7,18,577,12.1%,76,NORMAL,197.0,0.0,3.2,False
1767697238.54,2026-01-06 16:30:38,7,18,577,12.0%,76,NORMAL,196.0,0.0,3.2,False
1767697239.58,2026-01-06 16:30:39,7,18,577,11.9%,76,NORMAL,196.0,0.0,3.2,False
1767697240.95,2026-01-06 16:30:40,6,18,577,11.8%,76,NORMAL,196.0,0.0,3.2,False
1767697242.10,2026-01-06 16:30:42,7,18,577,11.7%,76,NORMAL,196.0,0.0,3.1,False
1767697243.84,2026-01-06 16:30:43,9,18,579,11.7%,76,NORMAL,198.0,0.0,3.1,False
1767697244.96,2026-01-06 16:30:44,10,18,580,11.8%,76,NORMAL,199.0,0.0,3.1,False
1767697246.10,2026-01-06 16:30:46,9,18,581,11.8%,76,NORMAL,200.0,0.0,3.0,False
1767697247.15,2026-01-06 16:30:47,8,18,581,11.7%,76,NORMAL,200.0,0.0,3.0,False
1767697248.40,2026-01-06 16:30:48,9,18,581,11.7%,76,NORMAL,200.0,0.0,3.0,False
1767697249.95,2026-01-06 16:30:49,9,18,581,11.7%,76,NORMAL,199.0,0.0,2.9,False
1767697251.03,2026-01-06 16:30:51,8,18,581,11.7%,76,NORMAL,199.0,0.0,2.9,False
1767697252.29,2026-01-06 16:30:52,8,18,582,11.8%,76,NORMAL,200.0,0.0,2.9,False
1767697254.11,2026-01-06 16:30:54,8,18,583,11.8%,76,NORMAL,200.0,0.0,2.8,False
1767697255.30,2026-01-06 16:30:55,7,18,583,11.8%,76,NORMAL,200.0,0.0,2.8,False
1767697256.46,2026-01-06 16:30:56,9,18,584,11.9%,76,NORMAL,201.0,0.0,2.8,False
1767697257.94,2026-01-06 16:30:57,9,18,584,11.9%,76,NORMAL,201.0,0.0,2.8,False
1767697259.56,2026-01-06 16:30:59,8,18,584,11.9%,76,NORMAL,201.0,0.0,2.8,False
1767697260.70,2026-01-06 16:31:00,9,18,585,12.0%,76,NORMAL,202.0,0.0,2.8,False
1767697261.94,2026-01-06 16:31:01,9,18,585,12.0%,76,NORMAL,202.0,0.0,2.8,False
1767697263.12,2026-01-06 16:31:03,10,18,586,12.2%,76,NORMAL,203.0,0.0,2.7,False
1767697264.49,2026-01-06 16:31:04,10,18,586,12.3%,76,NORMAL,203.0,0.0,2.7,False
1767697265.69,2026-01-06 16:31:05,9,18,586,12.4%,76,NORMAL,203.0,0.0,2.7,False
1767697266.73,2026-01-06 16:31:06,9,18,586,12.6%,76,NORMAL,202.0,0.0,2.7,False
1767697267.89,2026-01-06 16:31:07,9,18,586,12.7%,76,NORMAL,201.0,0.0,2.7,False
1767697269.01,2026-01-06 16:31:09,9,18,586,12.8%,76,NORMAL,201.0,0.0,2.7,False
1767697270.86,2026-01-06 16:31:10,12,18,588,13.1%,76,NORMAL,201.0,0.0,2.7,False
1767697272.28,2026-01-06 16:31:12,10,18,588,13.2%,76,NORMAL,200.0,0.0,2.7,False
1767697273.47,2026-01-06 16:31:13,10,18,588,13.3%,76,NORMAL,200.0,0.0,2.7,False
1767697274.80,2026-01-06 16:31:14,12,18,589,13.6%,76,NORMAL,199.0,0.0,2.7,False
1767697276.21,2026-01-06 16:31:16,14,18,590,14.0%,76,NORMAL,200.0,0.0,2.7,False
1767697277.39,2026-01-06 16:31:17,13,18,590,14.2%,76,NORMAL,198.0,0.0,2.7,False
1767697278.75,2026-01-06 16:31:18,12,18,590,14.5%,76,NORMAL,198.0,0.0,2.7,False
1767697280.03,2026-01-06 16:31:20,12,18,590,14.8%,76,NORMAL,197.0,0.0,2.7,False
1767697281.04,2026-01-06 16:31:21,12,18,590,15.0%,76,NORMAL,197.0,0.0,2.7,False
1767697282.17,2026-01-06 16:31:22,11,18,590,15.1%,76,NORMAL,196.0,0.0,2.7,False
1767697283.45,2026-01-06 16:31:23,12,18,590,15.2%,76,NORMAL,195.0,0.0,2.7,False
1767697284.58,2026-01-06 16:31:24,12,18,592,15.4%,76,NORMAL,197.0,0.0,2.8,False
1767697286.23,2026-01-06 16:31:26,12,18,592,15.6%,76,NORMAL,196.0,0.0,2.8,False
1767697287.69,2026-01-06 16:31:27,11,18,592,15.7%,76,NORMAL,196.0,0.0,2.8,False
1767697288.84,2026-01-06 16:31:28,10,18,592,15.7%,76,NORMAL,196.0,0.0,2.8,False
1767697289.90,2026-01-06 16:31:29,12,18,593,15.9%,76,NORMAL,197.0,0.0,2.9,False
1767697291.39,2026-01-06 16:31:31,13,18,594,16.1%,76,NORMAL,198.0,0.0,2.9,False
1767697292.54,2026-01-06 16:31:32,15,18,595,16.5%,76,NORMAL,199.0,0.0,3.0,False
1767697294.06,2026-01-06 16:31:34,15,18,595,16.9%,76,NORMAL,199.0,0.0,3.0,False
1767697295.69,2026-01-06 16:31:35,14,18,595,17.1%,76,NORMAL,198.0,0.0,3.0,False
1767697296.93,2026-01-06 16:31:36,13,18,595,17.3%,76,NORMAL,197.0,0.0,3.0,False
1767697298.73,2026-01-06 16:31:38,13,18,595,17.5%,76,NORMAL,197.0,0.0,3.1,False
1767697299.93,2026-01-06 16:31:39,14,18,597,17.8%,76,NORMAL,198.0,0.0,3.1,False
1767697301.32,2026-01-06 16:31:41,13,18,597,18.0%,76,NORMAL,198.0,0.0,3.1,False
1767697302.45,2026-01-06 16:31:42,16,18,599,18.2%,76,NORMAL,200.0,0.0,3.1,False
1767697303.87,2026-01-06 16:31:43,15,18,599,18.5%,76,NORMAL,199.0,0.0,3.2,False
1767697305.18,2026-01-06 16:31:45,15,18,600,18.8%,76,NORMAL,200.0,0.0,3.2,False
1767697306.27,2026-01-06 16:31:46,13,18,600,19.0%,76,NORMAL,200.0,0.0,3.3,False
1767697307.40,2026-01-06 16:31:47,18,18,604,19.4%,76,NORMAL,203.0,0.0,3.3,False
1767697308.98,2026-01-06 16:31:48,16,18,604,19.7%,76,NORMAL,203.0,0.0,3.4,False
1767697310.24,2026-01-06 16:31:50,16,18,604,19.9%,76,NORMAL,203.0,0.0,3.4,False
1767697311.46,2026-01-06 16:31:51,14,18,604,20.1%,76,NORMAL,202.0,0.0,3.5,False
1767697313.50,2026-01-06 16:31:53,14,18,607,20.3%,76,NORMAL,205.0,0.0,3.5,False
1767697314.72,2026-01-06 16:31:54,15,18,607,20.4%,76,NORMAL,203.0,0.0,3.5,False
1767697316.77,2026-01-06 16:31:56,16,18,607,20.5%,76,NORMAL,202.0,0.0,3.6,False
1767697317.93,2026-01-06 16:31:57,12,18,607,20.5%,76,NORMAL,200.0,0.0,3.6,False
1767697319.05,2026-01-06 16:31:59,13,18,608,20.5%,76,NORMAL,201.0,0.0,3.6,False
1767697320.58,2026-01-06 16:32:00,13,18,608,20.6%,76,NORMAL,201.0,0.0,3.6,False
1767697322.13,2026-01-06 16:32:02,13,18,608,20.6%,76,NORMAL,201.0,0.0,3.7,False
1767697323.81,2026-01-06 16:32:03,13,18,608,20.7%,76,NORMAL,201.0,0.0,3.7,False
1767697324.81,2026-01-06 16:32:04,12,18,608,20.7%,76,NORMAL,201.0,0.0,3.7,False
1767697325.90,2026-01-06 16:32:05,12,18,608,20.7%,76,NORMAL,201.0,0.0,3.7,False
1767697326.98,2026-01-06 16:32:06,12,18,608,20.7%,76,NORMAL,201.0,0.0,3.7,False
1767697328.07,2026-01-06 16:32:08,12,18,608,20.7%,76,NORMAL,201.0,0.0,3.7,False
1767697329.43,2026-01-06 16:32:09,13,18,608,20.9%,76,NORMAL,201.0,0.0,3.7,False
1767697331.20,2026-01-06 16:32:11,13,18,608,20.9%,76,NORMAL,199.0,0.0,3.7,False
1767697332.22,2026-01-06 16:32:12,12,18,609,20.9%,76,NORMAL,200.0,0.0,3.7,False
1767697333.59,2026-01-06 16:32:13,12,18,609,20.7%,76,NORMAL,200.0,0.0,3.7,False
1767697334.98,2026-01-06 16:32:14,12,18,609,20.6%,76,NORMAL,200.0,0.0,3.7,False
1767697336.01,2026-01-06 16:32:16,12,18,609,20.5%,76,NORMAL,200.0,0.0,3.7,False
1767697338.00,2026-01-06 16:32:18,10,18,609,20.4%,76,NORMAL,200.0,0.0,3.7,False
1767697339.31,2026-01-06 16:32:19,11,18,610,20.3%,76,NORMAL,200.0,0.0,3.7,False
1767697340.46,2026-01-06 16:32:20,11,18,610,20.1%,76,NORMAL,200.0,0.0,3.7,False
1767697342.58,2026-01-06 16:32:22,13,18,612,20.1%,76,NORMAL,201.0,0.0,3.8,False
1767697343.84,2026-01-06 16:32:23,12,18,613,19.9%,76,NORMAL,201.0,0.0,3.8,False
1767697345.41,2026-01-06 16:32:25,12,18,613,19.8%,76,NORMAL,200.0,0.0,3.8,False
1767697347.06,2026-01-06 16:32:27,12,18,613,19.7%,76,NORMAL,200.0,0.0,3.7,False
1767697348.43,2026-01-06 16:32:28,12,18,613,19.6%,76,NORMAL,200.0,0.0,3.7,False
1767697349.50,2026-01-06 16:32:29,12,18,613,19.3%,76,NORMAL,199.0,0.0,3.7,False
1767697351.19,2026-01-06 16:32:31,12,18,614,19.2%,76,NORMAL,200.0,0.0,3.7,False
1767697352.43,2026-01-06 16:32:32,12,18,614,19.0%,76,NORMAL,199.0,0.0,3.6,False
1767697354.00,2026-01-06 16:32:33,11,18,614,18.8%,76,NORMAL,199.0,0.0,3.6,False
1767697355.39,2026-01-06 16:32:35,12,18,614,18.7%,76,NORMAL,199.0,0.0,3.5,False
1767697356.85,2026-01-06 16:32:36,12,18,614,18.6%,76,NORMAL,199.0,0.0,3.5,False
1767697358.23,2026-01-06 16:32:38,11,18,614,18.4%,76,NORMAL,197.0,0.0,3.5,False
1767697360.17,2026-01-06 16:32:40,12,18,615,18.4%,76,NORMAL,197.0,0.0,3.4,False
1767697361.19,2026-01-06 16:32:41,11,18,616,18.3%,76,NORMAL,198.0,0.0,3.3,False
1767697362.40,2026-01-06 16:32:42,10,18,616,18.1%,76,NORMAL,198.0,0.0,3.3,False
1767697363.75,2026-01-06 16:32:43,15,18,618,18.2%,76,NORMAL,199.0,0.0,3.3,False
1767697364.82,2026-01-06 16:32:44,13,18,618,18.2%,76,NORMAL,199.0,0.0,3.3,False
1767697366.39,2026-01-06 16:32:46,14,18,618,18.3%,76,NORMAL,199.0,0.0,3.3,False
1767697368.24,2026-01-06 16:32:48,13,18,618,18.4%,76,NORMAL,199.0,0.0,3.2,False
1767697370.05,2026-01-06 16:32:50,14,18,620,18.5%,76,NORMAL,200.0,0.0,3.2,False
1767697371.47,2026-01-06 16:32:51,13,18,621,18.5%,76,NORMAL,201.0,0.0,3.2,False
1767697372.53,2026-01-06 16:32:52,13,18,621,18.5%,76,NORMAL,201.0,0.0,3.2,False
1767697374.25,2026-01-06 16:32:54,13,18,621,18.5%,76,NORMAL,201.0,0.0,3.2,False
1767697375.78,2026-01-06 16:32:55,12,18,621,18.5%,76,NORMAL,201.0,0.0,3.2,False
1767697377.33,2026-01-06 16:32:57,12,18,621,18.5%,76,NORMAL,201.0,0.0,3.2,False
1767697378.49,2026-01-06 16:32:58,12,18,621,18.5%,76,NORMAL,200.0,0.0,3.2,False
1767697379.68,2026-01-06 16:32:59,13,18,622,18.6%,76,NORMAL,201.0,0.0,3.2,False
1767697381.06,2026-01-06 16:33:01,11,18,622,18.6%,76,NORMAL,201.0,0.0,3.3,False
1767697382.19,2026-01-06 16:33:02,11,18,622,18.6%,76,NORMAL,201.0,0.0,3.3,False
1767697384.00,2026-01-06 16:33:04,10,18,623,18.6%,76,NORMAL,200.0,0.0,3.3,False
1767697385.10,2026-01-06 16:33:05,12,18,625,18.5%,76,NORMAL,201.0,0.0,3.2,False
1767697386.52,2026-01-06 16:33:06,12,18,625,18.5%,76,NORMAL,201.0,0.0,3.2,False
1767697387.69,2026-01-06 16:33:07,13,18,625,18.6%,76,NORMAL,200.0,0.0,3.2,False
1767697389.09,2026-01-06 16:33:09,13,18,625,18.6%,76,NORMAL,200.0,0.0,3.2,False
1767697390.73,2026-01-06 16:33:10,12,18,625,18.6%,76,NORMAL,200.0,0.0,3.1,False
1767697392.21,2026-01-06 16:33:12,13,18,625,18.6%,76,NORMAL,200.0,0.0,3.2,False
1767697393.28,2026-01-06 16:33:13,13,18,625,18.7%,76,NORMAL,199.0,0.0,3.2,False
1767697394.35,2026-01-06 16:33:14,13,18,625,18.7%,76,NORMAL,199.0,0.0,3.2,False
1767697395.61,2026-01-06 16:33:15,13,18,625,18.8%,76,NORMAL,199.0,0.0,3.2,False
1767697397.62,2026-01-06 16:33:17,13,18,625,18.9%,76,NORMAL,199.0,0.0,3.3,False
1767697398.82,2026-01-06 16:33:18,12,18,625,18.9%,76,NORMAL,199.0,0.0,3.3,False
1767697400.23,2026-01-06 16:33:20,11,18,625,18.9%,76,NORMAL,199.0,0.0,3.3,False
1767697402.00,2026-01-06 16:33:22,11,18,625,18.8%,76,NORMAL,196.0,0.0,3.3,False
1767697403.57,2026-01-06 16:33:23,11,18,625,18.8%,76,NORMAL,196.0,0.0,3.4,False
1767697405.79,2026-01-06 16:33:25,11,18,627,18.9%,76,NORMAL,198.0,0.0,3.4,False
1767697407.25,2026-01-06 16:33:27,13,18,628,18.8%,76,NORMAL,199.0,0.0,3.4,False
1767697408.89,2026-01-06 16:33:28,12,18,628,18.7%,76,NORMAL,197.0,0.0,3.4,False
1767697410.72,2026-01-06 16:33:30,13,18,628,18.7%,76,NORMAL,197.0,0.0,3.4,False
1767697412.28,2026-01-06 16:33:32,13,18,628,18.7%,76,NORMAL,197.0,0.0,3.4,False
1767697413.64,2026-01-06 16:33:33,14,18,630,18.7%,76,NORMAL,199.0,0.0,3.4,False
1767697415.22,2026-01-06 16:33:35,15,18,630,18.8%,76,NORMAL,199.0,0.0,3.4,False
1767697416.40,2026-01-06 16:33:36,12,18,631,18.7%,76,NORMAL,200.0,0.0,3.4,False
1767697418.03,2026-01-06 16:33:38,13,18,631,18.7%,76,NORMAL,200.0,0.0,3.4,False
1767697420.37,2026-01-06 16:33:40,13,18,633,18.8%,76,NORMAL,202.0,0.0,3.3,False
1767697422.03,2026-01-06 16:33:42,12,18,633,18.8%,76,NORMAL,202.0,0.0,3.3,False
1767697423.95,2026-01-06 16:33:43,12,18,634,18.8%,76,NORMAL,203.0,0.0,3.3,False
1767697425.09,2026-01-06 16:33:45,12,18,634,18.7%,76,NORMAL,202.0,0.0,3.3,False
1767697426.58,2026-01-06 16:33:46,13,18,634,18.8%,76,NORMAL,202.0,0.0,3.2,False
1767697427.84,2026-01-06 16:33:47,14,18,635,19.0%,76,NORMAL,203.0,0.0,3.2,False
1767697429.60,2026-01-06 16:33:49,13,18,635,19.1%,76,NORMAL,203.0,0.0,3.2,False
1767697430.64,2026-01-06 16:33:50,11,18,636,19.1%,76,NORMAL,204.0,0.0,3.2,False
1767697432.08,2026-01-06 16:33:52,11,18,636,19.0%,76,NORMAL,204.0,0.0,3.2,False
1767697433.39,2026-01-06 16:33:53,11,18,636,18.9%,76,NORMAL,204.0,0.0,3.2,False
1767697435.21,2026-01-06 16:33:55,11,18,637,18.8%,76,NORMAL,205.0,0.0,3.2,False
1767697436.27,2026-01-06 16:33:56,11,18,638,18.8%,76,NORMAL,206.0,0.0,3.2,False
1767697438.06,2026-01-06 16:33:58,11,18,638,18.7%,76,NORMAL,206.0,0.0,3.2,False
1767697439.57,2026-01-06 16:33:59,10,18,638,18.6%,76,NORMAL,206.0,0.0,3.3,False
1767697440.91,2026-01-06 16:34:00,10,18,639,18.4%,76,NORMAL,207.0,0.0,3.3,False
1767697441.94,2026-01-06 16:34:01,11,18,640,18.3%,76,NORMAL,207.0,0.0,3.3,False
1767697443.42,2026-01-06 16:34:03,11,18,640,18.2%,76,NORMAL,207.0,0.0,3.3,False
1767697444.56,2026-01-06 16:34:04,11,18,640,18.2%,76,NORMAL,206.0,0.0,3.3,False
1767697445.62,2026-01-06 16:34:05,8,18,640,18.0%,76,NORMAL,206.0,0.0,3.2,False
1767697446.91,2026-01-06 16:34:06,11,18,643,18.0%,76,NORMAL,209.0,0.0,3.2,False
1767697448.50,2026-01-06 16:34:08,10,18,643,18.0%,76,NORMAL,208.0,0.0,3.2,False
1767697449.58,2026-01-06 16:34:09,10,18,643,17.9%,76,NORMAL,208.0,0.0,3.2,False
1767697450.78,2026-01-06 16:34:10,12,18,644,17.9%,76,NORMAL,209.0,0.0,3.2,False
1767697451.84,2026-01-06 16:34:11,12,18,644,17.9%,76,NORMAL,208.0,0.0,3.2,False
1767697452.93,2026-01-06 16:34:12,14,18,645,17.9%,76,NORMAL,209.0,0.0,3.2,False
1767697454.32,2026-01-06 16:34:14,11,18,645,17.8%,76,NORMAL,209.0,0.0,3.2,False
1767697455.40,2026-01-06 16:34:15,11,18,645,17.7%,76,NORMAL,209.0,0.0,3.3,False
1767697456.70,2026-01-06 16:34:16,10,18,645,17.5%,76,NORMAL,209.0,0.0,3.3,False
1767697457.90,2026-01-06 16:34:17,12,18,647,17.5%,76,NORMAL,211.0,0.0,3.3,False
1767697459.35,2026-01-06 16:34:19,12,18,647,17.4%,76,NORMAL,211.0,0.0,3.3,False
1767697460.55,2026-01-06 16:34:20,11,18,647,17.3%,76,NORMAL,211.0,0.0,3.3,False
1767697462.10,2026-01-06 16:34:22,10,18,648,17.2%,76,NORMAL,212.0,0.0,3.3,False
1767697463.25,2026-01-06 16:34:23,11,18,649,17.2%,76,NORMAL,213.0,0.0,3.4,False
1767697464.71,2026-01-06 16:34:24,13,18,651,17.2%,76,NORMAL,215.0,0.0,3.4,False
1767697466.26,2026-01-06 16:34:26,15,18,651,17.3%,76,NORMAL,215.0,0.0,3.4,False
1767697467.61,2026-01-06 16:34:27,14,18,651,17.3%,76,NORMAL,215.0,0.0,3.4,False
1767697468.65,2026-01-06 16:34:28,13,18,651,17.3%,76,NORMAL,215.0,0.0,3.4,False
1767697470.05,2026-01-06 16:34:30,13,18,652,17.4%,76,NORMAL,216.0,0.0,3.4,False
1767697471.15,2026-01-06 16:34:31,13,18,652,17.5%,76,NORMAL,216.0,0.0,3.4,False
1767697472.36,2026-01-06 16:34:32,15,18,652,17.7%,76,NORMAL,216.0,0.0,3.4,False
1767697474.38,2026-01-06 16:34:34,12,18,652,17.7%,76,NORMAL,216.0,0.0,3.4,False
1767697475.54,2026-01-06 16:34:35,12,18,652,17.8%,76,NORMAL,216.0,0.0,3.4,False
1767697476.55,2026-01-06 16:34:36,13,18,653,17.9%,76,NORMAL,217.0,0.0,3.4,False
1767697478.43,2026-01-06 16:34:38,14,18,654,18.1%,76,NORMAL,217.0,0.0,3.4,False
1767697479.63,2026-01-06 16:34:39,14,18,654,18.3%,76,NORMAL,217.0,0.0,3.4,False
1767697480.93,2026-01-06 16:34:40,15,18,656,18.4%,76,NORMAL,219.0,0.0,3.4,False
1767697482.22,2026-01-06 16:34:42,15,18,656,18.6%,76,NORMAL,219.0,0.0,3.4,False
1767697483.62,2026-01-06 16:34:43,13,18,656,18.7%,76,NORMAL,219.0,0.0,3.4,False
1767697484.71,2026-01-06 16:34:44,12,18,656,18.9%,76,NORMAL,219.0,0.0,3.4,False
1767697485.96,2026-01-06 16:34:45,11,18,656,18.9%,76,NORMAL,218.0,0.0,3.4,False
1767697486.97,2026-01-06 16:34:46,11,18,656,19.0%,76,NORMAL,218.0,0.0,3.4,False
1767697488.16,2026-01-06 16:34:48,11,18,656,19.0%,76,NORMAL,218.0,0.0,3.5,False
1767697489.66,2026-01-06 16:34:49,11,18,656,19.0%,76,NORMAL,218.0,0.0,3.5,False
1767697490.74,2026-01-06 16:34:50,11,18,656,18.9%,76,NORMAL,218.0,0.0,3.5,False
1767697491.99,2026-01-06 16:34:51,11,18,656,18.8%,76,NORMAL,218.0,0.0,3.6,False
1767697494.13,2026-01-06 16:34:54,10,18,656,18.7%,76,NORMAL,218.0,0.0,3.6,False
1767697495.41,2026-01-06 16:34:55,11,18,657,18.7%,76,NORMAL,219.0,0.0,3.6,False
1767697496.60,2026-01-06 16:34:56,11,18,657,18.8%,76,NORMAL,219.0,0.0,3.7,False
1767697498.81,2026-01-06 16:34:58,12,18,659,18.8%,76,NORMAL,219.0,0.0,3.7,False
1767697499.97,2026-01-06 16:34:59,12,18,660,18.8%,76,NORMAL,220.0,0.0,3.7,False
1767697501.21,2026-01-06 16:35:01,10,18,660,18.7%,76,NORMAL,220.0,0.0,3.8,False
1767697502.77,2026-01-06 16:35:02,10,18,660,18.7%,76,NORMAL,220.0,0.0,3.8,False
1767697504.02,2026-01-06 16:35:04,13,18,661,18.8%,76,NORMAL,221.0,0.0,3.8,False
1767697505.18,2026-01-06 16:35:05,13,18,662,18.8%,76,NORMAL,222.0,0.0,3.8,False
1767697506.22,2026-01-06 16:35:06,13,18,662,18.7%,76,NORMAL,222.0,0.0,3.8,False
1767697507.45,2026-01-06 16:35:07,12,18,662,18.6%,76,NORMAL,221.0,0.0,3.9,False
1767697508.93,2026-01-06 16:35:08,12,18,663,18.6%,76,NORMAL,222.0,0.0,3.9,False
1767697510.17,2026-01-06 16:35:10,9,18,663,18.4%,76,NORMAL,221.0,0.0,3.9,False
1767697511.52,2026-01-06 16:35:11,9,18,663,18.2%,76,NORMAL,221.0,0.0,3.9,False
1767697512.70,2026-01-06 16:35:12,10,18,664,18.0%,76,NORMAL,222.0,0.0,3.9,False
1767697513.94,2026-01-06 16:35:13,9,18,664,17.8%,76,NORMAL,221.0,0.0,3.9,False
1767697515.29,2026-01-06 16:35:15,11,18,664,17.8%,76,NORMAL,220.0,0.0,4.0,False
1767697516.57,2026-01-06 16:35:16,8,18,664,17.5%,76,NORMAL,220.0,0.0,4.0,False
1767697517.74,2026-01-06 16:35:17,9,18,665,17.3%,76,NORMAL,221.0,0.0,4.0,False
1767697519.04,2026-01-06 16:35:19,9,18,665,17.1%,76,NORMAL,220.0,0.0,4.0,False
1767697520.11,2026-01-06 16:35:20,11,18,667,16.9%,76,NORMAL,222.0,0.0,4.0,False
1767697521.66,2026-01-06 16:35:21,10,18,667,16.6%,76,NORMAL,221.0,0.0,4.0,False
1767697522.71,2026-01-06 16:35:22,10,18,667,16.5%,76,NORMAL,221.0,0.0,4.0,False
1767697524.02,2026-01-06 16:35:24,9,18,667,16.3%,76,NORMAL,221.0,0.0,4.0,False
1767697525.03,2026-01-06 16:35:25,10,18,667,16.3%,76,NORMAL,220.0,0.0,4.0,False
1767697526.30,2026-01-06 16:35:26,9,18,667,16.2%,76,NORMAL,219.0,0.0,4.0,False
1767697527.44,2026-01-06 16:35:27,9,18,667,16.1%,76,NORMAL,219.0,0.0,4.0,False
1767697529.12,2026-01-06 16:35:29,8,18,667,16.0%,76,NORMAL,218.0,0.0,4.0,False
1767697530.67,2026-01-06 16:35:30,8,18,667,15.8%,76,NORMAL,218.0,0.0,3.9,False
1767697531.71,2026-01-06 16:35:31,8,18,667,15.7%,76,NORMAL,218.0,0.0,3.9,False
1767697532.86,2026-01-06 16:35:32,8,18,667,15.6%,76,NORMAL,218.0,0.0,3.8,False
1767697534.50,2026-01-06 16:35:34,8,18,667,15.4%,76,NORMAL,217.0,0.0,3.8,False
1767697536.02,2026-01-06 16:35:36,8,18,668,15.3%,76,NORMAL,217.0,0.0,3.7,False
1767697537.43,2026-01-06 16:35:37,7,18,668,15.0%,76,NORMAL,217.0,0.0,3.7,False
1767697539.00,2026-01-06 16:35:38,8,18,668,14.8%,76,NORMAL,217.0,0.0,3.6,False
1767697540.10,2026-01-06 16:35:40,8,18,668,14.7%,76,NORMAL,216.0,0.0,3.6,False
1767697541.64,2026-01-06 16:35:41,9,18,669,14.7%,76,NORMAL,216.0,0.0,3.5,False
1767697542.81,2026-01-06 16:35:42,9,18,670,14.5%,76,NORMAL,217.0,0.0,3.5,False
1767697544.19,2026-01-06 16:35:44,9,18,670,14.3%,76,NORMAL,217.0,0.0,3.4,False
1767697545.40,2026-01-06 16:35:45,8,18,670,14.1%,76,NORMAL,217.0,0.0,3.4,False
1767697546.54,2026-01-06 16:35:46,7,18,670,13.8%,76,NORMAL,217.0,0.0,3.4,False
1767697547.77,2026-01-06 16:35:47,6,18,670,13.5%,76,NORMAL,217.0,0.0,3.3,False
1767697548.78,2026-01-06 16:35:48,7,18,670,13.4%,76,NORMAL,216.0,0.0,3.3,False
1767697550.69,2026-01-06 16:35:50,7,18,670,13.3%,76,NORMAL,215.0,0.0,3.3,False
1767697552.22,2026-01-06 16:35:52,7,18,670,13.2%,76,NORMAL,215.0,0.0,3.2,False
1767697553.32,2026-01-06 16:35:53,7,18,670,13.1%,76,NORMAL,215.0,0.0,3.2,False
1767697555.04,2026-01-06 16:35:55,7,18,670,12.9%,76,NORMAL,215.0,0.0,3.2,False
1767697556.06,2026-01-06 16:35:56,9,18,670,12.9%,76,NORMAL,214.0,0.0,3.2,False
1767697557.85,2026-01-06 16:35:57,7,18,670,12.8%,76,NORMAL,214.0,0.0,3.2,False
1767697558.85,2026-01-06 16:35:58,8,18,671,12.8%,76,NORMAL,215.0,0.0,3.2,False
1767697559.94,2026-01-06 16:35:59,9,18,671,12.7%,76,NORMAL,215.0,0.0,3.2,False
1767697560.97,2026-01-06 16:36:00,8,18,671,12.6%,76,NORMAL,215.0,0.0,3.2,False
1767697562.40,2026-01-06 16:36:02,8,18,671,12.5%,76,NORMAL,214.0,0.0,3.2,False
1767697563.53,2026-01-06 16:36:03,9,18,672,12.5%,76,NORMAL,214.0,0.0,3.2,False
1767697564.66,2026-01-06 16:36:04,8,18,672,12.4%,76,NORMAL,214.0,0.0,3.2,False
1767697566.18,2026-01-06 16:36:06,7,18,672,12.3%,76,NORMAL,214.0,0.0,3.2,False
1767697567.46,2026-01-06 16:36:07,7,18,672,12.2%,76,NORMAL,214.0,0.0,3.2,False
1767697568.57,2026-01-06 16:36:08,8,18,672,12.2%,76,NORMAL,213.0,0.0,3.2,False
1767697569.79,2026-01-06 16:36:09,7,18,673,12.1%,76,NORMAL,213.0,0.0,3.2,False
1767697571.10,2026-01-06 16:36:11,8,18,673,12.1%,76,NORMAL,213.0,0.0,3.3,False
1767697572.72,2026-01-06 16:36:12,8,18,673,12.1%,76,NORMAL,212.0,0.0,3.3,False
1767697573.78,2026-01-06 16:36:13,8,18,673,12.1%,76,NORMAL,211.0,0.0,3.3,False
1767697574.83,2026-01-06 16:36:14,7,18,673,12.1%,76,NORMAL,211.0,0.0,3.3,False
1767697575.92,2026-01-06 16:36:15,7,18,673,12.1%,76,NORMAL,211.0,0.0,3.3,False
1767697577.26,2026-01-06 16:36:17,7,18,673,12.0%,76,NORMAL,211.0,0.0,3.4,False
1767697578.78,2026-01-06 16:36:18,7,18,673,12.0%,76,NORMAL,211.0,0.0,3.4,False
1767697580.75,2026-01-06 16:36:20,8,18,673,11.9%,76,NORMAL,211.0,0.0,3.4,False
1767697581.91,2026-01-06 16:36:21,8,18,673,11.9%,76,NORMAL,211.0,0.0,3.5,False
1767697583.04,2026-01-06 16:36:23,7,18,673,11.8%,76,NORMAL,211.0,0.0,3.5,False
1767697584.35,2026-01-06 16:36:24,6,18,673,11.7%,76,NORMAL,211.0,0.0,3.5,False
1767697585.85,2026-01-06 16:36:25,7,18,674,11.7%,76,NORMAL,212.0,0.0,3.5,False
1767697587.21,2026-01-06 16:36:27,7,18,674,11.7%,76,NORMAL,212.0,0.0,3.5,False
1767697588.26,2026-01-06 16:36:28,8,18,674,11.8%,76,NORMAL,212.0,0.0,3.5,False
1767697589.66,2026-01-06 16:36:29,8,18,674,11.8%,76,NORMAL,212.0,0.0,3.5,False
1767697590.66,2026-01-06 16:36:30,8,18,674,11.9%,76,NORMAL,212.0,0.0,3.5,False
1767697591.92,2026-01-06 16:36:31,7,18,674,11.9%,76,NORMAL,212.0,0.0,3.5,False
1767697593.37,2026-01-06 16:36:33,7,18,674,11.9%,76,NORMAL,212.0,0.0,3.5,False
1767697594.65,2026-01-06 16:36:34,8,18,675,11.8%,76,NORMAL,212.0,0.0,3.5,False
1767697596.55,2026-01-06 16:36:36,8,18,675,11.9%,76,NORMAL,212.0,0.0,3.5,False
1767697598.42,2026-01-06 16:36:38,8,18,675,11.9%,76,NORMAL,210.0,0.0,3.6,False
1767697599.55,2026-01-06 16:36:39,7,18,675,11.8%,76,NORMAL,210.0,0.0,3.6,False
1767697601.16,2026-01-06 16:36:41,7,18,675,11.7%,76,NORMAL,210.0,0.0,3.6,False
1767697602.37,2026-01-06 16:36:42,7,18,675,11.7%,76,NORMAL,210.0,0.0,3.6,False
1767697603.66,2026-01-06 16:36:43,7,18,675,11.6%,76,NORMAL,209.0,0.0,3.6,False
1767697605.07,2026-01-06 16:36:45,7,18,675,11.5%,76,NORMAL,209.0,0.0,3.6,False
1767697606.80,2026-01-06 16:36:46,7,18,675,11.5%,76,NORMAL,209.0,0.0,3.6,False
1767697608.10,2026-01-06 16:36:48,6,18,675,11.5%,76,NORMAL,209.0,0.0,3.5,False
1767697609.45,2026-01-06 16:36:49,6,18,675,11.4%,76,NORMAL,208.0,0.0,3.5,False
1767697610.50,2026-01-06 16:36:50,7,18,676,11.4%,76,NORMAL,209.0,0.0,3.5,False
1767697611.85,2026-01-06 16:36:51,7,18,677,11.3%,76,NORMAL,209.0,0.0,3.5,False
1767697613.08,2026-01-06 16:36:53,7,18,677,11.3%,76,NORMAL,209.0,0.0,3.5,False
1767697614.21,2026-01-06 16:36:54,6,18,677,11.2%,76,NORMAL,208.0,0.0,3.4,False
1767697615.84,2026-01-06 16:36:55,6,18,678,11.1%,76,NORMAL,208.0,0.0,3.4,False
1767697617.46,2026-01-06 16:36:57,6,18,678,11.1%,76,NORMAL,207.0,0.0,3.4,False
1767697618.57,2026-01-06 16:36:58,6,18,678,11.0%,76,NORMAL,207.0,0.0,3.4,False
1767697619.87,2026-01-06 16:36:59,6,18,678,11.0%,76,NORMAL,207.0,0.0,3.4,False
1767697621.53,2026-01-06 16:37:01,7,18,679,10.9%,76,NORMAL,208.0,0.0,3.3,False
1767697622.82,2026-01-06 16:37:02,8,18,680,10.9%,76,NORMAL,209.0,0.0,3.3,False
1767697623.83,2026-01-06 16:37:03,6,18,680,10.9%,76,NORMAL,209.0,0.0,3.3,False
1767697625.28,2026-01-06 16:37:05,5,18,680,10.8%,76,NORMAL,209.0,0.0,3.3,False
1767697626.69,2026-01-06 16:37:06,5,18,680,10.7%,76,NORMAL,209.0,0.0,3.2,False
1767697628.35,2026-01-06 16:37:08,6,18,682,10.7%,76,NORMAL,211.0,0.0,3.2,False
1767697629.72,2026-01-06 16:37:09,6,18,682,10.6%,76,NORMAL,211.0,0.0,3.2,False
1767697630.90,2026-01-06 16:37:10,8,18,682,10.6%,76,NORMAL,211.0,0.0,3.1,False
1767697632.43,2026-01-06 16:37:12,6,18,682,10.5%,76,NORMAL,210.0,0.0,3.1,False
1767697633.63,2026-01-06 16:37:13,6,18,682,10.4%,76,NORMAL,210.0,0.0,3.1,False
1767697634.64,2026-01-06 16:37:14,8,18,682,10.5%,76,NORMAL,210.0,0.0,3.1,False
1767697635.85,2026-01-06 16:37:15,7,18,682,10.4%,76,NORMAL,210.0,0.0,3.1,False
1767697636.93,2026-01-06 16:37:16,7,18,682,10.4%,76,NORMAL,210.0,0.0,3.0,False
1767697638.20,2026-01-06 16:37:18,5,18,682,10.2%,76,NORMAL,210.0,0.0,3.0,False
1767697639.61,2026-01-06 16:37:19,5,18,682,10.1%,76,NORMAL,210.0,0.0,3.0,False
1767697640.68,2026-01-06 16:37:20,5,18,683,10.0%,76,NORMAL,211.0,0.0,3.0,False
1767697642.47,2026-01-06 16:37:22,5,18,683,9.9%,76,NORMAL,211.0,0.0,2.9,False
1767697644.32,2026-01-06 16:37:24,5,18,683,9.8%,76,NORMAL,211.0,0.0,2.9,False
1767697645.57,2026-01-06 16:37:25,5,18,683,9.7%,76,NORMAL,211.0,0.0,2.9,False
1767697646.60,2026-01-06 16:37:26,5,18,683,9.6%,76,NORMAL,211.0,0.0,2.8,False
1767697647.86,2026-01-06 16:37:27,5,18,683,9.6%,76,NORMAL,209.0,0.0,2.8,False
1767697649.27,2026-01-06 16:37:29,5,18,683,9.5%,76,NORMAL,208.0,0.0,2.8,False
1767697650.84,2026-01-06 16:37:30,5,18,683,9.4%,76,NORMAL,207.0,0.0,2.8,False
1767697651.89,2026-01-06 16:37:31,5,18,683,9.3%,76,NORMAL,206.0,0.0,2.8,False
1767697653.17,2026-01-06 16:37:33,5,18,683,9.2%,76,NORMAL,206.0,0.0,2.8,False
1767697654.51,2026-01-06 16:37:34,5,18,683,9.2%,76,NORMAL,206.0,0.0,2.9,False
1767697655.82,2026-01-06 16:37:35,5,18,683,9.1%,76,NORMAL,206.0,0.0,2.9,False
1767697657.13,2026-01-06 16:37:37,5,18,683,9.1%,76,NORMAL,206.0,0.0,2.9,False
1767697658.83,2026-01-06 16:37:38,5,18,683,9.0%,76,NORMAL,205.0,0.0,2.9,False
1767697660.45,2026-01-06 16:37:40,5,18,683,9.0%,76,NORMAL,204.0,0.0,3.0,False
1767697661.57,2026-01-06 16:37:41,5,18,683,8.9%,76,NORMAL,203.0,0.0,3.0,False
1767697662.59,2026-01-06 16:37:42,5,18,683,8.7%,76,NORMAL,203.0,0.0,3.1,False
1767697663.90,2026-01-06 16:37:43,5,18,683,8.6%,76,NORMAL,203.0,0.0,3.1,False
1767697665.41,2026-01-06 16:37:45,5,18,683,8.6%,76,NORMAL,203.0,0.0,3.1,False
1767697666.92,2026-01-06 16:37:46,5,18,683,8.6%,76,NORMAL,202.0,0.0,3.2,False
1767697668.50,2026-01-06 16:37:48,5,18,683,8.6%,76,NORMAL,202.0,0.0,3.2,False
1767697669.67,2026-01-06 16:37:49,5,18,683,8.5%,76,NORMAL,202.0,0.0,3.2,False
1767697671.16,2026-01-06 16:37:51,5,18,683,8.4%,76,NORMAL,202.0,0.0,3.3,False
1767697672.17,2026-01-06 16:37:52,5,18,683,8.3%,76,NORMAL,202.0,0.0,3.3,False
1767697673.71,2026-01-06 16:37:53,3,18,683,8.2%,76,NORMAL,202.0,0.0,3.3,False
1767697675.19,2026-01-06 16:37:55,3,18,683,7.9%,76,NORMAL,201.0,0.0,3.3,False
1767697676.56,2026-01-06 16:37:56,3,18,683,7.7%,76,NORMAL,201.0,0.0,3.4,False
1767697677.92,2026-01-06 16:37:57,3,18,683,7.5%,76,NORMAL,200.0,0.0,3.4,False
1767697679.01,2026-01-06 16:37:59,3,18,683,7.4%,76,NORMAL,199.0,0.0,3.4,False
1767697680.10,2026-01-06 16:38:00,3,18,683,7.3%,76,NORMAL,199.0,0.0,3.4,False
1767697681.44,2026-01-06 16:38:01,4,18,683,7.3%,76,NORMAL,198.0,0.0,3.4,False
1767697682.47,2026-01-06 16:38:02,4,18,683,7.2%,76,NORMAL,197.0,0.0,3.4,False
1767697683.62,2026-01-06 16:38:03,4,18,683,7.2%,76,NORMAL,197.0,0.0,3.4,False
1767697685.11,2026-01-06 16:38:05,4,18,683,7.1%,76,NORMAL,197.0,0.0,3.4,False
1767697686.11,2026-01-06 16:38:06,3,18,683,7.0%,76,NORMAL,195.0,0.0,3.4,False
1767697687.26,2026-01-06 16:38:07,3,18,683,6.9%,76,NORMAL,195.0,0.0,3.4,False
1767697688.47,2026-01-06 16:38:08,3,18,683,6.8%,76,NORMAL,194.0,0.0,3.4,False
1767697689.56,2026-01-06 16:38:09,3,18,683,6.7%,76,NORMAL,194.0,0.0,3.3,False
1767697691.23,2026-01-06 16:38:11,3,18,683,6.6%,76,NORMAL,194.0,0.0,3.3,False
1767697692.71,2026-01-06 16:38:12,3,18,683,6.5%,76,NORMAL,194.0,0.0,3.3,False
1767697693.93,2026-01-06 16:38:13,3,18,683,6.4%,76,NORMAL,194.0,0.0,3.3,False
1767697694.94,2026-01-06 16:38:14,3,18,683,6.3%,76,NORMAL,194.0,0.0,3.3,False
1767697696.27,2026-01-06 16:38:16,3,18,683,6.2%,76,NORMAL,194.0,0.0,3.3,False
1767697697.27,2026-01-06 16:38:17,3,18,683,6.1%,76,NORMAL,194.0,0.0,3.2,False
1767697698.98,2026-01-06 16:38:18,2,18,683,5.9%,76,NORMAL,194.0,0.0,3.2,False
1767697699.99,2026-01-06 16:38:19,2,18,683,5.7%,76,NORMAL,194.0,0.0,3.2,False
1767697701.12,2026-01-06 16:38:21,2,18,683,5.6%,76,NORMAL,194.0,0.0,3.1,False
1767697702.43,2026-01-06 16:38:22,2,18,683,5.4%,76,NORMAL,194.0,0.0,3.1,False
1767697703.89,2026-01-06 16:38:23,2,18,683,5.3%,76,NORMAL,194.0,0.0,3.0,False
1767697705.19,2026-01-06 16:38:25,2,18,683,5.1%,76,NORMAL,194.0,0.0,3.0,False
1767697706.33,2026-01-06 16:38:26,2,18,683,5.0%,76,NORMAL,194.0,0.0,3.0,False
1767697708.14,2026-01-06 16:38:28,2,18,683,4.8%,76,NORMAL,193.0,0.0,3.0,False
1767697709.17,2026-01-06 16:38:29,2,18,683,4.7%,76,NORMAL,193.0,0.0,3.0,False
1767697711.35,2026-01-06 16:38:31,2,18,683,4.5%,76,NORMAL,193.0,0.0,3.0,False
1767697712.78,2026-01-06 16:38:32,3,18,683,4.5%,76,NORMAL,193.0,0.0,3.0,False
1767697713.92,2026-01-06 16:38:33,3,18,683,4.5%,76,NORMAL,193.0,0.0,3.0,False
1767697715.11,2026-01-06 16:38:35,2,18,683,4.4%,76,NORMAL,193.0,0.0,3.0,False
1767697716.30,2026-01-06 16:38:36,2,18,683,4.4%,76,NORMAL,193.0,0.0,3.0,False
1767697717.33,2026-01-06 16:38:37,3,18,683,4.4%,76,NORMAL,193.0,0.0,3.0,False
1767697718.34,2026-01-06 16:38:38,4,18,684,4.4%,76,NORMAL,194.0,0.0,3.0,False
1767697719.47,2026-01-06 16:38:39,5,18,685,4.5%,76,NORMAL,195.0,0.0,3.0,False
1767697720.59,2026-01-06 16:38:40,5,18,685,4.5%,76,NORMAL,195.0,0.0,3.0,False
1767697721.84,2026-01-06 16:38:41,5,18,685,4.6%,76,NORMAL,195.0,0.0,3.0,False
1767697723.15,2026-01-06 16:38:43,5,18,685,4.6%,76,NORMAL,195.0,0.0,3.1,False
1767697724.30,2026-01-06 16:38:44,5,18,685,4.8%,76,NORMAL,195.0,0.0,3.1,False
1767697725.76,2026-01-06 16:38:45,4,18,685,4.8%,76,NORMAL,193.0,0.0,3.1,False
1767697726.81,2026-01-06 16:38:46,4,18,685,4.9%,76,NORMAL,193.0,0.0,3.1,False
1767697728.02,2026-01-06 16:38:48,5,18,685,5.0%,76,NORMAL,193.0,0.0,3.1,False
1767697729.24,2026-01-06 16:38:49,5,18,685,5.1%,76,NORMAL,193.0,0.0,3.1,False
1767697730.38,2026-01-06 16:38:50,5,18,685,5.2%,76,NORMAL,193.0,0.0,3.1,False
1767697732.04,2026-01-06 16:38:52,4,18,685,5.2%,76,NORMAL,193.0,0.0,3.1,False
1767697733.11,2026-01-06 16:38:53,4,18,685,5.3%,76,NORMAL,193.0,0.0,3.1,False
1767697734.58,2026-01-06 16:38:54,3,18,685,5.3%,76,NORMAL,193.0,0.0,3.1,False
1767697736.14,2026-01-06 16:38:56,3,18,685,5.3%,76,NORMAL,193.0,0.0,3.2,False
1767697737.66,2026-01-06 16:38:57,4,18,685,5.4%,76,NORMAL,192.0,0.0,3.2,False
1767697738.88,2026-01-06 16:38:58,4,18,685,5.5%,76,NORMAL,190.0,0.0,3.2,False
1767697740.14,2026-01-06 16:39:00,4,18,685,5.6%,76,NORMAL,190.0,0.0,3.2,False
1767697741.58,2026-01-06 16:39:01,5,18,685,5.7%,76,NORMAL,190.0,0.0,3.2,False
1767697742.83,2026-01-06 16:39:02,5,18,685,5.9%,76,NORMAL,190.0,0.0,3.2,False
1767697744.45,2026-01-06 16:39:04,5,18,685,6.1%,76,NORMAL,190.0,0.0,3.2,False
1767697746.03,2026-01-06 16:39:06,5,18,685,6.2%,76,NORMAL,190.0,0.0,3.2,False
1767697747.39,2026-01-06 16:39:07,5,18,685,6.4%,76,NORMAL,190.0,0.0,3.2,False
1767697748.68,2026-01-06 16:39:08,5,18,685,6.5%,76,NORMAL,189.0,0.0,3.1,False
1767697750.04,2026-01-06 16:39:10,5,18,685,6.7%,76,NORMAL,189.0,0.0,3.1,False
1767697751.11,2026-01-06 16:39:11,4,18,685,6.7%,76,NORMAL,189.0,0.0,3.1,False
1767697752.31,2026-01-06 16:39:12,4,18,685,6.8%,76,NORMAL,189.0,0.0,3.1,False
1767697753.46,2026-01-06 16:39:13,5,18,685,6.9%,76,NORMAL,189.0,0.0,3.0,False
1767697754.84,2026-01-06 16:39:14,5,18,685,7.1%,76,NORMAL,188.0,0.0,3.0,False
1767697756.64,2026-01-06 16:39:16,5,18,685,7.2%,76,NORMAL,188.0,0.0,3.0,False
1767697757.70,2026-01-06 16:39:17,3,18,685,7.2%,76,NORMAL,188.0,0.0,3.0,False
1767697758.76,2026-01-06 16:39:18,4,18,685,7.1%,76,NORMAL,188.0,0.0,2.9,False
1767697759.90,2026-01-06 16:39:19,4,18,685,7.1%,76,NORMAL,187.0,0.0,2.9,False
1767697760.96,2026-01-06 16:39:20,4,18,685,7.0%,76,NORMAL,187.0,0.0,2.9,False
1767697762.49,2026-01-06 16:39:22,4,18,685,7.0%,76,NORMAL,187.0,0.0,2.9,False
1767697763.65,2026-01-06 16:39:23,4,18,686,6.9%,76,NORMAL,188.0,0.0,2.9,False
1767697764.97,2026-01-06 16:39:24,5,18,687,7.0%,76,NORMAL,189.0,0.0,2.9,False
1767697766.12,2026-01-06 16:39:26,5,18,687,7.0%,76,NORMAL,189.0,0.0,2.9,False
1767697767.81,2026-01-06 16:39:27,5,18,687,7.0%,76,NORMAL,189.0,0.0,2.9,False
1767697769.36,2026-01-06 16:39:29,5,18,687,7.0%,76,NORMAL,188.0,0.0,2.9,False
1767697770.59,2026-01-06 16:39:30,5,18,687,7.0%,76,NORMAL,188.0,0.0,2.9,False
1767697772.18,2026-01-06 16:39:32,5,18,687,7.1%,76,NORMAL,188.0,0.0,2.9,False
1767697773.66,2026-01-06 16:39:33,5,18,687,7.1%,76,NORMAL,188.0,0.0,2.9,False
1767697775.17,2026-01-06 16:39:35,6,18,687,7.3%,76,NORMAL,187.0,0.0,2.9,False
1767697776.18,2026-01-06 16:39:36,6,18,687,7.4%,76,NORMAL,187.0,0.0,2.9,False
1767697777.22,2026-01-06 16:39:37,7,18,687,7.6%,76,NORMAL,187.0,0.0,2.9,False
1767697778.37,2026-01-06 16:39:38,7,18,687,7.7%,76,NORMAL,187.0,0.0,2.9,False
1767697780.24,2026-01-06 16:39:40,7,18,687,7.9%,76,NORMAL,187.0,0.0,2.9,False
1767697781.57,2026-01-06 16:39:41,6,18,687,7.9%,76,NORMAL,187.0,0.0,2.9,False
1767697782.98,2026-01-06 16:39:42,5,18,687,7.9%,76,NORMAL,187.0,0.0,2.8,False
1767697784.61,2026-01-06 16:39:44,7,18,688,8.0%,76,NORMAL,186.0,0.0,2.8,False
1767697785.66,2026-01-06 16:39:45,7,18,688,8.1%,76,NORMAL,186.0,0.0,2.8,False
1767697787.03,2026-01-06 16:39:47,6,18,688,8.2%,76,NORMAL,186.0,0.0,2.8,False
1767697788.21,2026-01-06 16:39:48,5,18,688,8.2%,76,NORMAL,185.0,0.0,2.8,False
1767697789.53,2026-01-06 16:39:49,5,18,688,8.2%,76,NORMAL,185.0,0.0,2.8,False
1767697791.30,2026-01-06 16:39:51,6,18,688,8.3%,76,NORMAL,185.0,0.0,2.8,False
1767697792.39,2026-01-06 16:39:52,7,18,689,8.4%,76,NORMAL,186.0,0.0,2.8,False
1767697793.97,2026-01-06 16:39:53,6,18,689,8.5%,76,NORMAL,186.0,0.0,2.8,False
1767697795.24,2026-01-06 16:39:55,5,18,689,8.5%,76,NORMAL,186.0,0.0,2.8,False
1767697796.51,2026-01-06 16:39:56,7,18,689,8.6%,76,NORMAL,185.0,0.0,2.8,False
1767697797.55,2026-01-06 16:39:57,7,18,689,8.8%,76,NORMAL,185.0,0.0,2.8,False
1767697798.66,2026-01-06 16:39:58,6,18,689,8.9%,76,NORMAL,184.0,0.0,2.8,False
1767697799.67,2026-01-06 16:39:59,6,18,689,9.0%,76,NORMAL,184.0,0.0,2.8,False
1767697800.73,2026-01-06 16:40:00,5,18,689,9.1%,76,NORMAL,184.0,0.0,2.8,False
1767697801.87,2026-01-06 16:40:01,5,18,689,9.1%,76,NORMAL,184.0,0.0,2.8,False
1767697803.26,2026-01-06 16:40:03,5,18,690,9.2%,76,NORMAL,184.0,0.0,2.8,False
1767697804.52,2026-01-06 16:40:04,6,18,691,9.2%,76,NORMAL,185.0,0.0,2.8,False
1767697805.95,2026-01-06 16:40:05,6,18,691,9.3%,76,NORMAL,185.0,0.0,2.9,False
1767697807.41,2026-01-06 16:40:07,5,18,691,9.3%,76,NORMAL,184.0,0.0,2.9,False
1767697808.75,2026-01-06 16:40:08,5,18,693,9.3%,76,NORMAL,186.0,0.0,2.9,False
1767697810.29,2026-01-06 16:40:10,5,18,693,9.3%,76,NORMAL,186.0,0.0,2.9,False
1767697811.88,2026-01-06 16:40:11,6,18,693,9.3%,76,NORMAL,185.0,0.0,2.9,False
1767697813.06,2026-01-06 16:40:13,7,18,693,9.4%,76,NORMAL,185.0,0.0,2.9,False
1767697814.16,2026-01-06 16:40:14,5,18,693,9.4%,76,NORMAL,185.0,0.0,2.9,False
1767697815.23,2026-01-06 16:40:15,7,18,694,9.4%,76,NORMAL,186.0,0.0,2.9,False
1767697816.40,2026-01-06 16:40:16,6,18,694,9.4%,76,NORMAL,186.0,0.0,2.9,False
1767697817.67,2026-01-06 16:40:17,7,18,694,9.4%,76,NORMAL,185.0,0.0,2.9,False
1767697819.35,2026-01-06 16:40:19,8,18,696,9.4%,76,NORMAL,187.0,0.0,2.9,False
1767697820.67,2026-01-06 16:40:20,9,18,696,9.6%,76,NORMAL,187.0,0.0,2.8,False
1767697821.89,2026-01-06 16:40:21,8,18,696,9.7%,76,NORMAL,186.0,0.0,2.8,False
1767697823.38,2026-01-06 16:40:23,8,18,696,9.8%,76,NORMAL,186.0,0.0,2.8,False
1767697824.63,2026-01-06 16:40:24,6,18,696,9.7%,76,NORMAL,186.0,0.0,2.8,False
1767697826.50,2026-01-06 16:40:26,6,18,696,9.7%,76,NORMAL,184.0,0.0,2.8,False
1767697828.01,2026-01-06 16:40:28,7,18,697,9.8%,76,NORMAL,185.0,0.0,2.8,False
1767697829.51,2026-01-06 16:40:29,7,18,697,9.9%,76,NORMAL,184.0,0.0,2.7,False
1767697830.72,2026-01-06 16:40:30,8,18,697,10.0%,76,NORMAL,184.0,0.0,2.7,False
1767697831.85,2026-01-06 16:40:31,7,18,697,10.0%,76,NORMAL,184.0,0.0,2.7,False
1767697832.89,2026-01-06 16:40:32,7,18,697,10.1%,76,NORMAL,184.0,0.0,2.7,False
1767697834.08,2026-01-06 16:40:34,7,18,697,10.2%,76,NORMAL,181.0,0.0,2.7,False
1767697835.57,2026-01-06 16:40:35,7,18,697,10.2%,76,NORMAL,181.0,0.0,2.7,False
1767697836.84,2026-01-06 16:40:36,7,18,697,10.2%,76,NORMAL,181.0,0.0,2.7,False
1767697837.91,2026-01-06 16:40:37,7,18,697,10.2%,76,NORMAL,181.0,0.0,2.7,False
1767697838.94,2026-01-06 16:40:38,8,18,697,10.3%,76,NORMAL,181.0,0.0,2.7,False
1767697840.37,2026-01-06 16:40:40,7,18,697,10.4%,76,NORMAL,181.0,0.0,2.8,False
1767697842.09,2026-01-06 16:40:42,7,18,697,10.5%,76,NORMAL,180.0,0.0,2.8,False
1767697843.52,2026-01-06 16:40:43,7,18,697,10.6%,76,NORMAL,180.0,0.0,2.8,False
1767697844.70,2026-01-06 16:40:44,7,18,697,10.7%,76,NORMAL,180.0,0.0,2.8,False
1767697846.14,2026-01-06 16:40:46,7,18,697,10.7%,76,NORMAL,179.0,0.0,2.8,False
1767697847.25,2026-01-06 16:40:47,8,18,698,10.9%,76,NORMAL,180.0,0.0,2.8,False
1767697848.62,2026-01-06 16:40:48,8,18,698,11.0%,76,NORMAL,180.0,0.0,2.8,False
1767697850.01,2026-01-06 16:40:50,7,18,698,11.1%,76,NORMAL,180.0,0.0,2.8,False
1767697851.39,2026-01-06 16:40:51,7,18,698,11.2%,76,NORMAL,179.0,0.0,2.7,False
1767697852.71,2026-01-06 16:40:52,7,18,698,11.2%,76,NORMAL,179.0,0.0,2.7,False
1767697854.00,2026-01-06 16:40:53,7,18,698,11.3%,76,NORMAL,179.0,0.0,2.7,False
1767697855.21,2026-01-06 16:40:55,7,18,699,11.3%,76,NORMAL,180.0,0.0,2.7,False
1767697856.37,2026-01-06 16:40:56,7,18,699,11.3%,76,NORMAL,180.0,0.0,2.7,False
1767697857.51,2026-01-06 16:40:57,7,18,699,11.3%,76,NORMAL,180.0,0.0,2.6,False
1767697858.84,2026-01-06 16:40:58,7,18,699,11.3%,76,NORMAL,178.0,0.0,2.6,False
1767697860.04,2026-01-06 16:41:00,7,18,699,11.2%,76,NORMAL,177.0,0.0,2.6,False
1767697861.26,2026-01-06 16:41:01,7,18,699,11.1%,76,NORMAL,176.0,0.0,2.6,False
1767697862.84,2026-01-06 16:41:02,7,18,699,11.1%,76,NORMAL,176.0,0.0,2.6,False
1767697863.99,2026-01-06 16:41:03,6,18,699,11.1%,76,NORMAL,176.0,0.0,2.7,False
1767697865.40,2026-01-06 16:41:05,6,18,699,11.1%,76,NORMAL,176.0,0.0,2.7,False
1767697866.41,2026-01-06 16:41:06,6,18,699,11.0%,76,NORMAL,176.0,0.0,2.7,False
1767697867.91,2026-01-06 16:41:07,6,18,699,11.0%,76,NORMAL,176.0,0.0,2.8,False
1767697869.47,2026-01-06 16:41:09,6,18,699,10.9%,76,NORMAL,176.0,0.0,2.9,False
1767697871.06,2026-01-06 16:41:11,6,18,699,10.8%,76,NORMAL,176.0,0.0,2.9,False
1767697872.49,2026-01-06 16:41:12,6,18,699,10.8%,76,NORMAL,176.0,0.0,2.9,False
1767697873.53,2026-01-06 16:41:13,6,18,699,10.7%,76,NORMAL,176.0,0.0,3.0,False
1767697874.70,2026-01-06 16:41:14,6,18,699,10.7%,76,NORMAL,176.0,0.0,3.0,False
1767697875.89,2026-01-06 16:41:15,5,18,699,10.6%,76,NORMAL,176.0,0.0,3.0,False
1767697877.01,2026-01-06 16:41:17,4,18,699,10.4%,76,NORMAL,176.0,0.0,3.0,False
1767697878.06,2026-01-06 16:41:18,4,18,699,10.2%,76,NORMAL,176.0,0.0,3.1,False
1767697879.39,2026-01-06 16:41:19,4,18,699,10.1%,76,NORMAL,176.0,0.0,3.1,False
1767697880.53,2026-01-06 16:41:20,5,18,700,10.0%,76,NORMAL,176.0,0.0,3.2,False
1767697882.19,2026-01-06 16:41:22,5,18,700,9.9%,76,NORMAL,176.0,0.0,3.2,False
1767697883.65,2026-01-06 16:41:23,5,18,700,9.8%,76,NORMAL,176.0,0.0,3.3,False
1767697885.22,2026-01-06 16:41:25,5,18,700,9.7%,76,NORMAL,176.0,0.0,3.3,False
1767697886.54,2026-01-06 16:41:26,5,18,700,9.5%,76,NORMAL,176.0,0.0,3.3,False
1767697887.87,2026-01-06 16:41:27,5,18,700,9.4%,76,NORMAL,175.0,0.0,3.4,False
1767697889.15,2026-01-06 16:41:29,5,18,700,9.3%,76,NORMAL,175.0,0.0,3.4,False
1767697890.58,2026-01-06 16:41:30,4,18,700,9.1%,76,NORMAL,175.0,0.0,3.4,False
1767697891.92,2026-01-06 16:41:31,3,18,700,8.9%,76,NORMAL,175.0,0.0,3.4,False
1767697893.06,2026-01-06 16:41:33,3,18,700,8.7%,76,NORMAL,175.0,0.0,3.5,False
1767697894.38,2026-01-06 16:41:34,4,18,701,8.5%,76,NORMAL,176.0,0.0,3.5,False
1767697895.67,2026-01-06 16:41:35,4,18,701,8.4%,76,NORMAL,175.0,0.0,3.5,False
1767697896.90,2026-01-06 16:41:36,4,18,701,8.2%,76,NORMAL,175.0,0.0,3.5,False
1767697897.96,2026-01-06 16:41:37,4,18,701,8.1%,76,NORMAL,175.0,0.0,3.5,False
1767697899.23,2026-01-06 16:41:39,4,18,701,7.9%,76,NORMAL,175.0,0.0,3.5,False
1767697900.78,2026-01-06 16:41:40,4,18,701,7.8%,76,NORMAL,175.0,0.0,3.5,False
1767697902.05,2026-01-06 16:41:42,4,18,701,7.6%,76,NORMAL,175.0,0.0,3.5,False
1767697903.26,2026-01-06 16:41:43,4,18,701,7.5%,76,NORMAL,175.0,0.0,3.4,False
1767697904.68,2026-01-06 16:41:44,4,18,701,7.4%,76,NORMAL,175.0,0.0,3.4,False
1767697905.75,2026-01-06 16:41:45,5,18,702,7.4%,76,NORMAL,176.0,0.0,3.4,False
1767697907.13,2026-01-06 16:41:47,5,18,702,7.3%,76,NORMAL,176.0,0.0,3.3,False
1767697908.32,2026-01-06 16:41:48,5,18,702,7.3%,76,NORMAL,175.0,0.0,3.3,False
1767697909.45,2026-01-06 16:41:49,5,18,702,7.2%,76,NORMAL,175.0,0.0,3.3,False
1767697910.72,2026-01-06 16:41:50,5,18,702,7.2%,76,NORMAL,173.0,0.0,3.3,False
1767697912.12,2026-01-06 16:41:52,4,18,702,7.1%,76,NORMAL,173.0,0.0,3.3,False
1767697913.23,2026-01-06 16:41:53,5,18,703,7.0%,76,NORMAL,173.0,0.0,3.3,False
1767697914.46,2026-01-06 16:41:54,5,18,703,7.0%,76,NORMAL,172.0,0.0,3.3,False
1767697915.48,2026-01-06 16:41:55,5,18,703,7.1%,76,NORMAL,172.0,0.0,3.3,False
1767697916.56,2026-01-06 16:41:56,5,18,703,7.1%,76,NORMAL,172.0,0.0,3.3,False
1767697917.57,2026-01-06 16:41:57,5,18,703,7.2%,76,NORMAL,172.0,0.0,3.3,False
1767697918.57,2026-01-06 16:41:58,5,18,703,7.2%,76,NORMAL,172.0,0.0,3.3,False
1767697919.68,2026-01-06 16:41:59,5,18,703,7.2%,76,NORMAL,171.0,0.0,3.3,False
1767697921.31,2026-01-06 16:42:01,5,18,703,7.2%,76,NORMAL,171.0,0.0,3.4,False
1767697922.35,2026-01-06 16:42:02,5,18,703,7.2%,76,NORMAL,171.0,0.0,3.4,False
1767697923.63,2026-01-06 16:42:03,5,18,703,7.2%,76,NORMAL,170.0,0.0,3.4,False
1767697924.67,2026-01-06 16:42:04,5,18,703,7.2%,76,NORMAL,170.0,0.0,3.4,False
1767697926.05,2026-01-06 16:42:06,6,18,704,7.2%,76,NORMAL,170.0,0.0,3.4,False
1767697927.44,2026-01-06 16:42:07,6,18,704,7.3%,76,NORMAL,170.0,0.0,3.4,False
1767697928.54,2026-01-06 16:42:08,6,18,704,7.5%,76,NORMAL,169.0,0.0,3.4,False
1767697929.87,2026-01-06 16:42:09,6,18,704,7.6%,76,NORMAL,169.0,0.0,3.5,False
1767697931.28,2026-01-06 16:42:11,6,18,704,7.7%,76,NORMAL,168.0,0.0,3.5,False
1767697932.58,2026-01-06 16:42:12,6,18,704,7.8%,76,NORMAL,168.0,0.0,3.5,False
1767697933.61,2026-01-06 16:42:13,6,18,704,7.9%,76,NORMAL,166.0,0.0,3.4,False
1767697934.82,2026-01-06 16:42:14,6,18,704,8.0%,76,NORMAL,165.0,0.0,3.4,False
1767697936.12,2026-01-06 16:42:16,6,18,704,8.1%,76,NORMAL,165.0,0.0,3.4,False
1767697937.25,2026-01-06 16:42:17,5,18,704,8.2%,76,NORMAL,165.0,0.0,3.4,False
1767697938.39,2026-01-06 16:42:18,6,18,704,8.3%,76,NORMAL,164.0,0.0,3.5,False
1767697939.81,2026-01-06 16:42:19,6,18,704,8.4%,76,NORMAL,164.0,0.0,3.5,False
1767697941.13,2026-01-06 16:42:21,6,18,704,8.5%,76,NORMAL,164.0,0.0,3.5,False
1767697942.17,2026-01-06 16:42:22,6,18,704,8.5%,76,NORMAL,163.0,0.0,3.5,False
1767697943.38,2026-01-06 16:42:23,6,18,704,8.6%,76,NORMAL,163.0,0.0,3.5,False
1767697944.93,2026-01-06 16:42:24,7,18,705,8.7%,76,NORMAL,164.0,0.0,3.5,False
1767697946.09,2026-01-06 16:42:26,7,18,705,8.8%,76,NORMAL,164.0,0.0,3.5,False
1767697947.19,2026-01-06 16:42:27,6,18,705,8.9%,76,NORMAL,164.0,0.0,3.6,False
1767697948.26,2026-01-06 16:42:28,6,18,705,9.0%,76,NORMAL,164.0,0.0,3.6,False
1767697949.69,2026-01-06 16:42:29,6,18,705,9.0%,76,NORMAL,164.0,0.0,3.6,False
1767697950.85,2026-01-06 16:42:30,6,18,705,9.1%,76,NORMAL,164.0,0.0,3.5,False
1767697952.22,2026-01-06 16:42:32,5,18,705,9.1%,76,NORMAL,163.0,0.0,3.5,False
1767697953.31,2026-01-06 16:42:33,6,18,706,9.1%,76,NORMAL,163.0,0.0,3.5,False
1767697954.44,2026-01-06 16:42:34,6,18,706,9.2%,76,NORMAL,161.0,0.0,3.5,False
1767697955.52,2026-01-06 16:42:35,6,18,706,9.2%,76,NORMAL,160.0,0.0,3.5,False
1767697956.64,2026-01-06 16:42:36,6,18,706,9.3%,76,NORMAL,160.0,0.0,3.5,False
1767697957.87,2026-01-06 16:42:37,5,18,706,9.3%,76,NORMAL,158.0,0.0,3.5,False
1767697959.64,2026-01-06 16:42:39,5,18,706,9.3%,76,NORMAL,158.0,0.0,3.5,False
1767697961.29,2026-01-06 16:42:41,6,18,706,9.3%,76,NORMAL,157.0,0.0,3.4,False
1767697962.69,2026-01-06 16:42:42,6,18,706,9.4%,76,NORMAL,156.0,0.0,3.4,False
1767697964.10,2026-01-06 16:42:44,6,18,706,9.4%,76,NORMAL,156.0,0.0,3.4,False
1767697965.13,2026-01-06 16:42:45,6,18,706,9.4%,76,NORMAL,155.0,0.0,3.3,False
1767697966.30,2026-01-06 16:42:46,6,18,706,9.4%,76,NORMAL,155.0,0.0,3.3,False
1767697967.41,2026-01-06 16:42:47,6,18,706,9.4%,76,NORMAL,155.0,0.0,3.3,False
1767697968.59,2026-01-06 16:42:48,6,18,706,9.4%,76,NORMAL,155.0,0.0,3.3,False
1767697969.90,2026-01-06 16:42:49,6,18,706,9.4%,76,NORMAL,155.0,0.0,3.2,False
1767697971.48,2026-01-06 16:42:51,6,18,706,9.4%,76,NORMAL,155.0,0.0,3.2,False
1767697972.70,2026-01-06 16:42:52,6,18,706,9.4%,76,NORMAL,155.0,0.0,3.2,False
1767697974.36,2026-01-06 16:42:54,6,18,706,9.4%,76,NORMAL,155.0,0.0,3.2,False
1767697975.72,2026-01-06 16:42:55,6,18,706,9.4%,76,NORMAL,155.0,0.0,3.2,False
1767697977.07,2026-01-06 16:42:57,6,18,706,9.4%,76,NORMAL,155.0,0.0,3.1,False
1767697978.75,2026-01-06 16:42:58,6,18,707,9.4%,76,NORMAL,156.0,0.0,3.1,False
1767697979.94,2026-01-06 16:42:59,6,18,707,9.4%,76,NORMAL,156.0,0.0,3.1,False
1767697981.12,2026-01-06 16:43:01,6,18,707,9.4%,76,NORMAL,156.0,0.0,3.0,False
1767697982.34,2026-01-06 16:43:02,6,18,707,9.4%,76,NORMAL,156.0,0.0,3.0,False
1767697983.49,2026-01-06 16:43:03,6,18,707,9.4%,76,NORMAL,156.0,0.0,3.0,False
1767697984.69,2026-01-06 16:43:04,6,18,707,9.3%,76,NORMAL,156.0,0.0,3.0,False
1767697985.84,2026-01-06 16:43:05,6,18,707,9.3%,76,NORMAL,156.0,0.0,3.0,False
1767697987.13,2026-01-06 16:43:07,6,18,707,9.3%,76,NORMAL,156.0,0.0,2.9,False
1767697988.17,2026-01-06 16:43:08,7,18,708,9.4%,76,NORMAL,157.0,0.0,2.9,False
1767697989.25,2026-01-06 16:43:09,7,18,708,9.4%,76,NORMAL,157.0,0.0,2.9,False
1767697990.30,2026-01-06 16:43:10,7,18,708,9.5%,76,NORMAL,157.0,0.0,2.9,False
1767697991.43,2026-01-06 16:43:11,7,18,708,9.6%,76,NORMAL,157.0,0.0,2.8,False
1767697992.45,2026-01-06 16:43:12,8,18,709,9.7%,76,NORMAL,157.0,0.0,2.8,False
1767697993.62,2026-01-06 16:43:13,8,18,709,9.8%,76,NORMAL,157.0,0.0,2.8,False
1767697994.76,2026-01-06 16:43:14,8,18,709,9.9%,76,NORMAL,156.0,0.0,2.8,False
1767697996.34,2026-01-06 16:43:16,9,18,710,10.1%,76,NORMAL,157.0,0.0,2.8,False
1767697997.55,2026-01-06 16:43:17,8,18,710,10.2%,76,NORMAL,157.0,0.0,2.7,False
1767697998.88,2026-01-06 16:43:18,8,18,710,10.3%,76,NORMAL,157.0,0.0,2.7,False
1767698000.05,2026-01-06 16:43:20,8,18,710,10.4%,76,NORMAL,156.0,0.0,2.7,False
1767698001.29,2026-01-06 16:43:21,6,18,710,10.4%,76,NORMAL,155.0,0.0,2.7,False
1767698002.44,2026-01-06 16:43:22,6,18,710,10.4%,76,NORMAL,155.0,0.0,2.7,False
1767698003.51,2026-01-06 16:43:23,7,18,710,10.5%,76,NORMAL,154.0,0.0,2.7,False
1767698005.52,2026-01-06 16:43:25,7,18,711,10.5%,76,NORMAL,154.0,0.0,2.7,False
1767698006.87,2026-01-06 16:43:26,6,18,711,10.5%,76,NORMAL,154.0,0.0,2.7,False
1767698008.75,2026-01-06 16:43:28,6,18,711,10.5%,76,NORMAL,154.0,0.0,2.7,False
1767698009.76,2026-01-06 16:43:29,6,18,711,10.5%,76,NORMAL,154.0,0.0,2.7,False
1767698010.77,2026-01-06 16:43:30,6,18,711,10.5%,76,NORMAL,154.0,0.0,2.7,False
1767698011.88,2026-01-06 16:43:31,6,18,711,10.5%,76,NORMAL,154.0,0.0,2.7,False
1767698013.26,2026-01-06 16:43:33,6,18,711,10.5%,76,NORMAL,154.0,0.0,2.8,False
1767698014.34,2026-01-06 16:43:34,6,18,711,10.5%,76,NORMAL,154.0,0.0,2.8,False
1767698015.84,2026-01-06 16:43:35,7,18,711,10.6%,76,NORMAL,154.0,0.0,2.8,False
1767698017.03,2026-01-06 16:43:37,6,18,711,10.6%,76,NORMAL,154.0,0.0,2.8,False
1767698018.51,2026-01-06 16:43:38,7,18,711,10.6%,76,NORMAL,154.0,0.0,2.8,False
1767698019.71,2026-01-06 16:43:39,6,18,711,10.6%,76,NORMAL,153.0,0.0,2.8,False
1767698021.11,2026-01-06 16:43:41,6,18,711,10.6%,76,NORMAL,152.0,0.0,2.9,False
1767698022.58,2026-01-06 16:43:42,6,18,711,10.6%,76,NORMAL,151.0,0.0,2.9,False
1767698023.70,2026-01-06 16:43:43,5,18,711,10.6%,76,NORMAL,150.0,0.0,2.9,False
1767698025.25,2026-01-06 16:43:45,5,18,711,10.5%,76,NORMAL,150.0,0.0,2.9,False
1767698026.25,2026-01-06 16:43:46,6,18,712,10.5%,76,NORMAL,150.0,0.0,3.0,False
1767698027.38,2026-01-06 16:43:47,5,18,712,10.4%,76,NORMAL,150.0,0.0,3.0,False
1767698028.94,2026-01-06 16:43:48,5,18,712,10.3%,76,NORMAL,149.0,0.0,3.0,False
1767698030.11,2026-01-06 16:43:50,5,18,712,10.2%,76,NORMAL,149.0,0.0,3.1,False
1767698031.75,2026-01-06 16:43:51,5,18,712,10.0%,76,NORMAL,148.0,0.0,3.1,False
1767698032.83,2026-01-06 16:43:52,5,18,712,9.9%,76,NORMAL,148.0,0.0,3.1,False
1767698034.70,2026-01-06 16:43:54,6,18,712,9.8%,76,NORMAL,148.0,0.0,3.1,False
1767698036.13,2026-01-06 16:43:56,5,18,712,9.6%,76,NORMAL,146.0,0.0,3.2,False
1767698037.59,2026-01-06 16:43:57,4,18,712,9.4%,76,NORMAL,145.0,0.0,3.2,False
1767698039.07,2026-01-06 16:43:59,4,18,712,9.2%,76,NORMAL,145.0,0.0,3.2,False
1767698040.27,2026-01-06 16:44:00,4,18,712,9.0%,76,NORMAL,145.0,0.0,3.2,False
1767698041.44,2026-01-06 16:44:01,5,18,713,8.9%,76,NORMAL,146.0,0.0,3.2,False
1767698042.83,2026-01-06 16:44:02,5,18,713,8.9%,76,NORMAL,146.0,0.0,3.2,False
1767698044.34,2026-01-06 16:44:04,5,18,713,8.8%,76,NORMAL,146.0,0.0,3.2,False
1767698045.88,2026-01-06 16:44:05,4,18,713,8.6%,76,NORMAL,146.0,0.0,3.2,False
1767698047.05,2026-01-06 16:44:07,4,18,713,8.5%,76,NORMAL,146.0,0.0,3.2,False
1767698048.50,2026-01-06 16:44:08,4,18,713,8.4%,76,NORMAL,146.0,0.0,3.2,False
1767698049.52,2026-01-06 16:44:09,4,18,713,8.3%,76,NORMAL,146.0,0.0,3.2,False
1767698050.83,2026-01-06 16:44:10,4,18,713,8.2%,76,NORMAL,146.0,0.0,3.2,False
1767698051.95,2026-01-06 16:44:11,4,18,713,8.1%,76,NORMAL,146.0,0.0,3.2,False
1767698053.07,2026-01-06 16:44:13,4,18,713,8.0%,76,NORMAL,146.0,0.0,3.2,False
1767698054.35,2026-01-06 16:44:14,4,18,713,7.9%,76,NORMAL,144.0,0.0,3.2,False
1767698055.48,2026-01-06 16:44:15,6,18,716,7.8%,76,NORMAL,146.0,0.0,3.2,False
1767698056.71,2026-01-06 16:44:16,5,18,716,7.8%,76,NORMAL,146.0,0.0,3.2,False
1767698058.36,2026-01-06 16:44:18,5,18,716,7.7%,76,NORMAL,146.0,0.0,3.2,False
1767698059.63,2026-01-06 16:44:19,5,18,716,7.6%,76,NORMAL,146.0,0.0,3.2,False
1767698060.68,2026-01-06 16:44:20,5,18,716,7.6%,76,NORMAL,146.0,0.0,3.2,False
1767698061.76,2026-01-06 16:44:21,5,18,716,7.5%,76,NORMAL,145.0,0.0,3.2,False
1767698063.89,2026-01-06 16:44:23,5,18,716,7.5%,76,NORMAL,143.0,0.0,3.2,False
1767698065.47,2026-01-06 16:44:25,5,18,716,7.5%,76,NORMAL,143.0,0.0,3.1,False
1767698066.53,2026-01-06 16:44:26,5,18,716,7.5%,76,NORMAL,143.0,0.0,3.1,False
1767698067.62,2026-01-06 16:44:27,5,18,716,7.5%,76,NORMAL,142.0,0.0,3.1,False
1767698069.17,2026-01-06 16:44:29,5,18,716,7.5%,76,NORMAL,142.0,0.0,3.1,False
1767698070.62,2026-01-06 16:44:30,5,18,716,7.5%,76,NORMAL,141.0,0.0,3.1,False
1767698071.84,2026-01-06 16:44:31,4,18,716,7.4%,76,NORMAL,141.0,0.0,3.1,False
1767698073.14,2026-01-06 16:44:33,4,18,716,7.4%,76,NORMAL,141.0,0.0,3.1,False
1767698074.75,2026-01-06 16:44:34,4,18,716,7.3%,76,NORMAL,140.0,0.0,3.1,False
1767698075.87,2026-01-06 16:44:35,4,18,716,7.2%,76,NORMAL,140.0,0.0,3.0,False
1767698077.81,2026-01-06 16:44:37,4,18,716,7.2%,76,NORMAL,140.0,0.0,3.0,False
1767698078.87,2026-01-06 16:44:38,5,18,717,7.3%,76,NORMAL,140.0,0.0,3.0,False
1767698079.94,2026-01-06 16:44:39,5,18,717,7.3%,76,NORMAL,140.0,0.0,3.0,False
1767698081.33,2026-01-06 16:44:41,5,18,717,7.3%,76,NORMAL,140.0,0.0,3.0,False
1767698082.38,2026-01-06 16:44:42,5,18,717,7.3%,76,NORMAL,140.0,0.0,3.0,False
1767698083.61,2026-01-06 16:44:43,4,18,717,7.3%,76,NORMAL,140.0,0.0,3.0,False
1767698085.32,2026-01-06 16:44:45,4,18,717,7.3%,76,NORMAL,137.0,0.0,3.0,False
1767698086.53,2026-01-06 16:44:46,4,18,717,7.3%,76,NORMAL,137.0,0.0,3.0,False
1767698087.78,2026-01-06 16:44:47,3,18,717,7.2%,76,NORMAL,136.0,0.0,3.0,False
1767698088.96,2026-01-06 16:44:48,3,18,717,7.2%,76,NORMAL,136.0,0.0,3.0,False
1767698089.98,2026-01-06 16:44:49,3,18,717,7.1%,76,NORMAL,136.0,0.0,3.1,False
1767698091.09,2026-01-06 16:44:51,2,18,717,7.0%,76,NORMAL,136.0,0.0,3.1,False
1767698092.73,2026-01-06 16:44:52,3,18,717,6.9%,76,NORMAL,135.0,0.0,3.1,False
1767698093.79,2026-01-06 16:44:53,3,18,718,6.9%,76,NORMAL,135.0,0.0,3.1,False
1767698095.28,2026-01-06 16:44:55,5,18,719,6.8%,76,NORMAL,135.0,0.0,3.1,False
1767698096.44,2026-01-06 16:44:56,5,18,719,6.8%,76,NORMAL,135.0,0.0,3.1,False
1767698097.91,2026-01-06 16:44:57,5,18,719,6.8%,76,NORMAL,135.0,0.0,3.1,False
1767698098.96,2026-01-06 16:44:58,5,18,719,6.8%,76,NORMAL,134.0,0.0,3.2,False
1767698100.64,2026-01-06 16:45:00,5,18,719,6.8%,76,NORMAL,133.0,0.0,3.2,False
1767698101.72,2026-01-06 16:45:01,5,18,719,6.8%,76,NORMAL,133.0,0.0,3.2,False
1767698103.24,2026-01-06 16:45:03,5,18,719,6.8%,76,NORMAL,133.0,0.0,3.2,False
1767698104.32,2026-01-06 16:45:04,5,18,719,6.8%,76,NORMAL,133.0,0.0,3.2,False
1767698105.44,2026-01-06 16:45:05,5,18,719,6.8%,76,NORMAL,133.0,0.0,3.2,False
1767698106.56,2026-01-06 16:45:06,6,18,720,6.9%,76,NORMAL,134.0,0.0,3.2,False
1767698108.14,2026-01-06 16:45:08,6,18,720,6.9%,76,NORMAL,133.0,0.0,3.2,False
1767698109.33,2026-01-06 16:45:09,6,18,720,7.0%,76,NORMAL,132.0,0.0,3.2,False
1767698110.86,2026-01-06 16:45:10,6,18,720,7.1%,76,NORMAL,132.0,0.0,3.2,False
1767698112.23,2026-01-06 16:45:12,6,18,720,7.2%,76,NORMAL,131.0,0.0,3.1,False
1767698113.44,2026-01-06 16:45:13,6,18,720,7.3%,76,NORMAL,131.0,0.0,3.1,False
1767698114.66,2026-01-06 16:45:14,6,18,720,7.4%,76,NORMAL,130.0,0.0,3.1,False
1767698116.15,2026-01-06 16:45:16,6,18,720,7.5%,76,NORMAL,130.0,0.0,3.1,False
1767698117.31,2026-01-06 16:45:17,6,18,720,7.6%,76,NORMAL,130.0,0.0,3.1,False
1767698118.34,2026-01-06 16:45:18,7,18,721,7.7%,76,NORMAL,131.0,0.0,3.1,False
1767698120.10,2026-01-06 16:45:20,5,18,721,7.7%,76,NORMAL,131.0,0.0,3.0,False
1767698121.33,2026-01-06 16:45:21,5,18,721,7.7%,76,NORMAL,131.0,0.0,3.0,False
1767698122.46,2026-01-06 16:45:22,5,18,721,7.7%,76,NORMAL,131.0,0.0,3.0,False
1767698123.73,2026-01-06 16:45:23,5,18,721,7.8%,76,NORMAL,129.0,0.0,3.0,False
1767698125.20,2026-01-06 16:45:25,5,18,721,7.8%,76,NORMAL,129.0,0.0,3.0,False
1767698126.74,2026-01-06 16:45:26,5,18,721,7.9%,76,NORMAL,129.0,0.0,2.9,False
1767698128.30,2026-01-06 16:45:28,5,18,721,8.0%,76,NORMAL,129.0,0.0,2.9,False
1767698129.34,2026-01-06 16:45:29,5,18,721,8.1%,76,NORMAL,128.0,0.0,2.9,False
1767698131.58,2026-01-06 16:45:31,5,18,721,8.3%,76,NORMAL,127.0,0.0,2.9,False
1767698132.63,2026-01-06 16:45:32,5,18,721,8.4%,76,NORMAL,126.0,0.0,2.8,False
1767698134.33,2026-01-06 16:45:34,5,18,721,8.5%,76,NORMAL,126.0,0.0,2.8,False
1767698135.71,2026-01-06 16:45:35,5,18,721,8.5%,76,NORMAL,126.0,0.0,2.8,False
1767698136.74,2026-01-06 16:45:36,6,18,721,8.5%,76,NORMAL,126.0,0.0,2.7,False
1767698137.75,2026-01-06 16:45:37,6,18,721,8.6%,76,NORMAL,126.0,0.0,2.7,False
1767698138.96,2026-01-06 16:45:38,6,18,721,8.7%,76,NORMAL,124.0,0.0,2.7,False
1767698140.29,2026-01-06 16:45:40,6,18,721,8.7%,76,NORMAL,124.0,0.0,2.6,False
1767698142.08,2026-01-06 16:45:42,6,18,721,8.8%,76,NORMAL,122.0,0.0,2.6,False
1767698143.23,2026-01-06 16:45:43,6,18,721,8.8%,76,NORMAL,122.0,0.0,2.6,False
1767698144.74,2026-01-06 16:45:44,6,18,721,8.9%,76,NORMAL,122.0,0.0,2.6,False
1767698146.10,2026-01-06 16:45:46,6,18,721,8.9%,76,NORMAL,121.0,0.0,2.5,False
1767698147.12,2026-01-06 16:45:47,6,18,721,8.9%,76,NORMAL,119.0,0.0,2.5,False
1767698148.53,2026-01-06 16:45:48,6,18,721,8.9%,76,NORMAL,117.0,0.0,2.5,False
1767698149.83,2026-01-06 16:45:49,6,18,721,8.9%,76,NORMAL,117.0,0.0,2.5,False
1767698151.48,2026-01-06 16:45:51,6,18,721,8.9%,76,NORMAL,117.0,0.0,2.5,False
1767698152.49,2026-01-06 16:45:52,6,18,721,8.9%,76,NORMAL,117.0,0.0,2.4,False
1767698153.53,2026-01-06 16:45:53,7,18,722,9.0%,76,NORMAL,116.0,0.0,2.4,False
1767698154.67,2026-01-06 16:45:54,7,18,722,9.0%,76,NORMAL,115.0,0.0,2.4,False
1767698156.23,2026-01-06 16:45:56,7,18,722,9.1%,76,NORMAL,115.0,0.0,2.4,False
1767698158.04,2026-01-06 16:45:58,8,18,723,9.2%,76,NORMAL,116.0,0.0,2.4,False
1767698160.06,2026-01-06 16:46:00,8,18,723,9.2%,76,NORMAL,116.0,0.0,2.4,False
1767698161.62,2026-01-06 16:46:01,9,18,724,9.4%,76,NORMAL,116.0,0.0,2.4,False
1767698162.69,2026-01-06 16:46:02,8,18,724,9.6%,76,NORMAL,116.0,0.0,2.4,False
1767698163.71,2026-01-06 16:46:03,7,18,724,9.7%,76,NORMAL,116.0,0.0,2.4,False
1767698165.01,2026-01-06 16:46:05,7,18,724,9.8%,76,NORMAL,116.0,0.0,2.4,False
1767698166.36,2026-01-06 16:46:06,7,18,724,9.9%,76,NORMAL,116.0,0.0,2.4,False
1767698167.37,2026-01-06 16:46:07,7,18,724,10.0%,76,NORMAL,116.0,0.0,2.4,False
1767698168.42,2026-01-06 16:46:08,7,18,724,10.1%,76,NORMAL,116.0,0.0,2.4,False
1767698169.57,2026-01-06 16:46:09,7,18,724,10.2%,76,NORMAL,116.0,0.0,2.4,False
1767698170.68,2026-01-06 16:46:10,7,18,724,10.3%,76,NORMAL,116.0,0.0,2.4,False
1767698172.06,2026-01-06 16:46:12,6,18,724,10.3%,76,NORMAL,116.0,0.0,2.4,False
1767698173.13,2026-01-06 16:46:13,8,18,725,10.5%,76,NORMAL,116.0,0.0,2.4,False
1767698174.26,2026-01-06 16:46:14,7,18,725,10.6%,76,NORMAL,116.0,0.0,2.4,False
1767698175.46,2026-01-06 16:46:15,7,18,725,10.6%,76,NORMAL,116.0,0.0,2.4,False
1767698176.64,2026-01-06 16:46:16,6,18,725,10.6%,76,NORMAL,116.0,0.0,2.5,False
1767698178.26,2026-01-06 16:46:18,6,18,725,10.6%,76,NORMAL,116.0,0.0,2.5,False
1767698179.66,2026-01-06 16:46:19,6,18,726,10.6%,76,NORMAL,117.0,0.0,2.5,False
1767698180.77,2026-01-06 16:46:20,6,18,726,10.6%,76,NORMAL,116.0,0.0,2.5,False
1767698182.04,2026-01-06 16:46:22,5,18,726,10.6%,76,NORMAL,116.0,0.0,2.5,False
1767698183.68,2026-01-06 16:46:23,6,18,726,10.6%,76,NORMAL,114.0,0.0,2.6,False
1767698184.86,2026-01-06 16:46:24,6,18,726,10.6%,76,NORMAL,114.0,0.0,2.6,False
1767698186.62,2026-01-06 16:46:26,6,18,726,10.6%,76,NORMAL,113.0,0.0,2.6,False
1767698187.99,2026-01-06 16:46:27,6,18,726,10.6%,76,NORMAL,113.0,0.0,2.6,False
1767698189.04,2026-01-06 16:46:29,7,18,727,10.6%,76,NORMAL,114.0,0.0,2.6,False
1767698190.98,2026-01-06 16:46:30,7,18,727,10.7%,76,NORMAL,113.0,0.0,2.7,False
1767698192.33,2026-01-06 16:46:32,7,18,728,10.7%,76,NORMAL,114.0,0.0,2.7,False
1767698193.50,2026-01-06 16:46:33,9,18,729,10.8%,76,NORMAL,115.0,0.0,2.7,False
1767698194.57,2026-01-06 16:46:34,8,18,729,10.9%,76,NORMAL,115.0,0.0,2.7,False
1767698195.62,2026-01-06 16:46:35,8,18,729,10.9%,76,NORMAL,115.0,0.0,2.7,False
1767698196.75,2026-01-06 16:46:36,8,18,729,10.9%,76,NORMAL,115.0,0.0,2.7,False
1767698197.89,2026-01-06 16:46:37,8,18,729,10.9%,76,NORMAL,113.0,0.0,2.8,False
1767698199.22,2026-01-06 16:46:39,7,18,729,10.8%,76,NORMAL,113.0,0.0,2.8,False
1767698200.40,2026-01-06 16:46:40,7,18,729,10.8%,76,NORMAL,113.0,0.0,2.8,False
1767698201.64,2026-01-06 16:46:41,7,18,729,10.8%,76,NORMAL,112.0,0.0,2.8,False
1767698202.78,2026-01-06 16:46:42,7,18,729,10.8%,76,NORMAL,111.0,0.0,2.8,False
1767698204.34,2026-01-06 16:46:44,6,18,729,10.7%,76,NORMAL,111.0,0.0,2.8,False
1767698205.38,2026-01-06 16:46:45,6,18,730,10.7%,76,NORMAL,112.0,0.0,2.8,False
1767698207.05,2026-01-06 16:46:47,5,18,730,10.6%,76,NORMAL,112.0,0.0,2.8,False
1767698208.49,2026-01-06 16:46:48,4,18,730,10.4%,76,NORMAL,110.0,0.0,2.8,False
1767698209.52,2026-01-06 16:46:49,4,18,730,10.3%,76,NORMAL,109.0,0.0,2.8,False
1767698210.55,2026-01-06 16:46:50,5,18,730,10.2%,76,NORMAL,109.0,0.0,2.8,False
1767698211.67,2026-01-06 16:46:51,5,18,730,10.1%,76,NORMAL,109.0,0.0,2.8,False
1767698213.54,2026-01-06 16:46:53,5,18,731,10.0%,76,NORMAL,110.0,0.0,2.9,False
1767698215.07,2026-01-06 16:46:55,5,18,731,9.9%,76,NORMAL,110.0,0.0,2.9,False
1767698216.08,2026-01-06 16:46:56,5,18,731,9.8%,76,NORMAL,109.0,0.0,2.8,False
1767698217.47,2026-01-06 16:46:57,4,18,731,9.7%,76,NORMAL,109.0,0.0,2.8,False
1767698218.73,2026-01-06 16:46:58,4,18,731,9.6%,76,NORMAL,109.0,0.0,2.8,False
1767698220.17,2026-01-06 16:47:00,3,18,731,9.5%,76,NORMAL,108.0,0.0,2.8,False
1767698221.29,2026-01-06 16:47:01,3,18,731,9.3%,76,NORMAL,106.0,0.0,2.8,False
1767698223.32,2026-01-06 16:47:03,4,18,731,9.2%,76,NORMAL,106.0,0.0,2.8,False
1767698224.59,2026-01-06 16:47:04,4,18,731,9.1%,76,NORMAL,106.0,0.0,2.8,False
1767698225.77,2026-01-06 16:47:05,4,18,731,9.0%,76,NORMAL,106.0,0.0,2.8,False
1767698226.85,2026-01-06 16:47:06,4,18,731,8.9%,76,NORMAL,106.0,0.0,2.8,False
1767698228.15,2026-01-06 16:47:08,4,18,731,8.8%,76,NORMAL,106.0,0.0,2.8,False
1767698229.59,2026-01-06 16:47:09,4,18,731,8.6%,76,NORMAL,106.0,0.0,2.8,False
1767698230.82,2026-01-06 16:47:10,4,18,731,8.5%,76,NORMAL,106.0,0.0,2.8,False
1767698232.03,2026-01-06 16:47:12,4,18,731,8.2%,76,NORMAL,106.0,0.0,2.8,False
1767698233.06,2026-01-06 16:47:13,4,18,731,8.0%,76,NORMAL,106.0,0.0,2.8,False
1767698234.56,2026-01-06 16:47:14,4,18,731,7.8%,76,NORMAL,106.0,0.0,2.8,False
1767698236.08,2026-01-06 16:47:16,4,18,731,7.6%,76,NORMAL,106.0,0.0,2.8,False
1767698237.46,2026-01-06 16:47:17,5,18,732,7.5%,76,NORMAL,107.0,0.0,2.8,False
1767698238.69,2026-01-06 16:47:18,5,18,732,7.4%,76,NORMAL,105.0,0.0,2.9,False
1767698240.26,2026-01-06 16:47:20,5,18,732,7.3%,76,NORMAL,105.0,0.0,2.9,False
1767698241.82,2026-01-06 16:47:21,5,18,732,7.2%,76,NORMAL,104.0,0.0,2.9,False
1767698243.27,2026-01-06 16:47:23,5,18,732,7.1%,76,NORMAL,104.0,0.0,2.9,False
1767698244.37,2026-01-06 16:47:24,4,18,732,7.0%,76,NORMAL,104.0,0.0,2.9,False
1767698245.76,2026-01-06 16:47:25,5,18,733,6.9%,76,NORMAL,103.0,0.0,2.9,False
1767698246.91,2026-01-06 16:47:26,5,18,733,6.9%,76,NORMAL,103.0,0.0,2.9,False
1767698248.02,2026-01-06 16:47:28,5,18,733,7.0%,76,NORMAL,103.0,0.0,2.9,False
1767698249.49,2026-01-06 16:47:29,6,18,733,7.1%,76,NORMAL,102.0,0.0,2.9,False
1767698250.61,2026-01-06 16:47:30,6,18,733,7.1%,76,NORMAL,101.0,0.0,2.9,False
1767698252.32,2026-01-06 16:47:32,5,18,733,7.1%,76,NORMAL,100.0,0.0,2.9,False
1767698253.87,2026-01-06 16:47:33,5,18,733,7.1%,76,NORMAL,100.0,0.0,2.9,False
1767698255.14,2026-01-06 16:47:35,5,18,733,7.1%,76,NORMAL,99.0,0.0,2.9,False
1767698256.43,2026-01-06 16:47:36,5,18,733,7.1%,76,NORMAL,99.0,0.0,2.9,False
1767698257.80,2026-01-06 16:47:37,6,18,733,7.2%,76,NORMAL,99.0,0.0,2.9,False
1767698259.23,2026-01-06 16:47:39,6,18,733,7.3%,76,NORMAL,98.0,0.0,2.9,False
1767698260.30,2026-01-06 16:47:40,6,18,733,7.5%,76,NORMAL,97.0,0.0,2.9,False
1767698261.85,2026-01-06 16:47:41,6,18,733,7.6%,76,NORMAL,97.0,0.0,2.9,False
1767698262.99,2026-01-06 16:47:42,6,18,733,7.7%,76,NORMAL,97.0,0.0,2.9,False
1767698264.11,2026-01-06 16:47:44,6,18,733,7.8%,76,NORMAL,95.0,0.0,2.9,False
1767698265.47,2026-01-06 16:47:45,6,18,733,7.9%,76,NORMAL,95.0,0.0,2.9,False
1767698269.96,2026-01-06 16:47:49,6,18,733,8.0%,76,NORMAL,95.0,0.0,2.9,False
1767698271.66,2026-01-06 16:47:51,6,18,733,8.1%,76,NORMAL,95.0,0.0,2.9,False
1767698272.84,2026-01-06 16:47:52,6,18,733,8.2%,76,NORMAL,94.0,0.0,2.9,False
1767698274.49,2026-01-06 16:47:54,7,18,734,8.4%,76,NORMAL,94.0,0.0,2.9,False
1767698275.69,2026-01-06 16:47:55,7,18,734,8.5%,76,NORMAL,94.0,0.0,2.9,False
1767698276.96,2026-01-06 16:47:56,6,18,734,8.6%,76,NORMAL,94.0,0.0,2.9,False
1767698277.96,2026-01-06 16:47:57,6,18,734,8.8%,76,NORMAL,91.0,0.0,2.9,False
1767698279.15,2026-01-06 16:47:59,5,18,734,8.8%,76,NORMAL,91.0,0.0,2.9,False
1767698280.57,2026-01-06 16:48:00,5,18,734,8.8%,76,NORMAL,90.0,0.0,2.9,False
1767698281.90,2026-01-06 16:48:01,5,18,734,8.8%,76,NORMAL,90.0,0.0,2.9,False
1767698282.98,2026-01-06 16:48:02,5,18,734,8.8%,76,NORMAL,89.0,0.0,3.0,False
1767698284.15,2026-01-06 16:48:04,5,18,734,8.8%,76,NORMAL,89.0,0.0,3.0,False
1767698285.25,2026-01-06 16:48:05,5,18,734,8.8%,76,NORMAL,89.0,0.0,3.0,False
1767698286.97,2026-01-06 16:48:06,5,18,734,8.9%,76,NORMAL,87.0,0.0,3.1,False
1767698288.43,2026-01-06 16:48:08,5,18,734,8.9%,76,NORMAL,87.0,0.0,3.1,False
1767698289.83,2026-01-06 16:48:09,4,18,734,8.8%,76,NORMAL,86.0,0.0,3.1,False
1767698291.10,2026-01-06 16:48:11,3,18,734,8.7%,76,NORMAL,85.0,0.0,3.1,False
1767698292.45,2026-01-06 16:48:12,3,18,734,8.5%,76,NORMAL,83.0,0.0,3.1,False
1767698293.62,2026-01-06 16:48:13,3,18,734,8.4%,76,NORMAL,83.0,0.0,3.1,False
1767698294.75,2026-01-06 16:48:14,3,18,734,8.3%,76,NORMAL,82.0,0.0,3.2,False
1767698296.42,2026-01-06 16:48:16,3,18,734,8.2%,76,NORMAL,82.0,0.0,3.2,False
1767698297.52,2026-01-06 16:48:17,3,18,734,8.1%,76,NORMAL,82.0,0.0,3.2,False
1767698299.16,2026-01-06 16:48:19,4,18,734,8.0%,76,NORMAL,82.0,0.0,3.3,False
1767698300.57,2026-01-06 16:48:20,4,18,734,7.9%,76,NORMAL,81.0,0.0,3.3,False
1767698301.88,2026-01-06 16:48:21,4,18,734,7.8%,76,NORMAL,80.0,0.0,3.3,False
1767698302.92,2026-01-06 16:48:22,4,18,734,7.7%,76,NORMAL,78.0,0.0,3.3,False
1767698304.34,2026-01-06 16:48:24,4,18,734,7.6%,76,NORMAL,78.0,0.0,3.3,False
1767698305.70,2026-01-06 16:48:25,4,18,734,7.5%,76,NORMAL,78.0,0.0,3.4,False
1767698307.03,2026-01-06 16:48:27,4,18,734,7.4%,76,NORMAL,78.0,0.0,3.4,False
1767698308.32,2026-01-06 16:48:28,5,18,735,7.4%,76,NORMAL,79.0,0.0,3.5,False
1767698309.58,2026-01-06 16:48:29,5,18,735,7.3%,76,NORMAL,79.0,0.0,3.5,False
1767698310.61,2026-01-06 16:48:30,5,18,735,7.3%,76,NORMAL,79.0,0.0,3.5,False
1767698311.90,2026-01-06 16:48:31,5,18,735,7.2%,76,NORMAL,79.0,0.0,3.6,False
1767698313.28,2026-01-06 16:48:33,5,18,735,7.1%,76,NORMAL,79.0,0.0,3.6,False
1767698314.85,2026-01-06 16:48:34,5,18,735,7.0%,76,NORMAL,78.0,0.0,3.6,False
1767698316.02,2026-01-06 16:48:36,5,18,735,6.9%,76,NORMAL,78.0,0.0,3.6,False
1767698317.24,2026-01-06 16:48:37,5,18,735,6.9%,76,NORMAL,76.0,0.0,3.6,False
1767698318.76,2026-01-06 16:48:38,6,18,736,6.9%,76,NORMAL,77.0,0.0,3.6,False
1767698319.96,2026-01-06 16:48:39,6,18,736,7.0%,76,NORMAL,76.0,0.0,3.6,False
1767698321.08,2026-01-06 16:48:41,7,18,737,7.1%,76,NORMAL,77.0,0.0,3.5,False
1767698322.21,2026-01-06 16:48:42,7,18,737,7.2%,76,NORMAL,75.0,0.0,3.5,False
1767698323.86,2026-01-06 16:48:43,7,18,737,7.3%,76,NORMAL,75.0,0.0,3.5,False
1767698325.01,2026-01-06 16:48:45,6,18,737,7.4%,76,NORMAL,75.0,0.0,3.5,False
1767698326.09,2026-01-06 16:48:46,6,18,737,7.4%,76,NORMAL,74.0,0.0,3.5,False
1767698327.91,2026-01-06 16:48:47,6,18,737,7.5%,76,NORMAL,74.0,0.0,3.5,False
1767698329.42,2026-01-06 16:48:49,6,18,737,7.6%,76,NORMAL,73.0,0.0,3.5,False
1767698330.84,2026-01-06 16:48:50,5,18,737,7.7%,76,NORMAL,73.0,0.0,3.5,False
1767698331.93,2026-01-06 16:48:51,5,18,737,7.8%,76,NORMAL,73.0,0.0,3.5,False
1767698333.43,2026-01-06 16:48:53,5,18,737,7.9%,76,NORMAL,72.0,0.0,3.5,False
1767698334.81,2026-01-06 16:48:54,6,18,738,8.0%,76,NORMAL,73.0,0.0,3.5,False
1767698335.96,2026-01-06 16:48:55,6,18,738,8.2%,76,NORMAL,71.0,0.0,3.5,False
1767698336.97,2026-01-06 16:48:56,6,18,738,8.3%,76,NORMAL,71.0,0.0,3.4,False
1767698338.57,2026-01-06 16:48:58,6,18,739,8.4%,76,NORMAL,72.0,0.0,3.4,False
1767698339.59,2026-01-06 16:48:59,6,18,739,8.5%,76,NORMAL,72.0,0.0,3.4,False
1767698340.73,2026-01-06 16:49:00,7,18,741,8.7%,76,NORMAL,74.0,0.0,3.4,False
1767698341.80,2026-01-06 16:49:01,7,18,741,8.9%,76,NORMAL,74.0,0.0,3.4,False
1767698343.06,2026-01-06 16:49:03,7,18,741,9.0%,76,NORMAL,74.0,0.0,3.4,False
1767698344.57,2026-01-06 16:49:04,7,18,741,9.2%,76,NORMAL,74.0,0.0,3.4,False
1767698345.64,2026-01-06 16:49:05,7,18,741,9.3%,76,NORMAL,74.0,0.0,3.4,False
1767698347.03,2026-01-06 16:49:07,7,18,741,9.4%,76,NORMAL,74.0,0.0,3.4,False
1767698348.54,2026-01-06 16:49:08,7,18,741,9.5%,76,NORMAL,73.0,0.0,3.4,False
1767698349.89,2026-01-06 16:49:09,7,18,741,9.6%,76,NORMAL,73.0,0.0,3.4,False
1767698351.36,2026-01-06 16:49:11,7,18,741,9.7%,76,NORMAL,73.0,0.0,3.3,False
1767698352.43,2026-01-06 16:49:12,8,18,742,9.9%,76,NORMAL,74.0,0.0,3.3,False
1767698353.96,2026-01-06 16:49:13,8,18,742,10.0%,76,NORMAL,73.0,0.0,3.3,False
1767698355.63,2026-01-06 16:49:15,8,18,742,10.2%,76,NORMAL,72.0,0.0,3.2,False
1767698356.63,2026-01-06 16:49:16,8,18,742,10.3%,76,NORMAL,72.0,0.0,3.2,False
1767698357.86,2026-01-06 16:49:17,8,18,742,10.4%,76,NORMAL,72.0,0.0,3.2,False
1767698359.20,2026-01-06 16:49:19,8,18,742,10.5%,76,NORMAL,72.0,0.0,3.2,False
1767698360.51,2026-01-06 16:49:20,8,18,742,10.6%,76,NORMAL,72.0,0.0,3.2,False
1767698361.79,2026-01-06 16:49:21,7,18,742,10.6%,76,NORMAL,72.0,0.0,3.2,False
1767698363.43,2026-01-06 16:49:23,9,18,743,10.7%,76,NORMAL,73.0,0.0,3.2,False
1767698364.67,2026-01-06 16:49:24,9,18,743,10.8%,76,NORMAL,73.0,0.0,3.2,False
1767698366.18,2026-01-06 16:49:26,11,18,745,11.1%,76,NORMAL,75.0,0.0,3.3,False
1767698367.38,2026-01-06 16:49:27,10,18,746,11.3%,76,NORMAL,76.0,0.0,3.2,False
1767698368.87,2026-01-06 16:49:28,9,18,746,11.4%,76,NORMAL,76.0,0.0,3.2,False
1767698370.42,2026-01-06 16:49:30,9,18,747,11.6%,76,NORMAL,77.0,0.0,3.2,False
1767698371.78,2026-01-06 16:49:31,9,18,747,11.8%,76,NORMAL,76.0,0.0,3.2,False
1767698373.02,2026-01-06 16:49:33,10,18,747,12.1%,76,NORMAL,76.0,0.0,3.2,False
1767698374.56,2026-01-06 16:49:34,9,18,747,12.2%,76,NORMAL,76.0,0.0,3.2,False
1767698376.07,2026-01-06 16:49:36,10,18,748,12.4%,76,NORMAL,77.0,0.0,3.2,False
1767698377.34,2026-01-06 16:49:37,11,18,748,12.7%,76,NORMAL,77.0,0.0,3.2,False
1767698379.52,2026-01-06 16:49:39,10,18,748,12.9%,76,NORMAL,76.0,0.0,3.2,False
1767698380.82,2026-01-06 16:49:40,10,18,748,13.1%,76,NORMAL,76.0,0.0,3.2,False
1767698382.34,2026-01-06 16:49:42,10,18,748,13.2%,76,NORMAL,76.0,0.0,3.2,False
1767698383.82,2026-01-06 16:49:43,10,18,748,13.4%,76,NORMAL,76.0,0.0,3.2,False
1767698385.21,2026-01-06 16:49:45,9,18,748,13.5%,76,NORMAL,76.0,0.0,3.1,False
1767698386.27,2026-01-06 16:49:46,10,18,749,13.6%,76,NORMAL,77.0,0.0,3.1,False
1767698388.03,2026-01-06 16:49:48,10,18,750,13.8%,76,NORMAL,77.0,0.0,3.1,False
1767698389.20,2026-01-06 16:49:49,9,18,750,13.9%,76,NORMAL,77.0,0.0,3.1,False
1767698390.68,2026-01-06 16:49:50,10,18,751,14.0%,76,NORMAL,78.0,0.0,3.1,False
1767698392.26,2026-01-06 16:49:52,12,18,752,14.3%,76,NORMAL,79.0,0.0,3.0,False
1767698393.64,2026-01-06 16:49:53,10,18,752,14.4%,76,NORMAL,79.0,0.0,3.0,False
1767698395.13,2026-01-06 16:49:55,10,18,752,14.5%,76,NORMAL,79.0,0.0,3.0,False
1767698396.73,2026-01-06 16:49:56,10,18,752,14.6%,76,NORMAL,79.0,0.0,3.0,False
1767698398.17,2026-01-06 16:49:58,10,18,752,14.7%,76,NORMAL,79.0,0.0,3.0,False
1767698399.21,2026-01-06 16:49:59,9,18,752,14.8%,76,NORMAL,79.0,0.0,2.9,False
1767698400.55,2026-01-06 16:50:00,8,18,752,14.8%,76,NORMAL,79.0,0.0,2.9,False
1767698401.58,2026-01-06 16:50:01,8,18,752,14.8%,76,NORMAL,79.0,0.0,2.9,False
1767698403.41,2026-01-06 16:50:03,8,18,752,14.8%,76,NORMAL,79.0,0.0,2.9,False
1767698404.96,2026-01-06 16:50:04,7,18,753,14.8%,76,NORMAL,80.0,0.0,2.9,False
1767698406.69,2026-01-06 16:50:06,7,18,753,14.7%,76,NORMAL,79.0,0.0,2.9,False
1767698407.84,2026-01-06 16:50:07,7,18,753,14.6%,76,NORMAL,79.0,0.0,2.9,False
1767698409.61,2026-01-06 16:50:09,9,18,754,14.5%,76,NORMAL,80.0,0.0,2.8,False
1767698410.92,2026-01-06 16:50:10,7,18,754,14.3%,76,NORMAL,80.0,0.0,2.8,False
1767698412.07,2026-01-06 16:50:12,7,18,754,14.2%,76,NORMAL,80.0,0.0,2.8,False
1767698413.39,2026-01-06 16:50:13,6,18,754,14.1%,76,NORMAL,80.0,0.0,2.8,False
1767698414.71,2026-01-06 16:50:14,6,18,754,13.9%,76,NORMAL,80.0,0.0,2.7,False
1767698415.86,2026-01-06 16:50:15,6,18,754,13.7%,76,NORMAL,80.0,0.0,2.7,False
1767698417.18,2026-01-06 16:50:17,6,18,754,13.6%,76,NORMAL,80.0,0.0,2.7,False
1767698418.54,2026-01-06 16:50:18,6,18,754,13.4%,76,NORMAL,79.0,0.0,2.7,False
1767698419.56,2026-01-06 16:50:19,7,18,754,13.2%,76,NORMAL,79.0,0.0,2.6,False
1767698420.96,2026-01-06 16:50:20,8,18,755,13.1%,76,NORMAL,80.0,0.0,2.6,False
1767698422.07,2026-01-06 16:50:22,9,18,756,13.0%,76,NORMAL,81.0,0.0,2.6,False
1767698423.31,2026-01-06 16:50:23,8,18,756,12.9%,76,NORMAL,81.0,0.0,2.6,False
1767698424.51,2026-01-06 16:50:24,8,18,756,12.8%,76,NORMAL,81.0,0.0,2.6,False
1767698426.01,2026-01-06 16:50:26,7,18,756,12.7%,76,NORMAL,81.0,0.0,2.6,False
1767698427.46,2026-01-06 16:50:27,7,18,756,12.6%,76,NORMAL,81.0,0.0,2.6,False
1767698428.58,2026-01-06 16:50:28,9,18,757,12.5%,76,NORMAL,82.0,0.0,2.6,False
1767698429.79,2026-01-06 16:50:29,8,18,757,12.5%,76,NORMAL,82.0,0.0,2.6,False
1767698431.16,2026-01-06 16:50:31,8,18,757,12.4%,76,NORMAL,82.0,0.0,2.6,False
1767698432.19,2026-01-06 16:50:32,8,18,757,12.2%,76,NORMAL,81.0,0.0,2.6,False
1767698433.28,2026-01-06 16:50:33,8,18,757,12.1%,76,NORMAL,80.0,0.0,2.7,False
1767698434.65,2026-01-06 16:50:34,8,18,757,12.0%,76,NORMAL,80.0,0.0,2.7,False
1767698435.79,2026-01-06 16:50:35,9,18,758,11.9%,76,NORMAL,81.0,0.0,2.6,False
1767698436.89,2026-01-06 16:50:36,8,18,758,11.8%,76,NORMAL,80.0,0.0,2.7,False
1767698438.18,2026-01-06 16:50:38,8,18,759,11.8%,76,NORMAL,81.0,0.0,2.7,False
1767698439.46,2026-01-06 16:50:39,9,18,760,11.8%,76,NORMAL,82.0,0.0,2.7,False
1767698441.69,2026-01-06 16:50:41,10,18,762,11.9%,76,NORMAL,84.0,0.0,2.7,False
1767698443.65,2026-01-06 16:50:43,12,18,765,12.1%,76,NORMAL,85.0,0.0,2.7,False
1767698445.12,2026-01-06 16:50:45,10,18,765,12.3%,76,NORMAL,85.0,0.0,2.7,False
1767698446.53,2026-01-06 16:50:46,10,18,765,12.4%,76,NORMAL,85.0,0.0,2.7,False
1767698447.65,2026-01-06 16:50:47,10,18,766,12.6%,76,NORMAL,86.0,0.0,2.7,False
1767698449.26,2026-01-06 16:50:49,11,18,767,12.7%,76,NORMAL,85.0,0.0,2.8,False
1767698450.66,2026-01-06 16:50:50,11,18,767,12.9%,76,NORMAL,85.0,0.0,2.8,False
1767698451.80,2026-01-06 16:50:51,12,18,767,13.1%,76,NORMAL,85.0,0.0,2.8,False
1767698453.37,2026-01-06 16:50:53,13,18,768,13.5%,76,NORMAL,86.0,0.0,2.8,False
1767698454.95,2026-01-06 16:50:54,15,18,769,13.9%,76,NORMAL,87.0,0.0,2.8,False
1767698456.61,2026-01-06 16:50:56,14,18,769,14.3%,76,NORMAL,87.0,0.0,2.9,False
1767698458.16,2026-01-06 16:50:58,13,18,769,14.6%,76,NORMAL,87.0,0.0,2.9,False
1767698459.36,2026-01-06 16:50:59,14,18,769,15.0%,76,NORMAL,87.0,0.0,2.9,False
1767698460.60,2026-01-06 16:51:00,13,18,769,15.3%,76,NORMAL,87.0,0.0,2.9,False
1767698461.94,2026-01-06 16:51:01,14,18,769,15.6%,76,NORMAL,87.0,0.0,2.9,False
1767698463.72,2026-01-06 16:51:03,13,18,770,15.8%,76,NORMAL,87.0,0.0,2.9,False
1767698464.73,2026-01-06 16:51:04,14,18,770,16.1%,76,NORMAL,87.0,0.0,2.9,False
1767698466.05,2026-01-06 16:51:06,13,18,770,16.3%,76,NORMAL,87.0,0.0,2.9,False
1767698467.38,2026-01-06 16:51:07,13,18,770,16.6%,76,NORMAL,87.0,0.0,2.9,False
1767698468.71,2026-01-06 16:51:08,14,18,770,16.9%,76,NORMAL,87.0,0.0,2.9,False
1767698469.91,2026-01-06 16:51:09,14,18,770,17.2%,76,NORMAL,87.0,0.0,2.9,False
1767698471.38,2026-01-06 16:51:11,15,18,770,17.5%,76,NORMAL,87.0,0.0,2.9,False
1767698473.58,2026-01-06 16:51:13,13,18,770,17.8%,76,NORMAL,87.0,0.0,2.9,False
1767698475.12,2026-01-06 16:51:15,12,18,770,17.9%,76,NORMAL,87.0,0.0,2.9,False
1767698476.73,2026-01-06 16:51:16,11,18,770,18.1%,76,NORMAL,87.0,0.0,2.9,False
1767698477.89,2026-01-06 16:51:17,12,18,771,18.3%,76,NORMAL,88.0,0.0,2.9,False
1767698479.18,2026-01-06 16:51:19,11,18,771,18.4%,76,NORMAL,88.0,0.0,2.9,False
1767698480.24,2026-01-06 16:51:20,11,18,771,18.5%,76,NORMAL,88.0,0.0,2.9,False
1767698481.56,2026-01-06 16:51:21,12,18,771,18.7%,76,NORMAL,88.0,0.0,2.9,False
1767698482.60,2026-01-06 16:51:22,12,18,771,18.9%,76,NORMAL,88.0,0.0,2.9,False
1767698483.93,2026-01-06 16:51:23,10,18,771,18.9%,76,NORMAL,88.0,0.0,2.9,False
1767698484.99,2026-01-06 16:51:24,10,18,771,18.8%,76,NORMAL,88.0,0.0,2.9,False
1767698486.45,2026-01-06 16:51:26,10,18,771,18.8%,76,NORMAL,88.0,0.0,2.9,False
1767698487.67,2026-01-06 16:51:27,8,18,771,18.7%,76,NORMAL,88.0,0.0,2.9,False
1767698488.68,2026-01-06 16:51:28,8,18,773,18.6%,76,NORMAL,90.0,0.0,2.9,False
1767698489.81,2026-01-06 16:51:29,7,18,773,18.4%,76,NORMAL,90.0,0.0,2.9,False
1767698491.60,2026-01-06 16:51:31,5,18,773,18.1%,76,NORMAL,90.0,0.0,2.9,False
1767698492.79,2026-01-06 16:51:32,4,18,773,17.7%,76,NORMAL,90.0,0.0,2.8,False
1767698494.21,2026-01-06 16:51:34,4,18,773,17.2%,76,NORMAL,90.0,0.0,2.8,False
1767698495.30,2026-01-06 16:51:35,4,18,773,16.7%,76,NORMAL,90.0,0.0,2.8,False
1767698496.39,2026-01-06 16:51:36,6,18,773,16.3%,76,NORMAL,90.0,0.0,2.8,False
1767698497.83,2026-01-06 16:51:37,5,18,773,15.9%,76,NORMAL,90.0,0.0,2.8,False
1767698499.27,2026-01-06 16:51:39,5,18,773,15.5%,76,NORMAL,90.0,0.0,2.8,False
1767698500.85,2026-01-06 16:51:40,6,18,775,15.1%,76,NORMAL,92.0,0.0,2.8,False
1767698501.98,2026-01-06 16:51:41,5,18,776,14.7%,76,NORMAL,93.0,0.0,2.8,False
1767698503.60,2026-01-06 16:51:43,7,18,776,14.4%,76,NORMAL,93.0,0.0,2.8,False
1767698504.83,2026-01-06 16:51:44,7,18,777,14.1%,76,NORMAL,94.0,0.0,2.7,False
1767698505.93,2026-01-06 16:51:45,9,18,777,13.9%,76,NORMAL,94.0,0.0,2.7,False
1767698506.96,2026-01-06 16:51:46,10,18,778,13.7%,76,NORMAL,95.0,0.0,2.7,False
1767698508.52,2026-01-06 16:51:48,10,18,779,13.5%,76,NORMAL,96.0,0.0,2.7,False
1767698509.77,2026-01-06 16:51:49,11,18,781,13.4%,76,NORMAL,98.0,0.0,2.7,False
1767698510.95,2026-01-06 16:51:50,10,18,781,13.2%,76,NORMAL,98.0,0.0,2.7,False
1767698512.13,2026-01-06 16:51:52,10,18,781,13.0%,76,NORMAL,98.0,0.0,2.7,False
1767698513.71,2026-01-06 16:51:53,10,18,781,12.9%,76,NORMAL,98.0,0.0,2.7,False
1767698514.80,2026-01-06 16:51:54,9,18,781,12.8%,76,NORMAL,98.0,0.0,2.7,False
1767698515.93,2026-01-06 16:51:55,9,18,781,12.7%,76,NORMAL,98.0,0.0,2.7,False
1767698517.43,2026-01-06 16:51:57,7,18,781,12.5%,76,NORMAL,98.0,0.0,2.7,False
1767698519.12,2026-01-06 16:51:59,8,18,782,12.3%,76,NORMAL,99.0,0.0,2.6,False
1767698520.88,2026-01-06 16:52:00,8,18,783,12.1%,76,NORMAL,100.0,0.0,2.6,False
1767698522.01,2026-01-06 16:52:02,8,18,784,12.0%,76,NORMAL,101.0,0.0,2.6,False
1767698523.29,2026-01-06 16:52:03,8,18,784,11.9%,76,NORMAL,101.0,0.0,2.6,False
1767698524.64,2026-01-06 16:52:04,6,18,784,11.7%,76,NORMAL,101.0,0.0,2.6,False
1767698526.01,2026-01-06 16:52:06,8,18,784,11.6%,76,NORMAL,101.0,0.0,2.6,False
1767698527.98,2026-01-06 16:52:07,9,18,784,11.6%,76,NORMAL,101.0,0.0,2.6,False
1767698529.39,2026-01-06 16:52:09,10,18,785,11.7%,76,NORMAL,102.0,0.0,2.6,False
1767698530.51,2026-01-06 16:52:10,8,18,785,11.8%,76,NORMAL,102.0,0.0,2.6,False
1767698531.70,2026-01-06 16:52:11,8,18,785,11.9%,76,NORMAL,102.0,0.0,2.6,False
1767698532.88,2026-01-06 16:52:12,7,18,785,12.1%,76,NORMAL,102.0,0.0,2.6,False
1767698534.38,2026-01-06 16:52:14,9,18,786,12.3%,76,NORMAL,103.0,0.0,2.7,False
1767698535.38,2026-01-06 16:52:15,7,18,786,12.5%,76,NORMAL,103.0,0.0,2.7,False
1767698536.45,2026-01-06 16:52:16,8,18,786,12.6%,76,NORMAL,103.0,0.0,2.7,False
1767698537.85,2026-01-06 16:52:17,8,18,786,12.7%,76,NORMAL,103.0,0.0,2.7,False
1767698538.87,2026-01-06 16:52:18,7,18,786,12.8%,76,NORMAL,103.0,0.0,2.7,False
1767698540.52,2026-01-06 16:52:20,6,18,786,12.8%,76,NORMAL,103.0,0.0,2.7,False
1767698541.72,2026-01-06 16:52:21,8,18,786,13.0%,76,NORMAL,103.0,0.0,2.7,False
1767698542.87,2026-01-06 16:52:22,8,18,786,13.0%,76,NORMAL,103.0,0.0,2.7,False
1767698544.80,2026-01-06 16:52:24,9,18,786,13.1%,76,NORMAL,103.0,0.0,2.7,False
1767698546.05,2026-01-06 16:52:26,8,18,786,13.1%,76,NORMAL,103.0,0.0,2.7,False
1767698547.09,2026-01-06 16:52:27,10,18,787,13.1%,76,NORMAL,104.0,0.0,2.8,False
1767698548.63,2026-01-06 16:52:28,9,18,787,13.0%,76,NORMAL,104.0,0.0,2.8,False
1767698549.83,2026-01-06 16:52:29,9,18,787,12.9%,76,NORMAL,104.0,0.0,2.9,False
1767698551.37,2026-01-06 16:52:31,8,18,787,12.8%,76,NORMAL,104.0,0.0,2.9,False
1767698552.99,2026-01-06 16:52:32,8,18,788,12.7%,76,NORMAL,105.0,0.0,3.0,False
1767698554.24,2026-01-06 16:52:34,9,18,788,12.7%,76,NORMAL,105.0,0.0,3.0,False
1767698555.58,2026-01-06 16:52:35,8,18,788,12.6%,76,NORMAL,105.0,0.0,3.1,False
1767698556.88,2026-01-06 16:52:36,7,18,788,12.5%,76,NORMAL,104.0,0.0,3.1,False
1767698558.31,2026-01-06 16:52:38,7,18,788,12.5%,76,NORMAL,103.0,0.0,3.1,False
1767698559.37,2026-01-06 16:52:39,6,18,788,12.4%,76,NORMAL,103.0,0.0,3.2,False
1767698560.50,2026-01-06 16:52:40,7,18,788,12.4%,76,NORMAL,103.0,0.0,3.2,False
1767698561.85,2026-01-06 16:52:41,6,18,788,12.3%,76,NORMAL,103.0,0.0,3.2,False
1767698563.24,2026-01-06 16:52:43,6,18,788,12.2%,76,NORMAL,103.0,0.0,3.2,False
1767698564.75,2026-01-06 16:52:44,6,18,788,12.2%,76,NORMAL,103.0,0.0,3.2,False
1767698566.80,2026-01-06 16:52:46,6,18,789,12.1%,76,NORMAL,104.0,0.0,3.2,False
1767698568.36,2026-01-06 16:52:48,6,18,789,11.9%,76,NORMAL,104.0,0.0,3.2,False
1767698569.50,2026-01-06 16:52:49,5,18,789,11.7%,76,NORMAL,104.0,0.0,3.2,False
1767698570.56,2026-01-06 16:52:50,5,18,789,11.5%,76,NORMAL,104.0,0.0,3.2,False
1767698571.91,2026-01-06 16:52:51,7,18,789,11.5%,76,NORMAL,104.0,0.0,3.3,False
1767698573.38,2026-01-06 16:52:53,6,18,789,11.4%,76,NORMAL,104.0,0.0,3.3,False
1767698574.41,2026-01-06 16:52:54,5,18,789,11.2%,76,NORMAL,104.0,0.0,3.3,False
1767698576.26,2026-01-06 16:52:56,6,18,789,11.2%,76,NORMAL,104.0,0.0,3.2,False
1767698578.39,2026-01-06 16:52:58,5,18,789,11.0%,76,NORMAL,104.0,0.0,3.3,False
1767698579.55,2026-01-06 16:52:59,5,18,789,10.9%,76,NORMAL,104.0,0.0,3.3,False
1767698580.60,2026-01-06 16:53:00,5,18,789,10.8%,76,NORMAL,104.0,0.0,3.3,False
1767698581.75,2026-01-06 16:53:01,6,18,790,10.8%,76,NORMAL,105.0,0.0,3.3,False
1767698582.84,2026-01-06 16:53:02,6,18,790,10.7%,76,NORMAL,105.0,0.0,3.3,False
1767698583.89,2026-01-06 16:53:03,7,18,790,10.6%,76,NORMAL,105.0,0.0,3.3,False
1767698585.75,2026-01-06 16:53:05,6,18,790,10.5%,76,NORMAL,105.0,0.0,3.3,False
1767698586.86,2026-01-06 16:53:06,6,18,790,10.4%,76,NORMAL,105.0,0.0,3.2,False
1767698588.29,2026-01-06 16:53:08,6,18,790,10.2%,76,NORMAL,105.0,0.0,3.2,False
1767698589.81,2026-01-06 16:53:09,6,18,790,10.0%,76,NORMAL,105.0,0.0,3.2,False
1767698591.22,2026-01-06 16:53:11,6,18,790,9.9%,76,NORMAL,105.0,0.0,3.2,False
1767698593.04,2026-01-06 16:53:13,6,18,790,9.8%,76,NORMAL,105.0,0.0,3.2,False
1767698596.72,2026-01-06 16:53:16,6,18,790,9.7%,76,NORMAL,105.0,0.0,3.2,False
1767698597.87,2026-01-06 16:53:17,7,18,791,9.6%,76,NORMAL,106.0,0.0,3.1,False
1767698599.17,2026-01-06 16:53:19,7,18,792,9.5%,76,NORMAL,107.0,0.0,3.1,False
1767698600.52,2026-01-06 16:53:20,8,18,792,9.6%,76,NORMAL,107.0,0.0,3.2,False
1767698601.94,2026-01-06 16:53:21,7,18,792,9.6%,76,NORMAL,107.0,0.0,3.2,False
1767698602.96,2026-01-06 16:53:22,7,18,792,9.6%,76,NORMAL,107.0,0.0,3.2,False
1767698604.56,2026-01-06 16:53:24,8,18,792,9.7%,76,NORMAL,107.0,0.0,3.2,False
1767698605.71,2026-01-06 16:53:25,7,18,793,9.7%,76,NORMAL,107.0,0.0,3.3,False
1767698607.16,2026-01-06 16:53:27,7,18,793,9.8%,76,NORMAL,106.0,0.0,3.3,False
1767698608.57,2026-01-06 16:53:28,8,18,794,9.9%,76,NORMAL,107.0,0.0,3.3,False
1767698610.00,2026-01-06 16:53:29,8,18,794,10.0%,76,NORMAL,107.0,0.0,3.3,False
1767698611.32,2026-01-06 16:53:31,7,18,794,10.0%,76,NORMAL,107.0,0.0,3.3,False
1767698612.67,2026-01-06 16:53:32,8,18,794,10.2%,76,NORMAL,107.0,0.0,3.3,False
1767698613.82,2026-01-06 16:53:33,8,18,794,10.3%,76,NORMAL,107.0,0.0,3.3,False
1767698616.01,2026-01-06 16:53:36,8,18,794,10.4%,76,NORMAL,107.0,0.0,3.3,False
1767698617.43,2026-01-06 16:53:37,8,18,794,10.5%,76,NORMAL,107.0,0.0,3.3,False
1767698618.64,2026-01-06 16:53:38,8,18,794,10.6%,76,NORMAL,107.0,0.0,3.2,False
1767698620.14,2026-01-06 16:53:40,8,18,794,10.7%,76,NORMAL,107.0,0.0,3.2,False
1767698621.42,2026-01-06 16:53:41,8,18,794,10.9%,76,NORMAL,107.0,0.0,3.2,False
1767698622.63,2026-01-06 16:53:42,8,18,794,11.0%,76,NORMAL,107.0,0.0,3.2,False
1767698623.83,2026-01-06 16:53:43,7,18,794,11.1%,76,NORMAL,107.0,0.0,3.2,False
1767698624.92,2026-01-06 16:53:44,8,18,794,11.2%,76,NORMAL,107.0,0.0,3.2,False
1767698626.53,2026-01-06 16:53:46,8,18,794,11.3%,76,NORMAL,106.0,0.0,3.2,False
1767698627.56,2026-01-06 16:53:47,8,18,794,11.4%,76,NORMAL,106.0,0.0,3.2,False
1767698628.65,2026-01-06 16:53:48,8,18,794,11.5%,76,NORMAL,106.0,0.0,3.2,False
1767698629.70,2026-01-06 16:53:49,8,18,794,11.6%,76,NORMAL,106.0,0.0,3.2,False
1767698630.90,2026-01-06 16:53:50,8,18,794,11.7%,76,NORMAL,106.0,0.0,3.2,False
1767698632.36,2026-01-06 16:53:52,8,18,794,11.8%,76,NORMAL,106.0,0.0,3.2,False
1767698633.55,2026-01-06 16:53:53,9,18,795,11.9%,76,NORMAL,106.0,0.0,3.3,False
1767698634.67,2026-01-06 16:53:54,8,18,795,12.0%,76,NORMAL,106.0,0.0,3.3,False
1767698636.83,2026-01-06 16:53:56,8,18,795,12.1%,76,NORMAL,106.0,0.0,3.3,False
1767698638.06,2026-01-06 16:53:58,8,18,795,12.2%,76,NORMAL,106.0,0.0,3.3,False
1767698640.45,2026-01-06 16:54:00,8,18,795,12.2%,76,NORMAL,106.0,0.0,3.3,False
1767698642.04,2026-01-06 16:54:02,8,18,795,12.2%,76,NORMAL,106.0,0.0,3.2,False
1767698643.16,2026-01-06 16:54:03,8,18,795,12.3%,76,NORMAL,106.0,0.0,3.2,False
1767698644.29,2026-01-06 16:54:04,8,18,795,12.3%,76,NORMAL,106.0,0.0,3.2,False
1767698645.93,2026-01-06 16:54:05,7,18,795,12.3%,76,NORMAL,105.0,0.0,3.2,False
1767698647.41,2026-01-06 16:54:07,8,18,796,12.3%,76,NORMAL,105.0,0.0,3.2,False
1767698649.16,2026-01-06 16:54:09,8,18,796,12.4%,76,NORMAL,105.0,0.0,3.1,False
1767698650.21,2026-01-06 16:54:10,9,18,797,12.4%,76,NORMAL,106.0,0.0,3.1,False
1767698651.33,2026-01-06 16:54:11,8,18,797,12.4%,76,NORMAL,104.0,0.0,3.1,False
1767698653.26,2026-01-06 16:54:13,8,18,798,12.5%,76,NORMAL,105.0,0.0,3.1,False
1767698654.33,2026-01-06 16:54:14,8,18,798,12.5%,76,NORMAL,105.0,0.0,3.2,False
1767698656.02,2026-01-06 16:54:16,8,18,798,12.5%,76,NORMAL,105.0,0.0,3.2,False
1767698657.50,2026-01-06 16:54:17,10,18,799,12.6%,76,NORMAL,105.0,0.0,3.2,False
1767698658.74,2026-01-06 16:54:18,8,18,799,12.6%,76,NORMAL,104.0,0.0,3.3,False
1767698660.24,2026-01-06 16:54:20,8,18,799,12.6%,76,NORMAL,103.0,0.0,3.3,False
1767698661.39,2026-01-06 16:54:21,8,18,799,12.6%,76,NORMAL,103.0,0.0,3.3,False
1767698662.72,2026-01-06 16:54:22,8,18,799,12.6%,76,NORMAL,103.0,0.0,3.3,False
1767698663.91,2026-01-06 16:54:23,8,18,799,12.6%,76,NORMAL,103.0,0.0,3.4,False
1767698665.33,2026-01-06 16:54:25,9,18,801,12.7%,76,NORMAL,105.0,0.0,3.5,False
1767698666.92,2026-01-06 16:54:26,9,18,801,12.7%,76,NORMAL,104.0,0.0,3.5,False
1767698668.22,2026-01-06 16:54:28,8,18,801,12.7%,76,NORMAL,104.0,0.0,3.6,False
1767698669.46,2026-01-06 16:54:29,9,18,801,12.8%,76,NORMAL,104.0,0.0,3.6,False
1767698670.55,2026-01-06 16:54:30,7,18,801,12.7%,76,NORMAL,104.0,0.0,3.7,False
1767698672.15,2026-01-06 16:54:32,7,18,801,12.7%,76,NORMAL,104.0,0.0,3.7,False
1767698674.03,2026-01-06 16:54:34,10,18,802,12.8%,76,NORMAL,105.0,0.0,3.7,False
1767698675.35,2026-01-06 16:54:35,10,18,802,12.9%,76,NORMAL,105.0,0.0,3.7,False
1767698676.82,2026-01-06 16:54:36,10,18,803,12.9%,76,NORMAL,106.0,0.0,3.8,False
1767698677.90,2026-01-06 16:54:37,10,18,803,13.0%,76,NORMAL,106.0,0.0,3.8,False
1767698680.15,2026-01-06 16:54:40,11,18,804,13.2%,76,NORMAL,107.0,0.0,3.8,False
1767698682.07,2026-01-06 16:54:42,8,18,804,13.2%,76,NORMAL,107.0,0.0,3.9,False
1767698683.18,2026-01-06 16:54:43,9,18,805,13.2%,76,NORMAL,107.0,0.0,3.9,False
1767698684.30,2026-01-06 16:54:44,8,18,805,13.2%,76,NORMAL,107.0,0.0,4.0,False
1767698685.53,2026-01-06 16:54:45,10,18,806,13.3%,76,NORMAL,108.0,0.0,4.0,False
1767698687.36,2026-01-06 16:54:47,10,18,806,13.4%,76,NORMAL,108.0,0.0,4.1,False
1767698688.69,2026-01-06 16:54:48,9,18,806,13.5%,76,NORMAL,108.0,0.0,4.1,False
1767698690.61,2026-01-06 16:54:50,7,18,806,13.5%,76,NORMAL,107.0,0.0,4.1,False
1767698691.62,2026-01-06 16:54:51,7,18,806,13.4%,76,NORMAL,107.0,0.0,4.1,False
1767698693.03,2026-01-06 16:54:53,8,18,806,13.4%,76,NORMAL,107.0,0.0,4.1,False
1767698694.31,2026-01-06 16:54:54,7,18,806,13.3%,76,NORMAL,107.0,0.0,4.1,False
1767698695.93,2026-01-06 16:54:55,8,18,806,13.3%,76,NORMAL,107.0,0.0,4.1,False
1767698697.25,2026-01-06 16:54:57,8,18,806,13.3%,76,NORMAL,107.0,0.0,4.1,False
1767698698.35,2026-01-06 16:54:58,8,18,807,13.3%,76,NORMAL,108.0,0.0,4.1,False
1767698699.58,2026-01-06 16:54:59,9,18,808,13.3%,76,NORMAL,109.0,0.0,4.0,False
1767698700.82,2026-01-06 16:55:00,9,18,808,13.3%,76,NORMAL,109.0,0.0,4.0,False
1767698702.25,2026-01-06 16:55:02,9,18,808,13.4%,76,NORMAL,109.0,0.0,4.0,False
1767698703.38,2026-01-06 16:55:03,9,18,808,13.4%,76,NORMAL,109.0,0.0,3.9,False
1767698704.39,2026-01-06 16:55:04,9,18,808,13.5%,76,NORMAL,109.0,0.0,3.9,False
1767698705.59,2026-01-06 16:55:05,8,18,808,13.5%,76,NORMAL,109.0,0.0,3.9,False
1767698707.25,2026-01-06 16:55:07,9,18,808,13.5%,76,NORMAL,109.0,0.0,3.8,False
1767698708.51,2026-01-06 16:55:08,8,18,808,13.4%,76,NORMAL,109.0,0.0,3.8,False
1767698709.88,2026-01-06 16:55:09,8,18,808,13.4%,76,NORMAL,109.0,0.0,3.8,False
1767698711.03,2026-01-06 16:55:11,9,18,809,13.4%,76,NORMAL,110.0,0.0,3.8,False
1767698713.02,2026-01-06 16:55:13,8,18,809,13.5%,76,NORMAL,110.0,0.0,3.8,False
1767698714.35,2026-01-06 16:55:14,8,18,809,13.5%,76,NORMAL,110.0,0.0,3.7,False
1767698716.29,2026-01-06 16:55:16,10,18,809,13.5%,76,NORMAL,110.0,0.0,3.7,False
1767698717.64,2026-01-06 16:55:17,9,18,809,13.5%,76,NORMAL,110.0,0.0,3.6,False
1767698719.07,2026-01-06 16:55:19,7,18,809,13.3%,76,NORMAL,109.0,0.0,3.6,False
1767698720.13,2026-01-06 16:55:20,8,18,810,13.2%,76,NORMAL,110.0,0.0,3.6,False
1767698721.15,2026-01-06 16:55:21,9,18,810,13.1%,76,NORMAL,110.0,0.0,3.6,False
1767698722.65,2026-01-06 16:55:22,9,18,810,13.2%,76,NORMAL,110.0,0.0,3.6,False
1767698723.80,2026-01-06 16:55:23,9,18,810,13.2%,76,NORMAL,110.0,0.0,3.6,False
1767698724.98,2026-01-06 16:55:24,9,18,810,13.2%,76,NORMAL,110.0,0.0,3.6,False
1767698726.40,2026-01-06 16:55:26,9,18,810,13.2%,76,NORMAL,110.0,0.0,3.5,False
1767698727.51,2026-01-06 16:55:27,9,18,810,13.1%,76,NORMAL,110.0,0.0,3.5,False
1767698728.89,2026-01-06 16:55:28,10,18,811,13.2%,76,NORMAL,111.0,0.0,3.5,False
1767698729.91,2026-01-06 16:55:29,10,18,811,13.3%,76,NORMAL,111.0,0.0,3.4,False
1767698732.13,2026-01-06 16:55:32,11,18,812,13.5%,76,NORMAL,112.0,0.0,3.4,False
1767698733.45,2026-01-06 16:55:33,12,18,813,13.7%,76,NORMAL,113.0,0.0,3.4,False
1767698734.63,2026-01-06 16:55:34,12,18,813,14.0%,76,NORMAL,113.0,0.0,3.4,False
1767698736.03,2026-01-06 16:55:36,10,18,813,14.1%,76,NORMAL,113.0,0.0,3.3,False
1767698737.22,2026-01-06 16:55:37,11,18,813,14.2%,76,NORMAL,112.0,0.0,3.4,False
1767698738.75,2026-01-06 16:55:38,10,18,813,14.3%,76,NORMAL,112.0,0.0,3.4,False
1767698740.52,2026-01-06 16:55:40,11,18,814,14.4%,76,NORMAL,113.0,0.0,3.4,False
1767698741.63,2026-01-06 16:55:41,10,18,814,14.5%,76,NORMAL,113.0,0.0,3.4,False
1767698742.70,2026-01-06 16:55:42,8,18,814,14.4%,76,NORMAL,113.0,0.0,3.4,False
1767698743.92,2026-01-06 16:55:43,9,18,814,14.4%,76,NORMAL,113.0,0.0,3.4,False
1767698745.09,2026-01-06 16:55:45,9,18,814,14.4%,76,NORMAL,113.0,0.0,3.4,False
1767698746.22,2026-01-06 16:55:46,8,18,814,14.4%,76,NORMAL,113.0,0.0,3.4,False
1767698747.86,2026-01-06 16:55:47,7,18,814,14.3%,76,NORMAL,113.0,0.0,3.4,False
1767698749.05,2026-01-06 16:55:49,9,18,815,14.4%,76,NORMAL,114.0,0.0,3.4,False
1767698750.16,2026-01-06 16:55:50,10,18,815,14.5%,76,NORMAL,113.0,0.0,3.4,False
1767698751.63,2026-01-06 16:55:51,9,18,815,14.5%,76,NORMAL,113.0,0.0,3.3,False
1767698753.17,2026-01-06 16:55:53,9,18,815,14.5%,76,NORMAL,113.0,0.0,3.3,False
1767698754.29,2026-01-06 16:55:54,10,18,816,14.6%,76,NORMAL,114.0,0.0,3.3,False
1767698755.50,2026-01-06 16:55:55,11,18,817,14.6%,76,NORMAL,115.0,0.0,3.3,False
1767698757.27,2026-01-06 16:55:57,12,18,818,14.8%,76,NORMAL,116.0,0.0,3.3,False
1767698758.36,2026-01-06 16:55:58,12,18,818,15.0%,76,NORMAL,116.0,0.0,3.3,False
1767698759.56,2026-01-06 16:55:59,11,18,818,15.2%,76,NORMAL,116.0,0.0,3.3,False
1767698760.68,2026-01-06 16:56:00,11,18,818,15.3%,76,NORMAL,115.0,0.0,3.2,False
1767698761.91,2026-01-06 16:56:01,11,18,818,15.4%,76,NORMAL,115.0,0.0,3.2,False
1767698763.64,2026-01-06 16:56:03,11,18,819,15.5%,76,NORMAL,116.0,0.0,3.2,False
1767698764.90,2026-01-06 16:56:04,11,18,819,15.6%,76,NORMAL,116.0,0.0,3.2,False
1767698767.35,2026-01-06 16:56:07,11,18,819,15.7%,76,NORMAL,116.0,0.0,3.2,False
1767698768.76,2026-01-06 16:56:08,11,18,819,15.8%,76,NORMAL,116.0,0.0,3.2,False
1767698770.62,2026-01-06 16:56:10,10,18,819,15.8%,76,NORMAL,116.0,0.0,3.1,False
1767698771.83,2026-01-06 16:56:11,9,18,819,15.7%,76,NORMAL,116.0,0.0,3.1,False
1767698772.92,2026-01-06 16:56:12,9,18,819,15.6%,76,NORMAL,116.0,0.0,3.1,False
1767698773.99,2026-01-06 16:56:13,8,18,819,15.4%,76,NORMAL,116.0,0.0,3.1,False
1767698775.41,2026-01-06 16:56:15,11,18,821,15.4%,76,NORMAL,118.0,0.0,3.1,False
1767698778.27,2026-01-06 16:56:18,11,18,821,15.4%,76,NORMAL,118.0,0.0,3.1,False
1767698779.78,2026-01-06 16:56:19,10,18,821,15.4%,76,NORMAL,117.0,0.0,3.2,False
1767698780.97,2026-01-06 16:56:20,10,18,821,15.4%,76,NORMAL,117.0,0.0,3.2,False
1767698782.11,2026-01-06 16:56:22,10,18,821,15.3%,76,NORMAL,117.0,0.0,3.2,False
1767698783.45,2026-01-06 16:56:23,11,18,821,15.4%,76,NORMAL,117.0,0.0,3.2,False
1767698785.16,2026-01-06 16:56:25,11,18,822,15.5%,76,NORMAL,118.0,0.0,3.2,False
1767698786.19,2026-01-06 16:56:26,11,18,822,15.6%,76,NORMAL,118.0,0.0,3.2,False
1767698787.31,2026-01-06 16:56:27,12,18,823,15.8%,76,NORMAL,119.0,0.0,3.2,False
1767698789.01,2026-01-06 16:56:29,12,18,824,16.0%,76,NORMAL,120.0,0.0,3.2,False
1767698790.77,2026-01-06 16:56:30,12,18,824,16.2%,76,NORMAL,120.0,0.0,3.1,False
1767698792.09,2026-01-06 16:56:32,11,18,824,16.3%,76,NORMAL,120.0,0.0,3.1,False
1767698793.40,2026-01-06 16:56:33,12,18,826,16.4%,76,NORMAL,122.0,0.0,3.1,False
1767698794.45,2026-01-06 16:56:34,12,18,826,16.5%,76,NORMAL,122.0,0.0,3.2,False
1767698795.61,2026-01-06 16:56:35,11,18,826,16.6%,76,NORMAL,122.0,0.0,3.2,False
1767698796.80,2026-01-06 16:56:36,12,18,826,16.7%,76,NORMAL,122.0,0.0,3.2,False
1767698797.99,2026-01-06 16:56:37,12,18,826,16.8%,76,NORMAL,122.0,0.0,3.3,False
1767698799.22,2026-01-06 16:56:39,13,18,827,16.8%,76,NORMAL,122.0,0.0,3.3,False
1767698800.25,2026-01-06 16:56:40,13,18,827,16.9%,76,NORMAL,122.0,0.0,3.3,False
1767698801.41,2026-01-06 16:56:41,12,18,827,16.9%,76,NORMAL,122.0,0.0,3.3,False
1767698802.45,2026-01-06 16:56:42,12,18,827,17.0%,76,NORMAL,122.0,0.0,3.4,False
1767698804.18,2026-01-06 16:56:44,12,18,827,17.0%,76,NORMAL,122.0,0.0,3.4,False
1767698805.61,2026-01-06 16:56:45,13,18,829,17.1%,76,NORMAL,124.0,0.0,3.4,False
1767698807.23,2026-01-06 16:56:47,13,18,829,17.2%,76,NORMAL,124.0,0.0,3.4,False
1767698808.94,2026-01-06 16:56:48,12,18,829,17.3%,76,NORMAL,124.0,0.0,3.4,False
1767698810.29,2026-01-06 16:56:50,13,18,829,17.4%,76,NORMAL,124.0,0.0,3.4,False
1767698812.12,2026-01-06 16:56:52,12,18,830,17.5%,76,NORMAL,125.0,0.0,3.4,False
1767698813.17,2026-01-06 16:56:53,11,18,830,17.6%,76,NORMAL,125.0,0.0,3.4,False
1767698814.80,2026-01-06 16:56:54,12,18,830,17.7%,76,NORMAL,124.0,0.0,3.4,False
1767698816.42,2026-01-06 16:56:56,11,18,830,17.8%,76,NORMAL,124.0,0.0,3.4,False
1767698818.79,2026-01-06 16:56:58,10,18,830,17.8%,76,NORMAL,124.0,0.0,3.4,False
1767698819.87,2026-01-06 16:56:59,11,18,831,17.8%,76,NORMAL,125.0,0.0,3.3,False
1767698821.40,2026-01-06 16:57:01,10,18,831,17.8%,76,NORMAL,125.0,0.0,3.3,False
1767698823.29,2026-01-06 16:57:03,10,18,831,17.8%,76,NORMAL,125.0,0.0,3.3,False
1767698824.50,2026-01-06 16:57:04,10,18,831,17.8%,76,NORMAL,125.0,0.0,3.3,False
1767698825.92,2026-01-06 16:57:05,12,18,833,17.8%,76,NORMAL,127.0,0.0,3.3,False
1767698827.25,2026-01-06 16:57:07,12,18,834,17.9%,76,NORMAL,128.0,0.0,3.3,False
1767698828.61,2026-01-06 16:57:08,13,18,835,18.0%,76,NORMAL,129.0,0.0,3.2,False
1767698830.94,2026-01-06 16:57:10,15,18,836,18.1%,76,NORMAL,130.0,0.0,3.2,False
1767698832.24,2026-01-06 16:57:12,15,18,836,18.3%,76,NORMAL,130.0,0.0,3.2,False
1767698833.59,2026-01-06 16:57:13,17,18,836,18.5%,76,NORMAL,130.0,0.0,3.2,False
1767698835.04,2026-01-06 16:57:15,14,18,837,18.6%,76,NORMAL,131.0,0.0,3.2,False
1767698836.10,2026-01-06 16:57:16,15,18,837,18.8%,76,NORMAL,131.0,0.0,3.2,False
1767698837.69,2026-01-06 16:57:17,15,18,838,18.9%,76,NORMAL,132.0,0.0,3.2,False
1767698838.93,2026-01-06 16:57:18,14,18,838,19.1%,76,NORMAL,132.0,0.0,3.2,False
1767698840.47,2026-01-06 16:57:20,14,18,838,19.2%,76,NORMAL,132.0,0.0,3.2,False
1767698842.11,2026-01-06 16:57:22,14,18,838,19.2%,76,NORMAL,131.0,0.0,3.2,False
1767698844.24,2026-01-06 16:57:24,14,18,840,19.3%,76,NORMAL,133.0,0.0,3.2,False
1767698845.82,2026-01-06 16:57:25,15,18,842,19.4%,76,NORMAL,135.0,0.0,3.2,False
1767698847.20,2026-01-06 16:57:27,15,18,842,19.5%,76,NORMAL,135.0,0.0,3.1,False
1767698848.58,2026-01-06 16:57:28,14,18,842,19.6%,76,NORMAL,135.0,0.0,3.1,False
1767698851.50,2026-01-06 16:57:31,13,18,842,19.7%,76,NORMAL,135.0,0.0,3.1,False
1767698852.83,2026-01-06 16:57:32,16,18,843,19.8%,76,NORMAL,136.0,0.0,3.0,False
1767698854.04,2026-01-06 16:57:34,16,18,843,19.9%,76,NORMAL,136.0,0.0,3.0,False
1767698856.03,2026-01-06 16:57:36,17,18,844,20.2%,76,NORMAL,137.0,0.0,3.0,False
1767698857.65,2026-01-06 16:57:37,14,18,844,20.2%,76,NORMAL,136.0,0.0,2.9,False
1767698858.89,2026-01-06 16:57:38,13,18,844,20.3%,76,NORMAL,136.0,0.0,2.9,False
1767698860.69,2026-01-06 16:57:40,13,18,844,20.4%,76,NORMAL,136.0,0.0,2.8,False
1767698862.51,2026-01-06 16:57:42,15,18,845,20.5%,76,NORMAL,137.0,0.0,2.8,False
1767698863.61,2026-01-06 16:57:43,12,18,845,20.5%,76,NORMAL,136.0,0.0,2.8,False
1767698865.34,2026-01-06 16:57:45,14,18,846,20.7%,76,NORMAL,137.0,0.0,2.7,False
1767698866.53,2026-01-06 16:57:46,13,18,846,20.8%,76,NORMAL,136.0,0.0,2.7,False
1767698867.66,2026-01-06 16:57:47,13,18,846,21.0%,76,NORMAL,136.0,0.0,2.7,False
1767698869.25,2026-01-06 16:57:49,13,18,847,21.1%,76,NORMAL,137.0,0.0,2.7,False
1767698870.37,2026-01-06 16:57:50,13,18,847,21.3%,76,NORMAL,137.0,0.0,2.7,False
1767698872.10,2026-01-06 16:57:52,12,18,847,21.3%,76,NORMAL,137.0,0.0,2.7,False
1767698873.15,2026-01-06 16:57:53,13,18,847,21.3%,76,NORMAL,137.0,0.0,2.7,False
1767698874.34,2026-01-06 16:57:54,12,18,847,21.3%,76,NORMAL,137.0,0.0,2.7,False
1767698875.37,2026-01-06 16:57:55,11,18,847,21.1%,76,NORMAL,137.0,0.0,2.7,False
1767698876.42,2026-01-06 16:57:56,12,18,848,20.9%,76,NORMAL,138.0,0.0,2.7,False
1767698877.95,2026-01-06 16:57:57,12,18,849,20.7%,76,NORMAL,138.0,0.0,2.7,False
1767698879.35,2026-01-06 16:57:59,13,18,849,20.7%,76,NORMAL,138.0,0.0,2.8,False
1767698881.20,2026-01-06 16:58:01,15,18,850,20.7%,76,NORMAL,139.0,0.0,2.8,False
1767698882.45,2026-01-06 16:58:02,13,18,850,20.6%,76,NORMAL,139.0,0.0,2.8,False
1767698883.55,2026-01-06 16:58:03,14,18,850,20.6%,76,NORMAL,139.0,0.0,2.8,False
1767698885.20,2026-01-06 16:58:05,15,18,852,20.6%,76,NORMAL,141.0,0.0,2.8,False
1767698886.35,2026-01-06 16:58:06,15,18,852,20.7%,76,NORMAL,141.0,0.0,2.8,False
1767698887.99,2026-01-06 16:58:07,14,18,853,20.7%,76,NORMAL,142.0,0.0,2.8,False
1767698889.14,2026-01-06 16:58:09,13,18,853,20.6%,76,NORMAL,142.0,0.0,2.8,False
1767698890.54,2026-01-06 16:58:10,15,18,854,20.6%,76,NORMAL,143.0,0.0,2.8,False
1767698891.72,2026-01-06 16:58:11,16,18,854,20.7%,76,NORMAL,143.0,0.0,2.8,False
1767698892.75,2026-01-06 16:58:12,16,18,854,20.8%,76,NORMAL,143.0,0.0,2.8,False
1767698893.80,2026-01-06 16:58:13,15,18,854,20.7%,76,NORMAL,143.0,0.0,2.7,False
1767698895.17,2026-01-06 16:58:15,17,18,855,20.8%,76,NORMAL,144.0,0.0,2.7,False
1767698896.90,2026-01-06 16:58:16,15,18,855,20.7%,76,NORMAL,144.0,0.0,2.7,False
1767698898.02,2026-01-06 16:58:18,15,18,855,20.7%,76,NORMAL,144.0,0.0,2.7,False
1767698899.73,2026-01-06 16:58:19,17,18,856,20.9%,76,NORMAL,145.0,0.0,2.7,False
1767698900.73,2026-01-06 16:58:20,16,18,856,21.1%,76,NORMAL,145.0,0.0,2.7,False
1767698902.28,2026-01-06 16:58:22,16,18,858,21.1%,76,NORMAL,147.0,0.0,2.8,False
1767698903.43,2026-01-06 16:58:23,15,18,859,21.3%,76,NORMAL,147.0,0.0,2.8,False
1767698904.48,2026-01-06 16:58:24,16,18,859,21.3%,76,NORMAL,147.0,0.0,2.8,False
1767698906.36,2026-01-06 16:58:26,15,18,859,21.4%,76,NORMAL,147.0,0.0,2.8,False
1767698908.37,2026-01-06 16:58:28,15,18,859,21.5%,76,NORMAL,147.0,0.0,2.8,False
1767698909.40,2026-01-06 16:58:29,17,18,860,21.7%,76,NORMAL,148.0,0.0,2.8,False
1767698910.89,2026-01-06 16:58:30,16,18,861,21.9%,76,NORMAL,149.0,0.0,2.8,False
1767698912.05,2026-01-06 16:58:32,15,18,861,22.0%,76,NORMAL,149.0,0.0,2.8,False
1767698913.82,2026-01-06 16:58:33,16,18,861,22.1%,76,NORMAL,149.0,0.0,2.8,False
1767698915.11,2026-01-06 16:58:35,15,18,862,22.3%,76,NORMAL,150.0,0.0,2.8,False
1767698916.44,2026-01-06 16:58:36,15,18,863,22.5%,76,NORMAL,151.0,0.0,2.9,False
1767698918.18,2026-01-06 16:58:38,14,18,863,22.6%,76,NORMAL,151.0,0.0,2.9,False
1767698919.82,2026-01-06 16:58:39,14,18,863,22.6%,76,NORMAL,151.0,0.0,2.9,False
1767698921.73,2026-01-06 16:58:41,14,18,864,22.7%,76,NORMAL,152.0,0.0,2.9,False
1767698923.08,2026-01-06 16:58:43,15,18,865,22.7%,76,NORMAL,153.0,0.0,2.9,False
1767698924.28,2026-01-06 16:58:44,13,18,865,22.7%,76,NORMAL,153.0,0.0,2.9,False
1767698925.81,2026-01-06 16:58:45,13,18,865,22.6%,76,NORMAL,153.0,0.0,2.9,False
1767698927.52,2026-01-06 16:58:47,13,18,865,22.6%,76,NORMAL,152.0,0.0,2.8,False
1767698929.11,2026-01-06 16:58:49,15,18,867,22.6%,76,NORMAL,154.0,0.0,2.8,False
1767698930.97,2026-01-06 16:58:50,14,18,868,22.6%,76,NORMAL,155.0,0.0,2.8,False
1767698932.05,2026-01-06 16:58:52,14,18,869,22.6%,76,NORMAL,156.0,0.0,2.8,False
1767698933.46,2026-01-06 16:58:53,16,18,870,22.6%,76,NORMAL,157.0,0.0,2.8,False
1767698935.05,2026-01-06 16:58:55,15,18,870,22.6%,76,NORMAL,157.0,0.0,2.8,False
1767698936.38,2026-01-06 16:58:56,15,18,870,22.6%,76,NORMAL,157.0,0.0,2.7,False
1767698938.05,2026-01-06 16:58:58,14,18,871,22.5%,76,NORMAL,158.0,0.0,2.7,False
1767698939.25,2026-01-06 16:58:59,15,18,871,22.4%,76,NORMAL,158.0,0.0,2.7,False
1767698940.52,2026-01-06 16:59:00,13,18,871,22.3%,76,NORMAL,158.0,0.0,2.7,False
1767698942.27,2026-01-06 16:59:02,15,18,872,22.3%,76,NORMAL,159.0,0.0,2.7,False
1767698943.65,2026-01-06 16:59:03,14,18,872,22.2%,76,NORMAL,159.0,0.0,2.7,False
1767698945.07,2026-01-06 16:59:05,14,18,872,22.1%,76,NORMAL,157.0,0.0,2.7,False
1767698946.85,2026-01-06 16:59:06,16,18,874,22.1%,76,NORMAL,158.0,0.0,2.7,False
1767698948.00,2026-01-06 16:59:07,15,18,874,22.1%,76,NORMAL,158.0,0.0,2.7,False
1767698950.04,2026-01-06 16:59:10,14,18,874,22.0%,76,NORMAL,158.0,0.0,2.7,False
1767698951.34,2026-01-06 16:59:11,14,18,874,22.0%,76,NORMAL,158.0,0.0,2.7,False
1767698953.74,2026-01-06 16:59:13,13,18,874,21.9%,76,NORMAL,158.0,0.0,2.7,False
1767698954.89,2026-01-06 16:59:14,14,18,875,21.7%,76,NORMAL,159.0,0.0,2.7,False
1767698956.71,2026-01-06 16:59:16,13,18,875,21.6%,76,NORMAL,159.0,0.0,2.7,False
1767698957.72,2026-01-06 16:59:17,14,18,877,21.5%,76,NORMAL,161.0,0.0,2.7,False
1767698958.85,2026-01-06 16:59:18,14,18,877,21.5%,76,NORMAL,161.0,0.0,2.7,False
1767698960.00,2026-01-06 16:59:20,15,18,878,21.5%,76,NORMAL,162.0,0.0,2.7,False
1767698961.62,2026-01-06 16:59:21,15,18,878,21.5%,76,NORMAL,162.0,0.0,2.7,False
1767698965.99,2026-01-06 16:59:25,14,18,878,21.5%,76,NORMAL,162.0,0.0,2.7,False
1767698967.07,2026-01-06 16:59:27,14,18,879,21.5%,76,NORMAL,163.0,0.0,2.7,False
1767698968.08,2026-01-06 16:59:28,13,18,879,21.4%,76,NORMAL,163.0,0.0,2.7,False
1767698970.40,2026-01-06 16:59:30,14,18,880,21.4%,76,NORMAL,164.0,0.0,2.7,False
1767698971.50,2026-01-06 16:59:31,13,18,880,21.4%,76,NORMAL,164.0,0.0,2.7,False
1767698973.07,2026-01-06 16:59:33,13,18,880,21.4%,76,NORMAL,164.0,0.0,2.7,False
1767698974.14,2026-01-06 16:59:34,15,18,882,21.5%,76,NORMAL,166.0,0.0,2.7,False
1767698976.27,2026-01-06 16:59:36,14,18,882,21.4%,76,NORMAL,166.0,0.0,2.7,False
1767698977.58,2026-01-06 16:59:37,16,18,885,21.5%,76,NORMAL,168.0,0.0,2.7,False
1767698979.45,2026-01-06 16:59:39,16,18,885,21.6%,76,NORMAL,168.0,0.0,2.8,False
1767698980.56,2026-01-06 16:59:40,16,18,886,21.6%,76,NORMAL,169.0,0.0,2.8,False
1767698981.84,2026-01-06 16:59:41,13,18,886,21.5%,76,NORMAL,169.0,0.0,2.8,False
1767698984.91,2026-01-06 16:59:44,12,18,886,21.4%,76,NORMAL,169.0,0.0,2.8,False
1767698986.93,2026-01-06 16:59:46,14,18,886,21.4%,76,NORMAL,169.0,0.0,2.8,False
1767698988.33,2026-01-06 16:59:48,16,18,887,21.4%,76,NORMAL,170.0,0.0,2.8,False
1767698989.65,2026-01-06 16:59:49,14,18,887,21.5%,76,NORMAL,170.0,0.0,2.8,False
1767698990.77,2026-01-06 16:59:50,14,18,887,21.4%,76,NORMAL,170.0,0.0,2.8,False
1767698992.88,2026-01-06 16:59:52,11,18,887,21.3%,76,NORMAL,170.0,0.0,2.8,False
1767698994.29,2026-01-06 16:59:54,11,18,887,21.1%,76,NORMAL,170.0,0.0,2.8,False
1767698996.02,2026-01-06 16:59:56,11,18,887,20.9%,76,NORMAL,170.0,0.0,2.8,False
1767698997.07,2026-01-06 16:59:57,12,18,888,20.8%,76,NORMAL,171.0,0.0,2.8,False
1767698998.61,2026-01-06 16:59:58,14,18,889,20.8%,76,NORMAL,172.0,0.0,2.8,False
1767698999.98,2026-01-06 16:59:59,12,18,889,20.7%,76,NORMAL,172.0,0.0,2.8,False
1767699002.00,2026-01-06 17:00:01,15,18,891,20.7%,76,NORMAL,173.0,0.0,2.8,False
1767699003.10,2026-01-06 17:00:03,15,18,892,20.8%,76,NORMAL,173.0,0.0,2.8,False
1767699004.55,2026-01-06 17:00:04,15,18,892,20.9%,76,NORMAL,173.0,0.0,2.8,False
1767699005.72,2026-01-06 17:00:05,13,18,893,20.8%,76,NORMAL,174.0,0.0,2.8,False
1767699007.32,2026-01-06 17:00:07,13,18,894,20.8%,76,NORMAL,175.0,0.0,2.8,False
1767699008.78,2026-01-06 17:00:08,12,18,895,20.7%,76,NORMAL,176.0,0.0,2.8,False
1767699010.79,2026-01-06 17:00:10,13,18,895,20.6%,76,NORMAL,176.0,0.0,2.8,False
1767699012.77,2026-01-06 17:00:12,13,18,895,20.5%,76,NORMAL,176.0,0.0,2.8,False
1767699015.46,2026-01-06 17:00:15,13,18,895,20.5%,76,NORMAL,176.0,0.0,2.8,False
1767699017.42,2026-01-06 17:00:17,13,18,895,20.5%,76,NORMAL,176.0,0.0,2.8,False
1767699019.16,2026-01-06 17:00:19,12,18,895,20.4%,76,NORMAL,176.0,0.0,2.8,False
1767699020.33,2026-01-06 17:00:20,11,18,895,20.3%,76,NORMAL,175.0,0.0,2.7,False
1767699021.69,2026-01-06 17:00:21,12,18,895,20.2%,76,NORMAL,175.0,0.0,2.7,False
1767699023.70,2026-01-06 17:00:23,11,18,895,20.0%,76,NORMAL,175.0,0.0,2.7,False
1767699024.76,2026-01-06 17:00:24,11,18,895,19.9%,76,NORMAL,175.0,0.0,2.7,False
1767699027.30,2026-01-06 17:00:27,12,18,896,19.7%,76,NORMAL,176.0,0.0,2.7,False
1767699028.60,2026-01-06 17:00:28,10,18,896,19.4%,76,NORMAL,176.0,0.0,2.7,False
1767699029.61,2026-01-06 17:00:29,10,18,896,19.2%,76,NORMAL,176.0,0.0,2.6,False
1767699031.23,2026-01-06 17:00:31,11,18,896,19.1%,76,NORMAL,176.0,0.0,2.6,False
1767699032.43,2026-01-06 17:00:32,9,18,896,18.9%,76,NORMAL,176.0,0.0,2.6,False
1767699033.93,2026-01-06 17:00:33,10,18,897,18.7%,76,NORMAL,177.0,0.0,2.6,False
1767699035.12,2026-01-06 17:00:35,9,18,897,18.4%,76,NORMAL,176.0,0.0,2.5,False
1767699036.94,2026-01-06 17:00:36,9,18,897,18.2%,76,NORMAL,176.0,0.0,2.5,False
1767699038.23,2026-01-06 17:00:38,9,18,897,17.9%,76,NORMAL,176.0,0.0,2.5,False
1767699039.28,2026-01-06 17:00:39,8,18,897,17.8%,76,NORMAL,176.0,0.0,2.5,False
1767699040.53,2026-01-06 17:00:40,11,18,898,17.8%,76,NORMAL,177.0,0.0,2.5,False
1767699041.96,2026-01-06 17:00:41,8,18,898,17.6%,76,NORMAL,177.0,0.0,2.5,False
1767699043.18,2026-01-06 17:00:43,9,18,899,17.5%,76,NORMAL,178.0,0.0,2.5,False
1767699047.10,2026-01-06 17:00:47,8,18,899,17.2%,76,NORMAL,178.0,0.0,2.5,False
1767699048.58,2026-01-06 17:00:48,7,18,899,16.9%,76,NORMAL,178.0,0.0,2.5,False
1767699049.85,2026-01-06 17:00:49,9,18,901,16.7%,76,NORMAL,180.0,0.0,2.5,False
1767699050.99,2026-01-06 17:00:50,8,18,901,16.3%,76,NORMAL,180.0,0.0,2.5,False
1767699052.14,2026-01-06 17:00:52,10,18,902,16.1%,76,NORMAL,181.0,0.0,2.5,False
1767699053.89,2026-01-06 17:00:53,9,18,902,15.9%,76,NORMAL,181.0,0.0,2.6,False
1767699055.54,2026-01-06 17:00:55,9,18,902,15.7%,76,NORMAL,181.0,0.0,2.6,False
1767699056.84,2026-01-06 17:00:56,10,18,903,15.6%,76,NORMAL,182.0,0.0,2.7,False
1767699059.06,2026-01-06 17:00:59,11,18,905,15.5%,76,NORMAL,184.0,0.0,2.7,False
1767699060.10,2026-01-06 17:01:00,10,18,905,15.4%,76,NORMAL,184.0,0.0,2.8,False
1767699061.45,2026-01-06 17:01:01,9,18,905,15.2%,76,NORMAL,184.0,0.0,2.8,False
1767699062.94,2026-01-06 17:01:02,10,18,905,15.0%,76,NORMAL,184.0,0.0,2.8,False
1767699064.68,2026-01-06 17:01:04,9,18,905,14.9%,76,NORMAL,184.0,0.0,2.8,False
1767699066.19,2026-01-06 17:01:06,9,18,905,14.8%,76,NORMAL,184.0,0.0,2.8,False
1767699067.38,2026-01-06 17:01:07,9,18,905,14.7%,76,NORMAL,184.0,0.0,2.8,False
1767699068.95,2026-01-06 17:01:08,8,18,905,14.5%,76,NORMAL,184.0,0.0,2.9,False
1767699070.29,2026-01-06 17:01:10,9,18,906,14.4%,76,NORMAL,185.0,0.0,2.9,False
1767699072.13,2026-01-06 17:01:12,9,18,906,14.3%,76,NORMAL,185.0,0.0,2.9,False
1767699073.48,2026-01-06 17:01:13,8,18,906,14.2%,76,NORMAL,184.0,0.0,2.9,False
1767699074.60,2026-01-06 17:01:14,7,18,906,14.0%,76,NORMAL,184.0,0.0,3.0,False
1767699075.65,2026-01-06 17:01:15,8,18,906,13.9%,76,NORMAL,184.0,0.0,3.0,False
1767699076.65,2026-01-06 17:01:16,7,18,906,13.8%,76,NORMAL,183.0,0.0,3.0,False
1767699077.73,2026-01-06 17:01:17,8,18,906,13.7%,76,NORMAL,182.0,0.0,3.1,False
1767699079.10,2026-01-06 17:01:19,8,18,906,13.6%,76,NORMAL,182.0,0.0,3.1,False
1767699080.87,2026-01-06 17:01:20,9,18,906,13.6%,76,NORMAL,182.0,0.0,3.1,False
1767699082.40,2026-01-06 17:01:22,11,18,907,13.7%,76,NORMAL,183.0,0.0,3.2,False
1767699083.65,2026-01-06 17:01:23,11,18,907,13.9%,76,NORMAL,183.0,0.0,3.2,False
1767699085.35,2026-01-06 17:01:25,11,18,907,13.9%,76,NORMAL,183.0,0.0,3.3,False
1767699086.45,2026-01-06 17:01:26,11,18,907,14.0%,76,NORMAL,183.0,0.0,3.3,False
1767699087.71,2026-01-06 17:01:27,10,18,907,14.1%,76,NORMAL,183.0,0.0,3.3,False
1767699089.91,2026-01-06 17:01:29,9,18,907,14.1%,76,NORMAL,183.0,0.0,3.4,False
1767699091.06,2026-01-06 17:01:31,9,18,908,14.2%,76,NORMAL,184.0,0.0,3.4,False
1767699092.37,2026-01-06 17:01:32,9,18,908,14.2%,76,NORMAL,183.0,0.0,3.4,False
1767699093.46,2026-01-06 17:01:33,9,18,908,14.3%,76,NORMAL,183.0,0.0,3.4,False
1767699094.85,2026-01-06 17:01:34,8,18,908,14.2%,76,NORMAL,183.0,0.0,3.4,False
1767699096.01,2026-01-06 17:01:36,8,18,908,14.1%,76,NORMAL,183.0,0.0,3.4,False
1767699097.22,2026-01-06 17:01:37,8,18,908,14.1%,76,NORMAL,183.0,0.0,3.4,False
1767699098.99,2026-01-06 17:01:38,8,18,908,14.0%,76,NORMAL,182.0,0.0,3.4,False
1767699100.07,2026-01-06 17:01:40,8,18,908,13.8%,76,NORMAL,182.0,0.0,3.4,False
1767699101.91,2026-01-06 17:01:41,7,18,908,13.7%,76,NORMAL,182.0,0.0,3.4,False
1767699103.16,2026-01-06 17:01:43,7,18,909,13.6%,76,NORMAL,183.0,0.0,3.4,False
1767699104.85,2026-01-06 17:01:44,9,18,909,13.5%,76,NORMAL,183.0,0.0,3.4,False
1767699106.26,2026-01-06 17:01:46,9,18,909,13.5%,76,NORMAL,183.0,0.0,3.4,False
1767699107.81,2026-01-06 17:01:47,8,18,909,13.5%,76,NORMAL,183.0,0.0,3.4,False
1767699109.53,2026-01-06 17:01:49,10,18,911,13.5%,76,NORMAL,184.0,0.0,3.4,False
1767699110.84,2026-01-06 17:01:50,10,18,911,13.6%,76,NORMAL,184.0,0.0,3.4,False
1767699111.95,2026-01-06 17:01:51,9,18,911,13.6%,76,NORMAL,184.0,0.0,3.4,False
1767699113.25,2026-01-06 17:01:53,9,18,911,13.6%,76,NORMAL,183.0,0.0,3.5,False
1767699114.25,2026-01-06 17:01:54,9,18,911,13.7%,76,NORMAL,182.0,0.0,3.5,False
1767699115.34,2026-01-06 17:01:55,9,18,911,13.8%,76,NORMAL,182.0,0.0,3.5,False
1767699116.62,2026-01-06 17:01:56,9,18,911,13.8%,76,NORMAL,182.0,0.0,3.5,False
1767699117.84,2026-01-06 17:01:57,9,18,911,13.9%,76,NORMAL,182.0,0.0,3.5,False
1767699119.47,2026-01-06 17:01:59,8,18,911,13.9%,76,NORMAL,182.0,0.0,3.5,False
1767699120.65,2026-01-06 17:02:00,8,18,911,13.9%,76,NORMAL,182.0,0.0,3.5,False
1767699122.23,2026-01-06 17:02:02,7,18,911,13.8%,76,NORMAL,182.0,0.0,3.5,False
1767699123.43,2026-01-06 17:02:03,9,18,912,13.7%,76,NORMAL,183.0,0.0,3.6,False
1767699124.98,2026-01-06 17:02:04,10,18,913,13.7%,76,NORMAL,184.0,0.0,3.6,False
1767699125.99,2026-01-06 17:02:05,8,18,913,13.5%,76,NORMAL,183.0,0.0,3.6,False
1767699127.07,2026-01-06 17:02:07,8,18,913,13.4%,76,NORMAL,183.0,0.0,3.6,False
1767699128.99,2026-01-06 17:02:08,8,18,913,13.3%,76,NORMAL,183.0,0.0,3.6,False
1767699131.31,2026-01-06 17:02:11,7,18,913,13.2%,76,NORMAL,183.0,0.0,3.7,False
1767699133.11,2026-01-06 17:02:13,7,18,913,13.1%,76,NORMAL,183.0,0.0,3.7,False
1767699134.20,2026-01-06 17:02:14,7,18,913,13.0%,76,NORMAL,182.0,0.0,3.7,False
1767699135.50,2026-01-06 17:02:15,6,18,913,12.8%,76,NORMAL,182.0,0.0,3.8,False
1767699137.16,2026-01-06 17:02:17,8,18,915,12.8%,76,NORMAL,184.0,0.0,3.8,False
1767699138.17,2026-01-06 17:02:18,8,18,915,12.8%,76,NORMAL,184.0,0.0,3.8,False
1767699140.01,2026-01-06 17:02:20,9,18,915,12.9%,76,NORMAL,184.0,0.0,3.8,False
1767699141.40,2026-01-06 17:02:21,8,18,915,12.9%,76,NORMAL,184.0,0.0,3.9,False
1767699142.41,2026-01-06 17:02:22,7,18,915,12.8%,76,NORMAL,184.0,0.0,3.9,False
1767699143.46,2026-01-06 17:02:23,7,18,915,12.8%,76,NORMAL,184.0,0.0,3.9,False
1767699144.60,2026-01-06 17:02:24,8,18,916,12.9%,76,NORMAL,185.0,0.0,3.9,False
