timestamp,datetime,current_occupancy,peak_occupancy,unique_people,utilization_pct,est_capacity,capacity_status,flow_rate_per_min,avg_dwell_time_sec,processing_fps,alert_active
1767699146.91,2026-01-06 17:02:26,3,3,3,2.4%,152,NORMAL,0.0,0.0,3.0,False
1767699148.10,2026-01-06 17:02:28,23,23,23,10.1%,152,NORMAL,0.0,0.0,2.9,False
1767699149.68,2026-01-06 17:02:29,25,25,27,13.1%,152,NORMAL,0.0,0.0,3.1,False
1767699150.77,2026-01-06 17:02:30,29,29,31,15.3%,152,NORMAL,0.0,0.0,3.2,False
1767699152.84,2026-01-06 17:02:32,27,29,32,16.4%,152,NORMAL,0.0,0.0,3.3,False
1767699154.68,2026-01-06 17:02:34,24,29,33,16.7%,152,NORMAL,0.0,0.0,3.3,False
1767699156.39,2026-01-06 17:02:36,25,29,34,17.1%,152,NORMAL,0.0,0.0,3.2,False
1767699157.59,2026-01-06 17:02:37,25,29,38,17.4%,152,NORMAL,0.0,0.0,3.3,False
1767699158.68,2026-01-06 17:02:38,27,29,40,17.7%,152,NORMAL,0.0,0.0,3.3,False
1767699159.69,2026-01-06 17:02:39,28,29,42,18.1%,152,NORMAL,0.0,0.0,3.4,False
1767699161.64,2026-01-06 17:02:41,27,29,43,18.3%,152,NORMAL,0.0,0.0,3.4,False
1767699163.31,2026-01-06 17:02:43,26,29,43,18.4%,152,NORMAL,2580.0,0.0,3.4,False
1767699164.67,2026-01-06 17:02:44,26,29,43,18.6%,152,NORMAL,2496.8,0.0,3.4,False
1767699165.87,2026-01-06 17:02:45,26,29,44,18.6%,152,NORMAL,2262.9,0.0,3.5,False
1767699167.75,2026-01-06 17:02:47,28,29,44,18.8%,152,NORMAL,2200.0,0.0,3.5,False
1767699168.99,2026-01-06 17:02:48,23,29,47,18.8%,152,NORMAL,2115.0,0.0,3.5,False
1767699170.24,2026-01-06 17:02:50,25,29,49,18.8%,152,NORMAL,2151.2,0.0,3.5,False
1767699171.53,2026-01-06 17:02:51,28,29,51,18.9%,152,NORMAL,2040.0,0.0,3.6,False
1767699172.98,2026-01-06 17:02:52,30,30,52,19.1%,152,NORMAL,2034.8,0.0,3.6,False
1767699174.18,2026-01-06 17:02:54,31,31,53,19.3%,152,NORMAL,1987.5,0.0,3.6,False
1767699176.41,2026-01-06 17:02:56,29,31,53,19.5%,152,NORMAL,1870.6,0.0,3.7,False
1767699178.25,2026-01-06 17:02:58,27,31,54,19.5%,152,NORMAL,1834.0,0.0,3.6,False
1767699180.21,2026-01-06 17:03:00,27,31,55,19.6%,152,NORMAL,1767.9,0.0,3.6,False
1767699181.88,2026-01-06 17:03:01,26,31,55,19.6%,152,NORMAL,1650.0,0.0,3.6,False
1767699183.21,2026-01-06 17:03:03,27,31,55,19.6%,152,NORMAL,1623.0,0.0,3.6,False
1767699184.52,2026-01-06 17:03:04,29,31,55,19.7%,152,NORMAL,1571.4,0.0,3.6,False
1767699186.77,2026-01-06 17:03:06,28,31,57,19.8%,152,NORMAL,1554.5,0.0,3.6,False
1767699188.15,2026-01-06 17:03:08,28,31,57,19.8%,152,NORMAL,1508.8,0.0,3.6,False
1767699189.79,2026-01-06 17:03:09,28,31,58,19.9%,152,NORMAL,1513.0,0.0,3.6,False
1767699191.53,2026-01-06 17:03:11,29,31,58,19.9%,152,NORMAL,1470.4,0.0,3.5,False
1767699193.28,2026-01-06 17:03:13,28,31,58,20.6%,152,NORMAL,1430.1,0.0,3.5,False
1767699195.28,2026-01-06 17:03:15,29,31,59,20.7%,152,NORMAL,1397.4,0.0,3.5,False
1767699196.85,2026-01-06 17:03:16,28,31,60,20.8%,152,NORMAL,1384.6,0.0,3.4,False
1767699197.97,2026-01-06 17:03:17,30,31,60,20.8%,152,NORMAL,1350.0,0.0,3.4,False
1767699199.37,2026-01-06 17:03:19,29,31,60,20.9%,152,NORMAL,1333.3,0.0,3.4,False
1767699200.61,2026-01-06 17:03:20,26,31,60,20.9%,152,NORMAL,1301.2,0.0,3.4,False
1767699202.06,2026-01-06 17:03:22,28,31,62,21.0%,152,NORMAL,1312.9,0.0,3.4,False
1767699203.42,2026-01-06 17:03:23,28,31,62,21.0%,152,NORMAL,1297.7,0.0,3.4,False
1767699205.37,2026-01-06 17:03:25,28,31,62,21.1%,152,NORMAL,1253.9,0.0,3.3,False
1767699207.39,2026-01-06 17:03:27,27,31,62,21.0%,152,NORMAL,1226.4,0.0,3.3,False
1767699208.69,2026-01-06 17:03:28,28,31,63,21.1%,152,NORMAL,1206.4,0.0,3.3,False
1767699210.95,2026-01-06 17:03:30,28,31,64,21.1%,152,NORMAL,1200.0,0.0,3.2,False
1767699211.98,2026-01-06 17:03:31,31,31,66,21.2%,152,NORMAL,1224.7,0.0,3.2,False
1767699213.00,2026-01-06 17:03:33,31,32,68,21.4%,152,NORMAL,1224.0,0.0,3.2,False
1767699214.51,2026-01-06 17:03:34,30,32,68,21.4%,152,NORMAL,1211.9,0.0,3.2,False
1767699216.32,2026-01-06 17:03:36,27,32,68,21.5%,152,NORMAL,1176.9,0.0,3.2,False
1767699218.46,2026-01-06 17:03:38,28,32,68,21.6%,152,NORMAL,1154.7,0.0,3.2,False
1767699220.28,2026-01-06 17:03:40,25,32,68,21.5%,152,NORMAL,1112.7,0.0,3.1,False
1767699221.52,2026-01-06 17:03:41,26,32,68,21.4%,152,NORMAL,1102.7,0.0,3.1,False
1767699222.86,2026-01-06 17:03:42,25,32,70,21.3%,152,NORMAL,1095.7,0.0,3.1,False
1767699224.67,2026-01-06 17:03:44,24,32,70,21.1%,152,NORMAL,1086.2,0.0,3.1,False
1767699226.57,2026-01-06 17:03:46,28,32,71,21.2%,152,NORMAL,1073.9,0.0,3.0,False
1767699228.84,2026-01-06 17:03:48,29,32,72,21.2%,152,NORMAL,1071.1,0.0,3.0,False
1767699229.96,2026-01-06 17:03:49,26,32,72,21.2%,152,NORMAL,1053.7,0.0,3.0,False
1767699231.24,2026-01-06 17:03:51,25,32,72,21.2%,152,NORMAL,1036.8,0.0,3.0,False
1767699232.55,2026-01-06 17:03:52,25,32,72,21.1%,152,NORMAL,1028.6,0.0,2.9,False
1767699233.72,2026-01-06 17:03:53,26,32,72,21.0%,152,NORMAL,1004.7,0.0,2.9,False
1767699236.96,2026-01-06 17:03:56,28,32,74,21.0%,152,NORMAL,1016.8,0.0,2.9,False
1767699238.29,2026-01-06 17:03:58,26,32,75,21.0%,152,NORMAL,1015.0,0.0,2.8,False
1767699241.54,2026-01-06 17:04:01,28,32,76,21.0%,152,NORMAL,1005.9,0.0,2.8,False
1767699243.02,2026-01-06 17:04:03,28,32,77,21.0%,152,NORMAL,1004.3,0.0,2.7,False
1767699245.01,2026-01-06 17:04:05,24,32,77,20.8%,152,NORMAL,983.0,0.0,2.7,False
1767699246.14,2026-01-06 17:04:06,25,32,79,20.8%,152,NORMAL,987.5,0.0,2.7,False
1767699248.04,2026-01-06 17:04:08,24,32,79,20.6%,152,NORMAL,974.0,0.0,2.7,False
1767699249.08,2026-01-06 17:04:09,27,32,80,20.6%,152,NORMAL,966.4,0.0,2.7,False
1767699251.28,2026-01-06 17:04:11,26,32,80,20.6%,152,NORMAL,953.6,0.0,2.7,False
1767699252.46,2026-01-06 17:04:12,27,32,81,20.6%,152,NORMAL,952.9,0.0,2.6,False
1767699254.44,2026-01-06 17:04:14,28,32,81,20.6%,152,NORMAL,934.6,0.0,2.7,False
1767699256.07,2026-01-06 17:04:16,28,32,83,20.6%,152,NORMAL,939.6,0.0,2.7,False
1767699257.39,2026-01-06 17:04:17,27,32,83,20.6%,152,NORMAL,928.0,0.0,2.7,False
1767699258.49,2026-01-06 17:04:18,23,32,83,20.4%,152,NORMAL,905.5,0.0,2.7,False
1767699259.55,2026-01-06 17:04:19,24,32,84,20.3%,152,NORMAL,910.8,0.0,2.7,False
1767699261.08,2026-01-06 17:04:21,23,32,84,20.2%,152,NORMAL,894.7,0.0,2.8,False
1767699262.59,2026-01-06 17:04:22,23,32,84,20.0%,152,NORMAL,884.2,0.0,2.8,False
1767699264.39,2026-01-06 17:04:24,24,32,87,19.8%,152,NORMAL,894.9,0.0,2.9,False
1767699265.48,2026-01-06 17:04:25,25,32,87,19.8%,152,NORMAL,889.8,0.0,2.9,False
1767699266.89,2026-01-06 17:04:26,25,32,88,19.7%,152,NORMAL,889.9,0.0,2.9,False
1767699268.00,2026-01-06 17:04:28,26,32,89,19.7%,152,NORMAL,890.0,0.0,2.9,False
1767699269.86,2026-01-06 17:04:29,26,32,90,19.7%,152,NORMAL,895.0,0.0,2.9,False
1767699270.89,2026-01-06 17:04:30,27,32,91,19.8%,152,NORMAL,895.1,0.0,2.9,False
1767699271.93,2026-01-06 17:04:31,25,32,92,19.8%,152,NORMAL,895.1,0.0,2.9,False
1767699273.04,2026-01-06 17:04:33,25,32,93,19.7%,152,NORMAL,900.0,0.0,3.0,False
1767699274.83,2026-01-06 17:04:34,29,32,93,19.7%,152,NORMAL,890.4,0.0,3.0,False
1767699276.44,2026-01-06 17:04:36,28,32,93,19.8%,152,NORMAL,881.1,0.0,3.0,False
1767699278.04,2026-01-06 17:04:38,31,32,95,19.9%,152,NORMAL,895.3,0.0,3.0,False
1767699279.64,2026-01-06 17:04:39,28,32,96,20.0%,152,NORMAL,890.7,0.0,3.0,False
1767699282.84,2026-01-06 17:04:42,28,32,96,20.0%,152,NORMAL,881.6,0.0,3.0,False
1767699283.87,2026-01-06 17:04:43,28,32,96,20.0%,152,NORMAL,872.7,0.0,3.0,False
1767699285.23,2026-01-06 17:04:45,26,32,96,20.0%,152,NORMAL,864.0,0.0,2.9,False
1767699286.58,2026-01-06 17:04:46,26,32,96,20.0%,152,NORMAL,859.7,0.0,2.9,False
1767699288.18,2026-01-06 17:04:48,25,32,98,19.9%,152,NORMAL,860.5,0.0,2.9,False
1767699289.29,2026-01-06 17:04:49,26,32,98,20.0%,152,NORMAL,856.3,0.0,2.9,False
1767699290.66,2026-01-06 17:04:50,23,32,98,19.9%,152,NORMAL,840.0,0.0,2.9,False
1767699292.69,2026-01-06 17:04:52,24,32,98,19.9%,152,NORMAL,836.0,0.0,2.9,False
1767699293.85,2026-01-06 17:04:53,24,32,99,19.8%,152,NORMAL,832.7,0.0,2.9,False
1767699296.02,2026-01-06 17:04:56,25,32,100,19.8%,152,NORMAL,833.3,0.0,2.9,False
1767699297.06,2026-01-06 17:04:57,24,32,101,19.8%,152,NORMAL,830.1,0.0,2.9,False
1767699299.07,2026-01-06 17:04:59,25,32,102,19.7%,152,NORMAL,830.8,0.0,2.9,False
1767699300.37,2026-01-06 17:05:00,25,32,102,19.6%,152,NORMAL,823.3,0.0,3.0,False
1767699302.71,2026-01-06 17:05:02,26,32,103,19.6%,152,NORMAL,820.4,0.0,3.0,False
1767699303.76,2026-01-06 17:05:03,26,32,104,19.7%,152,NORMAL,813.9,0.0,3.0,False
1767699304.85,2026-01-06 17:05:04,25,32,104,19.7%,152,NORMAL,810.4,0.0,3.0,False
1767699305.92,2026-01-06 17:05:05,25,32,106,19.7%,152,NORMAL,811.9,0.0,3.1,False
1767699307.44,2026-01-06 17:05:07,26,32,106,19.8%,152,NORMAL,808.5,0.0,3.1,False
1767699309.17,2026-01-06 17:05:09,28,32,107,19.9%,152,NORMAL,802.5,0.0,3.2,False
1767699310.19,2026-01-06 17:05:10,26,32,107,19.9%,152,NORMAL,799.2,0.0,3.2,False
1767699311.21,2026-01-06 17:05:11,26,32,109,19.9%,152,NORMAL,800.8,0.0,3.2,False
1767699312.82,2026-01-06 17:05:12,25,32,109,19.9%,152,NORMAL,797.6,0.0,3.2,False
1767699314.15,2026-01-06 17:05:14,25,32,109,19.9%,152,NORMAL,791.1,0.0,3.2,False
1767699315.72,2026-01-06 17:05:15,25,32,109,19.8%,152,NORMAL,781.7,0.0,3.2,False
1767699317.01,2026-01-06 17:05:17,27,32,111,19.9%,152,NORMAL,786.6,0.0,3.2,False
1767699318.80,2026-01-06 17:05:18,25,32,111,19.9%,152,NORMAL,780.5,0.0,3.2,False
1767699320.21,2026-01-06 17:05:20,24,32,111,19.8%,152,NORMAL,774.4,0.0,3.2,False
1767699321.94,2026-01-06 17:05:21,24,32,111,19.7%,152,NORMAL,765.5,0.0,3.2,False
1767699324.77,2026-01-06 17:05:24,24,32,111,19.5%,152,NORMAL,751.1,0.0,3.2,False
1767699325.96,2026-01-06 17:05:25,23,32,113,19.4%,152,NORMAL,753.3,0.0,3.2,False
1767699328.23,2026-01-06 17:05:28,23,32,113,19.3%,152,NORMAL,750.6,0.0,3.2,False
1767699329.69,2026-01-06 17:05:29,23,32,114,19.2%,152,NORMAL,748.9,0.0,3.2,False
1767699332.56,2026-01-06 17:05:32,25,32,116,19.1%,152,NORMAL,756.5,0.0,3.2,False
1767699333.79,2026-01-06 17:05:33,24,32,116,19.1%,152,NORMAL,751.1,0.0,3.2,False
1767699336.51,2026-01-06 17:05:36,23,32,116,19.0%,152,NORMAL,743.1,0.0,3.2,False
1767699337.70,2026-01-06 17:05:37,22,32,116,18.9%,152,NORMAL,735.2,0.0,3.2,False
1767699339.73,2026-01-06 17:05:39,22,32,116,18.9%,152,NORMAL,730.1,0.0,3.3,False
1767699340.98,2026-01-06 17:05:40,22,32,116,18.9%,152,NORMAL,722.5,0.0,3.3,False
1767699342.95,2026-01-06 17:05:42,22,32,116,18.8%,152,NORMAL,717.5,0.0,3.3,False
1767699344.67,2026-01-06 17:05:44,22,32,116,18.8%,152,NORMAL,712.6,0.0,3.3,False
1767699346.45,2026-01-06 17:05:46,23,32,116,18.7%,152,NORMAL,705.4,0.0,3.4,False
1767699347.70,2026-01-06 17:05:47,23,32,118,18.7%,152,NORMAL,708.0,0.0,3.4,False
1767699349.39,2026-01-06 17:05:49,22,32,118,18.6%,152,NORMAL,705.6,0.0,3.4,False
1767699351.12,2026-01-06 17:05:51,25,32,120,18.6%,152,NORMAL,708.2,0.0,3.4,False
1767699352.34,2026-01-06 17:05:52,26,32,120,18.6%,152,NORMAL,705.9,0.0,3.4,False
1767699353.54,2026-01-06 17:05:53,23,32,120,18.5%,152,NORMAL,699.0,0.0,3.4,False
1767699355.21,2026-01-06 17:05:55,26,32,120,18.6%,152,NORMAL,694.5,0.0,3.4,False
1767699356.41,2026-01-06 17:05:56,25,32,121,18.5%,152,NORMAL,695.8,0.0,3.4,False
1767699358.34,2026-01-06 17:05:58,24,32,121,18.4%,152,NORMAL,689.2,0.0,3.4,False
1767699359.54,2026-01-06 17:05:59,23,32,121,18.4%,152,NORMAL,680.6,0.0,3.4,False
1767699360.60,2026-01-06 17:06:00,25,32,122,18.3%,152,NORMAL,684.1,0.0,3.4,False
1767699362.09,2026-01-06 17:06:02,26,32,123,18.4%,152,NORMAL,683.3,0.0,3.4,False
1767699363.61,2026-01-06 17:06:03,25,32,123,18.4%,152,NORMAL,679.1,0.0,3.4,False
1767699364.63,2026-01-06 17:06:04,23,32,123,18.3%,152,NORMAL,670.9,0.0,3.4,False
1767699366.13,2026-01-06 17:06:06,23,32,123,18.2%,152,NORMAL,668.9,0.0,3.4,False
1767699367.38,2026-01-06 17:06:07,22,32,123,18.2%,152,NORMAL,664.9,0.0,3.4,False
1767699368.98,2026-01-06 17:06:08,22,32,124,18.1%,152,NORMAL,664.3,0.0,3.4,False
1767699370.09,2026-01-06 17:06:10,21,32,124,18.0%,152,NORMAL,660.4,0.0,3.4,False
1767699373.01,2026-01-06 17:06:13,23,32,125,18.0%,152,NORMAL,659.8,0.0,3.4,False
1767699374.07,2026-01-06 17:06:14,23,32,125,18.0%,152,NORMAL,654.1,0.0,3.4,False
1767699375.63,2026-01-06 17:06:15,22,32,125,18.0%,152,NORMAL,650.3,0.0,3.4,False
1767699376.65,2026-01-06 17:06:16,23,32,125,18.0%,152,NORMAL,644.7,0.0,3.4,False
1767699379.24,2026-01-06 17:06:19,24,32,126,18.0%,152,NORMAL,646.2,0.0,3.4,False
1767699380.44,2026-01-06 17:06:20,24,32,130,18.0%,152,NORMAL,662.9,0.0,3.4,False
1767699382.59,2026-01-06 17:06:22,25,32,131,18.0%,152,NORMAL,662.4,0.0,3.4,False
1767699384.00,2026-01-06 17:06:24,24,32,131,18.1%,152,NORMAL,656.8,0.0,3.4,False
1767699387.07,2026-01-06 17:06:27,23,32,131,18.1%,152,NORMAL,653.2,0.0,3.4,False
1767699388.45,2026-01-06 17:06:28,26,32,133,18.2%,152,NORMAL,655.9,0.0,3.4,False
1767699389.96,2026-01-06 17:06:29,26,32,133,18.3%,152,NORMAL,654.1,0.0,3.5,False
1767699391.00,2026-01-06 17:06:31,25,32,133,18.3%,152,NORMAL,650.5,0.0,3.5,False
1767699393.10,2026-01-06 17:06:33,26,32,134,18.4%,152,NORMAL,650.1,0.0,3.5,False
1767699394.18,2026-01-06 17:06:34,25,32,134,18.5%,152,NORMAL,646.6,0.0,3.5,False
1767699396.20,2026-01-06 17:06:36,23,32,134,18.5%,152,NORMAL,641.5,0.0,3.5,False
1767699397.83,2026-01-06 17:06:37,24,32,136,18.5%,152,NORMAL,645.9,0.0,3.4,False
1767699399.89,2026-01-06 17:06:39,24,32,136,18.4%,152,NORMAL,642.5,0.0,3.4,False
1767699400.91,2026-01-06 17:06:40,25,32,137,18.5%,152,NORMAL,642.2,0.0,3.4,False
1767699402.68,2026-01-06 17:06:42,25,32,137,18.4%,152,NORMAL,638.9,0.0,3.4,False
1767699403.76,2026-01-06 17:06:43,26,32,138,18.5%,152,NORMAL,638.6,0.0,3.4,False
1767699405.62,2026-01-06 17:06:45,26,32,138,18.5%,152,NORMAL,635.3,0.0,3.4,False
1767699406.73,2026-01-06 17:06:46,24,32,138,18.5%,152,NORMAL,630.5,0.0,3.5,False
1767699409.07,2026-01-06 17:06:49,25,32,138,18.5%,152,NORMAL,627.3,0.0,3.5,False
1767699410.24,2026-01-06 17:06:50,24,32,138,18.5%,152,NORMAL,624.1,0.0,3.5,False
1767699411.67,2026-01-06 17:06:51,22,32,138,18.4%,152,NORMAL,621.0,0.0,3.5,False
1767699413.01,2026-01-06 17:06:53,22,32,138,18.4%,152,NORMAL,619.5,0.0,3.5,False
1767699414.21,2026-01-06 17:06:54,22,32,139,18.4%,152,NORMAL,617.8,0.0,3.5,False
1767699415.63,2026-01-06 17:06:55,23,32,139,18.4%,152,NORMAL,616.3,0.0,3.5,False
1767699416.98,2026-01-06 17:06:56,21,32,139,18.4%,152,NORMAL,610.2,0.0,3.5,False
1767699418.30,2026-01-06 17:06:58,21,32,139,18.4%,152,NORMAL,608.8,0.0,3.5,False
1767699419.31,2026-01-06 17:06:59,20,32,139,18.3%,152,NORMAL,605.8,0.0,3.5,False
1767699420.45,2026-01-06 17:07:00,19,32,139,18.2%,152,NORMAL,602.9,0.0,3.4,False
1767699421.56,2026-01-06 17:07:01,19,32,139,18.1%,152,NORMAL,600.0,0.0,3.4,False
1767699423.32,2026-01-06 17:07:03,21,32,140,18.1%,152,NORMAL,598.6,0.0,3.4,False
1767699424.40,2026-01-06 17:07:04,22,32,140,18.0%,152,NORMAL,592.9,0.0,3.4,False
1767699425.58,2026-01-06 17:07:05,20,32,140,17.9%,152,NORMAL,590.2,0.0,3.4,False
1767699426.89,2026-01-06 17:07:06,21,32,141,17.8%,152,NORMAL,591.6,0.0,3.4,False
1767699429.05,2026-01-06 17:07:09,21,32,141,17.8%,152,NORMAL,588.9,0.0,3.4,False
1767699431.23,2026-01-06 17:07:11,20,32,141,17.7%,152,NORMAL,582.1,0.0,3.4,False
1767699432.43,2026-01-06 17:07:12,20,32,141,17.6%,152,NORMAL,579.5,0.0,3.4,False
1767699434.29,2026-01-06 17:07:14,20,32,142,17.4%,152,NORMAL,579.6,0.0,3.4,False
1767699435.51,2026-01-06 17:07:15,19,32,142,17.3%,152,NORMAL,575.7,0.0,3.4,False
1767699437.32,2026-01-06 17:07:17,21,32,144,17.1%,152,NORMAL,581.2,0.0,3.4,False
1767699438.62,2026-01-06 17:07:18,21,32,144,17.0%,152,NORMAL,577.3,0.0,3.3,False
1767699440.39,2026-01-06 17:07:20,20,32,144,17.0%,152,NORMAL,574.7,0.0,3.3,False
1767699441.67,2026-01-06 17:07:21,20,32,145,16.9%,152,NORMAL,574.9,0.0,3.3,False
1767699443.58,2026-01-06 17:07:23,21,32,145,16.8%,152,NORMAL,572.4,0.0,3.3,False
1767699444.83,2026-01-06 17:07:24,20,32,145,16.7%,152,NORMAL,568.6,0.0,3.3,False
1767699446.26,2026-01-06 17:07:26,21,32,145,16.6%,152,NORMAL,566.2,0.0,3.3,False
1767699447.81,2026-01-06 17:07:27,19,32,145,16.4%,152,NORMAL,563.7,0.0,3.3,False
1767699449.02,2026-01-06 17:07:29,21,32,147,16.3%,152,NORMAL,569.0,0.0,3.2,False
1767699450.15,2026-01-06 17:07:30,21,32,147,16.2%,152,NORMAL,567.8,0.0,3.2,False
1767699451.36,2026-01-06 17:07:31,19,32,147,16.1%,152,NORMAL,563.0,0.0,3.2,False
1767699452.56,2026-01-06 17:07:32,20,32,147,16.0%,152,NORMAL,561.8,0.0,3.2,False
1767699454.46,2026-01-06 17:07:34,17,32,148,15.9%,152,NORMAL,560.8,0.0,3.2,False
1767699455.52,2026-01-06 17:07:35,17,32,148,15.7%,152,NORMAL,559.7,0.0,3.2,False
1767699457.18,2026-01-06 17:07:37,17,32,149,15.6%,152,NORMAL,558.8,0.0,3.2,False
1767699458.31,2026-01-06 17:07:38,19,32,150,15.5%,152,NORMAL,561.3,0.0,3.2,False
1767699459.36,2026-01-06 17:07:39,19,32,150,15.5%,152,NORMAL,559.0,0.0,3.2,False
1767699461.17,2026-01-06 17:07:41,19,32,152,15.4%,152,NORMAL,563.0,0.0,3.2,False
1767699462.57,2026-01-06 17:07:42,19,32,153,15.4%,152,NORMAL,563.2,0.0,3.2,False
1767699464.27,2026-01-06 17:07:44,20,32,153,15.4%,152,NORMAL,560.9,0.0,3.2,False
1767699465.94,2026-01-06 17:07:45,20,32,153,15.4%,152,NORMAL,556.4,0.0,3.2,False
1767699467.05,2026-01-06 17:07:47,20,32,153,15.4%,152,NORMAL,555.2,0.0,3.2,False
1767699468.27,2026-01-06 17:07:48,20,32,154,15.4%,152,NORMAL,555.5,0.0,3.2,False
1767699469.72,2026-01-06 17:07:49,20,32,154,15.4%,152,NORMAL,553.3,0.0,3.2,False
1767699471.03,2026-01-06 17:07:51,19,32,154,15.3%,152,NORMAL,551.1,0.0,3.2,False
1767699472.79,2026-01-06 17:07:52,17,32,154,15.2%,152,NORMAL,547.8,0.0,3.2,False
1767699473.88,2026-01-06 17:07:53,17,32,154,15.1%,152,NORMAL,545.7,0.0,3.2,False
1767699475.05,2026-01-06 17:07:55,17,32,154,15.1%,152,NORMAL,543.5,0.0,3.2,False
1767699476.06,2026-01-06 17:07:56,17,32,154,15.0%,152,NORMAL,542.5,0.0,3.2,False
1767699477.26,2026-01-06 17:07:57,16,32,154,14.9%,152,NORMAL,540.4,0.0,3.2,False
1767699478.95,2026-01-06 17:07:58,17,32,155,14.8%,152,NORMAL,540.7,0.0,3.1,False
1767699480.27,2026-01-06 17:08:00,17,32,156,14.7%,152,NORMAL,541.0,0.0,3.1,False
1767699481.51,2026-01-06 17:08:01,17,32,156,14.7%,152,NORMAL,539.0,0.0,3.1,False
1767699482.65,2026-01-06 17:08:02,18,32,157,14.6%,152,NORMAL,539.3,0.0,3.1,False
1767699484.42,2026-01-06 17:08:04,17,32,157,14.5%,152,NORMAL,537.3,0.0,3.1,False
1767699486.02,2026-01-06 17:08:06,16,32,158,14.4%,152,NORMAL,538.6,0.0,3.1,False
1767699487.79,2026-01-06 17:08:07,20,32,162,14.4%,152,NORMAL,549.2,0.0,3.1,False
1767699488.94,2026-01-06 17:08:08,18,32,162,14.4%,152,NORMAL,545.0,0.0,3.1,False
1767699490.26,2026-01-06 17:08:10,17,32,162,14.3%,152,NORMAL,543.0,0.0,3.1,False
1767699491.39,2026-01-06 17:08:11,20,32,163,14.2%,152,NORMAL,543.3,0.0,3.1,False
1767699492.73,2026-01-06 17:08:12,19,32,163,14.2%,152,NORMAL,541.3,0.0,3.1,False
1767699493.91,2026-01-06 17:08:13,19,32,164,14.2%,152,NORMAL,541.7,0.0,3.1,False
1767699495.13,2026-01-06 17:08:15,17,32,164,14.2%,152,NORMAL,539.7,0.0,3.1,False
1767699496.84,2026-01-06 17:08:16,20,32,165,14.3%,152,NORMAL,539.0,0.0,3.2,False
1767699498.18,2026-01-06 17:08:18,19,32,165,14.3%,152,NORMAL,537.1,0.0,3.2,False
1767699499.58,2026-01-06 17:08:19,22,32,167,14.4%,152,NORMAL,541.6,0.0,3.2,False
1767699500.67,2026-01-06 17:08:20,24,32,169,14.5%,152,NORMAL,546.1,0.0,3.2,False
1767699501.86,2026-01-06 17:08:21,23,32,169,14.6%,152,NORMAL,543.2,0.0,3.3,False
1767699503.05,2026-01-06 17:08:23,23,32,169,14.7%,152,NORMAL,541.3,0.0,3.3,False
1767699505.25,2026-01-06 17:08:25,23,32,170,14.8%,152,NORMAL,540.6,0.0,3.3,False
1767699506.44,2026-01-06 17:08:26,22,32,170,14.8%,152,NORMAL,537.8,0.0,3.3,False
1767699507.59,2026-01-06 17:08:27,20,32,170,14.8%,152,NORMAL,535.9,0.0,3.3,False
1767699508.73,2026-01-06 17:08:28,20,32,170,14.8%,152,NORMAL,534.0,0.0,3.3,False
1767699510.74,2026-01-06 17:08:30,19,32,170,14.8%,152,NORMAL,531.3,0.0,3.3,False
1767699512.08,2026-01-06 17:08:32,19,32,170,14.8%,152,NORMAL,529.4,0.0,3.3,False
1767699513.72,2026-01-06 17:08:33,20,32,170,14.9%,152,NORMAL,526.7,0.0,3.3,False
1767699514.80,2026-01-06 17:08:34,20,32,171,15.0%,152,NORMAL,528.0,0.0,3.3,False
1767699515.90,2026-01-06 17:08:35,20,32,172,15.0%,152,NORMAL,529.2,0.0,3.3,False
1767699516.99,2026-01-06 17:08:36,21,32,172,15.1%,152,NORMAL,527.4,0.0,3.3,False
1767699518.47,2026-01-06 17:08:38,23,32,174,15.3%,152,NORMAL,530.8,0.0,3.3,False
1767699519.93,2026-01-06 17:08:39,22,32,174,15.4%,152,NORMAL,529.9,0.0,3.3,False
1767699521.14,2026-01-06 17:08:41,20,32,176,15.5%,152,NORMAL,532.4,0.0,3.2,False
1767699522.27,2026-01-06 17:08:42,21,32,176,15.6%,152,NORMAL,530.7,0.0,3.2,False
1767699523.37,2026-01-06 17:08:43,20,32,178,15.7%,152,NORMAL,534.9,0.0,3.2,False
1767699524.61,2026-01-06 17:08:44,19,32,178,15.7%,152,NORMAL,533.1,0.0,3.2,False
1767699526.07,2026-01-06 17:08:46,18,32,180,15.8%,152,NORMAL,537.3,0.0,3.2,False
1767699527.61,2026-01-06 17:08:47,20,32,181,15.8%,152,NORMAL,538.5,0.0,3.2,False
1767699528.89,2026-01-06 17:08:48,20,32,181,15.8%,152,NORMAL,536.7,0.0,3.2,False
1767699530.12,2026-01-06 17:08:50,21,32,181,15.9%,152,NORMAL,535.0,0.0,3.2,False
1767699531.55,2026-01-06 17:08:51,21,32,181,15.9%,152,NORMAL,532.4,0.0,3.2,False
1767699532.97,2026-01-06 17:08:52,20,32,182,16.0%,152,NORMAL,532.7,0.0,3.2,False
1767699534.75,2026-01-06 17:08:54,20,32,183,16.0%,152,NORMAL,533.9,0.0,3.2,False
1767699536.27,2026-01-06 17:08:56,23,32,184,16.1%,152,NORMAL,534.2,0.0,3.1,False
1767699537.27,2026-01-06 17:08:57,21,32,184,16.1%,152,NORMAL,532.5,0.0,3.1,False
1767699538.40,2026-01-06 17:08:58,20,32,185,16.2%,152,NORMAL,533.7,0.0,3.1,False
1767699539.75,2026-01-06 17:08:59,21,32,185,16.1%,152,NORMAL,531.9,0.0,3.1,False
1767699541.04,2026-01-06 17:09:01,22,32,185,16.1%,152,NORMAL,530.3,0.0,3.1,False
1767699542.80,2026-01-06 17:09:02,16,32,185,15.9%,152,NORMAL,527.7,0.0,3.1,False
1767699543.93,2026-01-06 17:09:03,19,32,186,15.8%,152,NORMAL,528.9,0.0,3.1,False
1767699545.24,2026-01-06 17:09:05,18,32,186,15.7%,152,NORMAL,527.2,0.0,3.0,False
1767699546.30,2026-01-06 17:09:06,18,32,186,15.6%,152,NORMAL,525.6,0.0,3.0,False
1767699547.98,2026-01-06 17:09:07,20,32,188,15.6%,152,NORMAL,527.9,0.0,3.0,False
1767699549.29,2026-01-06 17:09:09,19,32,189,15.6%,152,NORMAL,529.1,0.0,3.0,False
1767699551.40,2026-01-06 17:09:11,20,32,190,15.6%,152,NORMAL,529.4,0.0,2.9,False
1767699553.05,2026-01-06 17:09:13,19,32,191,15.6%,152,NORMAL,529.7,0.0,2.9,False
1767699554.81,2026-01-06 17:09:14,18,32,191,15.6%,152,NORMAL,528.1,0.0,2.9,False
1767699555.92,2026-01-06 17:09:15,18,32,192,15.5%,152,NORMAL,529.2,0.0,2.9,False
1767699557.35,2026-01-06 17:09:17,19,32,192,15.5%,152,NORMAL,526.8,0.0,2.9,False
1767699558.91,2026-01-06 17:09:18,21,32,193,15.5%,152,NORMAL,526.4,0.0,2.9,False
1767699559.93,2026-01-06 17:09:19,22,32,194,15.5%,152,NORMAL,528.3,0.0,2.9,False
1767699561.86,2026-01-06 17:09:21,20,32,194,15.4%,152,NORMAL,524.3,0.0,2.9,False
1767699563.68,2026-01-06 17:09:23,18,32,195,15.4%,152,NORMAL,523.1,0.0,2.9,False
1767699565.32,2026-01-06 17:09:25,18,32,195,15.3%,152,NORMAL,521.5,0.0,2.9,False
1767699566.65,2026-01-06 17:09:26,20,32,197,15.3%,152,NORMAL,524.6,0.0,3.0,False
1767699568.03,2026-01-06 17:09:28,19,32,198,15.3%,152,NORMAL,524.9,0.0,3.0,False
1767699569.55,2026-01-06 17:09:29,20,32,198,15.3%,152,NORMAL,523.3,0.0,3.0,False
1767699571.58,2026-01-06 17:09:31,18,32,199,15.3%,152,NORMAL,522.9,0.0,3.1,False
1767699572.78,2026-01-06 17:09:32,18,32,200,15.2%,152,NORMAL,524.8,0.0,3.1,False
1767699573.93,2026-01-06 17:09:33,21,32,202,15.2%,152,NORMAL,528.5,0.0,3.1,False
1767699575.42,2026-01-06 17:09:35,19,32,203,15.2%,152,NORMAL,528.8,0.0,3.1,False
1767699576.70,2026-01-06 17:09:36,19,32,203,15.2%,152,NORMAL,527.3,0.0,3.1,False
1767699578.02,2026-01-06 17:09:38,19,32,203,15.1%,152,NORMAL,525.0,0.0,3.1,False
1767699579.66,2026-01-06 17:09:39,21,32,206,15.1%,152,NORMAL,529.7,0.0,3.2,False
1767699580.67,2026-01-06 17:09:40,22,32,206,15.1%,152,NORMAL,529.0,0.0,3.2,False
1767699581.90,2026-01-06 17:09:41,21,32,206,15.1%,152,NORMAL,526.0,0.0,3.2,False
1767699583.44,2026-01-06 17:09:43,22,32,206,15.2%,152,NORMAL,525.2,0.0,3.2,False
1767699585.05,2026-01-06 17:09:45,22,32,206,15.2%,152,NORMAL,522.3,0.0,3.3,False
1767699586.32,2026-01-06 17:09:46,21,32,206,15.3%,152,NORMAL,520.8,0.0,3.3,False
1767699588.06,2026-01-06 17:09:48,22,32,207,15.4%,152,NORMAL,520.4,0.0,3.3,False
1767699589.49,2026-01-06 17:09:49,20,32,207,15.4%,152,NORMAL,518.2,0.0,3.4,False
1767699591.19,2026-01-06 17:09:51,20,32,207,15.5%,152,NORMAL,516.8,0.0,3.4,False
1767699592.31,2026-01-06 17:09:52,20,32,208,15.5%,152,NORMAL,516.4,0.0,3.4,False
1767699593.53,2026-01-06 17:09:53,20,32,209,15.5%,152,NORMAL,517.5,0.0,3.5,False
1767699595.69,2026-01-06 17:09:55,19,32,209,15.5%,152,NORMAL,514.6,0.0,3.5,False
1767699596.93,2026-01-06 17:09:56,20,32,210,15.5%,152,NORMAL,515.0,0.0,3.5,False
1767699598.93,2026-01-06 17:09:58,20,32,210,15.5%,152,NORMAL,513.6,0.0,3.6,False
1767699600.69,2026-01-06 17:10:00,20,32,212,15.6%,152,NORMAL,515.7,0.0,3.6,False
1767699601.98,2026-01-06 17:10:01,20,32,212,15.6%,152,NORMAL,515.0,0.0,3.6,False
1767699603.65,2026-01-06 17:10:03,20,32,212,15.6%,152,NORMAL,512.2,0.0,3.7,False
1767699604.70,2026-01-06 17:10:04,22,32,213,15.6%,152,NORMAL,513.9,0.0,3.7,False
1767699605.85,2026-01-06 17:10:05,19,32,214,15.6%,152,NORMAL,513.6,0.0,3.7,False
1767699607.01,2026-01-06 17:10:07,19,32,214,15.6%,152,NORMAL,512.9,0.0,3.7,False
1767699608.17,2026-01-06 17:10:08,20,32,216,15.6%,152,NORMAL,516.3,0.0,3.7,False
1767699610.37,2026-01-06 17:10:10,20,32,217,15.6%,152,NORMAL,516.7,0.0,3.8,False
1767699611.39,2026-01-06 17:10:11,22,32,218,15.7%,152,NORMAL,517.7,0.0,3.7,False
1767699613.11,2026-01-06 17:10:13,23,32,219,15.8%,152,NORMAL,518.0,0.0,3.7,False
1767699614.19,2026-01-06 17:10:14,22,32,219,15.9%,152,NORMAL,516.0,0.0,3.7,False
1767699615.74,2026-01-06 17:10:15,20,32,219,15.9%,152,NORMAL,514.6,0.0,3.7,False
1767699617.39,2026-01-06 17:10:17,22,32,221,16.0%,152,NORMAL,516.6,0.0,3.7,False
1767699618.45,2026-01-06 17:10:18,22,32,221,16.0%,152,NORMAL,516.0,0.0,3.7,False
1767699619.99,2026-01-06 17:10:19,21,32,221,16.1%,152,NORMAL,514.0,0.0,3.7,False
1767699621.81,2026-01-06 17:10:21,22,32,221,16.2%,152,NORMAL,512.6,0.0,3.7,False
1767699622.90,2026-01-06 17:10:22,24,32,223,16.2%,152,NORMAL,514.6,0.0,3.7,False
1767699623.98,2026-01-06 17:10:23,24,32,223,16.3%,152,NORMAL,514.0,0.0,3.7,False
1767699625.35,2026-01-06 17:10:25,23,32,224,16.3%,152,NORMAL,514.3,0.0,3.7,False
1767699626.91,2026-01-06 17:10:26,23,32,224,16.3%,152,NORMAL,513.0,0.0,3.7,False
1767699628.40,2026-01-06 17:10:28,24,32,224,16.4%,152,NORMAL,511.7,0.0,3.7,False
1767699630.79,2026-01-06 17:10:30,22,32,224,16.4%,152,NORMAL,509.7,0.0,3.7,False
1767699631.97,2026-01-06 17:10:31,24,32,226,16.5%,152,NORMAL,513.0,0.0,3.7,False
1767699633.22,2026-01-06 17:10:33,23,32,227,16.5%,152,NORMAL,514.0,0.0,3.6,False
1767699634.68,2026-01-06 17:10:34,23,32,227,16.6%,152,NORMAL,513.3,0.0,3.6,False
1767699636.11,2026-01-06 17:10:36,23,32,227,16.7%,152,NORMAL,512.0,0.0,3.6,False
1767699637.27,2026-01-06 17:10:37,22,32,227,16.7%,152,NORMAL,510.7,0.0,3.6,False
1767699638.82,2026-01-06 17:10:38,23,32,227,16.8%,152,NORMAL,510.1,0.0,3.6,False
1767699640.11,2026-01-06 17:10:40,22,32,229,16.9%,152,NORMAL,512.0,0.0,3.6,False
1767699641.66,2026-01-06 17:10:41,22,32,229,16.9%,152,NORMAL,511.4,0.0,3.6,False
1767699643.26,2026-01-06 17:10:43,22,32,231,17.0%,152,NORMAL,513.3,0.0,3.5,False
1767699644.38,2026-01-06 17:10:44,22,32,231,17.0%,152,NORMAL,512.7,0.0,3.5,False
1767699645.45,2026-01-06 17:10:45,22,32,231,17.1%,152,NORMAL,510.2,0.0,3.5,False
1767699646.83,2026-01-06 17:10:46,23,32,232,17.1%,152,NORMAL,511.8,0.0,3.5,False
1767699648.04,2026-01-06 17:10:48,22,32,232,17.2%,152,NORMAL,509.9,0.0,3.5,False
1767699649.56,2026-01-06 17:10:49,23,32,233,17.3%,152,NORMAL,510.8,0.0,3.4,False
1767699651.29,2026-01-06 17:10:51,25,32,233,17.4%,152,NORMAL,509.6,0.0,3.4,False
1767699652.85,2026-01-06 17:10:52,22,32,233,17.4%,152,NORMAL,507.7,0.0,3.4,False
1767699654.42,2026-01-06 17:10:54,21,32,234,17.4%,152,NORMAL,508.1,0.0,3.4,False
1767699655.55,2026-01-06 17:10:55,19,32,234,17.3%,152,NORMAL,506.9,0.0,3.4,False
1767699656.66,2026-01-06 17:10:56,21,32,234,17.3%,152,NORMAL,505.6,0.0,3.3,False
1767699658.11,2026-01-06 17:10:58,23,32,236,17.4%,152,NORMAL,508.7,0.0,3.3,False
1767699659.30,2026-01-06 17:10:59,23,32,237,17.4%,152,NORMAL,509.7,0.0,3.3,False
1767699660.78,2026-01-06 17:11:00,23,32,237,17.4%,152,NORMAL,508.5,0.0,3.3,False
1767699662.55,2026-01-06 17:11:02,24,32,238,17.5%,152,NORMAL,509.4,0.0,3.3,False
1767699664.39,2026-01-06 17:11:04,23,32,238,17.5%,152,NORMAL,508.2,0.0,3.2,False
1767699665.64,2026-01-06 17:11:05,24,32,239,17.5%,152,NORMAL,509.1,0.0,3.2,False
1767699667.16,2026-01-06 17:11:07,24,32,239,17.5%,152,NORMAL,508.5,0.0,3.2,False
1767699668.70,2026-01-06 17:11:08,24,32,239,17.5%,152,NORMAL,506.7,0.0,3.1,False
1767699670.93,2026-01-06 17:11:10,23,32,239,17.5%,152,NORMAL,505.5,0.0,3.1,False
1767699672.25,2026-01-06 17:11:12,21,32,240,17.5%,152,NORMAL,506.4,0.0,3.1,False
1767699675.12,2026-01-06 17:11:15,27,32,244,17.6%,152,NORMAL,513.1,0.0,3.0,False
1767699676.55,2026-01-06 17:11:16,26,32,244,17.6%,152,NORMAL,511.3,0.0,3.0,False
1767699678.62,2026-01-06 17:11:18,26,32,244,17.7%,152,NORMAL,510.1,0.0,3.0,False
1767699679.72,2026-01-06 17:11:19,24,32,244,17.7%,152,NORMAL,508.9,0.0,2.9,False
1767699681.48,2026-01-06 17:11:21,24,32,244,17.7%,152,NORMAL,507.2,0.0,2.9,False
1767699683.39,2026-01-06 17:11:23,24,32,244,17.8%,152,NORMAL,504.8,0.0,2.9,False
1767699685.43,2026-01-06 17:11:25,24,32,244,17.8%,152,NORMAL,504.2,0.0,2.8,False
1767699686.64,2026-01-06 17:11:26,25,32,246,17.9%,152,NORMAL,506.6,0.0,2.8,False
1767699688.38,2026-01-06 17:11:28,25,32,246,18.0%,152,NORMAL,505.5,0.0,2.8,False
1767699689.52,2026-01-06 17:11:29,25,32,246,18.0%,152,NORMAL,504.3,0.0,2.8,False
1767699691.74,2026-01-06 17:11:31,24,32,246,18.1%,152,NORMAL,502.6,0.0,2.8,False
1767699692.77,2026-01-06 17:11:32,25,32,248,18.2%,152,NORMAL,505.5,0.0,2.7,False
1767699695.16,2026-01-06 17:11:35,25,32,248,18.2%,152,NORMAL,503.8,0.0,2.7,False
1767699696.72,2026-01-06 17:11:36,26,32,249,18.3%,152,NORMAL,504.7,0.0,2.7,False
1767699698.44,2026-01-06 17:11:38,26,32,250,18.4%,152,NORMAL,505.6,0.0,2.7,False
1767699700.27,2026-01-06 17:11:40,25,32,250,18.4%,152,NORMAL,504.5,0.0,2.7,False
1767699701.35,2026-01-06 17:11:41,24,32,250,18.4%,152,NORMAL,503.4,0.0,2.7,False
1767699702.58,2026-01-06 17:11:42,23,32,250,18.5%,152,NORMAL,502.2,0.0,2.7,False
1767699703.77,2026-01-06 17:11:43,22,32,250,18.5%,152,NORMAL,501.1,0.0,2.7,False
1767699705.31,2026-01-06 17:11:45,23,32,251,18.6%,152,NORMAL,502.0,0.0,2.7,False
1767699706.57,2026-01-06 17:11:46,25,32,252,18.6%,152,NORMAL,503.4,0.0,2.7,False
1767699707.63,2026-01-06 17:11:47,28,32,254,18.8%,152,NORMAL,506.3,0.0,2.7,False
1767699708.77,2026-01-06 17:11:48,26,32,254,18.8%,152,NORMAL,505.2,0.0,2.7,False
1767699709.87,2026-01-06 17:11:49,25,32,254,18.9%,152,NORMAL,504.6,0.0,2.7,False
1767699711.02,2026-01-06 17:11:51,27,32,254,18.9%,152,NORMAL,503.5,0.0,2.7,False
1767699714.08,2026-01-06 17:11:54,28,32,255,19.0%,152,NORMAL,503.8,0.0,2.6,False
1767699715.16,2026-01-06 17:11:55,27,32,255,19.1%,152,NORMAL,502.2,0.0,2.6,False
1767699717.77,2026-01-06 17:11:57,28,32,256,19.2%,152,NORMAL,503.1,0.0,2.6,False
1767699718.81,2026-01-06 17:11:58,25,32,256,19.3%,152,NORMAL,502.0,0.0,2.6,False
1767699719.90,2026-01-06 17:11:59,26,32,256,19.4%,152,NORMAL,500.9,0.0,2.6,False
1767699721.45,2026-01-06 17:12:01,25,32,256,19.3%,152,NORMAL,500.3,0.0,2.5,False
1767699722.92,2026-01-06 17:12:02,24,32,257,19.3%,152,NORMAL,500.6,0.0,2.5,False
1767699724.58,2026-01-06 17:12:04,23,32,258,19.2%,152,NORMAL,501.5,0.0,2.5,False
1767699725.75,2026-01-06 17:12:05,26,32,260,19.3%,152,NORMAL,503.8,0.0,2.5,False
1767699728.15,2026-01-06 17:12:08,25,32,260,19.3%,152,NORMAL,502.7,0.0,2.5,False
1767699729.30,2026-01-06 17:12:09,25,32,261,19.3%,152,NORMAL,503.5,0.0,2.5,False
1767699731.27,2026-01-06 17:12:11,23,32,261,19.3%,152,NORMAL,501.9,0.0,2.5,False
1767699732.73,2026-01-06 17:12:12,23,32,261,19.2%,152,NORMAL,500.9,0.0,2.5,False
1767699733.76,2026-01-06 17:12:13,23,32,262,19.2%,152,NORMAL,501.7,0.0,2.5,False
1767699735.24,2026-01-06 17:12:15,22,32,262,19.1%,152,NORMAL,501.2,0.0,2.5,False
1767699736.46,2026-01-06 17:12:16,23,32,263,19.1%,152,NORMAL,502.0,0.0,2.5,False
1767699738.74,2026-01-06 17:12:18,22,32,264,19.0%,152,NORMAL,502.3,0.0,2.5,False
1767699740.03,2026-01-06 17:12:20,23,32,264,19.0%,152,NORMAL,501.3,0.0,2.5,False
1767699741.76,2026-01-06 17:12:21,24,32,265,18.9%,152,NORMAL,501.6,0.0,2.5,False
1767699742.78,2026-01-06 17:12:22,26,32,266,18.9%,152,NORMAL,502.9,0.0,2.5,False
1767699743.94,2026-01-06 17:12:23,27,32,267,19.0%,152,NORMAL,503.8,0.0,2.5,False
1767699746.09,2026-01-06 17:12:26,27,32,267,19.0%,152,NORMAL,502.7,0.0,2.5,False
1767699747.23,2026-01-06 17:12:27,25,32,267,19.1%,152,NORMAL,501.7,0.0,2.5,False
1767699748.29,2026-01-06 17:12:28,25,32,268,19.2%,152,NORMAL,502.5,0.0,2.5,False
1767699750.29,2026-01-06 17:12:30,26,32,269,19.2%,152,NORMAL,503.9,0.0,2.5,False
1767699751.30,2026-01-06 17:12:31,24,32,269,19.2%,152,NORMAL,502.3,0.0,2.5,False
1767699752.61,2026-01-06 17:12:32,24,32,269,19.1%,152,NORMAL,501.2,0.0,2.5,False
1767699754.65,2026-01-06 17:12:34,23,32,269,19.0%,152,NORMAL,498.7,0.0,2.5,False
1767699755.67,2026-01-06 17:12:35,23,32,269,19.0%,152,NORMAL,497.6,0.0,2.5,False
1767699757.25,2026-01-06 17:12:37,22,32,269,18.9%,152,NORMAL,496.6,0.0,2.5,False
1767699758.37,2026-01-06 17:12:38,23,32,269,18.8%,152,NORMAL,496.1,0.0,2.5,False
1767699759.60,2026-01-06 17:12:39,24,32,270,18.7%,152,NORMAL,496.4,0.0,2.5,False
1767699762.24,2026-01-06 17:12:42,24,32,270,18.6%,152,NORMAL,495.4,0.0,2.5,False
1767699763.37,2026-01-06 17:12:43,24,32,271,18.6%,152,NORMAL,495.2,0.0,2.5,False
1767699764.80,2026-01-06 17:12:44,24,32,271,18.5%,152,NORMAL,494.7,0.0,2.5,False
1767699766.00,2026-01-06 17:12:46,25,32,271,18.5%,152,NORMAL,493.2,0.0,2.5,False
1767699767.45,2026-01-06 17:12:47,24,32,271,18.5%,152,NORMAL,492.2,0.0,2.5,False
1767699768.55,2026-01-06 17:12:48,26,32,272,18.6%,152,NORMAL,492.6,0.0,2.6,False
1767699770.53,2026-01-06 17:12:50,27,32,273,18.6%,152,NORMAL,493.4,0.0,2.6,False
1767699771.61,2026-01-06 17:12:51,26,32,273,18.6%,152,NORMAL,492.4,0.0,2.6,False
1767699773.89,2026-01-06 17:12:53,27,32,273,18.7%,152,NORMAL,490.9,0.0,2.6,False
1767699774.94,2026-01-06 17:12:54,23,32,274,18.7%,152,NORMAL,491.7,0.0,2.6,False
1767699776.43,2026-01-06 17:12:56,24,32,274,18.7%,152,NORMAL,490.7,0.0,2.6,False
1767699777.46,2026-01-06 17:12:57,24,32,274,18.7%,152,NORMAL,490.3,0.0,2.7,False
1767699778.75,2026-01-06 17:12:58,23,32,274,18.8%,152,NORMAL,489.3,0.0,2.7,False
1767699780.17,2026-01-06 17:13:00,22,32,274,18.7%,152,NORMAL,488.3,0.0,2.7,False
1767699781.26,2026-01-06 17:13:01,22,32,274,18.7%,152,NORMAL,487.8,0.0,2.7,False
1767699782.35,2026-01-06 17:13:02,24,32,274,18.8%,152,NORMAL,486.9,0.0,2.7,False
1767699784.28,2026-01-06 17:13:04,23,32,276,18.7%,152,NORMAL,489.0,0.0,2.7,False
1767699785.30,2026-01-06 17:13:05,24,32,276,18.7%,152,NORMAL,488.0,0.0,2.7,False
1767699787.29,2026-01-06 17:13:07,23,32,276,18.6%,152,NORMAL,486.6,0.0,2.7,False
1767699788.39,2026-01-06 17:13:08,24,32,277,18.5%,152,NORMAL,487.4,0.0,2.7,False
1767699789.52,2026-01-06 17:13:09,25,32,277,18.5%,152,NORMAL,486.4,0.0,2.7,False
1767699790.92,2026-01-06 17:13:10,25,32,277,18.5%,152,NORMAL,486.0,0.0,2.7,False
1767699791.94,2026-01-06 17:13:11,26,32,278,18.5%,152,NORMAL,487.2,0.0,2.6,False
1767699792.94,2026-01-06 17:13:12,30,32,285,18.7%,152,NORMAL,498.5,0.0,2.6,False
1767699795.43,2026-01-06 17:13:15,29,32,286,18.8%,152,NORMAL,499.3,0.0,2.6,False
1767699796.90,2026-01-06 17:13:16,30,32,287,18.9%,152,NORMAL,499.6,0.0,2.6,False
1767699799.00,2026-01-06 17:13:19,30,32,287,19.1%,152,NORMAL,498.6,0.0,2.6,False
1767699800.02,2026-01-06 17:13:20,31,32,287,19.3%,152,NORMAL,497.7,0.0,2.7,False
1767699801.42,2026-01-06 17:13:21,31,32,287,19.5%,152,NORMAL,496.7,0.0,2.7,False
1767699802.52,2026-01-06 17:13:22,29,32,287,19.6%,152,NORMAL,496.3,0.0,2.7,False
1767699804.10,2026-01-06 17:13:24,28,32,287,19.7%,152,NORMAL,495.3,0.0,2.7,False
1767699805.40,2026-01-06 17:13:25,27,32,288,19.8%,152,NORMAL,496.1,0.0,2.7,False
1767699806.64,2026-01-06 17:13:26,27,32,288,19.9%,152,NORMAL,495.6,0.0,2.7,False
1767699808.25,2026-01-06 17:13:28,29,32,289,20.0%,152,NORMAL,496.4,0.0,2.7,False
1767699810.60,2026-01-06 17:13:30,29,32,289,20.1%,152,NORMAL,495.0,0.0,2.7,False
1767699812.17,2026-01-06 17:13:32,28,32,290,20.1%,152,NORMAL,495.7,0.0,2.7,False
1767699814.56,2026-01-06 17:13:34,29,32,290,20.2%,152,NORMAL,494.3,0.0,2.7,False
1767699815.87,2026-01-06 17:13:35,29,32,290,20.2%,152,NORMAL,493.4,0.0,2.6,False
1767699818.27,2026-01-06 17:13:38,30,32,290,20.3%,152,NORMAL,492.0,0.0,2.6,False
1767699820.01,2026-01-06 17:13:40,31,32,290,20.5%,152,NORMAL,491.1,0.0,2.6,False
1767699822.18,2026-01-06 17:13:42,30,32,291,20.6%,152,NORMAL,491.4,0.0,2.6,False
1767699823.42,2026-01-06 17:13:43,30,32,292,20.8%,152,NORMAL,491.7,0.0,2.6,False
1767699825.53,2026-01-06 17:13:45,31,32,293,21.0%,152,NORMAL,492.4,0.0,2.6,False
1767699827.15,2026-01-06 17:13:47,31,32,293,21.2%,152,NORMAL,491.5,0.0,2.6,False
1767699828.56,2026-01-06 17:13:48,30,32,293,21.4%,152,NORMAL,490.6,0.0,2.5,False
1767699830.07,2026-01-06 17:13:50,31,32,294,21.5%,152,NORMAL,491.8,0.0,2.5,False
1767699831.75,2026-01-06 17:13:51,29,32,295,21.7%,152,NORMAL,492.1,0.0,2.5,False
1767699832.79,2026-01-06 17:13:52,32,32,297,21.9%,152,NORMAL,495.0,0.0,2.5,False
1767699834.19,2026-01-06 17:13:54,31,32,297,22.0%,152,NORMAL,494.5,0.0,2.5,False
1767699835.49,2026-01-06 17:13:55,30,32,297,22.2%,152,NORMAL,493.6,0.0,2.5,False
1767699837.89,2026-01-06 17:13:57,31,32,298,22.3%,152,NORMAL,493.9,0.0,2.5,False
1767699839.13,2026-01-06 17:13:59,31,32,298,22.5%,152,NORMAL,493.0,0.0,2.4,False
1767699841.37,2026-01-06 17:14:01,31,32,299,22.6%,152,NORMAL,493.3,0.0,2.4,False
1767699842.78,2026-01-06 17:14:02,33,33,300,22.7%,152,NORMAL,493.6,0.0,2.4,False
1767699845.99,2026-01-06 17:14:05,34,34,300,22.8%,152,NORMAL,492.7,0.0,2.4,False
1767699847.30,2026-01-06 17:14:07,33,34,302,22.8%,152,NORMAL,494.6,0.0,2.4,False
1767699849.26,2026-01-06 17:14:09,31,34,302,22.9%,152,NORMAL,493.7,0.0,2.4,False
1767699850.66,2026-01-06 17:14:10,30,34,302,22.8%,152,NORMAL,492.8,0.0,2.4,False
1767699852.78,2026-01-06 17:14:12,27,34,302,22.7%,152,NORMAL,491.5,0.0,2.4,False
1767699854.28,2026-01-06 17:14:14,27,34,303,22.7%,152,NORMAL,492.2,0.0,2.4,False
1767699855.30,2026-01-06 17:14:15,28,34,303,22.7%,152,NORMAL,491.8,0.0,2.4,False
1767699857.85,2026-01-06 17:14:17,28,34,303,22.7%,152,NORMAL,490.9,0.0,2.4,False
1767699858.89,2026-01-06 17:14:18,30,34,303,22.8%,152,NORMAL,490.5,0.0,2.4,False
1767699861.70,2026-01-06 17:14:21,29,34,303,22.8%,152,NORMAL,488.7,0.0,2.4,False
1767699863.45,2026-01-06 17:14:23,28,34,304,22.8%,152,NORMAL,489.4,0.0,2.4,False
1767699865.27,2026-01-06 17:14:25,27,34,304,22.7%,152,NORMAL,488.1,0.0,2.4,False
1767699866.62,2026-01-06 17:14:26,28,34,304,22.7%,152,NORMAL,486.8,0.0,2.4,False
1767699868.97,2026-01-06 17:14:28,27,34,304,22.7%,152,NORMAL,486.0,0.0,2.4,False
1767699870.29,2026-01-06 17:14:30,26,34,305,22.6%,152,NORMAL,486.3,0.0,2.4,False
1767699872.23,2026-01-06 17:14:32,25,34,305,22.4%,152,NORMAL,485.4,0.0,2.4,False
1767699873.57,2026-01-06 17:14:33,25,34,305,22.3%,152,NORMAL,483.7,0.0,2.4,False
1767699874.68,2026-01-06 17:14:34,25,34,305,22.2%,152,NORMAL,483.3,0.0,2.4,False
1767699875.96,2026-01-06 17:14:35,25,34,305,22.1%,152,NORMAL,481.6,0.0,2.5,False
1767699877.21,2026-01-06 17:14:37,26,34,305,21.9%,152,NORMAL,481.2,0.0,2.5,False
1767699878.50,2026-01-06 17:14:38,24,34,305,21.8%,152,NORMAL,480.3,0.0,2.5,False
1767699880.05,2026-01-06 17:14:40,25,34,305,21.7%,152,NORMAL,479.5,0.0,2.5,False
1767699881.48,2026-01-06 17:14:41,25,34,305,21.6%,152,NORMAL,479.1,0.0,2.5,False
1767699882.97,2026-01-06 17:14:42,27,34,307,21.5%,152,NORMAL,480.5,0.0,2.6,False
1767699883.98,2026-01-06 17:14:43,25,34,307,21.3%,152,NORMAL,480.1,0.0,2.6,False
1767699885.01,2026-01-06 17:14:45,24,34,307,21.2%,152,NORMAL,479.3,0.0,2.6,False
1767699886.30,2026-01-06 17:14:46,24,34,307,21.0%,152,NORMAL,478.4,0.0,2.6,False
1767699888.05,2026-01-06 17:14:48,24,34,307,20.8%,152,NORMAL,478.0,0.0,2.6,False
1767699889.18,2026-01-06 17:14:49,25,34,308,20.7%,152,NORMAL,478.8,0.0,2.6,False
1767699890.93,2026-01-06 17:14:50,24,34,309,20.5%,152,NORMAL,479.1,0.0,2.7,False
1767699892.32,2026-01-06 17:14:52,24,34,310,20.3%,152,NORMAL,479.0,0.0,2.7,False
1767699893.65,2026-01-06 17:14:53,24,34,310,20.1%,152,NORMAL,478.6,0.0,2.7,False
1767699894.86,2026-01-06 17:14:54,25,34,310,19.9%,152,NORMAL,477.3,0.0,2.7,False
1767699896.96,2026-01-06 17:14:56,25,34,310,19.8%,152,NORMAL,476.5,0.0,2.7,False
1767699898.16,2026-01-06 17:14:58,24,34,311,19.7%,152,NORMAL,476.4,0.0,2.7,False
1767699899.32,2026-01-06 17:14:59,24,34,311,19.7%,152,NORMAL,476.0,0.0,2.8,False
1767699901.00,2026-01-06 17:15:00,25,34,313,19.6%,152,NORMAL,477.9,0.0,2.8,False
1767699903.22,2026-01-06 17:15:03,26,34,313,19.5%,152,NORMAL,477.1,0.0,2.8,False
1767699904.43,2026-01-06 17:15:04,25,34,314,19.4%,152,NORMAL,477.8,0.0,2.8,False
1767699906.06,2026-01-06 17:15:06,27,34,314,19.4%,152,NORMAL,477.0,0.0,2.8,False
1767699907.56,2026-01-06 17:15:07,26,34,314,19.3%,152,NORMAL,476.6,0.0,2.8,False
1767699908.81,2026-01-06 17:15:08,26,34,314,19.3%,152,NORMAL,475.0,0.0,2.9,False
1767699910.75,2026-01-06 17:15:10,26,34,315,19.3%,152,NORMAL,476.1,0.0,2.9,False
1767699911.88,2026-01-06 17:15:11,26,34,315,19.2%,152,NORMAL,474.5,0.0,2.9,False
1767699913.58,2026-01-06 17:15:13,28,34,317,19.3%,152,NORMAL,477.1,0.0,2.9,False
1767699915.17,2026-01-06 17:15:15,29,34,317,19.4%,152,NORMAL,476.3,0.0,2.9,False
1767699916.86,2026-01-06 17:15:16,25,34,319,19.4%,152,NORMAL,478.1,0.0,3.0,False
1767699918.50,2026-01-06 17:15:18,25,34,319,19.4%,152,NORMAL,477.3,0.0,3.0,False
1767699919.62,2026-01-06 17:15:19,26,34,320,19.4%,152,NORMAL,478.0,0.0,3.0,False
1767699920.66,2026-01-06 17:15:20,25,34,320,19.4%,152,NORMAL,477.6,0.0,3.0,False
1767699921.83,2026-01-06 17:15:21,24,34,320,19.4%,152,NORMAL,476.4,0.0,3.0,False
1767699923.08,2026-01-06 17:15:23,23,34,320,19.3%,152,NORMAL,475.6,0.0,3.0,False
1767699924.19,2026-01-06 17:15:24,24,34,320,19.3%,152,NORMAL,474.1,0.0,3.0,False
1767699925.29,2026-01-06 17:15:25,24,34,320,19.2%,152,NORMAL,473.7,0.0,3.0,False
1767699926.66,2026-01-06 17:15:26,22,34,321,19.2%,152,NORMAL,474.0,0.0,3.1,False
1767699927.89,2026-01-06 17:15:27,22,34,322,19.1%,152,NORMAL,474.7,0.0,3.1,False
1767699928.95,2026-01-06 17:15:28,24,34,325,19.1%,152,NORMAL,477.6,0.0,3.1,False
1767699930.24,2026-01-06 17:15:30,26,34,326,19.2%,152,NORMAL,478.6,0.0,3.2,False
1767699931.63,2026-01-06 17:15:31,25,34,326,19.2%,152,NORMAL,477.5,0.0,3.2,False
1767699933.49,2026-01-06 17:15:33,23,34,326,19.1%,152,NORMAL,476.7,0.0,3.2,False
1767699934.96,2026-01-06 17:15:34,26,34,328,19.2%,152,NORMAL,478.1,0.0,3.2,False
1767699936.36,2026-01-06 17:15:36,25,34,328,19.2%,152,NORMAL,477.7,0.0,3.3,False
1767699937.47,2026-01-06 17:15:37,25,34,329,19.2%,152,NORMAL,478.0,0.0,3.3,False
1767699939.29,2026-01-06 17:15:39,23,34,329,19.2%,152,NORMAL,477.2,0.0,3.3,False
1767699940.87,2026-01-06 17:15:40,24,34,330,19.2%,152,NORMAL,477.5,0.0,3.4,False
1767699943.11,2026-01-06 17:15:43,25,34,331,19.2%,152,NORMAL,478.2,0.0,3.4,False
1767699944.81,2026-01-06 17:15:44,25,34,333,19.2%,152,NORMAL,480.3,0.0,3.4,False
1767699946.83,2026-01-06 17:15:46,24,34,333,19.1%,152,NORMAL,479.1,0.0,3.4,False
1767699948.47,2026-01-06 17:15:48,26,34,333,19.2%,152,NORMAL,478.0,0.0,3.4,False
1767699950.36,2026-01-06 17:15:50,26,34,334,19.1%,152,NORMAL,478.7,0.0,3.4,False
1767699951.87,2026-01-06 17:15:51,25,34,335,19.1%,152,NORMAL,479.0,0.0,3.4,False
1767699952.97,2026-01-06 17:15:52,25,34,335,19.1%,152,NORMAL,478.6,0.0,3.4,False
1767699954.43,2026-01-06 17:15:54,25,34,335,19.1%,152,NORMAL,478.2,0.0,3.4,False
1767699955.54,2026-01-06 17:15:55,24,34,336,19.0%,152,NORMAL,478.5,0.0,3.4,False
1767699957.65,2026-01-06 17:15:57,23,34,336,18.9%,152,NORMAL,477.7,0.0,3.4,False
1767699958.81,2026-01-06 17:15:58,24,34,337,18.8%,152,NORMAL,478.4,0.0,3.4,False
1767699960.76,2026-01-06 17:16:00,23,34,337,18.7%,152,NORMAL,477.3,0.0,3.4,False
1767699962.23,2026-01-06 17:16:02,24,34,338,18.7%,152,NORMAL,477.6,0.0,3.3,False
1767699963.98,2026-01-06 17:16:03,25,34,339,18.7%,152,NORMAL,478.2,0.0,3.3,False
1767699965.38,2026-01-06 17:16:05,24,34,339,18.7%,152,NORMAL,477.1,0.0,3.3,False
1767699966.50,2026-01-06 17:16:06,22,34,339,18.6%,152,NORMAL,476.3,0.0,3.3,False
1767699967.56,2026-01-06 17:16:07,22,34,340,18.6%,152,NORMAL,477.0,0.0,3.3,False
1767699968.89,2026-01-06 17:16:08,22,34,340,18.5%,152,NORMAL,476.3,0.0,3.3,False
1767699969.96,2026-01-06 17:16:09,24,34,341,18.5%,152,NORMAL,476.9,0.0,3.3,False
1767699971.58,2026-01-06 17:16:11,23,34,341,18.6%,152,NORMAL,476.2,0.0,3.3,False
1767699973.36,2026-01-06 17:16:13,23,34,342,18.6%,152,NORMAL,476.8,0.0,3.3,False
1767699974.82,2026-01-06 17:16:14,23,34,342,18.6%,152,NORMAL,475.7,0.0,3.3,False
1767699976.23,2026-01-06 17:16:16,24,34,343,18.5%,152,NORMAL,476.4,0.0,3.3,False
1767699977.40,2026-01-06 17:16:17,25,34,343,18.5%,152,NORMAL,475.3,0.0,3.3,False
1767699978.95,2026-01-06 17:16:18,25,34,343,18.6%,152,NORMAL,474.6,0.0,3.2,False
1767699981.55,2026-01-06 17:16:21,24,34,343,18.5%,152,NORMAL,472.7,0.0,3.2,False
1767699982.83,2026-01-06 17:16:22,23,34,344,18.5%,152,NORMAL,473.0,0.0,3.2,False
1767699984.68,2026-01-06 17:16:24,23,34,344,18.4%,152,NORMAL,472.3,0.0,3.2,False
1767699986.40,2026-01-06 17:16:26,24,34,346,18.4%,152,NORMAL,474.3,0.0,3.1,False
1767699988.75,2026-01-06 17:16:28,26,34,348,18.5%,152,NORMAL,476.0,0.0,3.1,False
1767699990.15,2026-01-06 17:16:30,25,34,348,18.5%,152,NORMAL,475.3,0.0,3.1,False
1767699991.63,2026-01-06 17:16:31,25,34,348,18.5%,152,NORMAL,474.5,0.0,3.1,False
1767699992.79,2026-01-06 17:16:32,24,34,348,18.5%,152,NORMAL,474.2,0.0,3.0,False
1767699993.99,2026-01-06 17:16:33,23,34,348,18.4%,152,NORMAL,473.1,0.0,3.0,False
1767699995.67,2026-01-06 17:16:35,23,34,349,18.4%,152,NORMAL,473.8,0.0,3.0,False
1767699996.81,2026-01-06 17:16:36,22,34,350,18.3%,152,NORMAL,473.7,0.0,2.9,False
1767699998.08,2026-01-06 17:16:38,24,34,351,18.3%,152,NORMAL,474.3,0.0,2.9,False
1767700000.60,2026-01-06 17:16:40,23,34,352,18.2%,152,NORMAL,474.3,0.0,2.8,False
1767700002.19,2026-01-06 17:16:42,25,34,353,18.2%,152,NORMAL,474.5,0.0,2.8,False
1767700004.15,2026-01-06 17:16:44,24,34,353,18.3%,152,NORMAL,473.8,0.0,2.8,False
1767700005.55,2026-01-06 17:16:45,24,34,353,18.3%,152,NORMAL,472.8,0.0,2.8,False
1767700007.31,2026-01-06 17:16:47,22,34,353,18.2%,152,NORMAL,472.1,0.0,2.7,False
1767700008.70,2026-01-06 17:16:48,23,34,354,18.2%,152,NORMAL,472.7,0.0,2.7,False
1767700011.37,2026-01-06 17:16:51,24,34,355,18.2%,152,NORMAL,473.0,0.0,2.7,False
1767700012.42,2026-01-06 17:16:52,24,34,355,18.2%,152,NORMAL,472.3,0.0,2.7,False
1767700015.23,2026-01-06 17:16:55,22,34,355,18.2%,152,NORMAL,471.2,0.0,2.7,False
1767700016.79,2026-01-06 17:16:56,26,34,357,18.3%,152,NORMAL,472.8,0.0,2.7,False
1767700019.00,2026-01-06 17:16:59,27,34,359,18.4%,152,NORMAL,474.8,0.0,2.7,False
1767700020.44,2026-01-06 17:17:00,26,34,359,18.4%,152,NORMAL,474.1,0.0,2.7,False
1767700021.81,2026-01-06 17:17:01,27,34,359,18.5%,152,NORMAL,473.4,0.0,2.7,False
1767700022.96,2026-01-06 17:17:02,18,34,359,18.4%,152,NORMAL,473.1,0.0,2.7,False
1767700024.20,2026-01-06 17:17:04,26,34,359,18.5%,152,NORMAL,472.7,0.0,2.7,False
1767700025.28,2026-01-06 17:17:05,27,34,359,18.6%,152,NORMAL,472.0,0.0,2.7,False
1767700027.19,2026-01-06 17:17:07,27,34,360,18.6%,152,NORMAL,472.6,0.0,2.7,False
1767700028.50,2026-01-06 17:17:08,17,34,360,18.4%,152,NORMAL,471.6,0.0,2.7,False
1767700030.22,2026-01-06 17:17:10,15,34,360,18.2%,152,NORMAL,470.9,0.0,2.7,False
1767700031.79,2026-01-06 17:17:11,16,34,360,18.0%,152,NORMAL,470.2,0.0,2.8,False
1767700032.85,2026-01-06 17:17:12,16,34,360,17.8%,152,NORMAL,469.6,0.0,2.8,False
1767700034.38,2026-01-06 17:17:14,27,34,360,17.9%,152,NORMAL,469.2,0.0,2.8,False
1767700035.43,2026-01-06 17:17:15,27,34,360,17.9%,152,NORMAL,468.5,0.0,2.8,False
1767700036.60,2026-01-06 17:17:16,26,34,360,18.0%,152,NORMAL,467.9,0.0,2.8,False
1767700037.85,2026-01-06 17:17:17,20,34,360,17.8%,152,NORMAL,467.5,0.0,2.8,False
1767700038.96,2026-01-06 17:17:18,20,34,360,17.7%,152,NORMAL,466.9,0.0,2.8,False
1767700040.16,2026-01-06 17:17:20,25,34,360,17.8%,152,NORMAL,466.5,0.0,2.8,False
1767700042.17,2026-01-06 17:17:22,24,34,360,17.8%,152,NORMAL,465.9,0.0,2.8,False
1767700043.24,2026-01-06 17:17:23,20,34,361,17.8%,152,NORMAL,466.5,0.0,2.8,False
1767700044.28,2026-01-06 17:17:24,20,34,363,17.7%,152,NORMAL,468.4,0.0,2.9,False
1767700045.51,2026-01-06 17:17:25,23,34,364,17.7%,152,NORMAL,469.3,0.0,2.9,False
1767700046.62,2026-01-06 17:17:26,23,34,364,17.6%,152,NORMAL,468.0,0.0,2.9,False
1767700048.21,2026-01-06 17:17:28,21,34,364,17.6%,152,NORMAL,467.7,0.0,2.9,False
1767700049.51,2026-01-06 17:17:29,25,34,366,17.6%,152,NORMAL,468.9,0.0,2.9,False
1767700050.85,2026-01-06 17:17:30,24,34,366,17.6%,152,NORMAL,468.6,0.0,2.9,False
1767700051.94,2026-01-06 17:17:31,26,34,367,17.7%,152,NORMAL,468.5,0.0,3.0,False
1767700053.51,2026-01-06 17:17:33,25,34,367,17.7%,152,NORMAL,468.2,0.0,3.0,False
1767700055.51,2026-01-06 17:17:35,27,34,368,17.8%,152,NORMAL,468.5,0.0,3.0,False
1767700056.84,2026-01-06 17:17:36,24,34,368,17.8%,152,NORMAL,467.8,0.0,3.0,False
1767700058.08,2026-01-06 17:17:38,25,34,368,17.8%,152,NORMAL,467.1,0.0,3.1,False
1767700059.23,2026-01-06 17:17:39,23,34,368,17.7%,152,NORMAL,466.5,0.0,3.1,False
1767700060.39,2026-01-06 17:17:40,22,34,368,17.6%,152,NORMAL,465.8,0.0,3.1,False
1767700062.03,2026-01-06 17:17:42,21,34,368,17.5%,152,NORMAL,464.5,0.0,3.1,False
1767700063.04,2026-01-06 17:17:43,23,34,368,17.6%,152,NORMAL,463.9,0.0,3.1,False
1767700064.43,2026-01-06 17:17:44,22,34,368,17.5%,152,NORMAL,463.2,0.0,3.2,False
1767700065.52,2026-01-06 17:17:45,22,34,368,17.4%,152,NORMAL,462.9,0.0,3.2,False
1767700066.59,2026-01-06 17:17:46,20,34,370,17.2%,152,NORMAL,464.1,0.0,3.2,False
1767700068.31,2026-01-06 17:17:48,21,34,372,17.3%,152,NORMAL,466.3,0.0,3.2,False
1767700069.31,2026-01-06 17:17:49,25,34,374,17.6%,152,NORMAL,467.8,0.0,3.2,False
1767700070.99,2026-01-06 17:17:50,24,34,374,17.8%,152,NORMAL,467.2,0.0,3.2,False
1767700072.12,2026-01-06 17:17:52,27,34,375,18.0%,152,NORMAL,467.5,0.0,3.2,False
1767700073.94,2026-01-06 17:17:53,26,34,378,18.0%,152,NORMAL,470.5,0.0,3.2,False
1767700074.97,2026-01-06 17:17:54,26,34,379,18.0%,152,NORMAL,471.1,0.0,3.3,False
1767700077.32,2026-01-06 17:17:57,28,34,380,18.0%,152,NORMAL,471.4,0.0,3.3,False
1767700078.39,2026-01-06 17:17:58,29,34,382,18.2%,152,NORMAL,472.9,0.0,3.3,False
1767700079.72,2026-01-06 17:17:59,28,34,382,18.4%,152,NORMAL,472.3,0.0,3.3,False
1767700081.15,2026-01-06 17:18:01,28,34,382,18.5%,152,NORMAL,471.6,0.0,3.3,False
1767700082.72,2026-01-06 17:18:02,25,34,383,18.5%,152,NORMAL,471.9,0.0,3.4,False
1767700083.94,2026-01-06 17:18:03,23,34,383,18.6%,152,NORMAL,470.6,0.0,3.4,False
1767700085.01,2026-01-06 17:18:05,23,34,383,18.7%,152,NORMAL,470.3,0.0,3.4,False
1767700086.17,2026-01-06 17:18:06,24,34,384,18.7%,152,NORMAL,470.2,0.0,3.4,False
1767700087.59,2026-01-06 17:18:07,23,34,384,18.7%,152,NORMAL,469.9,0.0,3.4,False
1767700088.95,2026-01-06 17:18:08,21,34,384,18.7%,152,NORMAL,469.2,0.0,3.4,False
1767700090.52,2026-01-06 17:18:10,22,34,384,18.6%,152,NORMAL,468.6,0.0,3.4,False
1767700091.78,2026-01-06 17:18:11,22,34,384,18.6%,152,NORMAL,468.3,0.0,3.4,False
1767700092.92,2026-01-06 17:18:12,26,34,388,18.6%,152,NORMAL,471.9,0.0,3.4,False
1767700094.14,2026-01-06 17:18:14,24,34,388,18.6%,152,NORMAL,471.6,0.0,3.4,False
1767700096.20,2026-01-06 17:18:16,24,34,388,18.5%,152,NORMAL,470.0,0.0,3.4,False
1767700097.78,2026-01-06 17:18:17,23,34,388,18.5%,152,NORMAL,469.0,0.0,3.5,False
1767700099.54,2026-01-06 17:18:19,22,34,388,18.4%,152,NORMAL,468.4,0.0,3.5,False
1767700100.73,2026-01-06 17:18:20,23,34,389,18.4%,152,NORMAL,468.4,0.0,3.5,False
1767700101.90,2026-01-06 17:18:21,22,34,389,18.4%,152,NORMAL,467.7,0.0,3.5,False
1767700102.99,2026-01-06 17:18:22,23,34,389,18.4%,152,NORMAL,467.1,0.0,3.5,False
1767700104.64,2026-01-06 17:18:24,24,34,390,18.5%,152,NORMAL,467.7,0.0,3.5,False
1767700105.96,2026-01-06 17:18:25,24,34,390,18.5%,152,NORMAL,467.1,0.0,3.5,False
1767700107.32,2026-01-06 17:18:27,24,34,392,18.6%,152,NORMAL,468.8,0.0,3.5,False
1767700108.49,2026-01-06 17:18:28,24,34,393,18.7%,152,NORMAL,469.4,0.0,3.5,False
1767700110.30,2026-01-06 17:18:30,23,34,394,18.7%,152,NORMAL,469.7,0.0,3.5,False
1767700111.89,2026-01-06 17:18:31,24,34,394,18.7%,152,NORMAL,469.4,0.0,3.5,False
1767700113.59,2026-01-06 17:18:33,24,34,396,18.7%,152,NORMAL,470.5,0.0,3.4,False
1767700114.81,2026-01-06 17:18:34,22,34,397,18.6%,152,NORMAL,471.1,0.0,3.4,False
1767700117.07,2026-01-06 17:18:37,23,34,397,18.5%,152,NORMAL,469.8,0.0,3.4,False
1767700118.25,2026-01-06 17:18:38,19,34,397,18.3%,152,NORMAL,468.9,0.0,3.4,False
1767700119.31,2026-01-06 17:18:39,19,34,398,18.1%,152,NORMAL,469.5,0.0,3.4,False
1767700120.44,2026-01-06 17:18:40,20,34,399,17.9%,152,NORMAL,470.0,0.0,3.4,False
1767700121.63,2026-01-06 17:18:41,22,34,399,17.7%,152,NORMAL,469.4,0.0,3.4,False
1767700122.86,2026-01-06 17:18:42,22,34,399,17.6%,152,NORMAL,469.1,0.0,3.4,False
1767700124.22,2026-01-06 17:18:44,21,34,399,17.5%,152,NORMAL,468.5,0.0,3.3,False
1767700125.56,2026-01-06 17:18:45,21,34,399,17.5%,152,NORMAL,467.9,0.0,3.3,False
1767700126.78,2026-01-06 17:18:46,21,34,399,17.4%,152,NORMAL,467.3,0.0,3.3,False
1767700128.80,2026-01-06 17:18:48,21,34,400,17.3%,152,NORMAL,467.2,0.0,3.3,False
1767700130.51,2026-01-06 17:18:50,21,34,400,17.3%,152,NORMAL,466.6,0.0,3.3,False
1767700131.55,2026-01-06 17:18:51,22,34,401,17.3%,152,NORMAL,467.2,0.0,3.2,False
1767700132.67,2026-01-06 17:18:52,24,34,404,17.4%,152,NORMAL,470.1,0.0,3.2,False
1767700134.45,2026-01-06 17:18:54,23,34,404,17.4%,152,NORMAL,469.2,0.0,3.2,False
1767700135.51,2026-01-06 17:18:55,21,34,404,17.3%,152,NORMAL,468.6,0.0,3.2,False
1767700137.97,2026-01-06 17:18:57,19,34,404,17.1%,152,NORMAL,467.4,0.0,3.2,False
1767700139.16,2026-01-06 17:18:59,20,34,406,17.0%,152,NORMAL,469.1,0.0,3.1,False
1767700140.81,2026-01-06 17:19:00,23,34,407,17.0%,152,NORMAL,469.3,0.0,3.1,False
1767700141.96,2026-01-06 17:19:01,24,34,408,17.1%,152,NORMAL,469.3,0.0,3.1,False
1767700143.13,2026-01-06 17:19:03,25,34,408,17.1%,152,NORMAL,469.0,0.0,3.1,False
1767700144.29,2026-01-06 17:19:04,23,34,408,17.2%,152,NORMAL,468.4,0.0,3.1,False
1767700145.85,2026-01-06 17:19:05,21,34,408,17.1%,152,NORMAL,467.5,0.0,3.1,False
1767700147.16,2026-01-06 17:19:07,20,34,408,17.0%,152,NORMAL,466.9,0.0,3.1,False
1767700148.46,2026-01-06 17:19:08,19,34,408,16.9%,152,NORMAL,466.3,0.0,3.1,False
1767700149.64,2026-01-06 17:19:09,20,34,409,16.8%,152,NORMAL,466.8,0.0,3.1,False
1767700151.49,2026-01-06 17:19:11,22,34,411,16.8%,152,NORMAL,467.9,0.0,3.1,False
1767700152.64,2026-01-06 17:19:12,23,34,412,16.8%,152,NORMAL,468.5,0.0,3.1,False
1767700154.46,2026-01-06 17:19:14,24,34,413,16.8%,152,NORMAL,469.0,0.0,3.0,False
1767700155.66,2026-01-06 17:19:15,25,34,414,16.8%,152,NORMAL,469.9,0.0,3.0,False
1767700157.30,2026-01-06 17:19:17,27,34,416,16.9%,152,NORMAL,471.5,0.0,3.0,False
1767700158.38,2026-01-06 17:19:18,26,34,416,17.0%,152,NORMAL,470.9,0.0,3.0,False
1767700159.39,2026-01-06 17:19:19,25,34,416,17.1%,152,NORMAL,470.6,0.0,3.0,False
1767700160.41,2026-01-06 17:19:20,24,34,419,17.2%,152,NORMAL,473.1,0.0,3.0,False
1767700162.09,2026-01-06 17:19:22,26,34,419,17.4%,152,NORMAL,472.6,0.0,3.0,False
1767700163.36,2026-01-06 17:19:23,25,34,420,17.5%,152,NORMAL,472.8,0.0,3.0,False
1767700165.06,2026-01-06 17:19:25,25,34,421,17.5%,152,NORMAL,473.3,0.0,2.9,False
1767700166.47,2026-01-06 17:19:26,23,34,421,17.6%,152,NORMAL,472.4,0.0,2.9,False
1767700168.41,2026-01-06 17:19:28,23,34,422,17.6%,152,NORMAL,473.0,0.0,2.9,False
1767700169.66,2026-01-06 17:19:29,23,34,422,17.7%,152,NORMAL,472.4,0.0,2.9,False
1767700170.92,2026-01-06 17:19:30,23,34,422,17.7%,152,NORMAL,471.8,0.0,2.9,False
1767700171.94,2026-01-06 17:19:31,24,34,422,17.8%,152,NORMAL,471.5,0.0,2.9,False
1767700173.17,2026-01-06 17:19:33,23,34,422,17.8%,152,NORMAL,470.9,0.0,2.9,False
1767700174.82,2026-01-06 17:19:34,26,34,424,17.9%,152,NORMAL,472.3,0.0,2.9,False
1767700177.22,2026-01-06 17:19:37,25,34,426,17.9%,152,NORMAL,473.0,0.0,2.9,False
1767700178.47,2026-01-06 17:19:38,25,34,426,18.0%,152,NORMAL,472.5,0.0,2.9,False
1767700180.01,2026-01-06 17:19:40,26,34,428,18.2%,152,NORMAL,474.1,0.0,2.9,False
1767700181.21,2026-01-06 17:19:41,24,34,428,18.3%,152,NORMAL,473.5,0.0,2.9,False
1767700183.56,2026-01-06 17:19:43,27,34,431,18.4%,152,NORMAL,475.7,0.0,2.9,False
1767700184.79,2026-01-06 17:19:44,25,34,431,18.4%,152,NORMAL,475.1,0.0,2.9,False
1767700186.04,2026-01-06 17:19:46,26,34,431,18.4%,152,NORMAL,474.5,0.0,2.9,False
1767700187.30,2026-01-06 17:19:47,26,34,431,18.5%,152,NORMAL,474.2,0.0,2.9,False
1767700188.75,2026-01-06 17:19:48,22,34,431,18.5%,152,NORMAL,473.6,0.0,2.9,False
1767700189.99,2026-01-06 17:19:49,23,34,431,18.6%,152,NORMAL,473.0,0.0,2.9,False
1767700191.13,2026-01-06 17:19:51,22,34,431,18.7%,152,NORMAL,472.5,0.0,2.9,False
1767700192.40,2026-01-06 17:19:52,21,34,431,18.7%,152,NORMAL,471.6,0.0,2.9,False
1767700193.96,2026-01-06 17:19:53,20,34,432,18.6%,152,NORMAL,472.1,0.0,2.9,False
1767700195.24,2026-01-06 17:19:55,19,34,432,18.5%,152,NORMAL,471.6,0.0,2.9,False
1767700196.29,2026-01-06 17:19:56,17,34,432,18.4%,152,NORMAL,471.0,0.0,2.9,False
1767700197.53,2026-01-06 17:19:57,19,34,434,18.2%,152,NORMAL,472.6,0.0,2.9,False
1767700198.76,2026-01-06 17:19:58,19,34,434,18.0%,152,NORMAL,472.0,0.0,2.8,False
1767700200.15,2026-01-06 17:20:00,19,34,434,17.9%,152,NORMAL,471.7,0.0,2.8,False
1767700201.39,2026-01-06 17:20:01,24,34,436,17.8%,152,NORMAL,473.3,0.0,2.8,False
1767700202.95,2026-01-06 17:20:02,22,34,436,17.8%,152,NORMAL,472.5,0.0,2.8,False
1767700204.56,2026-01-06 17:20:04,21,34,436,17.7%,152,NORMAL,471.9,0.0,2.8,False
1767700205.97,2026-01-06 17:20:05,19,34,436,17.5%,152,NORMAL,471.4,0.0,2.8,False
1767700206.99,2026-01-06 17:20:06,19,34,436,17.4%,152,NORMAL,470.8,0.0,2.7,False
1767700208.51,2026-01-06 17:20:08,21,34,437,17.3%,152,NORMAL,470.7,0.0,2.7,False
1767700210.26,2026-01-06 17:20:10,21,34,437,17.3%,152,NORMAL,470.2,0.0,2.7,False
1767700211.30,2026-01-06 17:20:11,21,34,438,17.2%,152,NORMAL,470.7,0.0,2.7,False
1767700212.93,2026-01-06 17:20:12,23,34,438,17.2%,152,NORMAL,470.4,0.0,2.7,False
1767700214.41,2026-01-06 17:20:14,23,34,439,17.2%,152,NORMAL,470.9,0.0,2.6,False
1767700216.06,2026-01-06 17:20:16,23,34,439,17.2%,152,NORMAL,470.1,0.0,2.6,False
1767700217.84,2026-01-06 17:20:17,23,34,440,17.1%,152,NORMAL,469.8,0.0,2.6,False
1767700219.10,2026-01-06 17:20:19,22,34,440,17.1%,152,NORMAL,469.2,0.0,2.6,False
1767700220.55,2026-01-06 17:20:20,19,34,440,16.9%,152,NORMAL,468.6,0.0,2.6,False
1767700221.65,2026-01-06 17:20:21,19,34,440,16.7%,152,NORMAL,468.4,0.0,2.6,False
1767700222.81,2026-01-06 17:20:22,23,34,442,16.7%,152,NORMAL,469.9,0.0,2.6,False
1767700223.97,2026-01-06 17:20:23,21,34,442,16.6%,152,NORMAL,469.7,0.0,2.6,False
1767700225.80,2026-01-06 17:20:25,25,34,445,16.6%,152,NORMAL,472.3,0.0,2.6,False
1767700226.94,2026-01-06 17:20:26,24,34,446,16.5%,152,NORMAL,472.8,0.0,2.6,False
1767700228.29,2026-01-06 17:20:28,27,34,447,16.6%,152,NORMAL,473.3,0.0,2.6,False
1767700229.31,2026-01-06 17:20:29,26,34,447,16.7%,152,NORMAL,473.0,0.0,2.6,False
1767700230.36,2026-01-06 17:20:30,29,34,449,16.8%,152,NORMAL,474.3,0.0,2.6,False
1767700232.21,2026-01-06 17:20:32,28,34,449,16.9%,152,NORMAL,473.7,0.0,2.6,False
1767700233.39,2026-01-06 17:20:33,26,34,449,17.1%,152,NORMAL,472.6,0.0,2.6,False
1767700234.63,2026-01-06 17:20:34,27,34,450,17.2%,152,NORMAL,473.4,0.0,2.6,False
1767700235.68,2026-01-06 17:20:35,28,34,452,17.4%,152,NORMAL,475.0,0.0,2.6,False
1767700237.20,2026-01-06 17:20:37,27,34,452,17.7%,152,NORMAL,474.1,0.0,2.6,False
1767700238.55,2026-01-06 17:20:38,25,34,453,17.8%,152,NORMAL,474.6,0.0,2.6,False
1767700240.03,2026-01-06 17:20:40,27,34,454,18.0%,152,NORMAL,475.1,0.0,2.6,False
1767700241.59,2026-01-06 17:20:41,28,34,455,18.2%,152,NORMAL,475.9,0.0,2.6,False
1767700242.61,2026-01-06 17:20:42,24,34,456,18.2%,152,NORMAL,475.8,0.0,2.6,False
1767700244.28,2026-01-06 17:20:44,25,34,456,18.3%,152,NORMAL,475.6,0.0,2.6,False
1767700245.87,2026-01-06 17:20:45,26,34,457,18.4%,152,NORMAL,476.0,0.0,2.6,False
1767700248.25,2026-01-06 17:20:48,25,34,457,18.6%,152,NORMAL,475.2,0.0,2.6,False
1767700249.61,2026-01-06 17:20:49,28,34,457,18.8%,152,NORMAL,474.4,0.0,2.6,False
1767700251.60,2026-01-06 17:20:51,26,34,457,18.9%,152,NORMAL,473.8,0.0,2.6,False
1767700253.28,2026-01-06 17:20:53,26,34,457,19.0%,152,NORMAL,473.3,0.0,2.6,False
1767700254.45,2026-01-06 17:20:54,26,34,457,19.2%,152,NORMAL,472.8,0.0,2.6,False
1767700256.29,2026-01-06 17:20:56,26,34,457,19.2%,152,NORMAL,472.5,0.0,2.6,False
1767700257.71,2026-01-06 17:20:57,20,34,461,19.2%,152,NORMAL,475.8,0.0,2.6,False
1767700259.91,2026-01-06 17:20:59,27,34,469,19.2%,152,NORMAL,483.5,0.0,2.6,False
1767700261.33,2026-01-06 17:21:01,28,34,472,19.4%,152,NORMAL,486.0,0.0,2.6,False
1767700263.02,2026-01-06 17:21:03,29,34,472,19.5%,152,NORMAL,485.2,0.0,2.6,False
1767700264.66,2026-01-06 17:21:04,28,34,473,19.7%,152,NORMAL,485.4,0.0,2.6,False
1767700266.13,2026-01-06 17:21:06,28,34,473,20.0%,152,NORMAL,484.9,0.0,2.6,False
1767700267.44,2026-01-06 17:21:07,27,34,473,20.1%,152,NORMAL,484.0,0.0,2.7,False
1767700269.38,2026-01-06 17:21:09,28,34,473,20.2%,152,NORMAL,483.5,0.0,2.7,False
1767700270.44,2026-01-06 17:21:10,29,34,474,20.3%,152,NORMAL,483.9,0.0,2.7,False
1767700271.48,2026-01-06 17:21:11,28,34,475,20.4%,152,NORMAL,484.4,0.0,2.7,False
1767700273.21,2026-01-06 17:21:13,29,34,475,20.5%,152,NORMAL,484.1,0.0,2.7,False
1767700274.25,2026-01-06 17:21:14,29,34,475,20.5%,152,NORMAL,483.6,0.0,2.7,False
1767700275.40,2026-01-06 17:21:15,31,34,476,20.6%,152,NORMAL,484.1,0.0,2.7,False
1767700277.15,2026-01-06 17:21:17,30,34,476,20.6%,152,NORMAL,483.8,0.0,2.7,False
1767700278.67,2026-01-06 17:21:18,28,34,476,20.7%,152,NORMAL,483.2,0.0,2.7,False
1767700281.00,2026-01-06 17:21:20,27,34,477,20.7%,152,NORMAL,483.4,0.0,2.7,False
1767700282.03,2026-01-06 17:21:22,27,34,478,20.6%,152,NORMAL,483.4,0.0,2.7,False
1767700283.73,2026-01-06 17:21:23,25,34,478,20.6%,152,NORMAL,483.1,0.0,2.7,False
1767700285.38,2026-01-06 17:21:25,27,34,479,20.6%,152,NORMAL,483.3,0.0,2.7,False
1767700287.51,2026-01-06 17:21:27,27,34,480,20.6%,152,NORMAL,483.8,0.0,2.7,False
1767700289.60,2026-01-06 17:21:29,27,34,480,20.6%,152,NORMAL,482.4,0.0,2.7,False
1767700291.02,2026-01-06 17:21:31,26,34,481,20.7%,152,NORMAL,482.9,0.0,2.7,False
1767700292.58,2026-01-06 17:21:32,29,34,483,20.8%,152,NORMAL,484.3,0.0,2.7,False
1767700293.78,2026-01-06 17:21:33,29,34,483,20.8%,152,NORMAL,484.1,0.0,2.7,False
1767700295.05,2026-01-06 17:21:35,26,34,484,20.9%,152,NORMAL,484.0,0.0,2.7,False
1767700296.81,2026-01-06 17:21:36,27,34,484,20.8%,152,NORMAL,481.0,0.0,2.7,False
1767700298.66,2026-01-06 17:21:38,27,34,484,20.9%,152,NORMAL,461.0,0.0,2.7,False
1767700300.86,2026-01-06 17:21:40,30,34,484,21.0%,152,NORMAL,454.0,0.0,2.7,False
1767700302.88,2026-01-06 17:21:42,31,34,486,21.1%,152,NORMAL,454.0,0.0,2.7,False
1767700304.85,2026-01-06 17:21:44,31,34,486,21.2%,152,NORMAL,454.0,0.0,2.7,False
1767700306.17,2026-01-06 17:21:46,30,34,486,21.4%,152,NORMAL,453.0,0.0,2.7,False
1767700307.27,2026-01-06 17:21:47,29,34,486,21.5%,152,NORMAL,452.0,0.0,2.7,False
1767700309.01,2026-01-06 17:21:49,29,34,486,21.5%,152,NORMAL,451.0,0.0,2.7,False
1767700310.44,2026-01-06 17:21:50,27,34,487,21.4%,152,NORMAL,449.0,0.0,2.7,False
1767700312.70,2026-01-06 17:21:52,29,34,488,21.5%,152,NORMAL,447.0,0.0,2.7,False
1767700314.30,2026-01-06 17:21:54,28,34,489,21.5%,152,NORMAL,447.0,0.0,2.7,False
1767700315.93,2026-01-06 17:21:55,26,34,489,21.4%,152,NORMAL,446.0,0.0,2.7,False
1767700317.52,2026-01-06 17:21:57,24,34,489,21.4%,152,NORMAL,446.0,0.0,2.6,False
1767700318.89,2026-01-06 17:21:58,26,34,491,21.3%,152,NORMAL,448.0,0.0,2.6,False
1767700319.93,2026-01-06 17:21:59,25,34,492,21.2%,152,NORMAL,448.0,0.0,2.6,False
1767700320.95,2026-01-06 17:22:00,23,34,492,21.1%,152,NORMAL,448.0,0.0,2.6,False
1767700322.18,2026-01-06 17:22:02,24,34,492,20.9%,152,NORMAL,446.0,0.0,2.6,False
1767700324.73,2026-01-06 17:22:04,28,34,494,20.9%,152,NORMAL,445.0,0.0,2.6,False
1767700326.20,2026-01-06 17:22:06,26,34,494,20.8%,152,NORMAL,444.0,0.0,2.6,False
1767700327.81,2026-01-06 17:22:07,26,34,495,20.7%,152,NORMAL,443.0,0.0,2.6,False
1767700328.93,2026-01-06 17:22:08,27,34,496,20.7%,152,NORMAL,443.0,0.0,2.6,False
1767700330.16,2026-01-06 17:22:10,26,34,496,20.7%,152,NORMAL,443.0,0.0,2.6,False
1767700331.67,2026-01-06 17:22:11,30,34,496,20.8%,152,NORMAL,442.0,0.0,2.6,False
1767700332.70,2026-01-06 17:22:12,30,34,496,20.9%,152,NORMAL,441.0,0.0,2.6,False
1767700334.05,2026-01-06 17:22:14,30,34,496,21.0%,152,NORMAL,441.0,0.0,2.6,False
1767700335.70,2026-01-06 17:22:15,30,34,497,21.0%,152,NORMAL,442.0,0.0,2.6,False
1767700337.36,2026-01-06 17:22:17,28,34,497,21.1%,152,NORMAL,442.0,0.0,2.6,False
1767700339.55,2026-01-06 17:22:19,29,34,497,21.1%,152,NORMAL,442.0,0.0,2.6,False
1767700340.91,2026-01-06 17:22:20,26,34,497,21.0%,152,NORMAL,442.0,0.0,2.6,False
1767700342.25,2026-01-06 17:22:22,28,34,497,21.1%,152,NORMAL,440.0,0.0,2.6,False
1767700343.92,2026-01-06 17:22:23,29,34,498,21.1%,152,NORMAL,441.0,0.0,2.6,False
1767700345.16,2026-01-06 17:22:25,28,34,498,21.1%,152,NORMAL,440.0,0.0,2.6,False
1767700346.60,2026-01-06 17:22:26,28,34,498,21.1%,152,NORMAL,440.0,0.0,2.6,False
1767700347.71,2026-01-06 17:22:27,28,34,498,21.0%,152,NORMAL,440.0,0.0,2.6,False
1767700348.74,2026-01-06 17:22:28,29,34,498,21.0%,152,NORMAL,439.0,0.0,2.6,False
1767700349.78,2026-01-06 17:22:29,30,34,498,21.0%,152,NORMAL,439.0,0.0,2.6,False
1767700351.08,2026-01-06 17:22:31,28,34,498,21.0%,152,NORMAL,438.0,0.0,2.6,False
1767700352.29,2026-01-06 17:22:32,30,34,500,21.0%,152,NORMAL,440.0,0.0,2.6,False
1767700353.32,2026-01-06 17:22:33,30,34,500,21.0%,152,NORMAL,440.0,0.0,2.6,False
1767700354.52,2026-01-06 17:22:34,28,34,500,21.0%,152,NORMAL,439.0,0.0,2.6,False
1767700355.85,2026-01-06 17:22:35,26,34,500,21.0%,152,NORMAL,438.0,0.0,2.6,False
1767700356.91,2026-01-06 17:22:36,25,34,500,21.0%,152,NORMAL,438.0,0.0,2.6,False
1767700357.91,2026-01-06 17:22:37,28,34,502,21.0%,152,NORMAL,440.0,0.0,2.5,False
1767700361.62,2026-01-06 17:22:41,28,34,502,21.1%,152,NORMAL,439.0,0.0,2.5,False
1767700362.81,2026-01-06 17:22:42,26,34,502,21.1%,152,NORMAL,439.0,0.0,2.5,False
1767700364.67,2026-01-06 17:22:44,31,34,503,21.3%,152,NORMAL,437.0,0.0,2.5,False
1767700365.86,2026-01-06 17:22:45,29,34,503,21.4%,152,NORMAL,435.0,0.0,2.5,False
1767700367.10,2026-01-06 17:22:47,29,34,503,21.4%,152,NORMAL,435.0,0.0,2.5,False
1767700368.64,2026-01-06 17:22:48,28,34,503,21.5%,152,NORMAL,435.0,0.0,2.5,False
1767700369.67,2026-01-06 17:22:49,29,34,503,21.6%,152,NORMAL,435.0,0.0,2.5,False
1767700372.10,2026-01-06 17:22:52,28,34,504,21.6%,152,NORMAL,436.0,0.0,2.5,False
1767700373.29,2026-01-06 17:22:53,28,34,504,21.6%,152,NORMAL,436.0,0.0,2.6,False
1767700374.96,2026-01-06 17:22:54,27,34,504,21.6%,152,NORMAL,435.0,0.0,2.6,False
1767700376.32,2026-01-06 17:22:56,29,34,506,21.5%,152,NORMAL,436.0,0.0,2.6,False
1767700377.33,2026-01-06 17:22:57,30,34,507,21.5%,152,NORMAL,437.0,0.0,2.6,False
1767700378.47,2026-01-06 17:22:58,28,34,507,21.5%,152,NORMAL,437.0,0.0,2.6,False
1767700380.03,2026-01-06 17:23:00,28,34,507,21.5%,152,NORMAL,436.0,0.0,2.6,False
1767700381.87,2026-01-06 17:23:01,25,34,507,21.4%,152,NORMAL,435.0,0.0,2.6,False
1767700383.34,2026-01-06 17:23:03,27,34,510,21.4%,152,NORMAL,438.0,0.0,2.7,False
1767700385.16,2026-01-06 17:23:05,27,34,512,21.4%,152,NORMAL,440.0,0.0,2.7,False
1767700386.22,2026-01-06 17:23:06,25,34,512,21.3%,152,NORMAL,440.0,0.0,2.7,False
1767700387.70,2026-01-06 17:23:07,23,34,512,21.2%,152,NORMAL,438.0,0.0,2.7,False
1767700388.86,2026-01-06 17:23:08,21,34,512,21.0%,152,NORMAL,437.0,0.0,2.7,False
1767700389.92,2026-01-06 17:23:09,24,34,513,20.9%,152,NORMAL,438.0,0.0,2.7,False
1767700391.82,2026-01-06 17:23:11,24,34,513,20.8%,152,NORMAL,437.0,0.0,2.7,False
1767700393.54,2026-01-06 17:23:13,26,34,513,20.7%,152,NORMAL,436.0,0.0,2.6,False
1767700395.59,2026-01-06 17:23:15,25,34,513,20.6%,152,NORMAL,435.0,0.0,2.6,False
1767700396.70,2026-01-06 17:23:16,24,34,513,20.5%,152,NORMAL,434.0,0.0,2.6,False
1767700398.08,2026-01-06 17:23:18,21,34,513,20.3%,152,NORMAL,434.0,0.0,2.6,False
1767700399.26,2026-01-06 17:23:19,21,34,513,20.1%,152,NORMAL,433.0,0.0,2.6,False
1767700401.09,2026-01-06 17:23:21,22,34,514,20.0%,152,NORMAL,434.0,0.0,2.6,False
1767700402.42,2026-01-06 17:23:22,23,34,515,20.0%,152,NORMAL,434.0,0.0,2.6,False
1767700405.12,2026-01-06 17:23:25,20,34,516,19.8%,152,NORMAL,435.0,0.0,2.6,False
1767700406.17,2026-01-06 17:23:26,20,34,516,19.6%,152,NORMAL,434.0,0.0,2.6,False
1767700408.06,2026-01-06 17:23:28,23,34,518,19.5%,152,NORMAL,435.0,0.0,2.6,False
1767700409.54,2026-01-06 17:23:29,21,34,518,19.3%,152,NORMAL,435.0,0.0,2.6,False
1767700410.67,2026-01-06 17:23:30,23,34,521,19.1%,152,NORMAL,438.0,0.0,2.6,False
1767700412.45,2026-01-06 17:23:32,25,34,522,19.1%,152,NORMAL,438.0,0.0,2.6,False
1767700413.54,2026-01-06 17:23:33,24,34,522,19.0%,152,NORMAL,438.0,0.0,2.6,False
1767700414.61,2026-01-06 17:23:34,25,34,523,18.9%,152,NORMAL,438.0,0.0,2.7,False
1767700415.83,2026-01-06 17:23:35,22,34,523,18.7%,152,NORMAL,436.0,0.0,2.7,False
1767700417.69,2026-01-06 17:23:37,21,34,524,18.6%,152,NORMAL,436.0,0.0,2.7,False
1767700419.17,2026-01-06 17:23:39,24,34,526,18.5%,152,NORMAL,436.0,0.0,2.7,False
1767700421.57,2026-01-06 17:23:41,24,34,527,18.4%,152,NORMAL,437.0,0.0,2.7,False
1767700422.82,2026-01-06 17:23:42,25,34,528,18.2%,152,NORMAL,436.0,0.0,2.7,False
1767700424.50,2026-01-06 17:23:44,24,34,528,18.2%,152,NORMAL,435.0,0.0,2.7,False
1767700425.76,2026-01-06 17:23:45,29,34,531,18.2%,152,NORMAL,438.0,0.0,2.8,False
1767700428.21,2026-01-06 17:23:48,29,34,531,18.3%,152,NORMAL,436.0,0.0,2.8,False
1767700429.35,2026-01-06 17:23:49,30,34,532,18.3%,152,NORMAL,436.0,0.0,2.8,False
1767700431.83,2026-01-06 17:23:51,28,34,533,18.4%,152,NORMAL,437.0,0.0,2.8,False
1767700433.26,2026-01-06 17:23:53,28,34,534,18.4%,152,NORMAL,438.0,0.0,2.8,False
1767700435.39,2026-01-06 17:23:55,28,34,534,18.6%,152,NORMAL,438.0,0.0,2.8,False
1767700436.58,2026-01-06 17:23:56,28,34,535,18.7%,152,NORMAL,437.0,0.0,2.8,False
1767700437.64,2026-01-06 17:23:57,26,34,535,18.8%,152,NORMAL,437.0,0.0,2.8,False
1767700439.27,2026-01-06 17:23:59,27,34,536,18.8%,152,NORMAL,438.0,0.0,2.8,False
1767700440.32,2026-01-06 17:24:00,26,34,536,18.8%,152,NORMAL,438.0,0.0,2.8,False
1767700442.45,2026-01-06 17:24:02,25,34,536,18.8%,152,NORMAL,438.0,0.0,2.9,False
1767700444.20,2026-01-06 17:24:04,26,34,537,18.9%,152,NORMAL,437.0,0.0,2.9,False
1767700445.38,2026-01-06 17:24:05,26,34,537,19.0%,152,NORMAL,437.0,0.0,2.9,False
1767700447.03,2026-01-06 17:24:07,28,34,538,19.2%,152,NORMAL,436.0,0.0,2.9,False
1767700448.06,2026-01-06 17:24:08,28,34,538,19.3%,152,NORMAL,436.0,0.0,2.9,False
1767700449.62,2026-01-06 17:24:09,29,34,538,19.5%,152,NORMAL,435.0,0.0,3.0,False
1767700451.41,2026-01-06 17:24:11,28,34,538,19.6%,152,NORMAL,434.0,0.0,3.0,False
1767700452.75,2026-01-06 17:24:12,27,34,538,19.8%,152,NORMAL,434.0,0.0,3.0,False
1767700454.49,2026-01-06 17:24:14,27,34,538,19.9%,152,NORMAL,434.0,0.0,3.0,False
1767700456.47,2026-01-06 17:24:16,27,34,538,20.1%,152,NORMAL,434.0,0.0,3.0,False
1767700457.77,2026-01-06 17:24:17,27,34,538,20.2%,152,NORMAL,432.0,0.0,3.0,False
1767700459.06,2026-01-06 17:24:19,27,34,538,20.2%,152,NORMAL,432.0,0.0,3.0,False
1767700460.51,2026-01-06 17:24:20,28,34,538,20.3%,152,NORMAL,432.0,0.0,3.0,False
1767700461.53,2026-01-06 17:24:21,28,34,538,20.4%,152,NORMAL,431.0,0.0,3.0,False
1767700463.73,2026-01-06 17:24:23,27,34,538,20.5%,152,NORMAL,431.0,0.0,3.0,False
1767700465.05,2026-01-06 17:24:25,27,34,539,20.6%,152,NORMAL,432.0,0.0,3.0,False
1767700466.18,2026-01-06 17:24:26,27,34,539,20.7%,152,NORMAL,430.0,0.0,3.0,False
1767700467.66,2026-01-06 17:24:27,27,34,539,20.8%,152,NORMAL,430.0,0.0,3.0,False
1767700468.73,2026-01-06 17:24:28,27,34,540,20.8%,152,NORMAL,431.0,0.0,3.1,False
1767700470.67,2026-01-06 17:24:30,26,34,541,20.9%,152,NORMAL,431.0,0.0,3.1,False
1767700472.12,2026-01-06 17:24:32,30,34,543,20.9%,152,NORMAL,432.0,0.0,3.1,False
1767700474.03,2026-01-06 17:24:34,29,34,543,20.9%,152,NORMAL,432.0,0.0,3.1,False
1767700475.28,2026-01-06 17:24:35,30,34,545,20.9%,152,NORMAL,434.0,0.0,3.1,False
1767700477.32,2026-01-06 17:24:37,31,34,546,21.0%,152,NORMAL,435.0,0.0,3.1,False
1767700478.45,2026-01-06 17:24:38,31,34,547,21.0%,152,NORMAL,436.0,0.0,3.1,False
1767700480.78,2026-01-06 17:24:40,32,34,547,21.1%,152,NORMAL,435.0,0.0,3.1,False
1767700482.55,2026-01-06 17:24:42,32,34,549,21.2%,152,NORMAL,436.0,0.0,3.1,False
1767700483.77,2026-01-06 17:24:43,33,34,550,21.4%,152,NORMAL,437.0,0.0,3.1,False
1767700484.97,2026-01-06 17:24:44,34,35,551,21.5%,152,NORMAL,435.0,0.0,3.2,False
1767700486.68,2026-01-06 17:24:46,35,35,551,21.7%,152,NORMAL,435.0,0.0,3.2,False
1767700487.88,2026-01-06 17:24:47,33,35,552,21.9%,152,NORMAL,436.0,0.0,3.2,False
1767700489.06,2026-01-06 17:24:49,31,35,552,22.0%,152,NORMAL,436.0,0.0,3.3,False
1767700490.15,2026-01-06 17:24:50,30,35,552,22.1%,152,NORMAL,436.0,0.0,3.3,False
1767700491.20,2026-01-06 17:24:51,29,35,552,22.2%,152,NORMAL,436.0,0.0,3.3,False
1767700493.03,2026-01-06 17:24:53,28,35,552,22.2%,152,NORMAL,436.0,0.0,3.3,False
1767700494.25,2026-01-06 17:24:54,29,35,552,22.2%,152,NORMAL,436.0,0.0,3.3,False
1767700496.91,2026-01-06 17:24:56,29,35,552,22.2%,152,NORMAL,436.0,0.0,3.3,False
1767700498.38,2026-01-06 17:24:58,33,35,552,22.3%,152,NORMAL,436.0,0.0,3.3,False
1767700499.66,2026-01-06 17:24:59,32,35,552,22.4%,152,NORMAL,436.0,0.0,3.3,False
1767700501.34,2026-01-06 17:25:01,33,35,553,22.6%,152,NORMAL,435.0,0.0,3.3,False
1767700503.44,2026-01-06 17:25:03,32,35,553,22.7%,152,NORMAL,435.0,0.0,3.3,False
1767700505.04,2026-01-06 17:25:05,31,35,554,22.8%,152,NORMAL,434.0,0.0,3.3,False
1767700507.51,2026-01-06 17:25:07,29,35,554,22.8%,152,NORMAL,434.0,0.0,3.3,False
1767700508.61,2026-01-06 17:25:08,29,35,554,22.8%,152,NORMAL,434.0,0.0,3.3,False
1767700510.03,2026-01-06 17:25:10,30,35,554,22.9%,152,NORMAL,434.0,0.0,3.3,False
1767700511.23,2026-01-06 17:25:11,31,35,554,23.0%,152,NORMAL,434.0,0.0,3.2,False
1767700512.35,2026-01-06 17:25:12,33,35,556,23.1%,152,NORMAL,435.0,0.0,3.2,False
1767700514.62,2026-01-06 17:25:14,31,35,557,23.2%,152,NORMAL,436.0,0.0,3.2,False
1767700515.77,2026-01-06 17:25:15,31,35,557,23.3%,152,NORMAL,436.0,0.0,3.2,False
1767700517.41,2026-01-06 17:25:17,30,35,557,23.4%,152,NORMAL,435.0,0.0,3.2,False
1767700518.77,2026-01-06 17:25:18,31,35,557,23.4%,152,NORMAL,435.0,0.0,3.2,False
1767700520.26,2026-01-06 17:25:20,29,35,557,23.4%,152,NORMAL,434.0,0.0,3.2,False
1767700522.36,2026-01-06 17:25:22,29,35,557,23.4%,152,NORMAL,434.0,0.0,3.1,False
1767700523.66,2026-01-06 17:25:23,30,35,558,23.4%,152,NORMAL,435.0,0.0,3.1,False
1767700525.18,2026-01-06 17:25:25,30,35,558,23.4%,152,NORMAL,435.0,0.0,3.1,False
1767700526.28,2026-01-06 17:25:26,31,35,558,23.3%,152,NORMAL,434.0,0.0,3.1,False
1767700528.41,2026-01-06 17:25:28,31,35,559,23.3%,152,NORMAL,435.0,0.0,3.1,False
1767700529.44,2026-01-06 17:25:29,30,35,560,23.2%,152,NORMAL,435.0,0.0,3.1,False
1767700532.02,2026-01-06 17:25:32,30,35,562,23.2%,152,NORMAL,437.0,0.0,3.2,False
1767700533.25,2026-01-06 17:25:33,28,35,563,23.0%,152,NORMAL,438.0,0.0,3.2,False
1767700534.31,2026-01-06 17:25:34,28,35,563,22.9%,152,NORMAL,438.0,0.0,3.2,False
1767700535.71,2026-01-06 17:25:35,24,35,564,22.7%,152,NORMAL,438.0,0.0,3.2,False
1767700537.25,2026-01-06 17:25:37,24,35,564,22.6%,152,NORMAL,437.0,0.0,3.2,False
1767700538.60,2026-01-06 17:25:38,24,35,564,22.5%,152,NORMAL,434.0,0.0,3.2,False
1767700540.32,2026-01-06 17:25:40,23,35,564,22.3%,152,NORMAL,433.0,0.0,3.2,False
1767700541.81,2026-01-06 17:25:41,21,35,565,22.2%,152,NORMAL,434.0,0.0,3.2,False
1767700543.05,2026-01-06 17:25:43,19,35,565,21.9%,152,NORMAL,433.0,0.0,3.2,False
1767700544.07,2026-01-06 17:25:44,21,35,565,21.6%,152,NORMAL,432.0,0.0,3.2,False
1767700545.86,2026-01-06 17:25:45,23,35,567,21.4%,152,NORMAL,434.0,0.0,3.2,False
1767700546.87,2026-01-06 17:25:46,23,35,567,21.2%,152,NORMAL,434.0,0.0,3.2,False
1767700548.98,2026-01-06 17:25:48,25,35,569,21.0%,152,NORMAL,435.0,0.0,3.2,False
1767700550.41,2026-01-06 17:25:50,26,35,572,20.9%,152,NORMAL,438.0,0.0,3.1,False
1767700552.05,2026-01-06 17:25:52,30,35,574,20.9%,152,NORMAL,439.0,0.0,3.1,False
1767700553.44,2026-01-06 17:25:53,28,35,577,20.9%,152,NORMAL,441.0,0.0,3.1,False
1767700554.73,2026-01-06 17:25:54,28,35,577,20.9%,152,NORMAL,440.0,0.0,3.1,False
1767700555.73,2026-01-06 17:25:55,29,35,577,20.8%,152,NORMAL,440.0,0.0,3.1,False
1767700558.40,2026-01-06 17:25:58,28,35,579,20.7%,152,NORMAL,441.0,0.0,3.2,False
1767700559.76,2026-01-06 17:25:59,27,35,579,20.6%,152,NORMAL,441.0,0.0,3.2,False
1767700561.63,2026-01-06 17:26:01,27,35,579,20.5%,152,NORMAL,441.0,0.0,3.2,False
1767700562.95,2026-01-06 17:26:02,27,35,579,20.4%,152,NORMAL,441.0,0.0,3.2,False
1767700564.28,2026-01-06 17:26:04,28,35,579,20.4%,152,NORMAL,441.0,0.0,3.2,False
1767700565.75,2026-01-06 17:26:05,27,35,580,20.3%,152,NORMAL,442.0,0.0,3.2,False
1767700566.88,2026-01-06 17:26:06,31,35,583,20.4%,152,NORMAL,445.0,0.0,3.2,False
1767700569.23,2026-01-06 17:26:09,30,35,583,20.4%,152,NORMAL,445.0,0.0,3.2,False
1767700570.29,2026-01-06 17:26:10,27,35,583,20.3%,152,NORMAL,445.0,0.0,3.2,False
1767700572.66,2026-01-06 17:26:12,24,35,584,20.1%,152,NORMAL,445.0,0.0,3.2,False
1767700573.93,2026-01-06 17:26:13,28,35,585,20.1%,152,NORMAL,446.0,0.0,3.3,False
1767700575.77,2026-01-06 17:26:15,28,35,585,20.0%,152,NORMAL,446.0,0.0,3.3,False
1767700577.45,2026-01-06 17:26:17,29,35,588,20.0%,152,NORMAL,449.0,0.0,3.3,False
1767700579.71,2026-01-06 17:26:19,28,35,588,20.0%,152,NORMAL,449.0,0.0,3.3,False
1767700580.87,2026-01-06 17:26:20,27,35,588,20.0%,152,NORMAL,449.0,0.0,3.3,False
1767700584.20,2026-01-06 17:26:24,29,35,591,20.1%,152,NORMAL,451.0,0.0,3.3,False
1767700585.39,2026-01-06 17:26:25,32,35,593,20.3%,152,NORMAL,453.0,0.0,3.4,False
1767700587.68,2026-01-06 17:26:27,29,35,595,20.4%,152,NORMAL,455.0,0.0,3.4,False
1767700588.95,2026-01-06 17:26:28,32,35,596,20.6%,152,NORMAL,455.0,0.0,3.4,False
1767700590.53,2026-01-06 17:26:30,33,35,597,20.9%,152,NORMAL,456.0,0.0,3.4,False
1767700591.67,2026-01-06 17:26:31,34,35,599,21.2%,152,NORMAL,458.0,0.0,3.4,False
1767700593.99,2026-01-06 17:26:33,31,35,599,21.5%,152,NORMAL,458.0,0.0,3.4,False
1767700595.13,2026-01-06 17:26:35,30,35,600,21.6%,152,NORMAL,458.0,0.0,3.4,False
1767700597.22,2026-01-06 17:26:37,28,35,600,21.8%,152,NORMAL,458.0,0.0,3.3,False
1767700598.45,2026-01-06 17:26:38,28,35,600,21.8%,152,NORMAL,456.0,0.0,3.3,False
1767700600.64,2026-01-06 17:26:40,28,35,600,21.9%,152,NORMAL,456.0,0.0,3.3,False
1767700602.18,2026-01-06 17:26:42,29,35,602,21.9%,152,NORMAL,458.0,0.0,3.3,False
1767700604.35,2026-01-06 17:26:44,32,35,604,22.0%,152,NORMAL,460.0,0.0,3.3,False
1767700605.78,2026-01-06 17:26:45,31,35,604,22.0%,152,NORMAL,459.0,0.0,3.3,False
1767700607.87,2026-01-06 17:26:47,33,35,604,22.1%,152,NORMAL,459.0,0.0,3.3,False
1767700608.90,2026-01-06 17:26:48,31,35,605,22.2%,152,NORMAL,460.0,0.0,3.3,False
1767700611.09,2026-01-06 17:26:51,29,35,606,22.2%,152,NORMAL,461.0,0.0,3.3,False
1767700612.74,2026-01-06 17:26:52,27,35,606,22.2%,152,NORMAL,461.0,0.0,3.3,False
1767700614.72,2026-01-06 17:26:54,28,35,607,22.3%,152,NORMAL,460.0,0.0,3.2,False
1767700616.09,2026-01-06 17:26:56,30,35,608,22.3%,152,NORMAL,461.0,0.0,3.2,False
1767700617.27,2026-01-06 17:26:57,26,35,608,22.3%,152,NORMAL,461.0,0.0,3.2,False
1767700618.91,2026-01-06 17:26:58,24,35,608,22.1%,152,NORMAL,461.0,0.0,3.2,False
1767700620.12,2026-01-06 17:27:00,23,35,608,21.9%,152,NORMAL,460.0,0.0,3.2,False
1767700621.31,2026-01-06 17:27:01,25,35,609,21.9%,152,NORMAL,461.0,0.0,3.2,False
1767700622.41,2026-01-06 17:27:02,24,35,609,21.9%,152,NORMAL,461.0,0.0,3.2,False
1767700623.81,2026-01-06 17:27:03,27,35,610,21.9%,152,NORMAL,461.0,0.0,3.2,False
1767700625.67,2026-01-06 17:27:05,28,35,610,21.9%,152,NORMAL,460.0,0.0,3.1,False
1767700626.75,2026-01-06 17:27:06,28,35,610,21.9%,152,NORMAL,460.0,0.0,3.1,False
1767700627.76,2026-01-06 17:27:07,27,35,610,21.8%,152,NORMAL,458.0,0.0,3.1,False
1767700629.01,2026-01-06 17:27:09,27,35,610,21.8%,152,NORMAL,458.0,0.0,3.1,False
1767700630.02,2026-01-06 17:27:10,28,35,610,21.8%,152,NORMAL,457.0,0.0,3.1,False
1767700631.48,2026-01-06 17:27:11,27,35,610,21.7%,152,NORMAL,457.0,0.0,3.1,False
1767700633.15,2026-01-06 17:27:13,29,35,612,21.7%,152,NORMAL,459.0,0.0,3.1,False
1767700634.40,2026-01-06 17:27:14,29,35,614,21.6%,152,NORMAL,461.0,0.0,3.1,False
1767700636.68,2026-01-06 17:27:16,28,35,614,21.5%,152,NORMAL,461.0,0.0,3.1,False
1767700638.09,2026-01-06 17:27:18,32,35,616,21.5%,152,NORMAL,462.0,0.0,3.0,False
1767700639.48,2026-01-06 17:27:19,32,35,617,21.5%,152,NORMAL,463.0,0.0,3.0,False
1767700640.83,2026-01-06 17:27:20,32,35,617,21.5%,152,NORMAL,463.0,0.0,3.0,False
1767700642.02,2026-01-06 17:27:22,31,35,618,21.6%,152,NORMAL,464.0,0.0,3.0,False
1767700643.55,2026-01-06 17:27:23,30,35,618,21.6%,152,NORMAL,464.0,0.0,3.0,False
1767700644.77,2026-01-06 17:27:24,30,35,621,21.7%,152,NORMAL,467.0,0.0,3.0,False
1767700646.41,2026-01-06 17:27:26,29,35,621,21.7%,152,NORMAL,467.0,0.0,3.0,False
1767700647.90,2026-01-06 17:27:27,29,35,621,21.6%,152,NORMAL,467.0,0.0,3.0,False
1767700649.49,2026-01-06 17:27:29,32,35,623,21.6%,152,NORMAL,468.0,0.0,3.0,False
1767700650.92,2026-01-06 17:27:30,34,35,623,21.7%,152,NORMAL,468.0,0.0,3.0,False
1767700652.20,2026-01-06 17:27:32,31,35,623,21.7%,152,NORMAL,467.0,0.0,3.0,False
1767700654.33,2026-01-06 17:27:34,33,35,625,21.8%,152,NORMAL,469.0,0.0,3.0,False
1767700655.68,2026-01-06 17:27:35,34,35,626,21.9%,152,NORMAL,469.0,0.0,2.9,False
1767700657.95,2026-01-06 17:27:37,34,35,628,22.1%,152,NORMAL,470.0,0.0,2.9,False
1767700659.52,2026-01-06 17:27:39,36,36,629,22.2%,152,NORMAL,471.0,0.0,2.9,False
1767700661.72,2026-01-06 17:27:41,34,36,629,22.4%,152,NORMAL,467.0,0.0,2.9,False
1767700662.75,2026-01-06 17:27:42,31,36,630,22.5%,152,NORMAL,468.0,0.0,2.9,False
1767700664.00,2026-01-06 17:27:43,31,36,630,22.7%,152,NORMAL,468.0,0.0,2.9,False
1767700665.31,2026-01-06 17:27:45,32,36,630,22.9%,152,NORMAL,468.0,0.0,2.9,False
1767700666.31,2026-01-06 17:27:46,31,36,630,23.1%,152,NORMAL,467.0,0.0,2.8,False
1767700668.69,2026-01-06 17:27:48,34,36,630,23.2%,152,NORMAL,467.0,0.0,2.8,False
1767700670.02,2026-01-06 17:27:50,33,36,633,23.3%,152,NORMAL,469.0,0.0,2.8,False
1767700672.26,2026-01-06 17:27:52,35,36,633,23.5%,152,NORMAL,469.0,0.0,2.8,False
1767700673.85,2026-01-06 17:27:53,31,36,633,23.6%,152,NORMAL,468.0,0.0,2.8,False
1767700675.70,2026-01-06 17:27:55,32,36,633,23.7%,152,NORMAL,468.0,0.0,2.8,False
1767700677.08,2026-01-06 17:27:57,32,36,634,23.8%,152,NORMAL,467.0,0.0,2.8,False
1767700679.63,2026-01-06 17:27:59,32,36,634,23.9%,152,NORMAL,465.0,0.0,2.8,False
1767700680.72,2026-01-06 17:28:00,30,36,634,23.9%,152,NORMAL,465.0,0.0,2.8,False
1767700682.66,2026-01-06 17:28:02,29,36,634,23.9%,152,NORMAL,465.0,0.0,2.8,False
1767700683.78,2026-01-06 17:28:03,28,36,635,23.9%,152,NORMAL,465.0,0.0,2.8,False
1767700685.36,2026-01-06 17:28:05,27,36,637,23.8%,152,NORMAL,467.0,0.0,2.8,False
1767700686.48,2026-01-06 17:28:06,25,36,637,23.7%,152,NORMAL,467.0,0.0,2.8,False
1767700687.66,2026-01-06 17:28:07,27,36,637,23.5%,152,NORMAL,467.0,0.0,2.8,False
1767700689.77,2026-01-06 17:28:09,27,36,637,23.4%,152,NORMAL,467.0,0.0,2.8,False
1767700691.23,2026-01-06 17:28:11,31,36,642,23.5%,152,NORMAL,472.0,0.0,2.8,False
1767700692.73,2026-01-06 17:28:12,31,36,642,23.5%,152,NORMAL,472.0,0.0,2.8,False
1767700694.08,2026-01-06 17:28:14,31,36,642,23.5%,152,NORMAL,472.0,0.0,2.8,False
1767700695.99,2026-01-06 17:28:15,30,36,644,23.6%,152,NORMAL,474.0,0.0,2.8,False
1767700697.03,2026-01-06 17:28:17,29,36,644,23.5%,152,NORMAL,474.0,0.0,2.8,False
1767700698.87,2026-01-06 17:28:18,29,36,644,23.4%,152,NORMAL,474.0,0.0,2.8,False
1767700700.14,2026-01-06 17:28:20,28,36,644,23.3%,152,NORMAL,472.0,0.0,2.8,False
1767700702.91,2026-01-06 17:28:22,30,36,645,23.2%,152,NORMAL,473.0,0.0,2.8,False
1767700704.12,2026-01-06 17:28:24,28,36,645,23.1%,152,NORMAL,471.0,0.0,2.8,False
1767700705.14,2026-01-06 17:28:25,29,36,645,23.0%,152,NORMAL,471.0,0.0,2.8,False
1767700706.87,2026-01-06 17:28:26,30,36,645,22.9%,152,NORMAL,469.0,0.0,2.8,False
1767700707.90,2026-01-06 17:28:27,31,36,646,22.8%,152,NORMAL,470.0,0.0,2.8,False
1767700709.23,2026-01-06 17:28:29,28,36,646,22.7%,152,NORMAL,470.0,0.0,2.7,False
1767700710.64,2026-01-06 17:28:30,28,36,648,22.6%,152,NORMAL,472.0,0.0,2.7,False
1767700712.22,2026-01-06 17:28:32,30,36,649,22.6%,152,NORMAL,471.0,0.0,2.7,False
1767700714.40,2026-01-06 17:28:34,30,36,649,22.6%,152,NORMAL,469.0,0.0,2.7,False
1767700715.97,2026-01-06 17:28:35,31,36,650,22.5%,152,NORMAL,469.0,0.0,2.7,False
1767700717.92,2026-01-06 17:28:37,29,36,650,22.4%,152,NORMAL,469.0,0.0,2.7,False
1767700719.13,2026-01-06 17:28:39,29,36,651,22.3%,152,NORMAL,470.0,0.0,2.7,False
1767700721.13,2026-01-06 17:28:41,30,36,653,22.3%,152,NORMAL,472.0,0.0,2.7,False
1767700722.85,2026-01-06 17:28:42,31,36,656,22.2%,152,NORMAL,474.0,0.0,2.7,False
1767700724.97,2026-01-06 17:28:44,33,36,657,22.3%,152,NORMAL,474.0,0.0,2.7,False
1767700726.54,2026-01-06 17:28:46,32,36,660,22.3%,152,NORMAL,476.0,0.0,2.6,False
1767700727.88,2026-01-06 17:28:47,31,36,660,22.3%,152,NORMAL,476.0,0.0,2.6,False
1767700729.13,2026-01-06 17:28:49,31,36,661,22.3%,152,NORMAL,476.0,0.0,2.7,False
1767700731.00,2026-01-06 17:28:51,29,36,661,22.4%,152,NORMAL,476.0,0.0,2.7,False
1767700732.46,2026-01-06 17:28:52,31,36,663,22.4%,152,NORMAL,478.0,0.0,2.7,False
1767700734.79,2026-01-06 17:28:54,31,36,664,22.6%,152,NORMAL,479.0,0.0,2.7,False
1767700735.79,2026-01-06 17:28:55,32,36,666,22.7%,152,NORMAL,480.0,0.0,2.7,False
1767700738.13,2026-01-06 17:28:58,33,36,668,22.8%,152,NORMAL,482.0,0.0,2.7,False
1767700739.51,2026-01-06 17:28:59,32,36,668,22.9%,152,NORMAL,482.0,0.0,2.7,False
1767700741.84,2026-01-06 17:29:01,29,36,670,22.8%,152,NORMAL,482.0,0.0,2.7,False
1767700743.63,2026-01-06 17:29:03,28,36,671,22.7%,152,NORMAL,481.0,0.0,2.7,False
1767700745.62,2026-01-06 17:29:05,31,36,672,22.8%,152,NORMAL,482.0,0.0,2.7,False
1767700746.91,2026-01-06 17:29:06,36,36,676,22.9%,152,NORMAL,485.0,0.0,2.7,False
1767700747.96,2026-01-06 17:29:07,35,36,676,23.1%,152,NORMAL,485.0,0.0,2.7,False
1767700749.52,2026-01-06 17:29:09,35,36,677,23.2%,152,NORMAL,485.0,0.0,2.7,False
1767700750.53,2026-01-06 17:29:10,34,36,678,23.3%,152,NORMAL,486.0,0.0,2.7,False
1767700753.42,2026-01-06 17:29:13,28,36,678,23.3%,152,NORMAL,486.0,0.0,2.7,False
1767700755.15,2026-01-06 17:29:15,26,36,679,23.2%,152,NORMAL,486.0,0.0,2.7,False
1767700757.74,2026-01-06 17:29:17,26,36,679,23.2%,152,NORMAL,485.0,0.0,2.7,False
1767700759.51,2026-01-06 17:29:19,28,36,682,23.1%,152,NORMAL,488.0,0.0,2.6,False
1767700761.99,2026-01-06 17:29:21,27,36,682,23.1%,152,NORMAL,488.0,0.0,2.6,False
1767700763.23,2026-01-06 17:29:23,27,36,683,23.0%,152,NORMAL,488.0,0.0,2.6,False
1767700764.95,2026-01-06 17:29:24,24,36,683,22.9%,152,NORMAL,488.0,0.0,2.7,False
1767700766.54,2026-01-06 17:29:26,28,36,686,22.8%,152,NORMAL,490.0,0.0,2.7,False
1767700767.91,2026-01-06 17:29:27,27,36,686,22.8%,152,NORMAL,489.0,0.0,2.7,False
1767700769.01,2026-01-06 17:29:29,30,36,687,22.8%,152,NORMAL,489.0,0.0,2.7,False
1767700771.13,2026-01-06 17:29:31,26,36,687,22.7%,152,NORMAL,489.0,0.0,2.7,False
1767700773.01,2026-01-06 17:29:33,27,36,687,22.6%,152,NORMAL,488.0,0.0,2.7,False
1767700775.14,2026-01-06 17:29:35,28,36,687,22.6%,152,NORMAL,486.0,0.0,2.7,False
1767700776.19,2026-01-06 17:29:36,27,36,687,22.4%,152,NORMAL,484.0,0.0,2.7,False
1767700778.27,2026-01-06 17:29:38,22,36,689,22.2%,152,NORMAL,486.0,0.0,2.8,False
1767700779.33,2026-01-06 17:29:39,20,36,691,21.9%,152,NORMAL,488.0,0.0,2.8,False
1767700780.52,2026-01-06 17:29:40,20,36,691,21.7%,152,NORMAL,488.0,0.0,2.8,False
1767700781.60,2026-01-06 17:29:41,21,36,692,21.5%,152,NORMAL,487.0,0.0,2.8,False
1767700783.33,2026-01-06 17:29:43,23,36,694,21.3%,152,NORMAL,488.0,0.0,2.8,False
1767700784.57,2026-01-06 17:29:44,23,36,694,21.1%,152,NORMAL,488.0,0.0,2.8,False
1767700786.24,2026-01-06 17:29:46,22,36,694,20.9%,152,NORMAL,488.0,0.0,2.8,False
1767700787.25,2026-01-06 17:29:47,21,36,694,20.6%,152,NORMAL,488.0,0.0,2.8,False
1767700790.15,2026-01-06 17:29:50,22,36,696,20.4%,152,NORMAL,490.0,0.0,2.8,False
1767700791.40,2026-01-06 17:29:51,22,36,696,20.2%,152,NORMAL,490.0,0.0,2.8,False
1767700793.12,2026-01-06 17:29:53,27,36,699,20.2%,152,NORMAL,493.0,0.0,2.8,False
1767700794.99,2026-01-06 17:29:54,25,36,699,20.0%,152,NORMAL,493.0,0.0,2.7,False
1767700796.14,2026-01-06 17:29:56,26,36,700,19.8%,152,NORMAL,494.0,0.0,2.7,False
1767700798.17,2026-01-06 17:29:58,22,36,700,19.5%,152,NORMAL,493.0,0.0,2.7,False
1767700799.84,2026-01-06 17:29:59,26,36,702,19.3%,152,NORMAL,495.0,0.0,2.7,False
1767700802.16,2026-01-06 17:30:02,23,36,702,19.0%,152,NORMAL,495.0,0.0,2.7,False
1767700803.38,2026-01-06 17:30:03,25,36,703,19.0%,152,NORMAL,495.0,0.0,2.7,False
1767700805.55,2026-01-06 17:30:05,27,36,705,19.0%,152,NORMAL,496.0,0.0,2.6,False
1767700807.05,2026-01-06 17:30:07,28,36,707,19.0%,152,NORMAL,498.0,0.0,2.6,False
1767700808.64,2026-01-06 17:30:08,29,36,707,19.1%,152,NORMAL,498.0,0.0,2.6,False
1767700809.96,2026-01-06 17:30:09,26,36,708,19.0%,152,NORMAL,498.0,0.0,2.6,False
1767700811.05,2026-01-06 17:30:11,27,36,709,19.0%,152,NORMAL,499.0,0.0,2.6,False
1767700812.51,2026-01-06 17:30:12,27,36,709,19.1%,152,NORMAL,499.0,0.0,2.6,False
1767700813.74,2026-01-06 17:30:13,28,36,712,19.1%,152,NORMAL,502.0,0.0,2.6,False
1767700816.58,2026-01-06 17:30:16,22,36,715,19.0%,152,NORMAL,503.0,0.0,2.6,False
1767700817.82,2026-01-06 17:30:17,30,36,724,19.0%,152,NORMAL,512.0,0.0,2.6,False
1767700819.45,2026-01-06 17:30:19,27,36,724,19.0%,152,NORMAL,510.0,0.0,2.7,False
1767700820.75,2026-01-06 17:30:20,25,36,726,19.0%,152,NORMAL,512.0,0.0,2.7,False
1767700823.26,2026-01-06 17:30:23,30,36,728,19.0%,152,NORMAL,513.0,0.0,2.7,False
1767700824.65,2026-01-06 17:30:24,25,36,728,19.0%,152,NORMAL,511.0,0.0,2.7,False
1767700826.67,2026-01-06 17:30:26,24,36,730,19.0%,152,NORMAL,513.0,0.0,2.7,False
1767700827.99,2026-01-06 17:30:27,20,36,730,19.0%,152,NORMAL,511.0,0.0,2.7,False
1767700829.93,2026-01-06 17:30:29,23,36,733,19.1%,152,NORMAL,514.0,0.0,2.8,False
1767700831.04,2026-01-06 17:30:31,24,36,733,19.2%,152,NORMAL,514.0,0.0,2.8,False
1767700832.18,2026-01-06 17:30:32,23,36,734,19.2%,152,NORMAL,515.0,0.0,2.8,False
1767700833.41,2026-01-06 17:30:33,17,36,734,19.0%,152,NORMAL,514.0,0.0,2.8,False
1767700834.97,2026-01-06 17:30:34,21,36,737,19.0%,152,NORMAL,516.0,0.0,2.8,False
1767700836.61,2026-01-06 17:30:36,22,36,739,19.0%,152,NORMAL,518.0,0.0,2.8,False
1767700837.82,2026-01-06 17:30:37,16,36,739,18.9%,152,NORMAL,518.0,0.0,2.8,False
1767700839.29,2026-01-06 17:30:39,22,36,741,18.9%,152,NORMAL,520.0,0.0,2.8,False
1767700840.39,2026-01-06 17:30:40,21,36,741,18.7%,152,NORMAL,519.0,0.0,2.8,False
1767700841.71,2026-01-06 17:30:41,25,36,745,18.7%,152,NORMAL,522.0,0.0,2.8,False
1767700843.87,2026-01-06 17:30:43,26,36,747,18.7%,152,NORMAL,523.0,0.0,2.8,False
1767700844.93,2026-01-06 17:30:44,23,36,747,18.7%,152,NORMAL,523.0,0.0,2.8,False
1767700846.82,2026-01-06 17:30:46,24,36,748,18.7%,152,NORMAL,524.0,0.0,2.8,False
1767700847.92,2026-01-06 17:30:47,21,36,750,18.6%,152,NORMAL,526.0,0.0,2.8,False
1767700849.11,2026-01-06 17:30:49,23,36,751,18.6%,152,NORMAL,526.0,0.0,2.8,False
1767700850.51,2026-01-06 17:30:50,23,36,751,18.5%,152,NORMAL,524.0,0.0,2.8,False
1767700851.64,2026-01-06 17:30:51,25,36,753,18.4%,152,NORMAL,526.0,0.0,2.9,False
1767700852.80,2026-01-06 17:30:52,24,36,754,18.3%,152,NORMAL,527.0,0.0,2.9,False
1767700854.85,2026-01-06 17:30:54,26,36,756,18.3%,152,NORMAL,529.0,0.0,2.9,False
1767700856.11,2026-01-06 17:30:56,23,36,757,18.2%,152,NORMAL,528.0,0.0,3.0,False
1767700857.38,2026-01-06 17:30:57,25,36,758,18.2%,152,NORMAL,529.0,0.0,3.0,False
1767700859.85,2026-01-06 17:30:59,26,36,759,18.1%,152,NORMAL,529.0,0.0,3.0,False
1767700860.89,2026-01-06 17:31:00,28,36,762,18.3%,152,NORMAL,531.0,0.0,3.0,False
1767700862.00,2026-01-06 17:31:01,26,36,762,18.2%,152,NORMAL,531.0,0.0,3.0,False
1767700863.60,2026-01-06 17:31:03,25,36,762,18.1%,152,NORMAL,531.0,0.0,3.1,False
1767700864.83,2026-01-06 17:31:04,29,36,764,18.2%,152,NORMAL,533.0,0.0,3.1,False
1767700866.98,2026-01-06 17:31:06,29,36,765,18.2%,152,NORMAL,533.0,0.0,3.1,False
1767700868.40,2026-01-06 17:31:08,29,36,765,18.3%,152,NORMAL,532.0,0.0,3.1,False
1767700870.25,2026-01-06 17:31:10,29,36,766,18.4%,152,NORMAL,533.0,0.0,3.2,False
1767700871.49,2026-01-06 17:31:11,28,36,766,18.6%,152,NORMAL,533.0,0.0,3.2,False
1767700873.56,2026-01-06 17:31:13,30,36,767,18.8%,152,NORMAL,534.0,0.0,3.2,False
1767700875.35,2026-01-06 17:31:15,30,36,767,18.9%,152,NORMAL,533.0,0.0,3.2,False
1767700877.21,2026-01-06 17:31:17,32,36,769,19.1%,152,NORMAL,535.0,0.0,3.2,False
1767700878.45,2026-01-06 17:31:18,27,36,769,19.4%,152,NORMAL,533.0,0.0,3.2,False
1767700880.64,2026-01-06 17:31:20,25,36,769,19.5%,152,NORMAL,532.0,0.0,3.2,False
1767700881.89,2026-01-06 17:31:21,24,36,769,19.5%,152,NORMAL,532.0,0.0,3.2,False
1767700884.18,2026-01-06 17:31:24,25,36,770,19.7%,152,NORMAL,532.0,0.0,3.2,False
1767700885.24,2026-01-06 17:31:25,24,36,771,19.8%,152,NORMAL,532.0,0.0,3.2,False
1767700886.48,2026-01-06 17:31:26,27,36,772,19.9%,152,NORMAL,533.0,0.0,3.2,False
1767700887.50,2026-01-06 17:31:27,28,36,772,20.0%,152,NORMAL,533.0,0.0,3.2,False
1767700888.91,2026-01-06 17:31:28,27,36,772,20.0%,152,NORMAL,533.0,0.0,3.1,False
1767700889.94,2026-01-06 17:31:29,24,36,772,20.0%,152,NORMAL,533.0,0.0,3.1,False
1767700891.40,2026-01-06 17:31:31,23,36,772,20.0%,152,NORMAL,532.0,0.0,3.1,False
1767700892.45,2026-01-06 17:31:32,22,36,772,20.0%,152,NORMAL,531.0,0.0,3.1,False
1767700893.82,2026-01-06 17:31:33,25,36,776,20.1%,152,NORMAL,532.0,0.0,3.1,False
1767700894.95,2026-01-06 17:31:34,24,36,777,20.1%,152,NORMAL,533.0,0.0,3.1,False
1767700895.98,2026-01-06 17:31:35,23,36,777,20.1%,152,NORMAL,533.0,0.0,3.1,False
1767700897.05,2026-01-06 17:31:37,21,36,777,20.0%,152,NORMAL,533.0,0.0,3.1,False
1767700898.47,2026-01-06 17:31:38,25,36,778,20.0%,152,NORMAL,534.0,0.0,3.1,False
1767700900.34,2026-01-06 17:31:40,26,36,780,20.0%,152,NORMAL,536.0,0.0,3.1,False
1767700901.57,2026-01-06 17:31:41,25,36,781,20.0%,152,NORMAL,537.0,0.0,3.1,False
1767700903.33,2026-01-06 17:31:43,26,36,781,20.0%,152,NORMAL,537.0,0.0,3.1,False
1767700905.67,2026-01-06 17:31:45,27,36,781,20.0%,152,NORMAL,537.0,0.0,3.1,False
1767700906.73,2026-01-06 17:31:46,25,36,782,20.0%,152,NORMAL,536.0,0.0,3.1,False
1767700908.78,2026-01-06 17:31:48,24,36,784,20.0%,152,NORMAL,538.0,0.0,3.1,False
1767700910.09,2026-01-06 17:31:50,27,36,786,19.9%,152,NORMAL,540.0,0.0,3.0,False
1767700912.18,2026-01-06 17:31:52,24,36,786,19.8%,152,NORMAL,540.0,0.0,3.0,False
1767700913.35,2026-01-06 17:31:53,27,36,787,19.7%,152,NORMAL,539.0,0.0,3.0,False
1767700915.44,2026-01-06 17:31:55,26,36,787,19.7%,152,NORMAL,538.0,0.0,3.0,False
1767700916.74,2026-01-06 17:31:56,24,36,787,19.6%,152,NORMAL,537.0,0.0,3.0,False
1767700917.84,2026-01-06 17:31:57,23,36,787,19.4%,152,NORMAL,537.0,0.0,3.0,False
1767700919.18,2026-01-06 17:31:59,24,36,787,19.3%,152,NORMAL,537.0,0.0,3.0,False
1767700920.18,2026-01-06 17:32:00,28,36,789,19.2%,152,NORMAL,539.0,0.0,3.0,False
1767700921.47,2026-01-06 17:32:01,26,36,790,19.2%,152,NORMAL,540.0,0.0,3.0,False
1767700923.03,2026-01-06 17:32:03,25,36,790,19.2%,152,NORMAL,540.0,0.0,3.0,False
1767700924.29,2026-01-06 17:32:04,27,36,790,19.2%,152,NORMAL,540.0,0.0,3.0,False
1767700925.70,2026-01-06 17:32:05,23,36,790,19.2%,152,NORMAL,538.0,0.0,3.0,False
1767700927.26,2026-01-06 17:32:07,22,36,791,19.1%,152,NORMAL,539.0,0.0,2.9,False
1767700928.67,2026-01-06 17:32:08,25,36,791,19.1%,152,NORMAL,537.0,0.0,2.9,False
1767700931.06,2026-01-06 17:32:11,25,36,791,19.0%,152,NORMAL,537.0,0.0,2.9,False
1767700932.73,2026-01-06 17:32:12,24,36,792,18.9%,152,NORMAL,538.0,0.0,2.9,False
1767700934.84,2026-01-06 17:32:14,24,36,792,18.9%,152,NORMAL,537.0,0.0,2.9,False
1767700936.02,2026-01-06 17:32:16,25,36,793,19.0%,152,NORMAL,537.0,0.0,2.9,False
1767700937.36,2026-01-06 17:32:17,25,36,793,19.1%,152,NORMAL,537.0,0.0,2.8,False
1767700938.40,2026-01-06 17:32:18,21,36,793,19.0%,152,NORMAL,537.0,0.0,2.8,False
1767700940.03,2026-01-06 17:32:20,22,36,793,18.9%,152,NORMAL,537.0,0.0,2.8,False
1767700941.36,2026-01-06 17:32:21,24,36,795,18.9%,152,NORMAL,537.0,0.0,2.8,False
1767700942.43,2026-01-06 17:32:22,12,36,795,18.7%,152,NORMAL,537.0,0.0,2.8,False
1767700943.52,2026-01-06 17:32:23,22,36,795,18.6%,152,NORMAL,535.0,0.0,2.8,False
1767700944.92,2026-01-06 17:32:24,21,36,795,18.5%,152,NORMAL,535.0,0.0,2.8,False
1767700945.98,2026-01-06 17:32:25,23,36,795,18.5%,152,NORMAL,535.0,0.0,2.9,False
1767700947.68,2026-01-06 17:32:27,25,36,795,18.5%,152,NORMAL,534.0,0.0,2.9,False
1767700948.75,2026-01-06 17:32:28,24,36,795,18.4%,152,NORMAL,534.0,0.0,2.9,False
1767700950.75,2026-01-06 17:32:30,21,36,795,18.3%,152,NORMAL,534.0,0.0,2.9,False
1767700951.77,2026-01-06 17:32:31,22,36,795,18.2%,152,NORMAL,534.0,0.0,2.9,False
1767700953.48,2026-01-06 17:32:33,12,36,795,17.9%,152,NORMAL,533.0,0.0,2.9,False
1767700954.75,2026-01-06 17:32:34,21,36,795,17.8%,152,NORMAL,532.0,0.0,2.9,False
1767700956.00,2026-01-06 17:32:36,20,36,795,17.6%,152,NORMAL,531.0,0.0,3.0,False
1767700957.91,2026-01-06 17:32:37,21,36,795,17.5%,152,NORMAL,531.0,0.0,3.0,False
1767700959.77,2026-01-06 17:32:39,22,36,795,17.5%,152,NORMAL,530.0,0.0,3.0,False
1767700961.41,2026-01-06 17:32:41,21,36,795,17.4%,152,NORMAL,530.0,0.0,3.0,False
1767700963.64,2026-01-06 17:32:43,20,36,795,17.3%,152,NORMAL,528.0,0.0,3.0,False
1767700965.19,2026-01-06 17:32:45,20,36,795,17.1%,152,NORMAL,528.0,0.0,3.0,False
1767700966.99,2026-01-06 17:32:46,20,36,799,17.0%,152,NORMAL,532.0,0.0,3.0,False
1767700968.59,2026-01-06 17:32:48,23,36,800,16.9%,152,NORMAL,533.0,0.0,3.0,False
1767700970.22,2026-01-06 17:32:50,30,36,807,17.0%,152,NORMAL,538.0,0.0,3.0,False
1767700971.45,2026-01-06 17:32:51,28,36,807,17.1%,152,NORMAL,538.0,0.0,3.0,False
1767700972.75,2026-01-06 17:32:52,26,36,807,17.2%,152,NORMAL,538.0,0.0,3.0,False
1767700974.28,2026-01-06 17:32:54,27,36,810,17.3%,152,NORMAL,541.0,0.0,3.0,False
1767700975.55,2026-01-06 17:32:55,27,36,810,17.3%,152,NORMAL,541.0,0.0,3.0,False
1767700976.85,2026-01-06 17:32:56,28,36,812,17.4%,152,NORMAL,543.0,0.0,3.0,False
1767700978.95,2026-01-06 17:32:58,29,36,813,17.5%,152,NORMAL,544.0,0.0,3.0,False
1767700980.06,2026-01-06 17:33:00,28,36,814,17.6%,152,NORMAL,545.0,0.0,2.9,False
1767700981.41,2026-01-06 17:33:01,30,36,817,17.7%,152,NORMAL,548.0,0.0,2.9,False
1767700982.69,2026-01-06 17:33:02,31,36,818,17.9%,152,NORMAL,548.0,0.0,2.9,False
1767700984.07,2026-01-06 17:33:04,28,36,818,18.1%,152,NORMAL,548.0,0.0,2.9,False
1767700985.94,2026-01-06 17:33:05,31,36,819,18.3%,152,NORMAL,549.0,0.0,2.9,False
1767700987.33,2026-01-06 17:33:07,29,36,820,18.7%,152,NORMAL,550.0,0.0,2.9,False
1767700988.85,2026-01-06 17:33:08,29,36,820,18.8%,152,NORMAL,549.0,0.0,2.9,False
1767700990.83,2026-01-06 17:33:10,29,36,820,19.0%,152,NORMAL,549.0,0.0,2.9,False
1767700991.88,2026-01-06 17:33:11,30,36,824,19.2%,152,NORMAL,553.0,0.0,2.8,False
1767700995.44,2026-01-06 17:33:15,32,36,826,19.4%,152,NORMAL,555.0,0.0,2.8,False
1767700996.69,2026-01-06 17:33:16,30,36,826,19.5%,152,NORMAL,554.0,0.0,2.8,False
1767700998.30,2026-01-06 17:33:18,33,36,828,19.8%,152,NORMAL,555.0,0.0,2.8,False
1767700999.68,2026-01-06 17:33:19,33,36,828,20.0%,152,NORMAL,555.0,0.0,2.8,False
1767701000.75,2026-01-06 17:33:20,31,36,828,20.5%,152,NORMAL,555.0,0.0,2.8,False
1767701002.63,2026-01-06 17:33:22,29,36,828,20.7%,152,NORMAL,555.0,0.0,2.7,False
1767701003.66,2026-01-06 17:33:23,32,36,830,21.0%,152,NORMAL,556.0,0.0,2.7,False
1767701004.82,2026-01-06 17:33:24,30,36,831,21.2%,152,NORMAL,557.0,0.0,2.7,False
1767701006.16,2026-01-06 17:33:26,30,36,831,21.4%,152,NORMAL,557.0,0.0,2.7,False
1767701007.33,2026-01-06 17:33:27,26,36,831,21.5%,152,NORMAL,557.0,0.0,2.7,False
1767701008.60,2026-01-06 17:33:28,26,36,831,21.6%,152,NORMAL,557.0,0.0,2.7,False
1767701009.74,2026-01-06 17:33:29,26,36,832,21.8%,152,NORMAL,556.0,0.0,2.7,False
1767701011.41,2026-01-06 17:33:31,27,36,833,22.0%,152,NORMAL,557.0,0.0,2.7,False
1767701012.92,2026-01-06 17:33:32,28,36,835,22.1%,152,NORMAL,559.0,0.0,2.7,False
1767701014.73,2026-01-06 17:33:34,31,36,836,22.1%,152,NORMAL,560.0,0.0,2.7,False
1767701016.08,2026-01-06 17:33:36,29,36,836,22.1%,152,NORMAL,560.0,0.0,2.7,False
1767701017.40,2026-01-06 17:33:37,28,36,837,22.2%,152,NORMAL,560.0,0.0,2.7,False
1767701019.48,2026-01-06 17:33:39,26,36,837,22.1%,152,NORMAL,559.0,0.0,2.7,False
1767701020.83,2026-01-06 17:33:40,30,36,839,22.2%,152,NORMAL,554.0,0.0,2.7,False
1767701023.14,2026-01-06 17:33:43,29,36,839,22.2%,152,NORMAL,553.0,0.0,2.6,False
1767701024.30,2026-01-06 17:33:44,31,36,840,22.3%,152,NORMAL,553.0,0.0,2.6,False
1767701027.05,2026-01-06 17:33:47,31,36,841,22.3%,152,NORMAL,554.0,0.0,2.6,False
1767701028.29,2026-01-06 17:33:48,32,36,843,22.4%,152,NORMAL,556.0,0.0,2.6,False
1767701030.57,2026-01-06 17:33:50,32,36,843,22.4%,152,NORMAL,556.0,0.0,2.6,False
1767701032.05,2026-01-06 17:33:52,30,36,843,22.5%,152,NORMAL,556.0,0.0,2.6,False
1767701033.24,2026-01-06 17:33:53,29,36,843,22.4%,152,NORMAL,555.0,0.0,2.6,False
1767701035.22,2026-01-06 17:33:55,30,36,844,22.4%,152,NORMAL,555.0,0.0,2.6,False
1767701036.65,2026-01-06 17:33:56,27,36,844,22.4%,152,NORMAL,555.0,0.0,2.6,False
1767701038.50,2026-01-06 17:33:58,25,36,845,22.3%,152,NORMAL,556.0,0.0,2.6,False
1767701039.70,2026-01-06 17:33:59,27,36,848,22.2%,152,NORMAL,558.0,0.0,2.6,False
1767701040.98,2026-01-06 17:34:00,28,36,849,22.1%,152,NORMAL,559.0,0.0,2.6,False
1767701042.22,2026-01-06 17:34:02,27,36,851,22.1%,152,NORMAL,561.0,0.0,2.6,False
1767701043.48,2026-01-06 17:34:03,29,36,853,22.0%,152,NORMAL,563.0,0.0,2.6,False
1767701045.17,2026-01-06 17:34:05,31,36,854,21.9%,152,NORMAL,564.0,0.0,2.6,False
1767701046.90,2026-01-06 17:34:06,30,36,854,21.9%,152,NORMAL,563.0,0.0,2.6,False
1767701048.17,2026-01-06 17:34:08,28,36,854,21.9%,152,NORMAL,563.0,0.0,2.6,False
1767701049.34,2026-01-06 17:34:09,28,36,855,21.8%,152,NORMAL,564.0,0.0,2.6,False
1767701051.07,2026-01-06 17:34:11,29,36,856,21.8%,152,NORMAL,563.0,0.0,2.6,False
1767701053.95,2026-01-06 17:34:13,29,36,856,21.7%,152,NORMAL,563.0,0.0,2.6,False
1767701055.12,2026-01-06 17:34:15,27,36,857,21.8%,152,NORMAL,564.0,0.0,2.6,False
1767701057.08,2026-01-06 17:34:17,29,36,858,21.8%,152,NORMAL,564.0,0.0,2.6,False
1767701059.29,2026-01-06 17:34:19,28,36,858,21.9%,152,NORMAL,563.0,0.0,2.6,False
1767701061.57,2026-01-06 17:34:21,28,36,859,21.9%,152,NORMAL,562.0,0.0,2.6,False
1767701062.92,2026-01-06 17:34:22,27,36,861,21.9%,152,NORMAL,564.0,0.0,2.6,False
1767701064.35,2026-01-06 17:34:24,27,36,862,21.8%,152,NORMAL,564.0,0.0,2.6,False
1767701065.47,2026-01-06 17:34:25,27,36,863,21.7%,152,NORMAL,565.0,0.0,2.6,False
1767701066.63,2026-01-06 17:34:26,27,36,863,21.7%,152,NORMAL,565.0,0.0,2.6,False
1767701067.71,2026-01-06 17:34:27,26,36,864,21.7%,152,NORMAL,565.0,0.0,2.6,False
1767701068.77,2026-01-06 17:34:28,26,36,864,21.6%,152,NORMAL,565.0,0.0,2.6,False
1767701070.87,2026-01-06 17:34:30,27,36,865,21.6%,152,NORMAL,565.0,0.0,2.6,False
1767701072.15,2026-01-06 17:34:32,27,36,865,21.5%,152,NORMAL,565.0,0.0,2.6,False
1767701073.64,2026-01-06 17:34:33,26,36,865,21.4%,152,NORMAL,565.0,0.0,2.6,False
1767701075.01,2026-01-06 17:34:35,29,36,866,21.3%,152,NORMAL,564.0,0.0,2.6,False
1767701076.93,2026-01-06 17:34:36,28,36,866,21.2%,152,NORMAL,564.0,0.0,2.6,False
1767701078.70,2026-01-06 17:34:38,27,36,868,21.1%,152,NORMAL,566.0,0.0,2.6,False
1767701081.12,2026-01-06 17:34:41,28,36,869,21.1%,152,NORMAL,566.0,0.0,2.5,False
1767701082.88,2026-01-06 17:34:42,29,36,870,21.1%,152,NORMAL,567.0,0.0,2.5,False
1767701085.92,2026-01-06 17:34:45,29,36,873,21.1%,152,NORMAL,570.0,0.0,2.5,False
1767701087.16,2026-01-06 17:34:47,29,36,873,21.2%,152,NORMAL,570.0,0.0,2.5,False
1767701089.54,2026-01-06 17:34:49,30,36,875,21.3%,152,NORMAL,571.0,0.0,2.5,False
1767701090.62,2026-01-06 17:34:50,32,36,876,21.4%,152,NORMAL,572.0,0.0,2.5,False
1767701091.89,2026-01-06 17:34:51,31,36,876,21.5%,152,NORMAL,572.0,0.0,2.5,False
1767701094.36,2026-01-06 17:34:54,31,36,876,21.5%,152,NORMAL,572.0,0.0,2.5,False
1767701095.67,2026-01-06 17:34:55,27,36,878,21.4%,152,NORMAL,574.0,0.0,2.5,False
1767701096.75,2026-01-06 17:34:56,26,36,878,21.4%,152,NORMAL,574.0,0.0,2.5,False
1767701098.97,2026-01-06 17:34:58,26,36,878,21.3%,152,NORMAL,574.0,0.0,2.5,False
1767701100.37,2026-01-06 17:35:00,27,36,879,21.3%,152,NORMAL,574.0,0.0,2.5,False
1767701102.60,2026-01-06 17:35:02,28,36,881,21.3%,152,NORMAL,576.0,0.0,2.5,False
1767701103.80,2026-01-06 17:35:03,23,36,882,21.1%,152,NORMAL,577.0,0.0,2.5,False
1767701105.90,2026-01-06 17:35:05,27,36,885,21.1%,152,NORMAL,580.0,0.0,2.6,False
1767701106.99,2026-01-06 17:35:06,27,36,886,21.1%,152,NORMAL,581.0,0.0,2.6,False
1767701108.49,2026-01-06 17:35:08,27,36,887,21.0%,152,NORMAL,582.0,0.0,2.6,False
1767701109.51,2026-01-06 17:35:09,29,36,889,21.1%,152,NORMAL,584.0,0.0,2.7,False
1767701111.32,2026-01-06 17:35:11,27,36,892,21.1%,152,NORMAL,586.0,0.0,2.7,False
1767701113.15,2026-01-06 17:35:13,28,36,892,21.1%,152,NORMAL,585.0,0.0,2.7,False
1767701115.65,2026-01-06 17:35:15,29,36,893,21.1%,152,NORMAL,586.0,0.0,2.8,False
1767701116.83,2026-01-06 17:35:16,31,36,893,21.2%,152,NORMAL,586.0,0.0,2.8,False
1767701118.27,2026-01-06 17:35:18,31,36,894,21.3%,152,NORMAL,587.0,0.0,2.8,False
1767701119.46,2026-01-06 17:35:19,31,36,894,21.5%,152,NORMAL,586.0,0.0,2.8,False
1767701120.55,2026-01-06 17:35:20,29,36,894,21.5%,152,NORMAL,585.0,0.0,2.8,False
1767701121.78,2026-01-06 17:35:21,27,36,894,21.5%,152,NORMAL,585.0,0.0,2.9,False
1767701123.21,2026-01-06 17:35:23,25,36,894,21.5%,152,NORMAL,585.0,0.0,2.9,False
1767701124.24,2026-01-06 17:35:24,27,36,896,21.4%,152,NORMAL,586.0,0.0,2.9,False
1767701125.50,2026-01-06 17:35:25,28,36,897,21.4%,152,NORMAL,587.0,0.0,2.9,False
1767701126.81,2026-01-06 17:35:26,29,36,897,21.5%,152,NORMAL,587.0,0.0,2.9,False
1767701128.48,2026-01-06 17:35:28,28,36,898,21.5%,152,NORMAL,588.0,0.0,2.9,False
1767701129.75,2026-01-06 17:35:29,28,36,898,21.5%,152,NORMAL,588.0,0.0,2.9,False
1767701131.55,2026-01-06 17:35:31,30,36,899,21.5%,152,NORMAL,588.0,0.0,2.9,False
1767701132.95,2026-01-06 17:35:32,29,36,900,21.5%,152,NORMAL,589.0,0.0,2.9,False
1767701134.18,2026-01-06 17:35:34,27,36,900,21.4%,152,NORMAL,589.0,0.0,2.9,False
1767701136.00,2026-01-06 17:35:35,26,36,902,21.3%,152,NORMAL,589.0,0.0,2.9,False
1767701137.40,2026-01-06 17:35:37,24,36,902,21.1%,152,NORMAL,588.0,0.0,2.9,False
1767701138.40,2026-01-06 17:35:38,27,36,903,21.0%,152,NORMAL,589.0,0.0,3.0,False
1767701140.07,2026-01-06 17:35:40,30,36,906,21.1%,152,NORMAL,592.0,0.0,3.0,False
1767701141.57,2026-01-06 17:35:41,33,36,909,21.3%,152,NORMAL,595.0,0.0,3.0,False
1767701142.61,2026-01-06 17:35:42,33,36,910,21.4%,152,NORMAL,595.0,0.0,3.0,False
1767701144.51,2026-01-06 17:35:44,30,36,910,21.5%,152,NORMAL,595.0,0.0,3.0,False
1767701145.68,2026-01-06 17:35:45,31,36,911,21.6%,152,NORMAL,594.0,0.0,3.0,False
1767701147.57,2026-01-06 17:35:47,31,36,911,21.7%,152,NORMAL,594.0,0.0,3.0,False
1767701149.06,2026-01-06 17:35:49,29,36,911,21.8%,152,NORMAL,593.0,0.0,3.0,False
1767701151.13,2026-01-06 17:35:51,30,36,911,21.9%,152,NORMAL,592.0,0.0,3.0,False
1767701152.99,2026-01-06 17:35:52,29,36,911,21.9%,152,NORMAL,591.0,0.0,3.0,False
1767701157.14,2026-01-06 17:35:57,29,36,912,21.9%,152,NORMAL,592.0,0.0,3.0,False
1767701158.55,2026-01-06 17:35:58,27,36,913,21.9%,152,NORMAL,593.0,0.0,3.0,False
1767701160.11,2026-01-06 17:36:00,27,36,914,21.9%,152,NORMAL,594.0,0.0,3.0,False
1767701162.09,2026-01-06 17:36:02,28,36,914,21.9%,152,NORMAL,594.0,0.0,3.0,False
1767701163.14,2026-01-06 17:36:03,26,36,914,21.7%,152,NORMAL,594.0,0.0,2.9,False
1767701165.59,2026-01-06 17:36:05,26,36,914,21.6%,152,NORMAL,594.0,0.0,2.9,False
1767701166.77,2026-01-06 17:36:06,28,36,916,21.6%,152,NORMAL,595.0,0.0,2.9,False
1767701169.12,2026-01-06 17:36:09,25,36,916,21.5%,152,NORMAL,594.0,0.0,2.9,False
1767701170.47,2026-01-06 17:36:10,24,36,917,21.4%,152,NORMAL,591.0,0.0,2.8,False
1767701171.78,2026-01-06 17:36:11,24,36,917,21.4%,152,NORMAL,591.0,0.0,2.8,False
1767701172.95,2026-01-06 17:36:12,23,36,917,21.3%,152,NORMAL,591.0,0.0,2.8,False
1767701175.13,2026-01-06 17:36:15,23,36,918,21.2%,152,NORMAL,592.0,0.0,2.7,False
1767701176.53,2026-01-06 17:36:16,24,36,918,21.0%,152,NORMAL,591.0,0.0,2.7,False
1767701178.34,2026-01-06 17:36:18,25,36,921,21.0%,152,NORMAL,593.0,0.0,2.7,False
1767701179.51,2026-01-06 17:36:19,26,36,923,20.9%,152,NORMAL,594.0,0.0,2.7,False
1767701180.54,2026-01-06 17:36:20,25,36,923,20.8%,152,NORMAL,594.0,0.0,2.7,False
1767701182.07,2026-01-06 17:36:22,27,36,925,20.8%,152,NORMAL,594.0,0.0,2.7,False
1767701183.16,2026-01-06 17:36:23,27,36,925,20.8%,152,NORMAL,594.0,0.0,2.7,False
1767701184.48,2026-01-06 17:36:24,26,36,925,20.8%,152,NORMAL,592.0,0.0,2.8,False
1767701186.25,2026-01-06 17:36:26,26,36,925,20.8%,152,NORMAL,592.0,0.0,2.8,False
1767701188.12,2026-01-06 17:36:28,25,36,925,20.8%,152,NORMAL,591.0,0.0,2.8,False
1767701189.32,2026-01-06 17:36:29,24,36,925,20.6%,152,NORMAL,591.0,0.0,2.8,False
1767701190.79,2026-01-06 17:36:30,20,36,925,20.3%,152,NORMAL,590.0,0.0,2.8,False
1767701191.89,2026-01-06 17:36:31,20,36,925,20.0%,152,NORMAL,590.0,0.0,2.8,False
1767701193.37,2026-01-06 17:36:33,23,36,926,19.8%,152,NORMAL,590.0,0.0,2.9,False
1767701195.50,2026-01-06 17:36:35,22,36,926,19.6%,152,NORMAL,590.0,0.0,2.9,False
1767701196.62,2026-01-06 17:36:36,22,36,926,19.4%,152,NORMAL,589.0,0.0,2.9,False
1767701197.95,2026-01-06 17:36:37,21,36,927,19.2%,152,NORMAL,589.0,0.0,2.9,False
1767701199.04,2026-01-06 17:36:39,24,36,930,19.1%,152,NORMAL,591.0,0.0,3.0,False
1767701200.51,2026-01-06 17:36:40,22,36,930,18.9%,152,NORMAL,591.0,0.0,3.0,False
1767701201.72,2026-01-06 17:36:41,22,36,931,18.7%,152,NORMAL,592.0,0.0,3.0,False
1767701203.13,2026-01-06 17:36:43,21,36,931,18.6%,152,NORMAL,592.0,0.0,3.0,False
1767701204.14,2026-01-06 17:36:44,23,36,932,18.5%,152,NORMAL,593.0,0.0,3.0,False
1767701205.23,2026-01-06 17:36:45,23,36,933,18.4%,152,NORMAL,592.0,0.0,3.0,False
1767701207.10,2026-01-06 17:36:47,24,36,933,18.3%,152,NORMAL,592.0,0.0,3.0,False
1767701208.18,2026-01-06 17:36:48,24,36,934,18.3%,152,NORMAL,593.0,0.0,3.0,False
1767701209.44,2026-01-06 17:36:49,25,36,934,18.2%,152,NORMAL,592.0,0.0,3.0,False
1767701211.11,2026-01-06 17:36:51,24,36,934,18.2%,152,NORMAL,592.0,0.0,3.1,False
1767701212.12,2026-01-06 17:36:52,24,36,935,18.2%,152,NORMAL,593.0,0.0,3.1,False
1767701214.61,2026-01-06 17:36:54,24,36,936,18.2%,152,NORMAL,593.0,0.0,3.1,False
1767701215.62,2026-01-06 17:36:55,29,36,941,18.3%,152,NORMAL,598.0,0.0,3.1,False
1767701217.10,2026-01-06 17:36:57,26,36,941,18.4%,152,NORMAL,598.0,0.0,3.1,False
1767701218.27,2026-01-06 17:36:58,28,36,943,18.5%,152,NORMAL,600.0,0.0,3.1,False
1767701219.64,2026-01-06 17:36:59,28,36,943,18.6%,152,NORMAL,600.0,0.0,3.2,False
1767701220.96,2026-01-06 17:37:00,29,36,944,18.7%,152,NORMAL,600.0,0.0,3.2,False
1767701223.07,2026-01-06 17:37:03,26,36,944,18.7%,152,NORMAL,600.0,0.0,3.2,False
1767701224.45,2026-01-06 17:37:04,25,36,946,18.6%,152,NORMAL,599.0,0.0,3.3,False
1767701226.44,2026-01-06 17:37:06,24,36,946,18.6%,152,NORMAL,598.0,0.0,3.3,False
1767701227.98,2026-01-06 17:37:07,24,36,947,18.5%,152,NORMAL,599.0,0.0,3.3,False
1767701229.72,2026-01-06 17:37:09,24,36,948,18.5%,152,NORMAL,600.0,0.0,3.3,False
1767701230.74,2026-01-06 17:37:10,24,36,948,18.4%,152,NORMAL,600.0,0.0,3.3,False
1767701233.36,2026-01-06 17:37:13,25,36,950,18.5%,152,NORMAL,601.0,0.0,3.3,False
1767701235.03,2026-01-06 17:37:15,25,36,950,18.6%,152,NORMAL,600.0,0.0,3.3,False
1767701236.05,2026-01-06 17:37:16,26,36,950,18.7%,152,NORMAL,600.0,0.0,3.3,False
1767701237.98,2026-01-06 17:37:17,27,36,950,18.8%,152,NORMAL,599.0,0.0,3.3,False
1767701239.09,2026-01-06 17:37:19,28,36,950,19.0%,152,NORMAL,598.0,0.0,3.3,False
1767701240.98,2026-01-06 17:37:20,26,36,950,19.1%,152,NORMAL,598.0,0.0,3.2,False
1767701242.40,2026-01-06 17:37:22,24,36,951,19.1%,152,NORMAL,598.0,0.0,3.2,False
1767701243.94,2026-01-06 17:37:23,24,36,951,19.1%,152,NORMAL,598.0,0.0,3.2,False
1767701245.10,2026-01-06 17:37:25,26,36,956,19.2%,152,NORMAL,603.0,0.0,3.1,False
1767701246.32,2026-01-06 17:37:26,25,36,956,19.3%,152,NORMAL,603.0,0.0,3.1,False
1767701247.43,2026-01-06 17:37:27,24,36,956,19.4%,152,NORMAL,602.0,0.0,3.1,False
1767701248.83,2026-01-06 17:37:28,24,36,956,19.4%,152,NORMAL,601.0,0.0,3.1,False
1767701250.59,2026-01-06 17:37:30,25,36,956,19.4%,152,NORMAL,601.0,0.0,3.1,False
1767701252.75,2026-01-06 17:37:32,22,36,956,19.4%,152,NORMAL,601.0,0.0,3.0,False
1767701254.65,2026-01-06 17:37:34,24,36,957,19.4%,152,NORMAL,602.0,0.0,3.0,False
1767701255.67,2026-01-06 17:37:35,24,36,957,19.4%,152,NORMAL,600.0,0.0,3.0,False
1767701256.99,2026-01-06 17:37:36,23,36,957,19.3%,152,NORMAL,598.0,0.0,3.0,False
1767701258.20,2026-01-06 17:37:38,23,36,957,19.3%,152,NORMAL,598.0,0.0,3.0,False
1767701259.79,2026-01-06 17:37:39,24,36,958,19.3%,152,NORMAL,599.0,0.0,3.0,False
1767701262.41,2026-01-06 17:37:42,24,36,958,19.2%,152,NORMAL,599.0,0.0,2.9,False
1767701263.51,2026-01-06 17:37:43,24,36,959,19.2%,152,NORMAL,599.0,0.0,2.9,False
1767701264.87,2026-01-06 17:37:44,23,36,959,19.0%,152,NORMAL,599.0,0.0,2.9,False
1767701266.00,2026-01-06 17:37:46,25,36,961,19.0%,152,NORMAL,601.0,0.0,2.9,False
1767701267.06,2026-01-06 17:37:47,25,36,961,18.9%,152,NORMAL,601.0,0.0,2.9,False
1767701268.49,2026-01-06 17:37:48,25,36,961,18.9%,152,NORMAL,601.0,0.0,2.9,False
1767701269.78,2026-01-06 17:37:49,26,36,962,18.9%,152,NORMAL,602.0,0.0,2.9,False
1767701272.23,2026-01-06 17:37:52,26,36,962,18.9%,152,NORMAL,602.0,0.0,2.8,False
1767701273.31,2026-01-06 17:37:53,25,36,962,18.9%,152,NORMAL,602.0,0.0,2.8,False
1767701275.61,2026-01-06 17:37:55,27,36,963,19.0%,152,NORMAL,603.0,0.0,2.8,False
1767701276.88,2026-01-06 17:37:56,24,36,963,19.0%,152,NORMAL,603.0,0.0,2.8,False
1767701278.05,2026-01-06 17:37:58,25,36,964,19.0%,152,NORMAL,604.0,0.0,2.8,False
1767701279.41,2026-01-06 17:37:59,25,36,964,19.0%,152,NORMAL,600.0,0.0,2.8,False
1767701280.94,2026-01-06 17:38:00,25,36,964,19.0%,152,NORMAL,600.0,0.0,2.8,False
1767701282.14,2026-01-06 17:38:02,25,36,967,18.9%,152,NORMAL,603.0,0.0,2.8,False
1767701283.18,2026-01-06 17:38:03,24,36,967,18.9%,152,NORMAL,603.0,0.0,2.8,False
1767701284.58,2026-01-06 17:38:04,23,36,967,18.8%,152,NORMAL,601.0,0.0,2.8,False
1767701285.92,2026-01-06 17:38:05,24,36,969,18.8%,152,NORMAL,603.0,0.0,2.8,False
1767701287.73,2026-01-06 17:38:07,26,36,969,18.8%,152,NORMAL,602.0,0.0,2.9,False
1767701289.44,2026-01-06 17:38:09,26,36,970,18.8%,152,NORMAL,603.0,0.0,2.9,False
1767701290.59,2026-01-06 17:38:10,26,36,970,18.9%,152,NORMAL,602.0,0.0,2.9,False
1767701292.04,2026-01-06 17:38:12,26,36,970,18.9%,152,NORMAL,602.0,0.0,2.9,False
1767701293.27,2026-01-06 17:38:13,26,36,971,18.9%,152,NORMAL,603.0,0.0,2.9,False
1767701295.26,2026-01-06 17:38:15,28,36,972,19.0%,152,NORMAL,604.0,0.0,2.9,False
1767701296.27,2026-01-06 17:38:16,25,36,972,19.1%,152,NORMAL,604.0,0.0,3.0,False
1767701298.00,2026-01-06 17:38:18,26,36,973,19.1%,152,NORMAL,605.0,0.0,3.0,False
1767701299.19,2026-01-06 17:38:19,28,36,973,19.2%,152,NORMAL,605.0,0.0,3.0,False
1767701300.31,2026-01-06 17:38:20,29,36,974,19.4%,152,NORMAL,606.0,0.0,3.0,False
1767701303.92,2026-01-06 17:38:23,30,36,975,19.5%,152,NORMAL,607.0,0.0,3.0,False
1767701305.24,2026-01-06 17:38:25,29,36,975,19.7%,152,NORMAL,603.0,0.0,3.0,False
1767701307.06,2026-01-06 17:38:27,29,36,975,19.8%,152,NORMAL,602.0,0.0,3.0,False
1767701308.58,2026-01-06 17:38:28,29,36,976,19.9%,152,NORMAL,602.0,0.0,3.0,False
1767701311.24,2026-01-06 17:38:31,29,36,976,20.0%,152,NORMAL,601.0,0.0,3.0,False
1767701312.46,2026-01-06 17:38:32,29,36,976,20.1%,152,NORMAL,599.0,0.0,3.1,False
1767701315.00,2026-01-06 17:38:35,28,36,976,20.2%,152,NORMAL,598.0,0.0,3.1,False
1767701316.18,2026-01-06 17:38:36,26,36,976,20.2%,152,NORMAL,596.0,0.0,3.1,False
1767701318.21,2026-01-06 17:38:38,27,36,978,20.2%,152,NORMAL,597.0,0.0,3.1,False
1767701319.76,2026-01-06 17:38:39,28,36,978,20.3%,152,NORMAL,596.0,0.0,3.1,False
1767701320.92,2026-01-06 17:38:40,27,36,979,20.3%,152,NORMAL,597.0,0.0,3.1,False
1767701321.92,2026-01-06 17:38:41,27,36,979,20.3%,152,NORMAL,597.0,0.0,3.1,False
1767701323.64,2026-01-06 17:38:43,24,36,979,20.3%,152,NORMAL,596.0,0.0,3.1,False
1767701325.21,2026-01-06 17:38:45,24,36,980,20.3%,152,NORMAL,597.0,0.0,3.1,False
1767701326.43,2026-01-06 17:38:46,24,36,980,20.3%,152,NORMAL,597.0,0.0,3.2,False
1767701327.75,2026-01-06 17:38:47,24,36,981,20.3%,152,NORMAL,598.0,0.0,3.2,False
1767701328.88,2026-01-06 17:38:48,21,36,981,20.2%,152,NORMAL,598.0,0.0,3.2,False
1767701330.21,2026-01-06 17:38:50,21,36,982,20.1%,152,NORMAL,598.0,0.0,3.2,False
1767701331.37,2026-01-06 17:38:51,23,36,983,20.1%,152,NORMAL,599.0,0.0,3.2,False
1767701332.57,2026-01-06 17:38:52,22,36,983,20.1%,152,NORMAL,599.0,0.0,3.2,False
1767701333.90,2026-01-06 17:38:53,22,36,983,20.0%,152,NORMAL,599.0,0.0,3.2,False
1767701335.03,2026-01-06 17:38:55,24,36,985,19.9%,152,NORMAL,601.0,0.0,3.2,False
1767701336.32,2026-01-06 17:38:56,27,36,989,19.9%,152,NORMAL,602.0,0.0,3.2,False
1767701337.86,2026-01-06 17:38:57,28,36,990,20.0%,152,NORMAL,602.0,0.0,3.1,False
1767701339.41,2026-01-06 17:38:59,27,36,990,20.0%,152,NORMAL,602.0,0.0,3.1,False
1767701340.70,2026-01-06 17:39:00,27,36,990,20.0%,152,NORMAL,602.0,0.0,3.1,False
1767701343.51,2026-01-06 17:39:03,30,36,992,20.1%,152,NORMAL,604.0,0.0,3.1,False
1767701344.87,2026-01-06 17:39:04,29,36,992,20.2%,152,NORMAL,604.0,0.0,3.1,False
1767701345.87,2026-01-06 17:39:05,29,36,992,20.2%,152,NORMAL,604.0,0.0,3.0,False
1767701347.47,2026-01-06 17:39:07,28,36,992,20.2%,152,NORMAL,604.0,0.0,3.0,False
1767701349.01,2026-01-06 17:39:09,25,36,992,20.1%,152,NORMAL,603.0,0.0,3.0,False
1767701350.10,2026-01-06 17:39:10,26,36,992,20.0%,152,NORMAL,603.0,0.0,3.0,False
1767701351.79,2026-01-06 17:39:11,27,36,992,19.9%,152,NORMAL,603.0,0.0,2.9,False
1767701353.22,2026-01-06 17:39:13,28,36,994,19.9%,152,NORMAL,605.0,0.0,2.9,False
1767701355.73,2026-01-06 17:39:15,28,36,995,19.9%,152,NORMAL,605.0,0.0,2.9,False
1767701357.15,2026-01-06 17:39:17,28,36,996,19.9%,152,NORMAL,604.0,0.0,2.9,False
1767701359.07,2026-01-06 17:39:19,27,36,997,19.8%,152,NORMAL,604.0,0.0,2.8,False
1767701360.45,2026-01-06 17:39:20,27,36,998,19.9%,152,NORMAL,604.0,0.0,2.8,False
1767701361.52,2026-01-06 17:39:21,27,36,998,19.9%,152,NORMAL,604.0,0.0,2.8,False
1767701362.77,2026-01-06 17:39:22,28,36,999,19.9%,152,NORMAL,604.0,0.0,2.8,False
1767701364.29,2026-01-06 17:39:24,26,36,999,19.8%,152,NORMAL,602.0,0.0,2.7,False
1767701366.03,2026-01-06 17:39:26,28,36,1000,19.9%,152,NORMAL,603.0,0.0,2.7,False
1767701367.71,2026-01-06 17:39:27,26,36,1003,19.9%,152,NORMAL,606.0,0.0,2.7,False
1767701369.42,2026-01-06 17:39:29,26,36,1003,20.0%,152,NORMAL,606.0,0.0,2.7,False
1767701370.83,2026-01-06 17:39:30,27,36,1003,20.0%,152,NORMAL,606.0,0.0,2.7,False
1767701372.88,2026-01-06 17:39:32,27,36,1005,20.1%,152,NORMAL,606.0,0.0,2.7,False
1767701374.37,2026-01-06 17:39:34,27,36,1006,20.2%,152,NORMAL,607.0,0.0,2.7,False
1767701375.78,2026-01-06 17:39:35,30,36,1008,20.5%,152,NORMAL,609.0,0.0,2.7,False
1767701377.74,2026-01-06 17:39:37,33,36,1013,20.7%,152,NORMAL,614.0,0.0,2.7,False
1767701379.22,2026-01-06 17:39:39,32,36,1013,20.9%,152,NORMAL,614.0,0.0,2.7,False
1767701380.33,2026-01-06 17:39:40,31,36,1015,21.1%,152,NORMAL,615.0,0.0,2.7,False
1767701382.49,2026-01-06 17:39:42,31,36,1016,21.3%,152,NORMAL,616.0,0.0,2.7,False
1767701383.62,2026-01-06 17:39:43,31,36,1017,21.4%,152,NORMAL,616.0,0.0,2.8,False
1767701386.31,2026-01-06 17:39:46,29,36,1017,21.4%,152,NORMAL,613.0,0.0,2.8,False
1767701387.36,2026-01-06 17:39:47,30,36,1019,21.5%,152,NORMAL,615.0,0.0,2.8,False
1767701389.59,2026-01-06 17:39:49,29,36,1020,21.5%,152,NORMAL,616.0,0.0,2.8,False
1767701390.93,2026-01-06 17:39:50,32,36,1021,21.6%,152,NORMAL,617.0,0.0,2.8,False
1767701392.54,2026-01-06 17:39:52,31,36,1021,21.6%,152,NORMAL,617.0,0.0,2.8,False
1767701393.86,2026-01-06 17:39:53,30,36,1021,21.7%,152,NORMAL,615.0,0.0,2.8,False
1767701395.20,2026-01-06 17:39:55,29,36,1021,21.7%,152,NORMAL,614.0,0.0,2.8,False
1767701396.86,2026-01-06 17:39:56,29,36,1022,21.8%,152,NORMAL,615.0,0.0,2.8,False
1767701397.87,2026-01-06 17:39:57,31,36,1023,21.9%,152,NORMAL,616.0,0.0,2.9,False
1767701398.96,2026-01-06 17:39:58,31,36,1024,22.0%,152,NORMAL,616.0,0.0,2.9,False
1767701400.28,2026-01-06 17:40:00,29,36,1024,22.0%,152,NORMAL,616.0,0.0,2.9,False
1767701401.50,2026-01-06 17:40:01,29,36,1025,22.0%,152,NORMAL,617.0,0.0,2.9,False
1767701404.01,2026-01-06 17:40:04,28,36,1025,22.0%,152,NORMAL,617.0,0.0,2.9,False
1767701405.17,2026-01-06 17:40:05,29,36,1025,22.1%,152,NORMAL,617.0,0.0,2.9,False
1767701406.60,2026-01-06 17:40:06,27,36,1025,22.1%,152,NORMAL,616.0,0.0,2.9,False
1767701408.21,2026-01-06 17:40:08,25,36,1026,22.0%,152,NORMAL,616.0,0.0,2.9,False
1767701409.62,2026-01-06 17:40:09,24,36,1027,21.9%,152,NORMAL,616.0,0.0,2.9,False
1767701410.83,2026-01-06 17:40:10,23,36,1027,21.9%,152,NORMAL,615.0,0.0,2.9,False
1767701411.89,2026-01-06 17:40:11,26,36,1028,21.8%,152,NORMAL,615.0,0.0,2.9,False
1767701413.71,2026-01-06 17:40:13,23,36,1029,21.7%,152,NORMAL,613.0,0.0,2.9,False
1767701415.72,2026-01-06 17:40:15,28,36,1032,21.8%,152,NORMAL,616.0,0.0,2.9,False
1767701417.26,2026-01-06 17:40:17,29,36,1032,21.8%,152,NORMAL,615.0,0.0,2.9,False
1767701418.69,2026-01-06 17:40:18,30,36,1034,21.9%,152,NORMAL,615.0,0.0,2.9,False
1767701419.80,2026-01-06 17:40:19,30,36,1035,22.0%,152,NORMAL,616.0,0.0,2.9,False
1767701420.97,2026-01-06 17:40:20,31,36,1037,22.0%,152,NORMAL,618.0,0.0,3.0,False
1767701422.42,2026-01-06 17:40:22,30,36,1039,21.9%,152,NORMAL,618.0,0.0,3.0,False
1767701423.78,2026-01-06 17:40:23,32,36,1040,21.9%,152,NORMAL,619.0,0.0,3.0,False
1767701425.26,2026-01-06 17:40:25,29,36,1042,21.9%,152,NORMAL,620.0,0.0,3.0,False
1767701426.50,2026-01-06 17:40:26,31,36,1043,21.9%,152,NORMAL,621.0,0.0,3.0,False
1767701428.08,2026-01-06 17:40:28,29,36,1044,21.8%,152,NORMAL,622.0,0.0,3.0,False
1767701430.42,2026-01-06 17:40:30,30,36,1044,21.9%,152,NORMAL,622.0,0.0,3.0,False
1767701432.01,2026-01-06 17:40:32,31,36,1047,21.9%,152,NORMAL,623.0,0.0,3.0,False
1767701433.26,2026-01-06 17:40:33,30,36,1047,21.9%,152,NORMAL,623.0,0.0,3.0,False
1767701434.78,2026-01-06 17:40:34,30,36,1047,21.9%,152,NORMAL,622.0,0.0,3.1,False
1767701436.61,2026-01-06 17:40:36,29,36,1047,21.8%,152,NORMAL,621.0,0.0,3.1,False
1767701437.63,2026-01-06 17:40:37,29,36,1047,21.8%,152,NORMAL,619.0,0.0,3.1,False
1767701440.01,2026-01-06 17:40:40,27,36,1048,21.7%,152,NORMAL,620.0,0.0,3.1,False
1767701441.35,2026-01-06 17:40:41,26,36,1048,21.7%,152,NORMAL,618.0,0.0,3.1,False
1767701442.47,2026-01-06 17:40:42,26,36,1048,21.6%,152,NORMAL,617.0,0.0,3.0,False
1767701443.75,2026-01-06 17:40:43,26,36,1048,21.4%,152,NORMAL,617.0,0.0,3.0,False
1767701445.12,2026-01-06 17:40:45,29,36,1050,21.4%,152,NORMAL,619.0,0.0,3.0,False
1767701447.12,2026-01-06 17:40:47,30,36,1051,21.5%,152,NORMAL,620.0,0.0,3.0,False
1767701448.75,2026-01-06 17:40:48,29,36,1052,21.5%,152,NORMAL,621.0,0.0,3.0,False
1767701449.95,2026-01-06 17:40:49,28,36,1052,21.5%,152,NORMAL,621.0,0.0,3.0,False
1767701451.04,2026-01-06 17:40:51,31,36,1052,21.6%,152,NORMAL,621.0,0.0,3.0,False
1767701452.72,2026-01-06 17:40:52,30,36,1052,21.7%,152,NORMAL,621.0,0.0,3.0,False
1767701453.90,2026-01-06 17:40:53,31,36,1052,21.8%,152,NORMAL,620.0,0.0,3.0,False
1767701455.32,2026-01-06 17:40:55,28,36,1053,22.0%,152,NORMAL,621.0,0.0,2.9,False
1767701456.48,2026-01-06 17:40:56,28,36,1053,22.0%,152,NORMAL,619.0,0.0,2.9,False
1767701457.52,2026-01-06 17:40:57,28,36,1054,22.1%,152,NORMAL,620.0,0.0,2.9,False
1767701459.14,2026-01-06 17:40:59,26,36,1054,22.1%,152,NORMAL,618.0,0.0,2.9,False
1767701460.20,2026-01-06 17:41:00,29,36,1056,22.1%,152,NORMAL,620.0,0.0,2.9,False
1767701461.23,2026-01-06 17:41:01,29,36,1058,22.0%,152,NORMAL,622.0,0.0,3.0,False
1767701462.35,2026-01-06 17:41:02,29,36,1058,22.0%,152,NORMAL,622.0,0.0,3.0,False
1767701463.98,2026-01-06 17:41:03,28,36,1058,22.0%,152,NORMAL,622.0,0.0,3.0,False
1767701466.70,2026-01-06 17:41:06,29,36,1059,21.9%,152,NORMAL,623.0,0.0,3.0,False
1767701467.76,2026-01-06 17:41:07,28,36,1059,21.8%,152,NORMAL,623.0,0.0,3.0,False
1767701470.10,2026-01-06 17:41:10,28,36,1059,21.8%,152,NORMAL,622.0,0.0,3.0,False
1767701471.45,2026-01-06 17:41:11,28,36,1060,21.7%,152,NORMAL,622.0,0.0,3.0,False
1767701472.69,2026-01-06 17:41:12,29,36,1061,21.7%,152,NORMAL,622.0,0.0,3.0,False
1767701474.02,2026-01-06 17:41:14,29,36,1061,21.7%,152,NORMAL,622.0,0.0,3.0,False
1767701475.50,2026-01-06 17:41:15,29,36,1061,21.7%,152,NORMAL,622.0,0.0,3.0,False
1767701477.03,2026-01-06 17:41:17,28,36,1061,21.6%,152,NORMAL,622.0,0.0,3.0,False
1767701478.61,2026-01-06 17:41:18,29,36,1062,21.6%,152,NORMAL,623.0,0.0,3.0,False
1767701480.21,2026-01-06 17:41:20,29,36,1062,21.6%,152,NORMAL,622.0,0.0,3.0,False
1767701481.61,2026-01-06 17:41:21,29,36,1062,21.6%,152,NORMAL,622.0,0.0,3.0,False
1767701482.87,2026-01-06 17:41:22,28,36,1062,21.6%,152,NORMAL,622.0,0.0,3.0,False
1767701484.43,2026-01-06 17:41:24,29,36,1063,21.7%,152,NORMAL,623.0,0.0,3.0,False
1767701485.75,2026-01-06 17:41:25,29,36,1063,21.8%,152,NORMAL,621.0,0.0,3.0,False
1767701487.39,2026-01-06 17:41:27,27,36,1063,21.8%,152,NORMAL,619.0,0.0,3.0,False
1767701489.59,2026-01-06 17:41:29,27,36,1064,21.8%,152,NORMAL,618.0,0.0,3.0,False
1767701490.77,2026-01-06 17:41:30,26,36,1064,21.7%,152,NORMAL,617.0,0.0,2.9,False
1767701492.80,2026-01-06 17:41:32,25,36,1064,21.6%,152,NORMAL,617.0,0.0,2.9,False
1767701494.47,2026-01-06 17:41:34,27,36,1066,21.5%,152,NORMAL,617.0,0.0,2.9,False
1767701496.57,2026-01-06 17:41:36,29,36,1068,21.5%,152,NORMAL,619.0,0.0,2.8,False
1767701498.34,2026-01-06 17:41:38,27,36,1068,21.4%,152,NORMAL,618.0,0.0,2.8,False
1767701499.69,2026-01-06 17:41:39,28,36,1069,21.4%,152,NORMAL,618.0,0.0,2.8,False
1767701500.86,2026-01-06 17:41:40,25,36,1069,21.3%,152,NORMAL,617.0,0.0,2.8,False
1767701502.55,2026-01-06 17:41:42,26,36,1069,21.2%,152,NORMAL,616.0,0.0,2.8,False
1767701504.20,2026-01-06 17:41:44,25,36,1070,21.2%,152,NORMAL,617.0,0.0,2.8,False
1767701506.31,2026-01-06 17:41:46,28,36,1071,21.2%,152,NORMAL,615.0,0.0,2.8,False
1767701507.89,2026-01-06 17:41:47,28,36,1072,21.2%,152,NORMAL,616.0,0.0,2.8,False
1767701509.21,2026-01-06 17:41:49,27,36,1072,21.1%,152,NORMAL,616.0,0.0,2.8,False
1767701510.62,2026-01-06 17:41:50,26,36,1072,21.1%,152,NORMAL,616.0,0.0,2.8,False
1767701511.76,2026-01-06 17:41:51,28,36,1074,21.1%,152,NORMAL,617.0,0.0,2.8,False
1767701513.85,2026-01-06 17:41:53,30,36,1074,21.1%,152,NORMAL,617.0,0.0,2.8,False
1767701515.13,2026-01-06 17:41:55,29,36,1074,21.1%,152,NORMAL,617.0,0.0,2.8,False
1767701516.67,2026-01-06 17:41:56,30,36,1075,21.2%,152,NORMAL,618.0,0.0,2.8,False
1767701518.46,2026-01-06 17:41:58,28,36,1075,21.2%,152,NORMAL,618.0,0.0,2.8,False
1767701520.21,2026-01-06 17:42:00,27,36,1077,21.1%,152,NORMAL,620.0,0.0,2.8,False
1767701522.69,2026-01-06 17:42:02,28,36,1077,21.1%,152,NORMAL,619.0,0.0,2.7,False
1767701524.28,2026-01-06 17:42:04,29,36,1077,21.1%,152,NORMAL,616.0,0.0,2.7,False
1767701526.47,2026-01-06 17:42:06,29,36,1078,21.1%,152,NORMAL,609.0,0.0,2.7,False
1767701528.26,2026-01-06 17:42:08,30,36,1080,21.1%,152,NORMAL,608.0,0.0,2.7,False
1767701529.50,2026-01-06 17:42:09,29,36,1080,21.1%,152,NORMAL,607.0,0.0,2.7,False
1767701531.01,2026-01-06 17:42:11,27,36,1081,21.1%,152,NORMAL,608.0,0.0,2.6,False
1767701532.95,2026-01-06 17:42:12,27,36,1081,21.1%,152,NORMAL,608.0,0.0,2.6,False
1767701534.07,2026-01-06 17:42:14,26,36,1081,21.0%,152,NORMAL,608.0,0.0,2.6,False
1767701536.22,2026-01-06 17:42:16,25,36,1082,20.9%,152,NORMAL,608.0,0.0,2.6,False
1767701537.95,2026-01-06 17:42:17,25,36,1082,20.9%,152,NORMAL,607.0,0.0,2.6,False
1767701538.98,2026-01-06 17:42:18,26,36,1082,20.8%,152,NORMAL,607.0,0.0,2.6,False
1767701540.78,2026-01-06 17:42:20,27,36,1082,20.9%,152,NORMAL,607.0,0.0,2.5,False
1767701541.81,2026-01-06 17:42:21,27,36,1083,20.9%,152,NORMAL,608.0,0.0,2.5,False
1767701543.13,2026-01-06 17:42:23,27,36,1083,20.9%,152,NORMAL,607.0,0.0,2.5,False
1767701544.84,2026-01-06 17:42:24,25,36,1083,20.8%,152,NORMAL,607.0,0.0,2.5,False
1767701547.45,2026-01-06 17:42:27,28,36,1084,20.8%,152,NORMAL,607.0,0.0,2.5,False
1767701548.81,2026-01-06 17:42:28,28,36,1084,20.8%,152,NORMAL,606.0,0.0,2.5,False
1767701550.29,2026-01-06 17:42:30,25,36,1084,20.8%,152,NORMAL,606.0,0.0,2.5,False
1767701551.54,2026-01-06 17:42:31,28,36,1085,20.9%,152,NORMAL,607.0,0.0,2.5,False
1767701552.72,2026-01-06 17:42:32,30,36,1087,21.0%,152,NORMAL,607.0,0.0,2.5,False
1767701554.44,2026-01-06 17:42:34,28,36,1087,21.0%,152,NORMAL,607.0,0.0,2.5,False
1767701555.69,2026-01-06 17:42:35,28,36,1087,21.0%,152,NORMAL,607.0,0.0,2.5,False
1767701556.97,2026-01-06 17:42:36,26,36,1087,21.0%,152,NORMAL,607.0,0.0,2.5,False
1767701558.61,2026-01-06 17:42:38,27,36,1088,21.0%,152,NORMAL,607.0,0.0,2.5,False
1767701559.81,2026-01-06 17:42:39,29,36,1090,21.0%,152,NORMAL,608.0,0.0,2.5,False
1767701561.12,2026-01-06 17:42:41,30,36,1090,21.0%,152,NORMAL,607.0,0.0,2.5,False
1767701562.18,2026-01-06 17:42:42,30,36,1090,21.0%,152,NORMAL,607.0,0.0,2.5,False
1767701563.23,2026-01-06 17:42:43,31,36,1092,21.1%,152,NORMAL,608.0,0.0,2.5,False
1767701565.07,2026-01-06 17:42:45,30,36,1092,21.1%,152,NORMAL,608.0,0.0,2.5,False
1767701566.10,2026-01-06 17:42:46,30,36,1092,21.2%,152,NORMAL,608.0,0.0,2.5,False
1767701567.11,2026-01-06 17:42:47,31,36,1092,21.3%,152,NORMAL,608.0,0.0,2.5,False
1767701568.69,2026-01-06 17:42:48,31,36,1095,21.3%,152,NORMAL,611.0,0.0,2.5,False
1767701570.49,2026-01-06 17:42:50,32,36,1095,21.4%,152,NORMAL,611.0,0.0,2.5,False
1767701572.33,2026-01-06 17:42:52,31,36,1095,21.4%,152,NORMAL,609.0,0.0,2.5,False
1767701573.89,2026-01-06 17:42:53,32,36,1096,21.5%,152,NORMAL,610.0,0.0,2.5,False
1767701575.06,2026-01-06 17:42:55,29,36,1096,21.5%,152,NORMAL,610.0,0.0,2.5,False
1767701576.42,2026-01-06 17:42:56,29,36,1097,21.6%,152,NORMAL,611.0,0.0,2.4,False
1767701578.68,2026-01-06 17:42:58,29,36,1098,21.6%,152,NORMAL,611.0,0.0,2.4,False
1767701579.88,2026-01-06 17:42:59,28,36,1098,21.7%,152,NORMAL,611.0,0.0,2.4,False
1767701581.87,2026-01-06 17:43:01,27,36,1099,21.7%,152,NORMAL,611.0,0.0,2.4,False
1767701583.28,2026-01-06 17:43:03,26,36,1100,21.7%,152,NORMAL,611.0,0.0,2.4,False
1767701584.53,2026-01-06 17:43:04,27,36,1101,21.7%,152,NORMAL,612.0,0.0,2.3,False
1767701585.93,2026-01-06 17:43:05,26,36,1102,21.7%,152,NORMAL,613.0,0.0,2.3,False
1767701587.27,2026-01-06 17:43:07,25,36,1102,21.7%,152,NORMAL,612.0,0.0,2.3,False
1767701588.75,2026-01-06 17:43:08,27,36,1103,21.7%,152,NORMAL,611.0,0.0,2.3,False
1767701590.36,2026-01-06 17:43:10,26,36,1104,21.7%,152,NORMAL,612.0,0.0,2.3,False
1767701591.95,2026-01-06 17:43:11,27,36,1104,21.7%,152,NORMAL,612.0,0.0,2.3,False
1767701593.47,2026-01-06 17:43:13,28,36,1105,21.7%,152,NORMAL,612.0,0.0,2.3,False
1767701594.66,2026-01-06 17:43:14,27,36,1105,21.7%,152,NORMAL,611.0,0.0,2.3,False
1767701596.29,2026-01-06 17:43:16,29,36,1105,21.7%,152,NORMAL,611.0,0.0,2.3,False
1767701597.60,2026-01-06 17:43:17,26,36,1106,21.6%,152,NORMAL,611.0,0.0,2.3,False
1767701600.23,2026-01-06 17:43:20,26,36,1106,21.6%,152,NORMAL,611.0,0.0,2.3,False
1767701601.33,2026-01-06 17:43:21,27,36,1107,21.6%,152,NORMAL,611.0,0.0,2.3,False
1767701603.52,2026-01-06 17:43:23,29,36,1109,21.7%,152,NORMAL,613.0,0.0,2.3,False
1767701604.82,2026-01-06 17:43:24,29,36,1109,21.7%,152,NORMAL,613.0,0.0,2.3,False
1767701606.84,2026-01-06 17:43:26,29,36,1110,21.6%,152,NORMAL,613.0,0.0,2.3,False
1767701608.52,2026-01-06 17:43:28,31,36,1110,21.7%,152,NORMAL,613.0,0.0,2.4,False
1767701610.40,2026-01-06 17:43:30,29,36,1110,21.6%,152,NORMAL,613.0,0.0,2.4,False
1767701611.94,2026-01-06 17:43:31,30,36,1111,21.6%,152,NORMAL,614.0,0.0,2.4,False
1767701614.15,2026-01-06 17:43:34,30,36,1111,21.6%,152,NORMAL,613.0,0.0,2.4,False
1767701615.34,2026-01-06 17:43:35,29,36,1111,21.6%,152,NORMAL,613.0,0.0,2.4,False
1767701617.70,2026-01-06 17:43:37,29,36,1112,21.5%,152,NORMAL,614.0,0.0,2.4,False
1767701618.72,2026-01-06 17:43:38,29,36,1112,21.4%,152,NORMAL,614.0,0.0,2.4,False
1767701619.72,2026-01-06 17:43:39,28,36,1113,21.4%,152,NORMAL,615.0,0.0,2.4,False
1767701621.04,2026-01-06 17:43:41,29,36,1114,21.3%,152,NORMAL,616.0,0.0,2.4,False
1767701622.37,2026-01-06 17:43:42,26,36,1115,21.2%,152,NORMAL,615.0,0.0,2.4,False
1767701624.37,2026-01-06 17:43:44,25,36,1117,21.1%,152,NORMAL,617.0,0.0,2.4,False
1767701625.43,2026-01-06 17:43:45,28,36,1119,21.1%,152,NORMAL,619.0,0.0,2.4,False
1767701628.48,2026-01-06 17:43:48,28,36,1119,21.1%,152,NORMAL,618.0,0.0,2.5,False
1767701629.51,2026-01-06 17:43:49,27,36,1119,21.1%,152,NORMAL,617.0,0.0,2.5,False
1767701630.63,2026-01-06 17:43:50,29,36,1119,21.2%,152,NORMAL,617.0,0.0,2.5,False
1767701633.16,2026-01-06 17:43:53,28,36,1119,21.2%,152,NORMAL,617.0,0.0,2.5,False
1767701634.48,2026-01-06 17:43:54,28,36,1120,21.3%,152,NORMAL,617.0,0.0,2.5,False
1767701636.19,2026-01-06 17:43:56,27,36,1120,21.3%,152,NORMAL,617.0,0.0,2.5,False
1767701637.27,2026-01-06 17:43:57,28,36,1121,21.3%,152,NORMAL,618.0,0.0,2.5,False
1767701639.30,2026-01-06 17:43:59,29,36,1122,21.4%,152,NORMAL,619.0,0.0,2.6,False
1767701640.41,2026-01-06 17:44:00,30,36,1122,21.5%,152,NORMAL,619.0,0.0,2.6,False
1767701641.46,2026-01-06 17:44:01,30,36,1122,21.5%,152,NORMAL,618.0,0.0,2.6,False
1767701643.64,2026-01-06 17:44:03,31,36,1123,21.6%,152,NORMAL,619.0,0.0,2.6,False
1767701644.65,2026-01-06 17:44:04,31,36,1124,21.7%,152,NORMAL,620.0,0.0,2.7,False
1767701645.65,2026-01-06 17:44:05,33,36,1126,21.8%,152,NORMAL,622.0,0.0,2.7,False
1767701647.94,2026-01-06 17:44:07,32,36,1126,22.0%,152,NORMAL,622.0,0.0,2.7,False
1767701649.30,2026-01-06 17:44:09,32,36,1128,22.1%,152,NORMAL,622.0,0.0,2.7,False
1767701651.48,2026-01-06 17:44:11,32,36,1129,22.1%,152,NORMAL,622.0,0.0,2.7,False
1767701652.70,2026-01-06 17:44:12,33,36,1129,22.2%,152,NORMAL,622.0,0.0,2.7,False
1767701654.91,2026-01-06 17:44:14,33,36,1129,22.3%,152,NORMAL,622.0,0.0,2.8,False
1767701656.18,2026-01-06 17:44:16,32,36,1129,22.3%,152,NORMAL,619.0,0.0,2.8,False
1767701657.91,2026-01-06 17:44:17,33,36,1130,22.4%,152,NORMAL,618.0,0.0,2.8,False
1767701659.16,2026-01-06 17:44:19,33,36,1132,22.5%,152,NORMAL,620.0,0.0,2.9,False
1767701661.59,2026-01-06 17:44:21,35,36,1132,22.6%,152,NORMAL,619.0,0.0,2.9,False
1767701662.67,2026-01-06 17:44:22,35,36,1132,22.8%,152,NORMAL,619.0,0.0,2.9,False
1767701664.29,2026-01-06 17:44:24,34,36,1132,22.9%,152,NORMAL,619.0,0.0,2.9,False
1767701665.85,2026-01-06 17:44:25,34,36,1133,23.0%,152,NORMAL,620.0,0.0,2.9,False
1767701667.37,2026-01-06 17:44:27,34,36,1133,23.1%,152,NORMAL,620.0,0.0,2.9,False
1767701668.91,2026-01-06 17:44:28,33,36,1133,23.2%,152,NORMAL,620.0,0.0,2.9,False
1767701670.08,2026-01-06 17:44:30,35,36,1134,23.4%,152,NORMAL,621.0,0.0,2.9,False
1767701672.35,2026-01-06 17:44:32,34,36,1134,23.6%,152,NORMAL,621.0,0.0,2.9,False
1767701673.72,2026-01-06 17:44:33,36,36,1135,23.8%,152,NORMAL,622.0,0.0,2.9,False
1767701674.92,2026-01-06 17:44:34,35,36,1135,24.0%,152,NORMAL,621.0,0.0,2.9,False
1767701676.17,2026-01-06 17:44:36,34,36,1136,24.1%,152,NORMAL,621.0,0.0,2.9,False
1767701677.59,2026-01-06 17:44:37,34,36,1138,24.2%,152,NORMAL,622.0,0.0,2.9,False
1767701679.62,2026-01-06 17:44:39,35,36,1138,24.4%,152,NORMAL,622.0,0.0,2.9,False
1767701680.73,2026-01-06 17:44:40,34,36,1140,24.5%,152,NORMAL,624.0,0.0,2.9,False
1767701682.13,2026-01-06 17:44:42,35,36,1141,24.7%,152,NORMAL,623.0,0.0,2.9,False
1767701683.41,2026-01-06 17:44:43,36,36,1141,24.9%,152,NORMAL,621.0,0.0,2.9,False
1767701684.48,2026-01-06 17:44:44,35,37,1141,25.0%,152,NORMAL,619.0,0.0,2.9,False
1767701686.54,2026-01-06 17:44:46,34,37,1141,25.1%,152,NORMAL,619.0,0.0,2.9,False
1767701688.00,2026-01-06 17:44:48,35,37,1141,25.3%,152,NORMAL,619.0,0.0,2.9,False
1767701689.17,2026-01-06 17:44:49,34,37,1141,25.3%,152,NORMAL,618.0,0.0,2.9,False
1767701690.73,2026-01-06 17:44:50,34,37,1142,25.4%,152,NORMAL,619.0,0.0,2.9,False
1767701692.25,2026-01-06 17:44:52,31,37,1143,25.3%,152,NORMAL,619.0,0.0,2.9,False
1767701694.61,2026-01-06 17:44:54,31,37,1143,25.3%,152,NORMAL,619.0,0.0,2.9,False
1767701695.98,2026-01-06 17:44:55,31,37,1143,25.3%,152,NORMAL,616.0,0.0,2.9,False
1767701697.59,2026-01-06 17:44:57,30,37,1143,25.3%,152,NORMAL,616.0,0.0,2.9,False
1767701698.88,2026-01-06 17:44:58,32,37,1145,25.2%,152,NORMAL,617.0,0.0,2.9,False
1767701701.35,2026-01-06 17:45:01,30,37,1145,25.2%,152,NORMAL,615.0,0.0,2.9,False
1767701702.62,2026-01-06 17:45:02,27,37,1146,25.0%,152,NORMAL,615.0,0.0,2.9,False
1767701705.09,2026-01-06 17:45:05,27,37,1146,24.9%,152,NORMAL,614.0,0.0,2.9,False
1767701706.39,2026-01-06 17:45:06,27,37,1147,24.8%,152,NORMAL,615.0,0.0,2.9,False
1767701709.13,2026-01-06 17:45:09,28,37,1148,24.6%,152,NORMAL,615.0,0.0,2.8,False
1767701710.32,2026-01-06 17:45:10,28,37,1149,24.4%,152,NORMAL,615.0,0.0,2.8,False
1767701711.63,2026-01-06 17:45:11,27,37,1149,24.3%,152,NORMAL,614.0,0.0,2.9,False
1767701712.88,2026-01-06 17:45:12,26,37,1150,24.1%,152,NORMAL,614.0,0.0,2.9,False
1767701714.31,2026-01-06 17:45:14,25,37,1150,23.9%,152,NORMAL,614.0,0.0,2.9,False
1767701715.92,2026-01-06 17:45:15,26,37,1151,23.7%,152,NORMAL,615.0,0.0,2.9,False
1767701717.00,2026-01-06 17:45:16,26,37,1152,23.5%,152,NORMAL,615.0,0.0,2.9,False
1767701718.02,2026-01-06 17:45:18,26,37,1153,23.3%,152,NORMAL,616.0,0.0,2.9,False
1767701719.35,2026-01-06 17:45:19,27,37,1153,23.1%,152,NORMAL,616.0,0.0,2.9,False
1767701720.42,2026-01-06 17:45:20,26,37,1153,22.9%,152,NORMAL,616.0,0.0,2.9,False
1767701721.46,2026-01-06 17:45:21,26,37,1154,22.7%,152,NORMAL,616.0,0.0,2.9,False
1767701722.75,2026-01-06 17:45:22,24,37,1154,22.5%,152,NORMAL,616.0,0.0,2.9,False
1767701724.07,2026-01-06 17:45:24,26,37,1155,22.3%,152,NORMAL,617.0,0.0,2.9,False
1767701725.61,2026-01-06 17:45:25,24,37,1155,22.1%,152,NORMAL,617.0,0.0,2.9,False
1767701727.34,2026-01-06 17:45:27,25,37,1155,21.8%,152,NORMAL,617.0,0.0,2.9,False
1767701728.38,2026-01-06 17:45:28,25,37,1155,21.6%,152,NORMAL,617.0,0.0,2.9,False
1767701729.45,2026-01-06 17:45:29,25,37,1155,21.4%,152,NORMAL,617.0,0.0,2.9,False
1767701730.53,2026-01-06 17:45:30,26,37,1155,21.2%,152,NORMAL,617.0,0.0,2.9,False
1767701731.82,2026-01-06 17:45:31,25,37,1156,20.9%,152,NORMAL,618.0,0.0,2.9,False
1767701733.63,2026-01-06 17:45:33,25,37,1156,20.7%,152,NORMAL,618.0,0.0,2.9,False
1767701734.84,2026-01-06 17:45:34,24,37,1156,20.5%,152,NORMAL,618.0,0.0,2.9,False
1767701737.57,2026-01-06 17:45:37,26,37,1157,20.4%,152,NORMAL,619.0,0.0,2.9,False
1767701738.69,2026-01-06 17:45:38,25,37,1157,20.2%,152,NORMAL,618.0,0.0,2.9,False
1767701740.99,2026-01-06 17:45:40,26,37,1159,20.1%,152,NORMAL,620.0,0.0,2.9,False
1767701742.08,2026-01-06 17:45:42,25,37,1159,20.0%,152,NORMAL,619.0,0.0,2.9,False
1767701744.51,2026-01-06 17:45:44,26,37,1160,19.9%,152,NORMAL,618.0,0.0,2.9,False
1767701745.98,2026-01-06 17:45:45,26,37,1161,19.8%,152,NORMAL,618.0,0.0,2.9,False
1767701748.73,2026-01-06 17:45:48,26,37,1161,19.8%,152,NORMAL,617.0,0.0,2.9,False
1767701749.99,2026-01-06 17:45:49,25,37,1162,19.7%,152,NORMAL,617.0,0.0,2.9,False
1767701751.16,2026-01-06 17:45:51,27,37,1163,19.7%,152,NORMAL,617.0,0.0,2.9,False
1767701753.53,2026-01-06 17:45:53,27,37,1163,19.7%,152,NORMAL,617.0,0.0,2.9,False
1767701754.53,2026-01-06 17:45:54,26,37,1163,19.6%,152,NORMAL,616.0,0.0,2.9,False
1767701756.74,2026-01-06 17:45:56,28,37,1163,19.7%,152,NORMAL,616.0,0.0,2.9,False
1767701757.90,2026-01-06 17:45:57,30,37,1165,19.8%,152,NORMAL,617.0,0.0,2.9,False
1767701760.00,2026-01-06 17:46:00,29,37,1165,19.8%,152,NORMAL,614.0,0.0,3.0,False
1767701761.03,2026-01-06 17:46:01,25,37,1166,19.8%,152,NORMAL,615.0,0.0,3.0,False
1767701762.19,2026-01-06 17:46:02,26,37,1166,19.8%,152,NORMAL,615.0,0.0,3.0,False
1767701763.32,2026-01-06 17:46:03,27,37,1166,19.8%,152,NORMAL,614.0,0.0,3.0,False
1767701764.47,2026-01-06 17:46:04,26,37,1166,19.8%,152,NORMAL,614.0,0.0,3.0,False
1767701765.77,2026-01-06 17:46:05,27,37,1167,19.8%,152,NORMAL,615.0,0.0,3.1,False
1767701767.24,2026-01-06 17:46:07,25,37,1167,19.8%,152,NORMAL,615.0,0.0,3.1,False
1767701768.57,2026-01-06 17:46:08,24,37,1168,19.8%,152,NORMAL,616.0,0.0,3.1,False
1767701770.07,2026-01-06 17:46:10,23,37,1170,19.8%,152,NORMAL,618.0,0.0,3.1,False
1767701771.44,2026-01-06 17:46:11,23,37,1170,19.7%,152,NORMAL,618.0,0.0,3.1,False
1767701773.48,2026-01-06 17:46:13,25,37,1172,19.7%,152,NORMAL,619.0,0.0,3.1,False
1767701774.61,2026-01-06 17:46:14,27,37,1173,19.8%,152,NORMAL,620.0,0.0,3.1,False
1767701776.48,2026-01-06 17:46:16,26,37,1173,19.8%,152,NORMAL,620.0,0.0,3.1,False
1767701778.11,2026-01-06 17:46:18,25,37,1174,19.8%,152,NORMAL,620.0,0.0,3.1,False
1767701780.24,2026-01-06 17:46:20,30,37,1175,19.9%,152,NORMAL,621.0,0.0,3.2,False
1767701781.58,2026-01-06 17:46:21,31,37,1176,20.0%,152,NORMAL,622.0,0.0,3.2,False
1767701783.76,2026-01-06 17:46:23,30,37,1176,20.2%,152,NORMAL,621.0,0.0,3.2,False
1767701785.23,2026-01-06 17:46:25,30,37,1177,20.3%,152,NORMAL,620.0,0.0,3.2,False
1767701788.13,2026-01-06 17:46:28,32,37,1177,20.4%,152,NORMAL,620.0,0.0,3.2,False
1767701789.26,2026-01-06 17:46:29,31,37,1178,20.5%,152,NORMAL,621.0,0.0,3.2,False
1767701790.93,2026-01-06 17:46:30,33,37,1180,20.7%,152,NORMAL,623.0,0.0,3.2,False
1767701792.71,2026-01-06 17:46:32,34,37,1182,20.9%,152,NORMAL,625.0,0.0,3.2,False
1767701794.45,2026-01-06 17:46:34,34,37,1182,21.1%,152,NORMAL,625.0,0.0,3.2,False
1767701795.85,2026-01-06 17:46:35,33,37,1183,21.3%,152,NORMAL,625.0,0.0,3.2,False
1767701798.35,2026-01-06 17:46:38,34,37,1186,21.5%,152,NORMAL,628.0,0.0,3.2,False
1767701799.37,2026-01-06 17:46:39,32,37,1187,21.6%,152,NORMAL,629.0,0.0,3.2,False
1767701800.57,2026-01-06 17:46:40,31,37,1187,21.7%,152,NORMAL,628.0,0.0,3.2,False
1767701802.82,2026-01-06 17:46:42,30,37,1187,21.8%,152,NORMAL,628.0,0.0,3.2,False
1767701804.73,2026-01-06 17:46:44,29,37,1188,21.8%,152,NORMAL,628.0,0.0,3.2,False
1767701807.45,2026-01-06 17:46:47,27,37,1189,21.7%,152,NORMAL,626.0,0.0,3.2,False
1767701808.55,2026-01-06 17:46:48,28,37,1189,21.7%,152,NORMAL,626.0,0.0,3.2,False
1767701810.19,2026-01-06 17:46:50,28,37,1191,21.8%,152,NORMAL,628.0,0.0,3.3,False
1767701811.29,2026-01-06 17:46:51,29,37,1192,21.8%,152,NORMAL,628.0,0.0,3.3,False
1767701812.53,2026-01-06 17:46:52,31,37,1192,21.9%,152,NORMAL,628.0,0.0,3.3,False
1767701814.38,2026-01-06 17:46:54,29,37,1192,22.0%,152,NORMAL,628.0,0.0,3.3,False
1767701815.69,2026-01-06 17:46:55,27,37,1192,22.0%,152,NORMAL,628.0,0.0,3.3,False
1767701817.98,2026-01-06 17:46:57,24,37,1192,22.0%,152,NORMAL,628.0,0.0,3.3,False
1767701819.19,2026-01-06 17:46:59,25,37,1192,22.0%,152,NORMAL,627.0,0.0,3.3,False
1767701821.13,2026-01-06 17:47:01,24,37,1192,22.0%,152,NORMAL,627.0,0.0,3.3,False
1767701822.20,2026-01-06 17:47:02,25,37,1192,22.1%,152,NORMAL,627.0,0.0,3.3,False
1767701824.22,2026-01-06 17:47:04,26,37,1192,22.1%,152,NORMAL,625.0,0.0,3.3,False
1767701825.23,2026-01-06 17:47:05,27,37,1192,22.1%,152,NORMAL,623.0,0.0,3.3,False
1767701826.38,2026-01-06 17:47:06,27,37,1193,22.1%,152,NORMAL,624.0,0.0,3.3,False
1767701828.09,2026-01-06 17:47:08,26,37,1193,22.2%,152,NORMAL,623.0,0.0,3.3,False
1767701829.94,2026-01-06 17:47:09,24,37,1193,22.0%,152,NORMAL,619.0,0.0,3.3,False
1767701831.03,2026-01-06 17:47:11,24,37,1193,21.8%,152,NORMAL,619.0,0.0,3.3,False
1767701832.96,2026-01-06 17:47:12,24,37,1194,21.7%,152,NORMAL,617.0,0.0,3.3,False
1767701834.16,2026-01-06 17:47:14,25,37,1194,21.6%,152,NORMAL,616.0,0.0,3.3,False
1767701835.40,2026-01-06 17:47:15,26,37,1196,21.5%,152,NORMAL,617.0,0.0,3.3,False
1767701836.41,2026-01-06 17:47:16,26,37,1196,21.3%,152,NORMAL,617.0,0.0,3.3,False
1767701838.80,2026-01-06 17:47:18,23,37,1196,21.1%,152,NORMAL,617.0,0.0,3.3,False
1767701839.85,2026-01-06 17:47:19,22,37,1196,20.8%,152,NORMAL,617.0,0.0,3.3,False
1767701842.06,2026-01-06 17:47:22,24,37,1197,20.6%,152,NORMAL,616.0,0.0,3.3,False
1767701843.58,2026-01-06 17:47:23,24,37,1199,20.4%,152,NORMAL,616.0,0.0,3.3,False
1767701845.08,2026-01-06 17:47:25,22,37,1199,20.1%,152,NORMAL,616.0,0.0,3.3,False
1767701846.18,2026-01-06 17:47:26,23,37,1200,19.9%,152,NORMAL,616.0,0.0,3.3,False
1767701847.46,2026-01-06 17:47:27,26,37,1200,19.8%,152,NORMAL,616.0,0.0,3.3,False
1767701848.81,2026-01-06 17:47:28,26,37,1200,19.7%,152,NORMAL,615.0,0.0,3.3,False
1767701849.87,2026-01-06 17:47:29,27,37,1201,19.6%,152,NORMAL,616.0,0.0,3.3,False
1767701851.84,2026-01-06 17:47:31,24,37,1201,19.6%,152,NORMAL,614.0,0.0,3.3,False
1767701853.50,2026-01-06 17:47:33,22,37,1203,19.4%,152,NORMAL,615.0,0.0,3.3,False
1767701855.59,2026-01-06 17:47:35,27,37,1205,19.4%,152,NORMAL,617.0,0.0,3.3,False
1767701856.64,2026-01-06 17:47:36,26,37,1206,19.3%,152,NORMAL,618.0,0.0,3.3,False
1767701858.74,2026-01-06 17:47:38,27,37,1208,19.2%,152,NORMAL,617.0,0.0,3.2,False
1767701860.02,2026-01-06 17:47:40,28,37,1208,19.2%,152,NORMAL,614.0,0.0,3.2,False
1767701861.57,2026-01-06 17:47:41,28,37,1208,19.2%,152,NORMAL,613.0,0.0,3.2,False
1767701863.21,2026-01-06 17:47:43,27,37,1208,19.3%,152,NORMAL,613.0,0.0,3.2,False
1767701864.51,2026-01-06 17:47:44,27,37,1208,19.3%,152,NORMAL,611.0,0.0,3.2,False
1767701866.09,2026-01-06 17:47:46,28,37,1208,19.4%,152,NORMAL,610.0,0.0,3.2,False
1767701867.17,2026-01-06 17:47:47,28,37,1209,19.5%,152,NORMAL,610.0,0.0,3.2,False
1767701869.42,2026-01-06 17:47:49,32,37,1211,19.7%,152,NORMAL,612.0,0.0,3.2,False
1767701871.21,2026-01-06 17:47:51,30,37,1213,19.7%,152,NORMAL,613.0,0.0,3.2,False
1767701873.37,2026-01-06 17:47:53,31,37,1213,19.8%,152,NORMAL,613.0,0.0,3.2,False
1767701874.51,2026-01-06 17:47:54,28,37,1213,19.9%,152,NORMAL,613.0,0.0,3.2,False
1767701876.81,2026-01-06 17:47:56,28,37,1214,20.0%,152,NORMAL,613.0,0.0,3.2,False
1767701878.05,2026-01-06 17:47:58,24,37,1214,20.0%,152,NORMAL,610.0,0.0,3.2,False
1767701879.18,2026-01-06 17:47:59,25,37,1215,20.0%,152,NORMAL,611.0,0.0,3.2,False
1767701880.37,2026-01-06 17:48:00,23,37,1216,19.9%,152,NORMAL,612.0,0.0,3.1,False
1767701882.73,2026-01-06 17:48:02,23,37,1218,19.9%,152,NORMAL,614.0,0.0,3.1,False
1767701884.14,2026-01-06 17:48:04,26,37,1220,19.9%,152,NORMAL,615.0,0.0,3.1,False
1767701885.14,2026-01-06 17:48:05,29,37,1222,20.0%,152,NORMAL,616.0,0.0,3.1,False
1767701887.28,2026-01-06 17:48:07,30,37,1223,20.2%,152,NORMAL,617.0,0.0,3.1,False
1767701888.47,2026-01-06 17:48:08,29,37,1223,20.3%,152,NORMAL,616.0,0.0,3.0,False
1767701890.93,2026-01-06 17:48:10,30,37,1223,20.5%,152,NORMAL,616.0,0.0,3.0,False
1767701892.24,2026-01-06 17:48:12,28,37,1223,20.6%,152,NORMAL,615.0,0.0,3.0,False
1767701893.45,2026-01-06 17:48:13,30,37,1225,20.8%,152,NORMAL,617.0,0.0,3.0,False
1767701894.53,2026-01-06 17:48:14,30,37,1226,20.9%,152,NORMAL,618.0,0.0,2.9,False
1767701895.91,2026-01-06 17:48:15,27,37,1226,20.9%,152,NORMAL,617.0,0.0,2.9,False
1767701898.01,2026-01-06 17:48:18,27,37,1227,20.9%,152,NORMAL,618.0,0.0,2.9,False
1767701899.13,2026-01-06 17:48:19,27,37,1227,20.9%,152,NORMAL,617.0,0.0,2.8,False
1767701900.33,2026-01-06 17:48:20,29,37,1228,21.1%,152,NORMAL,618.0,0.0,2.8,False
1767701901.54,2026-01-06 17:48:21,28,37,1228,21.1%,152,NORMAL,618.0,0.0,2.8,False
1767701902.81,2026-01-06 17:48:22,30,37,1229,21.2%,152,NORMAL,619.0,0.0,2.8,False
1767701904.02,2026-01-06 17:48:24,29,37,1230,21.3%,152,NORMAL,620.0,0.0,2.7,False
1767701905.50,2026-01-06 17:48:25,30,37,1231,21.3%,152,NORMAL,620.0,0.0,2.7,False
1767701907.47,2026-01-06 17:48:27,29,37,1231,21.3%,152,NORMAL,619.0,0.0,2.7,False
1767701908.97,2026-01-06 17:48:28,27,37,1231,21.3%,152,NORMAL,617.0,0.0,2.7,False
1767701910.95,2026-01-06 17:48:30,29,37,1232,21.4%,152,NORMAL,617.0,0.0,2.7,False
1767701911.99,2026-01-06 17:48:31,28,37,1232,21.4%,152,NORMAL,615.0,0.0,2.7,False
1767701913.62,2026-01-06 17:48:33,27,37,1233,21.4%,152,NORMAL,616.0,0.0,2.7,False
1767701914.76,2026-01-06 17:48:34,26,37,1233,21.2%,152,NORMAL,615.0,0.0,2.7,False
1767701915.82,2026-01-06 17:48:35,30,37,1238,21.2%,152,NORMAL,620.0,0.0,2.7,False
1767701917.73,2026-01-06 17:48:37,31,37,1239,21.2%,152,NORMAL,621.0,0.0,2.7,False
1767701919.18,2026-01-06 17:48:39,31,37,1240,21.3%,152,NORMAL,620.0,0.0,2.7,False
1767701920.20,2026-01-06 17:48:40,32,37,1242,21.4%,152,NORMAL,621.0,0.0,2.7,False
1767701922.15,2026-01-06 17:48:42,32,37,1242,21.6%,152,NORMAL,621.0,0.0,2.7,False
1767701923.52,2026-01-06 17:48:43,29,37,1242,21.7%,152,NORMAL,619.0,0.0,2.7,False
1767701925.08,2026-01-06 17:48:45,28,37,1242,21.8%,152,NORMAL,619.0,0.0,2.7,False
1767701926.37,2026-01-06 17:48:46,26,37,1243,21.9%,152,NORMAL,620.0,0.0,2.7,False
1767701927.91,2026-01-06 17:48:47,28,37,1245,21.9%,152,NORMAL,620.0,0.0,2.7,False
1767701929.26,2026-01-06 17:48:49,28,37,1245,21.9%,152,NORMAL,619.0,0.0,2.7,False
1767701930.53,2026-01-06 17:48:50,28,37,1245,21.8%,152,NORMAL,618.0,0.0,2.7,False
1767701932.42,2026-01-06 17:48:52,26,37,1246,21.8%,152,NORMAL,618.0,0.0,2.7,False
1767701933.78,2026-01-06 17:48:53,27,37,1247,21.7%,152,NORMAL,618.0,0.0,2.6,False
1767701935.45,2026-01-06 17:48:55,16,37,1247,21.4%,152,NORMAL,617.0,0.0,2.6,False
1767701936.78,2026-01-06 17:48:56,17,37,1247,21.1%,152,NORMAL,617.0,0.0,2.6,False
1767701938.07,2026-01-06 17:48:58,30,37,1247,21.1%,152,NORMAL,617.0,0.0,2.6,False
1767701940.29,2026-01-06 17:49:00,29,37,1247,21.1%,152,NORMAL,617.0,0.0,2.6,False
1767701941.76,2026-01-06 17:49:01,27,37,1247,21.1%,152,NORMAL,617.0,0.0,2.6,False
1767701942.97,2026-01-06 17:49:02,26,37,1247,21.1%,152,NORMAL,617.0,0.0,2.6,False
1767701944.59,2026-01-06 17:49:04,25,37,1247,21.0%,152,NORMAL,614.0,0.0,2.6,False
1767701946.13,2026-01-06 17:49:06,24,37,1247,20.9%,152,NORMAL,614.0,0.0,2.6,False
1767701947.95,2026-01-06 17:49:07,24,37,1247,20.8%,152,NORMAL,614.0,0.0,2.6,False
1767701949.42,2026-01-06 17:49:09,24,37,1247,20.7%,152,NORMAL,614.0,0.0,2.6,False
1767701950.49,2026-01-06 17:49:10,18,37,1248,20.4%,152,NORMAL,615.0,0.0,2.6,False
1767701952.73,2026-01-06 17:49:12,18,37,1248,20.1%,152,NORMAL,615.0,0.0,2.6,False
1767701953.99,2026-01-06 17:49:13,17,37,1248,19.9%,152,NORMAL,614.0,0.0,2.6,False
1767701955.13,2026-01-06 17:49:15,17,37,1248,19.6%,152,NORMAL,614.0,0.0,2.6,False
1767701956.89,2026-01-06 17:49:16,22,37,1248,19.4%,152,NORMAL,614.0,0.0,2.6,False
1767701958.22,2026-01-06 17:49:18,22,37,1248,19.3%,152,NORMAL,614.0,0.0,2.6,False
1767701959.27,2026-01-06 17:49:19,22,37,1249,19.2%,152,NORMAL,615.0,0.0,2.6,False
1767701960.91,2026-01-06 17:49:20,18,37,1249,18.9%,152,NORMAL,614.0,0.0,2.6,False
1767701962.89,2026-01-06 17:49:22,16,37,1249,18.6%,152,NORMAL,612.0,0.0,2.6,False
1767701964.58,2026-01-06 17:49:24,19,37,1252,18.3%,152,NORMAL,615.0,0.0,2.6,False
1767701965.86,2026-01-06 17:49:25,20,37,1253,18.0%,152,NORMAL,616.0,0.0,2.6,False
1767701967.26,2026-01-06 17:49:27,26,37,1260,17.9%,152,NORMAL,623.0,0.0,2.6,False
1767701969.65,2026-01-06 17:49:29,26,37,1261,17.8%,152,NORMAL,621.0,0.0,2.6,False
1767701970.71,2026-01-06 17:49:30,27,37,1262,17.8%,152,NORMAL,620.0,0.0,2.6,False
1767701973.27,2026-01-06 17:49:33,25,37,1264,17.8%,152,NORMAL,621.0,0.0,2.6,False
1767701974.44,2026-01-06 17:49:34,28,37,1264,17.8%,152,NORMAL,620.0,0.0,2.6,False
1767701976.28,2026-01-06 17:49:36,30,37,1265,17.8%,152,NORMAL,621.0,0.0,2.6,False
1767701977.44,2026-01-06 17:49:37,28,37,1265,17.8%,152,NORMAL,621.0,0.0,2.6,False
1767701978.52,2026-01-06 17:49:38,25,37,1265,17.8%,152,NORMAL,620.0,0.0,2.6,False
1767701979.77,2026-01-06 17:49:39,25,37,1265,17.7%,152,NORMAL,620.0,0.0,2.6,False
1767701981.51,2026-01-06 17:49:41,27,37,1267,18.0%,152,NORMAL,622.0,0.0,2.5,False
1767701983.87,2026-01-06 17:49:43,27,37,1267,18.2%,152,NORMAL,621.0,0.0,2.5,False
1767701985.28,2026-01-06 17:49:45,26,37,1267,18.2%,152,NORMAL,620.0,0.0,2.5,False
1767701987.19,2026-01-06 17:49:47,29,37,1269,18.2%,152,NORMAL,620.0,0.0,2.5,False
1767701988.91,2026-01-06 17:49:48,28,37,1270,18.2%,152,NORMAL,621.0,0.0,2.5,False
1767701990.69,2026-01-06 17:49:50,28,37,1270,18.2%,152,NORMAL,620.0,0.0,2.5,False
1767701991.90,2026-01-06 17:49:51,28,37,1270,18.3%,152,NORMAL,620.0,0.0,2.5,False
1767701993.85,2026-01-06 17:49:53,26,37,1271,18.3%,152,NORMAL,621.0,0.0,2.6,False
1767701995.03,2026-01-06 17:49:55,27,37,1272,18.4%,152,NORMAL,621.0,0.0,2.6,False
1767701996.31,2026-01-06 17:49:56,29,37,1272,18.5%,152,NORMAL,619.0,0.0,2.6,False
1767701997.79,2026-01-06 17:49:57,29,37,1272,18.8%,152,NORMAL,618.0,0.0,2.6,False
1767701999.29,2026-01-06 17:49:59,27,37,1272,19.0%,152,NORMAL,616.0,0.0,2.6,False
1767702000.53,2026-01-06 17:50:00,29,37,1273,19.3%,152,NORMAL,616.0,0.0,2.6,False
1767702001.84,2026-01-06 17:50:01,27,37,1273,19.5%,152,NORMAL,614.0,0.0,2.6,False
1767702002.88,2026-01-06 17:50:02,29,37,1273,19.7%,152,NORMAL,614.0,0.0,2.6,False
1767702004.28,2026-01-06 17:50:04,27,37,1273,19.8%,152,NORMAL,613.0,0.0,2.6,False
1767702005.60,2026-01-06 17:50:05,27,37,1273,19.9%,152,NORMAL,613.0,0.0,2.6,False
1767702007.14,2026-01-06 17:50:07,27,37,1273,20.2%,152,NORMAL,612.0,0.0,2.6,False
1767702009.29,2026-01-06 17:50:09,27,37,1273,20.4%,152,NORMAL,611.0,0.0,2.6,False
1767702010.53,2026-01-06 17:50:10,26,37,1274,20.6%,152,NORMAL,610.0,0.0,2.6,False
1767702011.79,2026-01-06 17:50:11,26,37,1274,20.7%,152,NORMAL,608.0,0.0,2.6,False
1767702013.01,2026-01-06 17:50:13,26,37,1275,20.7%,152,NORMAL,609.0,0.0,2.6,False
1767702014.24,2026-01-06 17:50:14,28,37,1277,20.8%,152,NORMAL,609.0,0.0,2.6,False
1767702015.45,2026-01-06 17:50:15,28,37,1277,20.8%,152,NORMAL,609.0,0.0,2.6,False
1767702017.00,2026-01-06 17:50:16,24,37,1282,20.8%,152,NORMAL,612.0,0.0,2.6,False
1767702018.75,2026-01-06 17:50:18,26,37,1283,20.7%,152,NORMAL,612.0,0.0,2.6,False
1767702020.12,2026-01-06 17:50:20,25,37,1284,20.6%,152,NORMAL,612.0,0.0,2.6,False
1767702022.24,2026-01-06 17:50:22,24,37,1285,20.5%,152,NORMAL,612.0,0.0,2.6,False
1767702023.62,2026-01-06 17:50:23,26,37,1285,20.6%,152,NORMAL,609.0,0.0,2.6,False
1767702025.12,2026-01-06 17:50:25,25,37,1285,20.6%,152,NORMAL,607.0,0.0,2.6,False
1767702026.27,2026-01-06 17:50:26,26,37,1285,20.5%,152,NORMAL,607.0,0.0,2.6,False
1767702028.24,2026-01-06 17:50:28,28,37,1286,20.6%,152,NORMAL,607.0,0.0,2.7,False
1767702029.42,2026-01-06 17:50:29,25,37,1286,20.5%,152,NORMAL,607.0,0.0,2.7,False
1767702030.48,2026-01-06 17:50:30,24,37,1287,20.4%,152,NORMAL,608.0,0.0,2.7,False
1767702031.78,2026-01-06 17:50:31,23,37,1287,20.3%,152,NORMAL,607.0,0.0,2.7,False
1767702033.72,2026-01-06 17:50:33,27,37,1289,20.3%,152,NORMAL,607.0,0.0,2.7,False
1767702035.30,2026-01-06 17:50:35,28,37,1290,20.3%,152,NORMAL,608.0,0.0,2.7,False
1767702036.47,2026-01-06 17:50:36,26,37,1290,20.3%,152,NORMAL,608.0,0.0,2.7,False
1767702038.15,2026-01-06 17:50:38,24,37,1291,20.2%,152,NORMAL,608.0,0.0,2.7,False
1767702039.89,2026-01-06 17:50:39,28,37,1292,20.2%,152,NORMAL,609.0,0.0,2.7,False
1767702041.13,2026-01-06 17:50:41,26,37,1292,20.1%,152,NORMAL,607.0,0.0,2.7,False
1767702042.37,2026-01-06 17:50:42,23,37,1293,20.0%,152,NORMAL,607.0,0.0,2.7,False
1767702043.90,2026-01-06 17:50:43,22,37,1293,19.8%,152,NORMAL,607.0,0.0,2.7,False
1767702045.34,2026-01-06 17:50:45,23,37,1294,19.8%,152,NORMAL,607.0,0.0,2.7,False
1767702047.25,2026-01-06 17:50:47,25,37,1296,19.7%,152,NORMAL,609.0,0.0,2.7,False
1767702048.83,2026-01-06 17:50:48,22,37,1296,19.5%,152,NORMAL,609.0,0.0,2.7,False
1767702050.13,2026-01-06 17:50:50,23,37,1297,19.4%,152,NORMAL,610.0,0.0,2.7,False
1767702051.21,2026-01-06 17:50:51,24,37,1298,19.4%,152,NORMAL,611.0,0.0,2.7,False
1767702052.80,2026-01-06 17:50:52,24,37,1299,19.3%,152,NORMAL,608.0,0.0,2.7,False
1767702054.34,2026-01-06 17:50:54,24,37,1300,19.3%,152,NORMAL,609.0,0.0,2.6,False
1767702056.50,2026-01-06 17:50:56,25,37,1300,19.2%,152,NORMAL,607.0,0.0,2.6,False
1767702057.59,2026-01-06 17:50:57,24,37,1300,19.2%,152,NORMAL,606.0,0.0,2.7,False
1767702059.40,2026-01-06 17:50:59,23,37,1300,19.1%,152,NORMAL,606.0,0.0,2.7,False
1767702060.41,2026-01-06 17:51:00,24,37,1303,19.0%,152,NORMAL,608.0,0.0,2.7,False
1767702062.76,2026-01-06 17:51:02,22,37,1304,18.9%,152,NORMAL,608.0,0.0,2.7,False
1767702064.02,2026-01-06 17:51:04,23,37,1304,18.8%,152,NORMAL,605.0,0.0,2.7,False
1767702065.73,2026-01-06 17:51:05,24,37,1305,18.8%,152,NORMAL,606.0,0.0,2.7,False
1767702067.58,2026-01-06 17:51:07,24,37,1305,18.8%,152,NORMAL,605.0,0.0,2.7,False
1767702068.90,2026-01-06 17:51:08,22,37,1306,18.7%,152,NORMAL,606.0,0.0,2.7,False
1767702070.43,2026-01-06 17:51:10,19,37,1307,18.6%,152,NORMAL,605.0,0.0,2.8,False
1767702072.10,2026-01-06 17:51:12,19,37,1307,18.4%,152,NORMAL,604.0,0.0,2.8,False
1767702073.76,2026-01-06 17:51:13,21,37,1311,18.2%,152,NORMAL,606.0,0.0,2.8,False
1767702075.38,2026-01-06 17:51:15,18,37,1311,18.1%,152,NORMAL,606.0,0.0,2.8,False
1767702076.80,2026-01-06 17:51:16,18,37,1311,17.9%,152,NORMAL,605.0,0.0,2.7,False
1767702077.91,2026-01-06 17:51:17,18,37,1311,17.8%,152,NORMAL,604.0,0.0,2.7,False
1767702079.12,2026-01-06 17:51:19,17,37,1311,17.6%,152,NORMAL,603.0,0.0,2.7,False
1767702080.14,2026-01-06 17:51:20,19,37,1311,17.4%,152,NORMAL,603.0,0.0,2.7,False
1767702081.50,2026-01-06 17:51:21,19,37,1312,17.2%,152,NORMAL,603.0,0.0,2.7,False
1767702083.27,2026-01-06 17:51:23,18,37,1312,17.0%,152,NORMAL,600.0,0.0,2.7,False
1767702084.94,2026-01-06 17:51:24,20,37,1313,16.8%,152,NORMAL,601.0,0.0,2.7,False
1767702086.52,2026-01-06 17:51:26,19,37,1314,16.7%,152,NORMAL,592.0,0.0,2.7,False
1767702088.38,2026-01-06 17:51:28,21,37,1316,16.6%,152,NORMAL,592.0,0.0,2.6,False
1767702089.44,2026-01-06 17:51:29,21,37,1316,16.6%,152,NORMAL,591.0,0.0,2.6,False
1767702090.68,2026-01-06 17:51:30,23,37,1320,16.6%,152,NORMAL,593.0,0.0,2.6,False
1767702092.20,2026-01-06 17:51:32,23,37,1322,16.6%,152,NORMAL,594.0,0.0,2.6,False
1767702093.69,2026-01-06 17:51:33,22,37,1323,16.6%,152,NORMAL,593.0,0.0,2.6,False
1767702095.98,2026-01-06 17:51:35,23,37,1325,16.6%,152,NORMAL,595.0,0.0,2.6,False
1767702097.20,2026-01-06 17:51:37,23,37,1325,16.5%,152,NORMAL,595.0,0.0,2.6,False
1767702098.96,2026-01-06 17:51:38,23,37,1326,16.5%,152,NORMAL,593.0,0.0,2.6,False
1767702100.43,2026-01-06 17:51:40,26,37,1327,16.6%,152,NORMAL,594.0,0.0,2.6,False
1767702101.93,2026-01-06 17:51:41,25,37,1328,16.6%,152,NORMAL,594.0,0.0,2.6,False
1767702103.28,2026-01-06 17:51:43,25,37,1328,16.6%,152,NORMAL,594.0,0.0,2.6,False
1767702104.74,2026-01-06 17:51:44,22,37,1328,16.6%,152,NORMAL,591.0,0.0,2.6,False
1767702105.80,2026-01-06 17:51:45,23,37,1329,16.5%,152,NORMAL,590.0,0.0,2.6,False
1767702107.44,2026-01-06 17:51:47,21,37,1330,16.5%,152,NORMAL,591.0,0.0,2.6,False
1767702108.53,2026-01-06 17:51:48,22,37,1330,16.5%,152,NORMAL,590.0,0.0,2.6,False
1767702110.17,2026-01-06 17:51:50,19,37,1331,16.4%,152,NORMAL,590.0,0.0,2.6,False
1767702111.68,2026-01-06 17:51:51,24,37,1331,16.4%,152,NORMAL,589.0,0.0,2.6,False
1767702112.79,2026-01-06 17:51:52,26,37,1335,16.5%,152,NORMAL,590.0,0.0,2.6,False
1767702115.71,2026-01-06 17:51:55,22,37,1335,16.5%,152,NORMAL,588.0,0.0,2.6,False
1767702117.50,2026-01-06 17:51:57,22,37,1336,16.6%,152,NORMAL,588.0,0.0,2.6,False
1767702119.51,2026-01-06 17:51:59,26,37,1338,16.7%,152,NORMAL,589.0,0.0,2.6,False
1767702120.93,2026-01-06 17:52:00,26,37,1339,16.9%,152,NORMAL,589.0,0.0,2.6,False
1767702124.67,2026-01-06 17:52:04,22,37,1340,17.0%,152,NORMAL,589.0,0.0,2.5,False
1767702125.78,2026-01-06 17:52:05,24,37,1344,17.2%,152,NORMAL,593.0,0.0,2.5,False
1767702126.80,2026-01-06 17:52:06,27,37,1345,17.4%,152,NORMAL,592.0,0.0,2.5,False
1767714943.44,2026-01-06 21:25:43,26,37,1345,17.6%,152,NORMAL,592.0,0.0,2.5,False
1767714944.66,2026-01-06 21:25:44,28,37,1346,17.8%,152,NORMAL,589.0,0.0,2.4,False
1767714945.68,2026-01-06 21:25:45,26,37,1348,18.0%,152,NORMAL,587.0,0.0,2.5,False
1767714946.81,2026-01-06 21:25:46,25,37,1350,18.1%,152,NORMAL,586.0,0.0,2.5,False
1767714948.03,2026-01-06 21:25:48,28,37,1353,18.3%,152,NORMAL,588.0,0.0,2.7,False
1767714949.12,2026-01-06 21:25:49,23,37,1355,18.4%,152,NORMAL,589.0,0.0,2.9,False
1767714950.24,2026-01-06 21:25:50,27,37,1359,18.5%,152,NORMAL,592.0,0.0,3.4,False
1767714951.39,2026-01-06 21:25:51,26,37,1359,18.6%,152,NORMAL,590.0,0.0,3.9,False
1767714952.54,2026-01-06 21:25:52,23,37,1361,18.6%,152,NORMAL,592.0,0.0,4.4,False
1767714953.89,2026-01-06 21:25:53,24,37,1362,18.6%,152,NORMAL,591.0,0.0,4.9,False
1767714955.09,2026-01-06 21:25:55,23,37,1363,18.6%,152,NORMAL,591.0,0.0,5.4,False
1767714956.19,2026-01-06 21:25:56,23,37,1363,18.6%,152,NORMAL,591.0,0.0,5.8,False
1767714957.33,2026-01-06 21:25:57,23,37,1364,18.6%,152,NORMAL,587.0,0.0,6.3,False
1767714958.45,2026-01-06 21:25:58,27,37,1370,18.7%,152,NORMAL,593.0,0.0,6.8,False
1767714959.64,2026-01-06 21:25:59,21,37,1375,18.6%,152,NORMAL,594.0,0.0,7.2,False
1767714960.67,2026-01-06 21:26:00,23,37,1378,18.5%,152,NORMAL,597.0,0.0,7.7,False
1767714961.74,2026-01-06 21:26:01,21,37,1378,18.5%,152,NORMAL,593.0,0.0,8.3,False
1767714962.85,2026-01-06 21:26:02,22,37,1380,18.5%,152,NORMAL,594.0,0.0,8.7,False
1767714963.97,2026-01-06 21:26:03,24,37,1382,18.5%,152,NORMAL,595.0,0.0,9.3,False
1767714965.09,2026-01-06 21:26:05,24,37,1386,18.6%,152,NORMAL,597.0,0.0,9.7,False
1767714966.17,2026-01-06 21:26:06,27,37,1390,18.8%,152,NORMAL,600.0,0.0,10.2,False
1767714967.18,2026-01-06 21:26:07,25,37,1391,18.8%,152,NORMAL,600.0,0.0,10.5,False
1767714968.34,2026-01-06 21:26:08,23,37,1392,18.7%,152,NORMAL,601.0,0.0,10.8,False
1767714969.48,2026-01-06 21:26:09,23,37,1395,18.8%,152,NORMAL,602.0,0.0,11.0,False
1767714970.53,2026-01-06 21:26:10,21,37,1397,18.7%,152,NORMAL,604.0,0.0,11.0,False
1767714971.59,2026-01-06 21:26:11,26,37,1401,18.7%,152,NORMAL,607.0,0.0,11.0,False
1767714972.89,2026-01-06 21:26:12,26,37,1401,18.7%,152,NORMAL,606.0,0.0,10.9,False
1767714974.16,2026-01-06 21:26:14,29,37,1402,18.9%,152,NORMAL,607.0,0.0,10.9,False
1767714975.37,2026-01-06 21:26:15,26,37,1402,18.9%,152,NORMAL,607.0,0.0,10.9,False
1767714976.49,2026-01-06 21:26:16,25,37,1403,18.9%,152,NORMAL,608.0,0.0,10.9,False
1767714977.70,2026-01-06 21:26:17,25,37,1405,18.9%,152,NORMAL,610.0,0.0,10.9,False
1767714978.93,2026-01-06 21:26:18,28,37,1411,18.9%,152,NORMAL,616.0,0.0,10.9,False
1767714980.08,2026-01-06 21:26:20,28,37,1413,18.9%,152,NORMAL,613.0,0.0,10.9,False
1767714981.12,2026-01-06 21:26:21,22,37,1413,18.8%,152,NORMAL,606.0,0.0,10.9,False
1767714982.33,2026-01-06 21:26:22,23,37,1417,18.7%,152,NORMAL,607.0,0.0,10.9,False
1767714983.51,2026-01-06 21:26:23,24,37,1421,18.8%,152,NORMAL,608.0,0.0,11.0,False
1767714984.71,2026-01-06 21:26:24,27,37,1423,18.8%,152,NORMAL,605.0,0.0,11.0,False
1767714985.94,2026-01-06 21:26:25,26,37,1427,18.8%,152,NORMAL,608.0,0.0,11.0,False
1767714987.13,2026-01-06 21:26:27,28,37,1430,18.9%,152,NORMAL,607.0,0.0,11.0,False
1767714988.36,2026-01-06 21:26:28,24,37,1434,18.9%,152,NORMAL,608.0,0.0,11.0,False
1767714989.57,2026-01-06 21:26:29,26,37,1435,18.9%,152,NORMAL,607.0,0.0,11.0,False
1767714990.69,2026-01-06 21:26:30,23,37,1437,18.9%,152,NORMAL,607.0,0.0,11.0,False
1767714991.82,2026-01-06 21:26:31,23,37,1439,18.9%,152,NORMAL,608.0,0.0,11.0,False
1767714992.86,2026-01-06 21:26:32,21,37,1442,18.8%,152,NORMAL,611.0,0.0,11.0,False
1767714994.09,2026-01-06 21:26:34,27,37,1447,18.9%,152,NORMAL,612.0,0.0,11.0,False
1767714995.26,2026-01-06 21:26:35,24,37,1449,19.0%,152,NORMAL,613.0,0.0,11.0,False
1767714996.36,2026-01-06 21:26:36,25,37,1452,19.1%,152,NORMAL,615.0,0.0,11.1,False
1767714997.40,2026-01-06 21:26:37,24,37,1455,19.1%,152,NORMAL,615.0,0.0,11.1,False
1767714998.50,2026-01-06 21:26:38,24,37,1458,19.1%,152,NORMAL,617.0,0.0,11.1,False
1767714999.70,2026-01-06 21:26:39,27,37,1462,19.2%,152,NORMAL,619.0,0.0,11.2,False
1767715000.89,2026-01-06 21:26:40,27,37,1466,19.2%,152,NORMAL,622.0,0.0,11.2,False
1767715002.00,2026-01-06 21:26:41,23,37,1470,19.1%,152,NORMAL,624.0,0.0,11.2,False
1767715003.20,2026-01-06 21:26:43,27,37,1471,19.2%,152,NORMAL,621.0,0.0,11.2,False
1767715004.39,2026-01-06 21:26:44,27,37,1473,19.3%,152,NORMAL,619.0,0.0,11.2,False
1767715005.67,2026-01-06 21:26:45,28,37,1474,19.5%,152,NORMAL,619.0,0.0,11.2,False
1767715006.82,2026-01-06 21:26:46,29,37,1476,19.6%,152,NORMAL,619.0,0.0,11.2,False
1767715007.95,2026-01-06 21:26:47,27,37,1478,19.6%,152,NORMAL,620.0,0.0,11.2,False
1767715009.13,2026-01-06 21:26:49,28,37,1480,19.6%,152,NORMAL,620.0,0.0,11.3,False
1767715010.21,2026-01-06 21:26:50,25,37,1481,19.5%,152,NORMAL,618.0,0.0,11.3,False
1767715011.30,2026-01-06 21:26:51,24,37,1482,19.5%,152,NORMAL,617.0,0.0,11.3,False
1767715012.40,2026-01-06 21:26:52,24,37,1483,19.5%,152,NORMAL,617.0,0.0,11.3,False
1767715013.54,2026-01-06 21:26:53,22,37,1486,19.3%,152,NORMAL,619.0,0.0,11.4,False
1767715014.71,2026-01-06 21:26:54,22,37,1486,19.2%,152,NORMAL,616.0,0.0,11.4,False
1767715015.95,2026-01-06 21:26:55,23,37,1489,19.2%,152,NORMAL,616.0,0.0,11.4,False
1767715017.22,2026-01-06 21:26:57,25,37,1493,19.3%,152,NORMAL,617.0,0.0,11.3,False
1767715018.43,2026-01-06 21:26:58,24,37,1495,19.3%,152,NORMAL,618.0,0.0,11.3,False
1767715019.71,2026-01-06 21:26:59,29,37,1497,19.3%,152,NORMAL,619.0,0.0,11.2,False
1767715021.03,2026-01-06 21:27:01,30,37,1498,19.4%,152,NORMAL,617.0,0.0,11.2,False
1767715022.35,2026-01-06 21:27:02,32,37,1502,19.5%,152,NORMAL,617.0,0.0,11.2,False
1767715023.57,2026-01-06 21:27:03,31,37,1503,19.7%,152,NORMAL,615.0,0.0,11.2,False
1767715024.83,2026-01-06 21:27:04,29,37,1504,19.7%,152,NORMAL,612.0,0.0,11.2,False
1767715025.99,2026-01-06 21:27:05,27,37,1505,19.8%,152,NORMAL,612.0,0.0,11.2,False
1767715027.33,2026-01-06 21:27:07,30,37,1508,20.0%,152,NORMAL,614.0,0.0,11.2,False
1767715028.47,2026-01-06 21:27:08,28,37,1508,20.2%,152,NORMAL,614.0,0.0,11.2,False
1767715029.64,2026-01-06 21:27:09,25,37,1508,20.1%,152,NORMAL,611.0,0.0,11.2,False
1767715030.85,2026-01-06 21:27:10,28,37,1510,20.2%,152,NORMAL,612.0,0.0,11.2,False
1767715031.92,2026-01-06 21:27:11,26,37,1511,20.2%,152,NORMAL,610.0,0.0,11.2,False
1767715033.08,2026-01-06 21:27:13,25,37,1512,20.3%,152,NORMAL,609.0,0.0,11.2,False
1767715034.20,2026-01-06 21:27:14,23,37,1513,20.2%,152,NORMAL,605.0,0.0,11.1,False
1767715035.35,2026-01-06 21:27:15,26,37,1516,20.2%,152,NORMAL,606.0,0.0,11.2,False
1767715036.46,2026-01-06 21:27:16,23,37,1518,20.1%,152,NORMAL,607.0,0.0,11.2,False
1767715037.81,2026-01-06 21:27:17,30,37,1523,20.3%,152,NORMAL,612.0,0.0,11.2,False
1767715039.12,2026-01-06 21:27:19,31,37,1526,20.4%,152,NORMAL,614.0,0.0,11.2,False
1767715040.61,2026-01-06 21:27:20,33,37,1529,20.5%,152,NORMAL,615.0,0.0,11.2,False
1767715041.89,2026-01-06 21:27:21,29,37,1530,20.5%,152,NORMAL,615.0,0.0,11.2,False
1767715043.18,2026-01-06 21:27:23,29,37,1530,20.5%,152,NORMAL,613.0,0.0,11.2,False
1767715044.54,2026-01-06 21:27:24,33,37,1532,20.7%,152,NORMAL,615.0,0.0,11.2,False
1767715045.87,2026-01-06 21:27:25,30,37,1534,20.7%,152,NORMAL,616.0,0.0,11.1,False
1767715047.24,2026-01-06 21:27:27,30,37,1534,20.8%,152,NORMAL,612.0,0.0,11.1,False
1767715048.55,2026-01-06 21:27:28,26,37,1534,20.9%,152,NORMAL,611.0,0.0,11.0,False
1767715049.71,2026-01-06 21:27:29,25,37,1534,20.9%,152,NORMAL,609.0,0.0,11.0,False
1767715051.11,2026-01-06 21:27:31,30,37,1539,21.1%,152,NORMAL,614.0,0.0,11.0,False
1767715052.35,2026-01-06 21:27:32,26,37,1540,21.2%,152,NORMAL,615.0,0.0,11.0,False
1767715053.57,2026-01-06 21:27:33,24,37,1540,21.2%,152,NORMAL,614.0,0.0,10.9,False
1767715054.80,2026-01-06 21:27:34,23,37,1542,21.2%,152,NORMAL,616.0,0.0,10.9,False
1767715056.03,2026-01-06 21:27:36,26,37,1544,21.2%,152,NORMAL,617.0,0.0,10.9,False
1767715057.30,2026-01-06 21:27:37,26,37,1545,21.2%,152,NORMAL,615.0,0.0,10.8,False
1767715058.72,2026-01-06 21:27:38,26,37,1547,21.1%,152,NORMAL,614.0,0.0,10.8,False
1767715060.03,2026-01-06 21:27:40,24,37,1547,20.9%,152,NORMAL,614.0,0.0,10.7,False
1767715061.36,2026-01-06 21:27:41,25,37,1549,20.7%,152,NORMAL,615.0,0.0,10.6,False
1767715062.69,2026-01-06 21:27:42,27,37,1550,20.7%,152,NORMAL,614.0,0.0,10.6,False
1767715063.98,2026-01-06 21:27:43,26,37,1551,20.7%,152,NORMAL,609.0,0.0,10.6,False
1767715065.38,2026-01-06 21:27:45,27,37,1555,20.6%,152,NORMAL,612.0,0.0,10.5,False
1767715066.67,2026-01-06 21:27:46,27,37,1557,20.6%,152,NORMAL,612.0,0.0,10.5,False
1767715068.19,2026-01-06 21:27:48,31,37,1561,20.7%,152,NORMAL,614.0,0.0,10.5,False
1767715069.64,2026-01-06 21:27:49,29,37,1562,20.7%,152,NORMAL,614.0,0.0,10.5,False
1767715071.12,2026-01-06 21:27:51,30,37,1563,20.8%,152,NORMAL,613.0,0.0,10.4,False
1767715072.58,2026-01-06 21:27:52,30,37,1564,20.9%,152,NORMAL,614.0,0.0,10.4,False
1767715074.02,2026-01-06 21:27:54,30,37,1566,21.1%,152,NORMAL,616.0,0.0,10.4,False
1767715075.46,2026-01-06 21:27:55,30,37,1567,21.2%,152,NORMAL,614.0,0.0,10.4,False
1767715076.92,2026-01-06 21:27:56,32,37,1569,21.4%,152,NORMAL,613.0,0.0,10.4,False
1767715078.32,2026-01-06 21:27:58,30,37,1569,21.4%,152,NORMAL,613.0,0.0,10.3,False
1767715079.69,2026-01-06 21:27:59,28,37,1569,21.3%,152,NORMAL,612.0,0.0,10.3,False
1767715081.10,2026-01-06 21:28:01,28,37,1570,21.2%,152,NORMAL,613.0,0.0,10.3,False
1767715082.62,2026-01-06 21:28:02,31,37,1575,21.3%,152,NORMAL,617.0,0.0,10.2,False
1767715083.94,2026-01-06 21:28:03,18,37,1578,21.0%,152,NORMAL,618.0,0.0,10.2,False
1767715085.39,2026-01-06 21:28:05,28,37,1587,20.9%,152,NORMAL,626.0,0.0,10.2,False
1767715086.61,2026-01-06 21:28:06,26,37,1588,20.8%,152,NORMAL,626.0,0.0,10.1,False
1767715088.08,2026-01-06 21:28:08,25,37,1591,20.7%,152,NORMAL,628.0,0.0,10.1,False
1767715089.64,2026-01-06 21:28:09,31,37,1594,20.8%,152,NORMAL,630.0,0.0,10.1,False
1767715091.04,2026-01-06 21:28:11,27,37,1596,20.8%,152,NORMAL,631.0,0.0,10.0,False
1767715092.44,2026-01-06 21:28:12,26,37,1601,20.8%,152,NORMAL,634.0,0.0,10.0,False
1767715093.92,2026-01-06 21:28:13,28,37,1606,20.8%,152,NORMAL,637.0,0.0,9.9,False
1767715095.46,2026-01-06 21:28:15,34,37,1612,21.0%,152,NORMAL,642.0,0.0,9.9,False
1767715096.92,2026-01-06 21:28:16,29,37,1613,21.2%,152,NORMAL,642.0,0.0,9.8,False
1767715098.47,2026-01-06 21:28:18,31,37,1615,21.3%,152,NORMAL,643.0,0.0,9.8,False
1767715100.12,2026-01-06 21:28:20,31,37,1617,21.4%,152,NORMAL,644.0,0.0,9.7,False
1767715101.51,2026-01-06 21:28:21,29,37,1618,21.5%,152,NORMAL,643.0,0.0,9.6,False
1767715102.93,2026-01-06 21:28:22,27,37,1619,21.5%,152,NORMAL,644.0,0.0,9.6,False
1767715104.46,2026-01-06 21:28:24,29,37,1621,21.6%,152,NORMAL,645.0,0.0,9.5,False
1767715105.91,2026-01-06 21:28:25,28,37,1623,21.7%,152,NORMAL,647.0,0.0,9.4,False
1767715107.36,2026-01-06 21:28:27,29,37,1624,21.7%,152,NORMAL,646.0,0.0,9.4,False
1767715108.86,2026-01-06 21:28:28,26,37,1625,21.7%,152,NORMAL,646.0,0.0,9.3,False
1767715110.36,2026-01-06 21:28:30,27,37,1627,21.7%,152,NORMAL,647.0,0.0,9.3,False
1767715111.87,2026-01-06 21:28:31,29,37,1630,21.7%,152,NORMAL,648.0,0.0,9.3,False
1767715113.54,2026-01-06 21:28:33,28,37,1631,21.6%,152,NORMAL,648.0,0.0,9.2,False
1767715114.91,2026-01-06 21:28:34,24,37,1633,21.5%,152,NORMAL,644.0,0.0,9.2,False
1767715116.31,2026-01-06 21:28:36,28,37,1635,21.5%,152,NORMAL,645.0,0.0,9.1,False
1767715117.63,2026-01-06 21:28:37,24,37,1636,21.3%,152,NORMAL,644.0,0.0,9.1,False
1767715119.16,2026-01-06 21:28:39,27,37,1638,21.2%,152,NORMAL,646.0,0.0,9.1,False
1767715120.66,2026-01-06 21:28:40,26,37,1638,21.1%,152,NORMAL,646.0,0.0,9.1,False
1767715122.14,2026-01-06 21:28:42,26,37,1639,21.0%,152,NORMAL,643.0,0.0,9.1,False
1767715123.49,2026-01-06 21:28:43,22,37,1639,20.9%,152,NORMAL,642.0,0.0,9.1,False
1767715125.06,2026-01-06 21:28:45,28,37,1641,20.9%,152,NORMAL,642.0,0.0,9.1,False
1767715126.44,2026-01-06 21:28:46,27,37,1642,20.8%,152,NORMAL,641.0,0.0,9.2,False
1767715128.05,2026-01-06 21:28:48,29,37,1646,21.0%,152,NORMAL,643.0,0.0,9.2,False
1767715129.74,2026-01-06 21:28:49,31,37,1648,21.1%,152,NORMAL,643.0,0.0,9.2,False
1767715131.40,2026-01-06 21:28:51,28,37,1648,21.2%,152,NORMAL,640.0,0.0,9.2,False
1767715133.00,2026-01-06 21:28:52,30,37,1648,21.3%,152,NORMAL,634.0,0.0,9.2,False
1767715134.40,2026-01-06 21:28:54,24,37,1648,21.1%,152,NORMAL,632.0,0.0,9.2,False
1767715135.82,2026-01-06 21:28:55,26,37,1650,21.1%,152,NORMAL,633.0,0.0,9.2,False
1767715137.16,2026-01-06 21:28:57,22,37,1650,21.0%,152,NORMAL,630.0,0.0,9.2,False
1767715138.80,2026-01-06 21:28:58,27,37,1655,21.0%,152,NORMAL,634.0,0.0,9.2,False
1767715140.33,2026-01-06 21:29:00,25,37,1656,20.8%,152,NORMAL,634.0,0.0,9.2,False
1767715141.87,2026-01-06 21:29:01,25,37,1659,20.7%,152,NORMAL,634.0,0.0,9.2,False
1767715143.53,2026-01-06 21:29:03,27,37,1662,20.6%,152,NORMAL,637.0,0.0,9.2,False
1767715144.98,2026-01-06 21:29:04,26,37,1663,20.5%,152,NORMAL,638.0,0.0,9.2,False
1767715146.47,2026-01-06 21:29:06,23,37,1664,20.3%,152,NORMAL,637.0,0.0,9.1,False
1767715148.00,2026-01-06 21:29:08,23,37,1666,20.2%,152,NORMAL,637.0,0.0,9.1,False
1767715149.50,2026-01-06 21:29:09,23,37,1668,20.1%,152,NORMAL,634.0,0.0,9.1,False
1767715151.03,2026-01-06 21:29:11,25,37,1670,20.0%,152,NORMAL,633.0,0.0,9.1,False
1767715152.40,2026-01-06 21:29:12,25,37,1673,19.9%,152,NORMAL,631.0,0.0,9.0,False
1767715153.86,2026-01-06 21:29:13,25,37,1674,19.9%,152,NORMAL,631.0,0.0,9.0,False
1767715155.49,2026-01-06 21:29:15,27,37,1676,19.9%,152,NORMAL,631.0,0.0,9.0,False
1767715157.21,2026-01-06 21:29:17,28,37,1678,19.9%,152,NORMAL,631.0,0.0,8.9,False
1767715158.88,2026-01-06 21:29:18,27,37,1679,19.8%,152,NORMAL,632.0,0.0,8.9,False
1767715160.58,2026-01-06 21:29:20,30,37,1681,20.0%,152,NORMAL,633.0,0.0,8.9,False
1767715162.30,2026-01-06 21:29:22,30,37,1682,20.0%,152,NORMAL,634.0,0.0,8.9,False
1767715163.89,2026-01-06 21:29:23,27,37,1682,20.1%,152,NORMAL,631.0,0.0,8.8,False
1767715165.46,2026-01-06 21:29:25,28,37,1683,20.1%,152,NORMAL,631.0,0.0,8.8,False
1767715166.93,2026-01-06 21:29:26,25,37,1684,20.1%,152,NORMAL,632.0,0.0,8.8,False
1767715168.39,2026-01-06 21:29:28,24,37,1685,20.1%,152,NORMAL,632.0,0.0,8.7,False
1767715169.86,2026-01-06 21:29:29,22,37,1685,20.1%,152,NORMAL,629.0,0.0,8.7,False
1767715171.36,2026-01-06 21:29:31,23,37,1685,19.9%,152,NORMAL,627.0,0.0,8.7,False
1767715172.82,2026-01-06 21:29:32,22,37,1685,19.8%,152,NORMAL,626.0,0.0,8.7,False
1767715174.26,2026-01-06 21:29:34,26,37,1687,19.7%,152,NORMAL,628.0,0.0,8.7,False
1767715176.00,2026-01-06 21:29:35,30,37,1691,19.7%,152,NORMAL,630.0,0.0,8.7,False
1767715177.70,2026-01-06 21:29:37,28,37,1692,19.7%,152,NORMAL,630.0,0.0,8.6,False
1767715179.29,2026-01-06 21:29:39,27,37,1693,19.7%,152,NORMAL,631.0,0.0,8.6,False
1767715180.85,2026-01-06 21:29:40,25,37,1694,19.7%,152,NORMAL,631.0,0.0,8.6,False
1767715182.27,2026-01-06 21:29:42,23,37,1694,19.6%,152,NORMAL,630.0,0.0,8.6,False
1767715183.72,2026-01-06 21:29:43,23,37,1695,19.6%,152,NORMAL,631.0,0.0,8.5,False
1767715185.30,2026-01-06 21:29:45,24,37,1697,19.6%,152,NORMAL,629.0,0.0,8.5,False
1767715186.88,2026-01-06 21:29:46,24,37,1700,19.5%,152,NORMAL,631.0,0.0,8.5,False
1767715188.43,2026-01-06 21:29:48,22,37,1702,19.5%,152,NORMAL,632.0,0.0,8.5,False
1767715189.94,2026-01-06 21:29:49,26,37,1703,19.4%,152,NORMAL,631.0,0.0,8.5,False
1767715191.47,2026-01-06 21:29:51,24,37,1704,19.4%,152,NORMAL,631.0,0.0,8.4,False
1767715192.91,2026-01-06 21:29:52,22,37,1704,19.4%,152,NORMAL,630.0,0.0,8.4,False
1767715194.46,2026-01-06 21:29:54,23,37,1704,19.4%,152,NORMAL,628.0,0.0,8.4,False
1767715196.09,2026-01-06 21:29:56,23,37,1704,19.4%,152,NORMAL,627.0,0.0,8.4,False
1767715197.66,2026-01-06 21:29:57,23,37,1705,19.3%,152,NORMAL,626.0,0.0,8.4,False
1767715199.09,2026-01-06 21:29:59,23,37,1706,19.3%,152,NORMAL,626.0,0.0,8.4,False
1767715200.72,2026-01-06 21:30:00,23,37,1707,19.2%,152,NORMAL,626.0,0.0,8.4,False
1767715202.18,2026-01-06 21:30:02,21,37,1707,19.1%,152,NORMAL,625.0,0.0,8.4,False
1767715203.67,2026-01-06 21:30:03,21,37,1707,18.9%,152,NORMAL,624.0,0.0,8.4,False
1767715205.19,2026-01-06 21:30:05,23,37,1709,18.8%,152,NORMAL,626.0,0.0,8.3,False
1767715206.79,2026-01-06 21:30:06,24,37,1712,18.7%,152,NORMAL,628.0,0.0,8.3,False
1767715207.92,2026-01-06 21:30:07,23,37,1713,18.5%,152,NORMAL,628.0,0.0,8.3,False
1767715209.09,2026-01-06 21:30:09,23,37,1713,18.4%,152,NORMAL,627.0,0.0,8.3,False
1767715210.44,2026-01-06 21:30:10,24,37,1713,18.3%,152,NORMAL,626.0,0.0,8.3,False
1767715212.27,2026-01-06 21:30:12,25,37,1715,18.3%,152,NORMAL,626.0,0.0,8.2,False
1767715213.87,2026-01-06 21:30:13,25,37,1717,18.3%,152,NORMAL,626.0,0.0,8.2,False
1767715215.65,2026-01-06 21:30:15,25,37,1718,18.4%,152,NORMAL,626.0,0.0,8.2,False
1767715217.26,2026-01-06 21:30:17,25,37,1719,18.5%,152,NORMAL,624.0,0.0,8.2,False
1767715218.86,2026-01-06 21:30:18,25,37,1720,18.5%,152,NORMAL,624.0,0.0,8.1,False
1767715220.70,2026-01-06 21:30:20,25,37,1722,18.5%,152,NORMAL,624.0,0.0,8.1,False
1767715222.42,2026-01-06 21:30:22,24,37,1722,18.4%,152,NORMAL,622.0,0.0,8.1,False
1767715223.48,2026-01-06 21:30:23,25,37,1723,18.3%,152,NORMAL,622.0,0.0,8.0,False
1767715224.53,2026-01-06 21:30:24,24,37,1723,18.2%,152,NORMAL,621.0,0.0,8.0,False
1767715226.31,2026-01-06 21:30:26,27,37,1725,18.3%,152,NORMAL,621.0,0.0,8.0,False
1767715227.99,2026-01-06 21:30:27,27,37,1725,18.4%,152,NORMAL,620.0,0.0,7.9,False
1767715229.53,2026-01-06 21:30:29,26,37,1727,18.4%,152,NORMAL,622.0,0.0,7.9,False
1767715231.05,2026-01-06 21:30:31,28,37,1727,18.5%,152,NORMAL,620.0,0.0,7.9,False
1767715232.59,2026-01-06 21:30:32,24,37,1728,18.5%,152,NORMAL,619.0,0.0,7.9,False
1767715234.20,2026-01-06 21:30:34,24,37,1729,18.6%,152,NORMAL,619.0,0.0,7.9,False
1767715236.09,2026-01-06 21:30:36,26,37,1729,18.6%,152,NORMAL,619.0,0.0,7.8,False
1767715237.79,2026-01-06 21:30:37,26,37,1730,18.6%,152,NORMAL,619.0,0.0,7.8,False
1767715238.87,2026-01-06 21:30:38,25,37,1730,18.7%,152,NORMAL,618.0,0.0,7.8,False
1767715239.94,2026-01-06 21:30:39,26,37,1731,18.8%,152,NORMAL,619.0,0.0,7.8,False
1767715241.56,2026-01-06 21:30:41,24,37,1731,18.8%,152,NORMAL,617.0,0.0,7.8,False
1767715243.01,2026-01-06 21:30:43,23,37,1732,18.8%,152,NORMAL,615.0,0.0,7.8,False
1767715244.43,2026-01-06 21:30:44,22,37,1732,18.8%,152,NORMAL,613.0,0.0,7.8,False
1767715246.02,2026-01-06 21:30:46,25,37,1734,18.8%,152,NORMAL,615.0,0.0,7.8,False
1767715247.64,2026-01-06 21:30:47,22,37,1734,18.9%,152,NORMAL,614.0,0.0,7.8,False
1767715248.74,2026-01-06 21:30:48,22,37,1736,18.9%,152,NORMAL,615.0,0.0,7.8,False
1767715249.82,2026-01-06 21:30:49,21,37,1736,18.8%,152,NORMAL,614.0,0.0,7.8,False
1767715250.95,2026-01-06 21:30:50,17,37,1736,18.7%,152,NORMAL,614.0,0.0,7.8,False
1767715252.25,2026-01-06 21:30:52,19,37,1737,18.6%,152,NORMAL,614.0,0.0,7.8,False
1767715253.38,2026-01-06 21:30:53,18,37,1737,18.4%,152,NORMAL,611.0,0.0,7.7,False
1767715254.59,2026-01-06 21:30:54,19,37,1737,18.3%,152,NORMAL,610.0,0.0,7.7,False
1767715256.01,2026-01-06 21:30:56,19,37,1740,18.2%,152,NORMAL,611.0,0.0,7.7,False
1767715257.24,2026-01-06 21:30:57,20,37,1740,18.0%,152,NORMAL,611.0,0.0,7.6,False
1767715258.54,2026-01-06 21:30:58,23,37,1740,18.0%,152,NORMAL,611.0,0.0,7.6,False
1767715259.76,2026-01-06 21:30:59,22,37,1740,17.9%,152,NORMAL,611.0,0.0,7.5,False
1767715260.81,2026-01-06 21:31:00,18,37,1741,17.8%,152,NORMAL,611.0,0.0,7.5,False
1767715261.97,2026-01-06 21:31:01,19,37,1741,17.6%,152,NORMAL,611.0,0.0,7.4,False
1767715263.15,2026-01-06 21:31:03,23,37,1741,17.6%,152,NORMAL,609.0,0.0,7.4,False
1767715264.36,2026-01-06 21:31:04,19,37,1743,17.4%,152,NORMAL,611.0,0.0,7.3,False
1767715266.17,2026-01-06 21:31:06,28,37,1749,17.5%,152,NORMAL,617.0,0.0,7.2,False
1767715267.94,2026-01-06 21:31:07,27,37,1750,17.5%,152,NORMAL,617.0,0.0,7.1,False
1767715269.74,2026-01-06 21:31:09,25,37,1750,17.5%,152,NORMAL,616.0,0.0,7.0,False
1767715271.45,2026-01-06 21:31:11,28,37,1753,17.5%,152,NORMAL,615.0,0.0,6.9,False
1767715273.07,2026-01-06 21:31:13,28,37,1754,17.5%,152,NORMAL,616.0,0.0,6.9,False
1767715274.75,2026-01-06 21:31:14,26,37,1756,17.6%,152,NORMAL,615.0,0.0,6.9,False
1767715276.62,2026-01-06 21:31:16,32,37,1759,17.8%,152,NORMAL,618.0,0.0,6.9,False
1767715278.47,2026-01-06 21:31:18,32,37,1761,17.9%,152,NORMAL,619.0,0.0,6.9,False
1767715280.22,2026-01-06 21:31:20,30,37,1761,18.0%,152,NORMAL,618.0,0.0,6.9,False
1767715281.27,2026-01-06 21:31:21,25,37,1761,18.0%,152,NORMAL,618.0,0.0,6.9,False
1767715282.38,2026-01-06 21:31:22,27,37,1762,18.0%,152,NORMAL,619.0,0.0,6.9,False
1767715283.39,2026-01-06 21:31:23,28,37,1763,18.1%,152,NORMAL,618.0,0.0,6.9,False
1767715284.55,2026-01-06 21:31:24,30,37,1764,18.3%,152,NORMAL,618.0,0.0,6.9,False
1767715286.66,2026-01-06 21:31:26,29,37,1765,18.5%,152,NORMAL,619.0,0.0,6.9,False
1767715288.30,2026-01-06 21:31:28,27,37,1766,18.5%,152,NORMAL,618.0,0.0,6.9,False
1767715290.26,2026-01-06 21:31:30,28,37,1769,18.6%,152,NORMAL,620.0,0.0,7.0,False
1767715292.11,2026-01-06 21:31:32,26,37,1769,18.7%,152,NORMAL,618.0,0.0,7.1,False
1767715293.13,2026-01-06 21:31:33,26,37,1770,18.9%,152,NORMAL,618.0,0.0,7.1,False
1767715294.17,2026-01-06 21:31:34,26,37,1770,19.1%,152,NORMAL,618.0,0.0,7.2,False
1767715296.05,2026-01-06 21:31:36,28,37,1772,19.3%,152,NORMAL,619.0,0.0,7.3,False
1767715297.69,2026-01-06 21:31:37,26,37,1772,19.5%,152,NORMAL,617.0,0.0,7.4,False
1767715299.50,2026-01-06 21:31:39,25,37,1773,19.6%,152,NORMAL,618.0,0.0,7.4,False
1767715301.40,2026-01-06 21:31:41,28,37,1775,19.8%,152,NORMAL,620.0,0.0,7.5,False
1767715302.48,2026-01-06 21:31:42,26,37,1776,20.0%,152,NORMAL,620.0,0.0,7.5,False
1767715303.67,2026-01-06 21:31:43,26,37,1777,20.1%,152,NORMAL,621.0,0.0,7.6,False
1767715305.25,2026-01-06 21:31:45,26,37,1778,20.2%,152,NORMAL,621.0,0.0,7.6,False
1767715307.06,2026-01-06 21:31:47,28,37,1780,20.4%,152,NORMAL,621.0,0.0,7.6,False
1767715309.06,2026-01-06 21:31:49,29,37,1780,20.6%,152,NORMAL,620.0,0.0,7.6,False
1767715310.79,2026-01-06 21:31:50,28,37,1781,20.8%,152,NORMAL,619.0,0.0,7.6,False
1767715312.64,2026-01-06 21:31:52,27,37,1782,21.0%,152,NORMAL,619.0,0.0,7.5,False
1767715313.67,2026-01-06 21:31:53,25,37,1784,20.9%,152,NORMAL,621.0,0.0,7.5,False
1767715314.84,2026-01-06 21:31:54,26,37,1785,20.9%,152,NORMAL,621.0,0.0,7.5,False
1767715315.85,2026-01-06 21:31:55,25,37,1786,20.9%,152,NORMAL,621.0,0.0,7.5,False
1767715317.01,2026-01-06 21:31:57,28,37,1787,20.9%,152,NORMAL,621.0,0.0,7.5,False
1767715318.81,2026-01-06 21:31:58,28,37,1788,20.9%,152,NORMAL,622.0,0.0,7.5,False
1767715319.98,2026-01-06 21:31:59,28,37,1791,20.9%,152,NORMAL,625.0,0.0,7.5,False
1767715321.09,2026-01-06 21:32:01,26,37,1791,20.8%,152,NORMAL,624.0,0.0,7.5,False
1767715322.93,2026-01-06 21:32:02,26,37,1792,20.6%,152,NORMAL,625.0,0.0,7.4,False
1767715325.07,2026-01-06 21:32:05,32,37,1795,20.7%,152,NORMAL,625.0,0.0,7.4,False
1767715326.98,2026-01-06 21:32:06,30,37,1795,20.8%,152,NORMAL,623.0,0.0,7.4,False
1767715328.75,2026-01-06 21:32:08,29,37,1795,20.8%,152,NORMAL,622.0,0.0,7.4,False
1767715330.38,2026-01-06 21:32:10,27,37,1795,20.8%,152,NORMAL,620.0,0.0,7.4,False
1767715331.52,2026-01-06 21:32:11,27,37,1795,20.7%,152,NORMAL,619.0,0.0,7.4,False
1767715332.57,2026-01-06 21:32:12,28,37,1795,20.7%,152,NORMAL,618.0,0.0,7.4,False
1767715334.13,2026-01-06 21:32:14,28,37,1795,20.7%,152,NORMAL,618.0,0.0,7.4,False
1767715335.79,2026-01-06 21:32:15,25,37,1795,20.7%,152,NORMAL,614.0,0.0,7.4,False
1767715337.54,2026-01-06 21:32:17,26,37,1796,20.7%,152,NORMAL,614.0,0.0,7.5,False
1767715339.75,2026-01-06 21:32:19,27,37,1797,20.7%,152,NORMAL,610.0,0.0,7.5,False
1767715341.74,2026-01-06 21:32:21,27,37,1799,20.7%,152,NORMAL,611.0,0.0,7.5,False
1767715343.74,2026-01-06 21:32:23,28,37,1802,20.7%,152,NORMAL,613.0,0.0,7.5,False
1767715346.01,2026-01-06 21:32:26,29,37,1803,20.8%,152,NORMAL,612.0,0.0,7.5,False
1767715347.88,2026-01-06 21:32:27,27,37,1803,20.8%,152,NORMAL,611.0,0.0,7.5,False
1767715349.93,2026-01-06 21:32:29,31,37,1806,20.9%,152,NORMAL,614.0,0.0,7.5,False
1767715351.98,2026-01-06 21:32:31,28,37,1807,21.0%,152,NORMAL,615.0,0.0,7.5,False
1767715353.78,2026-01-06 21:32:33,26,37,1807,21.0%,152,NORMAL,615.0,0.0,7.5,False
1767715355.75,2026-01-06 21:32:35,26,37,1808,21.0%,152,NORMAL,615.0,0.0,7.5,False
1767715357.51,2026-01-06 21:32:37,26,37,1809,20.9%,152,NORMAL,616.0,0.0,7.5,False
1767715358.63,2026-01-06 21:32:38,25,37,1810,20.8%,152,NORMAL,616.0,0.0,7.5,False
1767715359.90,2026-01-06 21:32:39,25,37,1810,20.7%,152,NORMAL,616.0,0.0,7.5,False
1767715361.09,2026-01-06 21:32:41,25,37,1813,20.7%,152,NORMAL,617.0,0.0,7.5,False
1767715362.27,2026-01-06 21:32:42,26,37,1813,20.7%,152,NORMAL,617.0,0.0,7.5,False
1767715364.19,2026-01-06 21:32:44,27,37,1813,20.7%,152,NORMAL,617.0,0.0,7.5,False
1767715366.11,2026-01-06 21:32:46,27,37,1817,20.8%,152,NORMAL,619.0,0.0,7.4,False
1767715367.31,2026-01-06 21:32:47,27,37,1819,20.8%,152,NORMAL,620.0,0.0,7.4,False
1767715368.43,2026-01-06 21:32:48,29,37,1819,20.8%,152,NORMAL,619.0,0.0,7.4,False
1767715370.01,2026-01-06 21:32:50,28,37,1820,20.8%,152,NORMAL,619.0,0.0,7.3,False
1767715371.13,2026-01-06 21:32:51,28,37,1822,20.8%,152,NORMAL,621.0,0.0,7.3,False
1767715372.31,2026-01-06 21:32:52,25,37,1822,20.8%,152,NORMAL,620.0,0.0,7.3,False
1767715373.97,2026-01-06 21:32:53,26,37,1822,20.7%,152,NORMAL,617.0,0.0,7.2,False
1767715375.81,2026-01-06 21:32:55,27,37,1824,20.6%,152,NORMAL,616.0,0.0,7.2,False
1767715377.62,2026-01-06 21:32:57,27,37,1825,20.6%,152,NORMAL,617.0,0.0,7.2,False
1767715379.41,2026-01-06 21:32:59,27,37,1825,20.6%,152,NORMAL,616.0,0.0,7.2,False
1767715380.42,2026-01-06 21:33:00,30,37,1830,20.6%,152,NORMAL,619.0,0.0,7.2,False
1767715381.45,2026-01-06 21:33:01,30,37,1830,20.7%,152,NORMAL,619.0,0.0,7.2,False
1767715383.33,2026-01-06 21:33:03,28,37,1833,20.7%,152,NORMAL,620.0,0.0,7.2,False
1767715385.16,2026-01-06 21:33:05,26,37,1834,20.7%,152,NORMAL,620.0,0.0,7.2,False
1767715387.10,2026-01-06 21:33:07,28,37,1835,20.7%,152,NORMAL,619.0,0.0,7.2,False
1767715389.04,2026-01-06 21:33:09,30,37,1838,20.8%,152,NORMAL,618.0,0.0,7.2,False
1767715391.02,2026-01-06 21:33:11,30,37,1838,20.9%,152,NORMAL,615.0,0.0,7.1,False
1767715393.11,2026-01-06 21:33:13,28,37,1838,20.9%,152,NORMAL,615.0,0.0,7.1,False
1767715395.15,2026-01-06 21:33:15,28,37,1839,20.9%,152,NORMAL,613.0,0.0,7.1,False
1767715396.32,2026-01-06 21:33:16,30,37,1840,20.9%,152,NORMAL,613.0,0.0,7.1,False
1767715397.55,2026-01-06 21:33:17,30,37,1841,20.9%,152,NORMAL,614.0,0.0,7.1,False
1767715398.59,2026-01-06 21:33:18,27,37,1841,20.9%,152,NORMAL,613.0,0.0,7.1,False
1767715399.87,2026-01-06 21:33:19,28,37,1842,20.9%,152,NORMAL,614.0,0.0,7.1,False
1767715400.95,2026-01-06 21:33:20,27,37,1844,21.0%,152,NORMAL,614.0,0.0,7.2,False
1767715402.13,2026-01-06 21:33:22,27,37,1845,21.0%,152,NORMAL,614.0,0.0,7.2,False
1767715404.17,2026-01-06 21:33:24,26,37,1845,21.0%,152,NORMAL,614.0,0.0,7.2,False
1767715405.22,2026-01-06 21:33:25,27,37,1846,21.0%,152,NORMAL,614.0,0.0,7.2,False
1767715406.62,2026-01-06 21:33:26,24,37,1846,21.0%,152,NORMAL,614.0,0.0,7.2,False
1767715407.65,2026-01-06 21:33:27,21,37,1846,20.9%,152,NORMAL,613.0,0.0,7.2,False
1767715408.80,2026-01-06 21:33:28,20,37,1846,20.7%,152,NORMAL,609.0,0.0,7.2,False
1767715410.03,2026-01-06 21:33:30,22,37,1847,20.6%,152,NORMAL,608.0,0.0,7.2,False
1767715411.17,2026-01-06 21:33:31,23,37,1847,20.5%,152,NORMAL,607.0,0.0,7.2,False
1767715412.26,2026-01-06 21:33:32,22,37,1848,20.4%,152,NORMAL,606.0,0.0,7.1,False
1767715413.28,2026-01-06 21:33:33,23,37,1849,20.2%,152,NORMAL,607.0,0.0,7.1,False
1767715415.40,2026-01-06 21:33:35,25,37,1851,20.2%,152,NORMAL,608.0,0.0,7.1,False
1767715416.53,2026-01-06 21:33:36,27,37,1852,20.2%,152,NORMAL,607.0,0.0,7.0,False
1767715417.76,2026-01-06 21:33:37,27,37,1852,20.2%,152,NORMAL,607.0,0.0,7.0,False
1767715419.71,2026-01-06 21:33:39,28,37,1854,20.3%,152,NORMAL,608.0,0.0,6.9,False
1767715420.81,2026-01-06 21:33:40,26,37,1854,20.2%,152,NORMAL,607.0,0.0,6.9,False
1767715421.85,2026-01-06 21:33:41,27,37,1854,20.2%,152,NORMAL,607.0,0.0,6.9,False
1767715422.96,2026-01-06 21:33:42,26,37,1862,20.1%,152,NORMAL,615.0,0.0,6.9,False
1767715424.20,2026-01-06 21:33:44,28,37,1866,20.1%,152,NORMAL,619.0,0.0,6.9,False
1767715426.22,2026-01-06 21:33:46,31,37,1867,20.2%,152,NORMAL,620.0,0.0,6.8,False
1767715427.24,2026-01-06 21:33:47,28,37,1867,20.2%,152,NORMAL,620.0,0.0,6.8,False
1767715428.28,2026-01-06 21:33:48,28,37,1867,20.2%,152,NORMAL,620.0,0.0,6.8,False
1767715429.48,2026-01-06 21:33:49,29,37,1868,20.2%,152,NORMAL,620.0,0.0,6.8,False
1767715430.57,2026-01-06 21:33:50,28,37,1868,20.1%,152,NORMAL,620.0,0.0,6.8,False
1767715431.83,2026-01-06 21:33:51,31,37,1869,20.2%,152,NORMAL,621.0,0.0,6.8,False
1767715433.27,2026-01-06 21:33:53,32,37,1869,20.3%,152,NORMAL,621.0,0.0,6.7,False
1767715434.29,2026-01-06 21:33:54,29,37,1869,20.3%,152,NORMAL,620.0,0.0,6.7,False
1767715435.71,2026-01-06 21:33:55,29,37,1869,20.3%,152,NORMAL,620.0,0.0,6.7,False
1767715437.63,2026-01-06 21:33:57,28,37,1870,20.3%,152,NORMAL,611.0,0.0,6.7,False
1767715439.74,2026-01-06 21:33:59,28,37,1871,20.3%,152,NORMAL,609.0,0.0,6.6,False
1767715440.78,2026-01-06 21:34:00,28,37,1871,20.3%,152,NORMAL,607.0,0.0,6.6,False
1767715442.28,2026-01-06 21:34:02,29,37,1872,20.4%,152,NORMAL,608.0,0.0,6.6,False
1767715443.34,2026-01-06 21:34:03,28,37,1872,20.4%,152,NORMAL,607.0,0.0,6.6,False
1767715444.39,2026-01-06 21:34:04,29,37,1873,20.4%,152,NORMAL,608.0,0.0,6.6,False
1767715445.62,2026-01-06 21:34:05,28,37,1874,20.5%,152,NORMAL,609.0,0.0,6.6,False
1767715446.89,2026-01-06 21:34:06,30,37,1874,20.8%,152,NORMAL,609.0,0.0,6.6,False
1767715448.00,2026-01-06 21:34:08,28,37,1874,20.9%,152,NORMAL,607.0,0.0,6.6,False
1767715449.18,2026-01-06 21:34:09,28,37,1875,21.1%,152,NORMAL,608.0,0.0,6.6,False
1767715451.17,2026-01-06 21:34:11,23,37,1875,21.1%,152,NORMAL,605.0,0.0,6.6,False
1767715452.19,2026-01-06 21:34:12,24,37,1876,21.1%,152,NORMAL,606.0,0.0,6.6,False
1767715453.39,2026-01-06 21:34:13,24,37,1877,21.2%,152,NORMAL,607.0,0.0,6.7,False
1767715454.74,2026-01-06 21:34:14,24,37,1878,21.1%,152,NORMAL,607.0,0.0,6.7,False
1767715455.77,2026-01-06 21:34:15,22,37,1878,21.0%,152,NORMAL,607.0,0.0,6.6,False
1767715457.00,2026-01-06 21:34:16,25,37,1879,21.0%,152,NORMAL,607.0,0.0,6.6,False
1767715458.02,2026-01-06 21:34:18,24,37,1879,20.9%,152,NORMAL,607.0,0.0,6.6,False
1767715459.06,2026-01-06 21:34:19,25,37,1881,20.9%,152,NORMAL,609.0,0.0,6.6,False
1767715460.88,2026-01-06 21:34:20,26,37,1881,20.8%,152,NORMAL,608.0,0.0,6.6,False
1767715462.77,2026-01-06 21:34:22,25,37,1882,20.8%,152,NORMAL,609.0,0.0,6.5,False
1767715464.64,2026-01-06 21:34:24,24,37,1883,20.7%,152,NORMAL,609.0,0.0,6.5,False
1767715465.65,2026-01-06 21:34:25,22,37,1883,20.5%,152,NORMAL,609.0,0.0,6.4,False
1767715467.58,2026-01-06 21:34:27,23,37,1884,20.4%,152,NORMAL,609.0,0.0,6.4,False
1767715468.70,2026-01-06 21:34:28,21,37,1884,20.2%,152,NORMAL,607.0,0.0,6.3,False
1767715469.90,2026-01-06 21:34:29,21,37,1884,20.0%,152,NORMAL,606.0,0.0,6.3,False
1767715471.13,2026-01-06 21:34:31,22,37,1884,19.9%,152,NORMAL,602.0,0.0,6.2,False
1767715472.58,2026-01-06 21:34:32,22,37,1885,19.7%,152,NORMAL,601.0,0.0,6.2,False
1767715474.60,2026-01-06 21:34:34,23,37,1886,19.5%,152,NORMAL,601.0,0.0,6.1,False
1767715475.82,2026-01-06 21:34:35,22,37,1886,19.3%,152,NORMAL,601.0,0.0,6.0,False
1767715476.91,2026-01-06 21:34:36,22,37,1886,19.1%,152,NORMAL,601.0,0.0,6.0,False
1767715478.12,2026-01-06 21:34:38,23,37,1887,19.0%,152,NORMAL,602.0,0.0,6.0,False
1767715479.57,2026-01-06 21:34:39,24,37,1887,18.9%,152,NORMAL,601.0,0.0,5.9,False
1767715480.80,2026-01-06 21:34:40,22,37,1888,18.8%,152,NORMAL,601.0,0.0,5.8,False
1767715481.99,2026-01-06 21:34:41,26,37,1890,18.7%,152,NORMAL,602.0,0.0,5.8,False
1767715483.06,2026-01-06 21:34:43,26,37,1892,18.7%,152,NORMAL,602.0,0.0,5.8,False
1767715484.55,2026-01-06 21:34:44,27,37,1892,18.6%,152,NORMAL,601.0,0.0,5.7,False
1767715485.85,2026-01-06 21:34:45,26,37,1898,18.6%,152,NORMAL,606.0,0.0,5.7,False
1767715487.36,2026-01-06 21:34:47,25,37,1898,18.4%,152,NORMAL,605.0,0.0,5.7,False
1767715488.44,2026-01-06 21:34:48,26,37,1901,18.4%,152,NORMAL,608.0,0.0,5.6,False
1767715489.66,2026-01-06 21:34:49,24,37,1901,18.3%,152,NORMAL,607.0,0.0,5.6,False
1767715491.64,2026-01-06 21:34:51,26,37,1903,18.4%,152,NORMAL,607.0,0.0,5.5,False
1767715492.65,2026-01-06 21:34:52,26,37,1903,18.4%,152,NORMAL,606.0,0.0,5.5,False
1767715493.78,2026-01-06 21:34:53,26,37,1903,18.5%,152,NORMAL,606.0,0.0,5.5,False
1767715494.84,2026-01-06 21:34:54,26,37,1904,18.5%,152,NORMAL,605.0,0.0,5.4,False
1767715496.13,2026-01-06 21:34:56,27,37,1904,18.6%,152,NORMAL,605.0,0.0,5.4,False
1767715497.24,2026-01-06 21:34:57,29,37,1906,18.7%,152,NORMAL,606.0,0.0,5.4,False
1767715498.81,2026-01-06 21:34:58,29,37,1906,18.8%,152,NORMAL,606.0,0.0,5.4,False
1767715499.91,2026-01-06 21:34:59,28,37,1907,18.9%,152,NORMAL,607.0,0.0,5.4,False
1767715501.45,2026-01-06 21:35:01,27,37,1907,18.9%,152,NORMAL,606.0,0.0,5.4,False
1767715502.54,2026-01-06 21:35:02,27,37,1908,19.0%,152,NORMAL,604.0,0.0,5.5,False
1767715503.85,2026-01-06 21:35:03,27,37,1908,19.1%,152,NORMAL,604.0,0.0,5.5,False
1767715505.17,2026-01-06 21:35:05,31,37,1911,19.3%,152,NORMAL,607.0,0.0,5.5,False
1767715507.38,2026-01-06 21:35:07,31,37,1912,19.5%,152,NORMAL,607.0,0.0,5.5,False
1767715508.59,2026-01-06 21:35:08,29,37,1912,19.6%,152,NORMAL,606.0,0.0,5.5,False
1767715509.96,2026-01-06 21:35:09,28,37,1912,19.8%,152,NORMAL,606.0,0.0,5.5,False
1767715511.11,2026-01-06 21:35:11,28,37,1912,20.0%,152,NORMAL,605.0,0.0,5.5,False
1767715512.65,2026-01-06 21:35:12,28,37,1912,20.1%,152,NORMAL,605.0,0.0,5.5,False
1767715513.80,2026-01-06 21:35:13,28,37,1914,20.2%,152,NORMAL,603.0,0.0,5.5,False
1767715514.82,2026-01-06 21:35:14,30,37,1915,20.4%,152,NORMAL,604.0,0.0,5.5,False
1767715515.83,2026-01-06 21:35:15,26,37,1916,20.5%,152,NORMAL,605.0,0.0,5.5,False
1767715517.17,2026-01-06 21:35:17,27,37,1916,20.6%,152,NORMAL,605.0,0.0,5.6,False
1767715518.51,2026-01-06 21:35:18,27,37,1917,20.7%,152,NORMAL,605.0,0.0,5.6,False
1767715520.22,2026-01-06 21:35:20,28,37,1918,20.8%,152,NORMAL,606.0,0.0,5.6,False
1767715521.67,2026-01-06 21:35:21,27,37,1920,20.8%,152,NORMAL,606.0,0.0,5.6,False
1767715523.43,2026-01-06 21:35:23,26,37,1920,20.8%,152,NORMAL,606.0,0.0,5.6,False
1767715524.43,2026-01-06 21:35:24,27,37,1920,20.8%,152,NORMAL,604.0,0.0,5.6,False
1767715525.76,2026-01-06 21:35:25,26,37,1920,20.8%,152,NORMAL,603.0,0.0,5.6,False
1767715526.86,2026-01-06 21:35:26,26,37,1922,20.9%,152,NORMAL,601.0,0.0,5.6,False
1767715528.23,2026-01-06 21:35:28,26,37,1922,20.9%,152,NORMAL,600.0,0.0,5.6,False
1767715530.47,2026-01-06 21:35:30,28,37,1924,21.0%,152,NORMAL,599.0,0.0,5.6,False
1767715531.95,2026-01-06 21:35:31,24,37,1924,20.9%,152,NORMAL,598.0,0.0,5.6,False
1767715533.26,2026-01-06 21:35:33,24,37,1924,20.9%,152,NORMAL,597.0,0.0,5.6,False
1767715534.49,2026-01-06 21:35:34,25,37,1925,20.8%,152,NORMAL,597.0,0.0,5.6,False
1767715535.63,2026-01-06 21:35:35,25,37,1925,20.8%,152,NORMAL,597.0,0.0,5.6,False
1767715537.07,2026-01-06 21:35:37,22,37,1925,20.7%,152,NORMAL,595.0,0.0,5.6,False
1767715538.37,2026-01-06 21:35:38,21,37,1925,20.5%,152,NORMAL,595.0,0.0,5.6,False
1767715539.59,2026-01-06 21:35:39,25,37,1926,20.4%,152,NORMAL,595.0,0.0,5.5,False
1767715541.02,2026-01-06 21:35:41,25,37,1926,20.3%,152,NORMAL,593.0,0.0,5.5,False
1767715542.05,2026-01-06 21:35:42,23,37,1927,20.2%,152,NORMAL,592.0,0.0,5.5,False
1767715543.40,2026-01-06 21:35:43,25,37,1927,20.2%,152,NORMAL,591.0,0.0,5.5,False
1767715544.63,2026-01-06 21:35:44,26,37,1929,20.2%,152,NORMAL,591.0,0.0,5.4,False
1767715545.90,2026-01-06 21:35:45,26,37,1929,20.1%,152,NORMAL,590.0,0.0,5.4,False
1767715546.98,2026-01-06 21:35:46,26,37,1929,19.9%,152,NORMAL,590.0,0.0,5.3,False
1767715548.69,2026-01-06 21:35:48,26,37,1930,19.9%,152,NORMAL,587.0,0.0,5.3,False
1767715549.80,2026-01-06 21:35:49,23,37,1930,19.8%,152,NORMAL,585.0,0.0,5.3,False
1767715551.16,2026-01-06 21:35:51,24,37,1930,19.7%,152,NORMAL,585.0,0.0,5.2,False
1767715552.22,2026-01-06 21:35:52,26,37,1933,19.6%,152,NORMAL,587.0,0.0,5.2,False
1767715553.69,2026-01-06 21:35:53,25,37,1933,19.5%,152,NORMAL,587.0,0.0,5.2,False
1767715554.89,2026-01-06 21:35:54,27,37,1934,19.5%,152,NORMAL,586.0,0.0,5.2,False
1767715556.70,2026-01-06 21:35:56,26,37,1935,19.5%,152,NORMAL,586.0,0.0,5.2,False
1767715557.95,2026-01-06 21:35:57,29,37,1938,19.5%,152,NORMAL,588.0,0.0,5.2,False
1767715559.28,2026-01-06 21:35:59,30,37,1940,19.6%,152,NORMAL,588.0,0.0,5.2,False
1767715560.32,2026-01-06 21:36:00,26,37,1941,19.5%,152,NORMAL,589.0,0.0,5.2,False
1767715562.37,2026-01-06 21:36:02,26,37,1941,19.5%,152,NORMAL,587.0,0.0,5.1,False
1767715563.44,2026-01-06 21:36:03,24,37,1942,19.5%,152,NORMAL,587.0,0.0,5.1,False
1767715564.75,2026-01-06 21:36:04,24,37,1942,19.4%,152,NORMAL,586.0,0.0,5.1,False
1767715565.78,2026-01-06 21:36:05,27,37,1943,19.4%,152,NORMAL,584.0,0.0,5.1,False
1767715566.88,2026-01-06 21:36:06,27,37,1943,19.4%,152,NORMAL,584.0,0.0,5.1,False
1767715567.98,2026-01-06 21:36:07,25,37,1943,19.4%,152,NORMAL,584.0,0.0,5.1,False
1767715569.21,2026-01-06 21:36:09,28,37,1945,19.4%,152,NORMAL,586.0,0.0,5.0,False
1767715570.33,2026-01-06 21:36:10,26,37,1945,19.5%,152,NORMAL,585.0,0.0,5.0,False
1767715571.47,2026-01-06 21:36:11,28,37,1945,19.6%,152,NORMAL,584.0,0.0,5.0,False
1767715572.72,2026-01-06 21:36:12,29,37,1946,19.7%,152,NORMAL,585.0,0.0,5.0,False
1767715573.80,2026-01-06 21:36:13,27,37,1947,19.7%,152,NORMAL,585.0,0.0,5.0,False
1767715575.96,2026-01-06 21:36:15,28,37,1948,19.8%,152,NORMAL,585.0,0.0,4.9,False
1767715576.97,2026-01-06 21:36:16,24,37,1948,19.9%,152,NORMAL,585.0,0.0,4.9,False
1767715578.41,2026-01-06 21:36:18,24,37,1948,19.9%,152,NORMAL,585.0,0.0,4.9,False
1767715579.69,2026-01-06 21:36:19,24,37,1949,19.9%,152,NORMAL,586.0,0.0,4.9,False
1767715581.03,2026-01-06 21:36:21,25,37,1949,19.9%,152,NORMAL,586.0,0.0,4.8,False
1767715582.18,2026-01-06 21:36:22,27,37,1951,20.0%,152,NORMAL,588.0,0.0,4.8,False
1767715584.42,2026-01-06 21:36:24,27,37,1952,20.0%,152,NORMAL,588.0,0.0,4.8,False
1767715585.46,2026-01-06 21:36:25,26,37,1952,20.0%,152,NORMAL,583.0,0.0,4.8,False
1767715587.77,2026-01-06 21:36:27,24,37,1952,19.9%,152,NORMAL,582.0,0.0,4.8,False
1767715588.96,2026-01-06 21:36:28,25,37,1952,19.9%,152,NORMAL,577.0,0.0,4.8,False
1767715590.03,2026-01-06 21:36:30,25,37,1952,20.0%,152,NORMAL,577.0,0.0,4.7,False
1767715591.19,2026-01-06 21:36:31,25,37,1952,20.0%,152,NORMAL,575.0,0.0,4.7,False
1767715592.66,2026-01-06 21:36:32,25,37,1953,20.0%,152,NORMAL,575.0,0.0,4.7,False
1767715593.81,2026-01-06 21:36:33,24,37,1953,19.9%,152,NORMAL,575.0,0.0,4.7,False
1767715594.85,2026-01-06 21:36:34,22,37,1953,19.8%,152,NORMAL,575.0,0.0,4.7,False
1767715595.85,2026-01-06 21:36:35,21,37,1953,19.7%,152,NORMAL,573.0,0.0,4.7,False
1767715597.49,2026-01-06 21:36:37,25,37,1956,19.6%,152,NORMAL,576.0,0.0,4.7,False
1767715598.53,2026-01-06 21:36:38,26,37,1956,19.5%,152,NORMAL,574.0,0.0,4.7,False
1767715599.96,2026-01-06 21:36:39,26,37,1956,19.5%,152,NORMAL,574.0,0.0,4.7,False
1767715601.21,2026-01-06 21:36:41,30,37,1959,19.6%,152,NORMAL,574.0,0.0,4.7,False
1767715602.48,2026-01-06 21:36:42,29,37,1959,19.7%,152,NORMAL,573.0,0.0,4.7,False
1767715603.51,2026-01-06 21:36:43,26,37,1959,19.8%,152,NORMAL,571.0,0.0,4.7,False
1767715604.84,2026-01-06 21:36:44,27,37,1960,19.8%,152,NORMAL,571.0,0.0,4.7,False
1767715606.22,2026-01-06 21:36:46,27,37,1960,19.8%,152,NORMAL,570.0,0.0,4.7,False
1767715608.51,2026-01-06 21:36:48,27,37,1960,19.8%,152,NORMAL,569.0,0.0,4.7,False
1767715609.69,2026-01-06 21:36:49,27,37,1961,19.8%,152,NORMAL,569.0,0.0,4.7,False
1767715611.85,2026-01-06 21:36:51,27,37,1961,19.8%,152,NORMAL,569.0,0.0,4.7,False
1767715613.06,2026-01-06 21:36:53,27,37,1962,19.8%,152,NORMAL,570.0,0.0,4.7,False
1767715614.79,2026-01-06 21:36:54,29,37,1962,19.8%,152,NORMAL,567.0,0.0,4.7,False
1767715615.97,2026-01-06 21:36:55,30,37,1962,19.9%,152,NORMAL,565.0,0.0,4.7,False
1767715618.05,2026-01-06 21:36:58,30,37,1964,19.9%,152,NORMAL,567.0,0.0,4.7,False
1767715619.18,2026-01-06 21:36:59,29,37,1965,20.0%,152,NORMAL,564.0,0.0,4.7,False
1767715620.70,2026-01-06 21:37:00,27,37,1965,20.1%,152,NORMAL,564.0,0.0,4.7,False
1767715621.86,2026-01-06 21:37:01,26,37,1965,20.2%,152,NORMAL,564.0,0.0,4.7,False
1767715623.85,2026-01-06 21:37:03,28,37,1967,20.2%,152,NORMAL,565.0,0.0,4.7,False
1767715624.95,2026-01-06 21:37:04,29,37,1967,20.3%,152,NORMAL,565.0,0.0,4.7,False
1767715626.65,2026-01-06 21:37:06,30,37,1967,20.3%,152,NORMAL,565.0,0.0,4.7,False
1767715627.87,2026-01-06 21:37:07,30,37,1970,20.4%,152,NORMAL,568.0,0.0,4.7,False
1767715629.24,2026-01-06 21:37:09,30,37,1970,20.6%,152,NORMAL,568.0,0.0,4.7,False
1767715630.35,2026-01-06 21:37:10,30,37,1971,20.7%,152,NORMAL,568.0,0.0,4.7,False
1767715631.55,2026-01-06 21:37:11,29,37,1971,20.8%,152,NORMAL,568.0,0.0,4.7,False
1767715632.77,2026-01-06 21:37:12,30,37,1972,20.9%,152,NORMAL,567.0,0.0,4.8,False
1767715634.28,2026-01-06 21:37:14,31,37,1973,21.0%,152,NORMAL,566.0,0.0,4.8,False
1767715635.44,2026-01-06 21:37:15,29,37,1973,21.2%,152,NORMAL,564.0,0.0,4.8,False
1767715637.18,2026-01-06 21:37:17,29,37,1973,21.3%,152,NORMAL,562.0,0.0,4.8,False
1767715638.42,2026-01-06 21:37:18,28,37,1974,21.5%,152,NORMAL,561.0,0.0,4.9,False
1767715640.06,2026-01-06 21:37:20,29,37,1974,21.6%,152,NORMAL,561.0,0.0,4.9,False
1767715641.30,2026-01-06 21:37:21,28,37,1975,21.6%,152,NORMAL,562.0,0.0,4.9,False
1767715642.95,2026-01-06 21:37:22,29,37,1975,21.7%,152,NORMAL,562.0,0.0,5.0,False
1767715644.18,2026-01-06 21:37:24,28,37,1975,21.7%,152,NORMAL,560.0,0.0,5.0,False
1767715645.86,2026-01-06 21:37:25,26,37,1977,21.6%,152,NORMAL,559.0,0.0,5.0,False
1767715646.89,2026-01-06 21:37:26,23,37,1977,21.5%,152,NORMAL,556.0,0.0,5.1,False
1767715648.17,2026-01-06 21:37:28,23,37,1977,21.4%,152,NORMAL,555.0,0.0,5.1,False
1767715649.23,2026-01-06 21:37:29,25,37,1978,21.4%,152,NORMAL,555.0,0.0,5.1,False
1767715650.53,2026-01-06 21:37:30,25,37,1978,21.3%,152,NORMAL,555.0,0.0,5.1,False
1767715651.56,2026-01-06 21:37:31,26,37,1980,21.3%,152,NORMAL,556.0,0.0,5.1,False
1767715653.62,2026-01-06 21:37:33,24,37,1980,21.2%,152,NORMAL,553.0,0.0,5.1,False
1767715654.93,2026-01-06 21:37:34,26,37,1982,21.2%,152,NORMAL,552.0,0.0,5.1,False
1767715656.19,2026-01-06 21:37:36,26,37,1982,21.1%,152,NORMAL,552.0,0.0,5.1,False
1767715657.48,2026-01-06 21:37:37,25,37,1983,21.0%,152,NORMAL,549.0,0.0,5.0,False
1767715659.85,2026-01-06 21:37:39,25,37,1983,20.9%,152,NORMAL,549.0,0.0,5.0,False
1767715661.00,2026-01-06 21:37:41,24,37,1984,20.8%,152,NORMAL,549.0,0.0,5.0,False
1767715662.54,2026-01-06 21:37:42,26,37,1984,20.8%,152,NORMAL,548.0,0.0,5.0,False
1767715663.71,2026-01-06 21:37:43,25,37,1985,20.7%,152,NORMAL,548.0,0.0,5.0,False
1767715665.33,2026-01-06 21:37:45,25,37,1985,20.7%,152,NORMAL,548.0,0.0,5.0,False
1767715666.72,2026-01-06 21:37:46,24,37,1986,20.5%,152,NORMAL,547.0,0.0,5.0,False
1767715667.97,2026-01-06 21:37:47,24,37,1986,20.4%,152,NORMAL,547.0,0.0,5.0,False
1767715669.15,2026-01-06 21:37:49,25,37,1987,20.3%,152,NORMAL,546.0,0.0,4.9,False
1767715671.08,2026-01-06 21:37:51,26,37,1988,20.2%,152,NORMAL,546.0,0.0,5.0,False
1767715672.12,2026-01-06 21:37:52,25,37,1989,20.1%,152,NORMAL,542.0,0.0,5.0,False
1767715674.20,2026-01-06 21:37:54,24,37,1989,20.0%,152,NORMAL,541.0,0.0,5.0,False
1767715675.91,2026-01-06 21:37:55,23,37,1990,19.8%,152,NORMAL,541.0,0.0,5.0,False
1767715677.65,2026-01-06 21:37:57,26,37,1992,19.7%,152,NORMAL,541.0,0.0,5.0,False
1767715678.86,2026-01-06 21:37:58,26,37,1993,19.6%,152,NORMAL,541.0,0.0,5.0,False
1767715680.66,2026-01-06 21:38:00,24,37,1993,19.5%,152,NORMAL,540.0,0.0,4.9,False
1767715681.86,2026-01-06 21:38:01,26,37,1994,19.4%,152,NORMAL,539.0,0.0,4.9,False
1767715683.51,2026-01-06 21:38:03,27,37,1994,19.4%,152,NORMAL,539.0,0.0,4.9,False
1767715684.80,2026-01-06 21:38:04,26,37,1994,19.4%,152,NORMAL,536.0,0.0,4.9,False
1767715687.09,2026-01-06 21:38:07,28,37,1996,19.3%,152,NORMAL,537.0,0.0,4.8,False
1767715688.45,2026-01-06 21:38:08,29,37,1996,19.4%,152,NORMAL,535.0,0.0,4.8,False
1767715690.48,2026-01-06 21:38:10,30,37,1998,19.4%,152,NORMAL,534.0,0.0,4.8,False
1767715691.76,2026-01-06 21:38:11,30,37,2001,19.6%,152,NORMAL,535.0,0.0,4.7,False
1767715693.15,2026-01-06 21:38:13,29,37,2001,19.8%,152,NORMAL,533.0,0.0,4.7,False
1767715694.55,2026-01-06 21:38:14,28,37,2001,19.8%,152,NORMAL,531.0,0.0,4.7,False
1767715696.09,2026-01-06 21:38:16,29,37,2001,19.9%,152,NORMAL,531.0,0.0,4.7,False
1767715697.10,2026-01-06 21:38:17,31,37,2002,20.0%,152,NORMAL,531.0,0.0,4.6,False
1767715698.87,2026-01-06 21:38:18,29,37,2002,20.2%,152,NORMAL,531.0,0.0,4.6,False
1767715700.24,2026-01-06 21:38:20,27,37,2003,20.2%,152,NORMAL,530.0,0.0,4.6,False
1767715701.46,2026-01-06 21:38:21,27,37,2003,20.2%,152,NORMAL,530.0,0.0,4.6,False
1767715702.54,2026-01-06 21:38:22,25,37,2003,20.2%,152,NORMAL,529.0,0.0,4.6,False
1767715703.95,2026-01-06 21:38:23,26,37,2004,20.2%,152,NORMAL,529.0,0.0,4.6,False
1767715705.01,2026-01-06 21:38:25,29,37,2006,20.3%,152,NORMAL,530.0,0.0,4.6,False
1767715707.27,2026-01-06 21:38:27,30,37,2007,20.4%,152,NORMAL,531.0,0.0,4.6,False
1767715708.91,2026-01-06 21:38:28,32,37,2009,20.6%,152,NORMAL,531.0,0.0,4.6,False
1767715711.13,2026-01-06 21:38:31,30,37,2009,20.7%,152,NORMAL,530.0,0.0,4.6,False
1767715712.44,2026-01-06 21:38:32,31,37,2011,20.9%,152,NORMAL,531.0,0.0,4.6,False
1767715715.31,2026-01-06 21:38:35,32,37,2011,21.1%,152,NORMAL,531.0,0.0,4.6,False
1767715716.86,2026-01-06 21:38:36,31,37,2012,21.2%,152,NORMAL,531.0,0.0,4.5,False
1767715718.67,2026-01-06 21:38:38,33,37,2013,21.4%,152,NORMAL,532.0,0.0,4.5,False
1767715719.85,2026-01-06 21:38:39,32,37,2013,21.5%,152,NORMAL,531.0,0.0,4.5,False
1767715721.65,2026-01-06 21:38:41,29,37,2013,21.6%,152,NORMAL,531.0,0.0,4.5,False
1767715723.00,2026-01-06 21:38:43,31,37,2015,21.8%,152,NORMAL,532.0,0.0,4.5,False
1767715724.91,2026-01-06 21:38:44,31,37,2015,22.0%,152,NORMAL,532.0,0.0,4.5,False
1767715726.15,2026-01-06 21:38:46,30,37,2015,22.0%,152,NORMAL,531.0,0.0,4.5,False
1767715728.15,2026-01-06 21:38:48,31,37,2015,22.2%,152,NORMAL,529.0,0.0,4.4,False
1767715729.35,2026-01-06 21:38:49,30,37,2016,22.3%,152,NORMAL,530.0,0.0,4.4,False
1767715731.72,2026-01-06 21:38:51,31,37,2017,22.4%,152,NORMAL,531.0,0.0,4.4,False
1767715733.11,2026-01-06 21:38:53,32,37,2019,22.5%,152,NORMAL,531.0,0.0,4.4,False
1767715735.32,2026-01-06 21:38:55,33,37,2021,22.6%,152,NORMAL,532.0,0.0,4.4,False
1767715736.32,2026-01-06 21:38:56,36,37,2022,22.8%,152,NORMAL,530.0,0.0,4.4,False
1767715738.66,2026-01-06 21:38:58,34,37,2022,22.9%,152,NORMAL,528.0,0.0,4.4,False
1767715740.55,2026-01-06 21:39:00,32,37,2023,22.9%,152,NORMAL,528.0,0.0,4.4,False
1767715741.72,2026-01-06 21:39:01,30,37,2023,23.0%,152,NORMAL,528.0,0.0,4.3,False
1767715742.94,2026-01-06 21:39:02,30,37,2024,23.0%,152,NORMAL,528.0,0.0,4.3,False
1767715745.58,2026-01-06 21:39:05,28,37,2024,23.0%,152,NORMAL,527.0,0.0,4.3,False
1767715746.60,2026-01-06 21:39:06,28,37,2025,22.9%,152,NORMAL,527.0,0.0,4.3,False
1767715748.62,2026-01-06 21:39:08,27,37,2025,22.9%,152,NORMAL,526.0,0.0,4.3,False
1767715749.70,2026-01-06 21:39:09,30,37,2026,22.9%,152,NORMAL,526.0,0.0,4.3,False
1767715751.83,2026-01-06 21:39:11,28,37,2026,23.0%,152,NORMAL,524.0,0.0,4.3,False
1767715753.31,2026-01-06 21:39:13,30,37,2027,23.1%,152,NORMAL,524.0,0.0,4.3,False
1767715755.20,2026-01-06 21:39:15,32,37,2029,23.2%,152,NORMAL,526.0,0.0,4.3,False
1767715756.81,2026-01-06 21:39:16,30,37,2031,23.2%,152,NORMAL,527.0,0.0,4.2,False
1767715759.08,2026-01-06 21:39:19,31,37,2032,23.3%,152,NORMAL,528.0,0.0,4.2,False
1767715760.62,2026-01-06 21:39:20,33,37,2033,23.3%,152,NORMAL,529.0,0.0,4.2,False
1767715763.25,2026-01-06 21:39:23,35,37,2034,23.4%,152,NORMAL,529.0,0.0,4.1,False
1767715764.37,2026-01-06 21:39:24,34,37,2034,23.5%,152,NORMAL,527.0,0.0,4.1,False
1767715767.00,2026-01-06 21:39:26,35,37,2034,23.5%,152,NORMAL,526.0,0.0,4.1,False
1767715768.19,2026-01-06 21:39:28,35,37,2036,23.6%,152,NORMAL,528.0,0.0,4.0,False
1767715770.59,2026-01-06 21:39:30,36,37,2038,23.7%,152,NORMAL,530.0,0.0,4.0,False
1767715772.55,2026-01-06 21:39:32,35,37,2038,23.8%,152,NORMAL,530.0,0.0,3.9,False
1767715774.65,2026-01-06 21:39:34,34,37,2038,23.9%,152,NORMAL,530.0,0.0,3.9,False
1767715776.01,2026-01-06 21:39:36,35,37,2041,24.0%,152,NORMAL,531.0,0.0,3.9,False
1767715778.72,2026-01-06 21:39:38,31,37,2041,24.0%,152,NORMAL,531.0,0.0,3.8,False
1767715779.97,2026-01-06 21:39:39,33,37,2042,24.0%,152,NORMAL,532.0,0.0,3.8,False
1767715782.29,2026-01-06 21:39:42,34,37,2044,24.1%,152,NORMAL,533.0,0.0,3.8,False
1767715783.61,2026-01-06 21:39:43,33,37,2044,24.2%,152,NORMAL,532.0,0.0,3.8,False
1767715786.02,2026-01-06 21:39:46,34,37,2045,24.2%,152,NORMAL,533.0,0.0,3.8,False
1767715787.05,2026-01-06 21:39:47,33,37,2045,24.3%,152,NORMAL,533.0,0.0,3.8,False
1767715788.08,2026-01-06 21:39:48,33,37,2047,24.3%,152,NORMAL,534.0,0.0,3.8,False
1767715790.22,2026-01-06 21:39:50,35,37,2048,24.2%,152,NORMAL,535.0,0.0,3.8,False
1767715791.84,2026-01-06 21:39:51,36,37,2050,24.3%,152,NORMAL,534.0,0.0,3.8,False
1767715793.96,2026-01-06 21:39:53,35,37,2050,24.4%,152,NORMAL,534.0,0.0,3.7,False
1767715795.19,2026-01-06 21:39:55,38,38,2051,24.5%,152,NORMAL,535.0,0.0,3.7,False
1767715796.25,2026-01-06 21:39:56,37,38,2053,24.7%,152,NORMAL,535.0,0.0,3.7,False
1767715798.59,2026-01-06 21:39:58,38,38,2054,24.9%,152,NORMAL,535.0,0.0,3.7,False
1767715800.56,2026-01-06 21:40:00,34,38,2054,25.1%,152,NORMAL,532.0,0.0,3.7,False
1767715803.53,2026-01-06 21:40:03,36,38,2054,25.3%,152,NORMAL,530.0,0.0,3.7,False
1767715804.55,2026-01-06 21:40:04,37,38,2055,25.4%,152,NORMAL,529.0,0.0,3.7,False
1767715805.59,2026-01-06 21:40:05,38,38,2056,25.7%,152,NORMAL,530.0,0.0,3.7,False
1767715807.40,2026-01-06 21:40:07,37,38,2056,25.8%,152,NORMAL,529.0,0.0,3.7,False
1767715809.28,2026-01-06 21:40:09,40,40,2057,26.0%,152,NORMAL,528.0,0.0,3.6,False
1767715811.75,2026-01-06 21:40:11,35,40,2057,26.1%,152,NORMAL,528.0,0.0,3.6,False
1767715813.56,2026-01-06 21:40:13,33,40,2058,26.1%,152,NORMAL,528.0,0.0,3.6,False
1767715815.78,2026-01-06 21:40:15,30,40,2058,26.1%,152,NORMAL,528.0,0.0,3.6,False
1767715817.03,2026-01-06 21:40:17,30,40,2059,26.0%,152,NORMAL,529.0,0.0,3.6,False
1767715819.88,2026-01-06 21:40:19,30,40,2060,25.9%,152,NORMAL,530.0,0.0,3.5,False
1767715821.32,2026-01-06 21:40:21,30,40,2061,25.8%,152,NORMAL,529.0,0.0,3.5,False
1767715822.89,2026-01-06 21:40:22,30,40,2061,25.6%,152,NORMAL,528.0,0.0,3.5,False
1767715824.11,2026-01-06 21:40:24,29,40,2062,25.5%,152,NORMAL,528.0,0.0,3.4,False
1767715826.38,2026-01-06 21:40:26,31,40,2063,25.4%,152,NORMAL,529.0,0.0,3.4,False
1767715827.52,2026-01-06 21:40:27,29,40,2064,25.3%,152,NORMAL,530.0,0.0,3.4,False
1767715828.86,2026-01-06 21:40:28,29,40,2064,25.1%,152,NORMAL,530.0,0.0,3.4,False
1767715830.28,2026-01-06 21:40:30,32,40,2065,25.2%,152,NORMAL,531.0,0.0,3.4,False
1767715831.38,2026-01-06 21:40:31,33,40,2066,25.2%,152,NORMAL,532.0,0.0,3.4,False
1767715833.98,2026-01-06 21:40:33,31,40,2066,25.1%,152,NORMAL,532.0,0.0,3.4,False
1767715835.09,2026-01-06 21:40:35,34,40,2067,25.1%,152,NORMAL,533.0,0.0,3.4,False
1767715836.53,2026-01-06 21:40:36,34,40,2067,25.1%,152,NORMAL,533.0,0.0,3.4,False
1767715839.00,2026-01-06 21:40:39,32,40,2067,25.1%,152,NORMAL,533.0,0.0,3.4,False
1767715840.53,2026-01-06 21:40:40,32,40,2068,25.1%,152,NORMAL,532.0,0.0,3.4,False
1767715842.99,2026-01-06 21:40:42,33,40,2068,25.0%,152,NORMAL,529.0,0.0,3.4,False
1767715844.01,2026-01-06 21:40:44,33,40,2068,25.0%,152,NORMAL,529.0,0.0,3.4,False
1767715847.00,2026-01-06 21:40:47,32,40,2070,24.9%,152,NORMAL,530.0,0.0,3.3,False
1767715848.29,2026-01-06 21:40:48,33,40,2070,24.8%,152,NORMAL,530.0,0.0,3.3,False
1767715849.38,2026-01-06 21:40:49,33,40,2071,24.7%,152,NORMAL,531.0,0.0,3.3,False
1767715852.69,2026-01-06 21:40:52,34,40,2073,24.6%,152,NORMAL,533.0,0.0,3.3,False
1767715854.08,2026-01-06 21:40:54,28,40,2073,24.5%,152,NORMAL,531.0,0.0,3.3,False
1767715857.30,2026-01-06 21:40:57,29,40,2074,24.3%,152,NORMAL,532.0,0.0,3.3,False
1767715858.49,2026-01-06 21:40:58,23,40,2074,24.0%,152,NORMAL,531.0,0.0,3.3,False
1767715861.39,2026-01-06 21:41:01,25,40,2074,23.7%,152,NORMAL,530.0,0.0,3.3,False
1767715862.46,2026-01-06 21:41:02,24,40,2075,23.4%,152,NORMAL,531.0,0.0,3.2,False
1767715864.41,2026-01-06 21:41:04,25,40,2075,23.1%,152,NORMAL,529.0,0.0,3.2,False
1767715865.85,2026-01-06 21:41:05,26,40,2076,22.8%,152,NORMAL,529.0,0.0,3.2,False
1767715868.05,2026-01-06 21:41:08,26,40,2076,22.7%,152,NORMAL,529.0,0.0,3.2,False
1767715869.20,2026-01-06 21:41:09,28,40,2078,22.6%,152,NORMAL,531.0,0.0,3.2,False
1767715871.43,2026-01-06 21:41:11,28,40,2079,22.6%,152,NORMAL,531.0,0.0,3.2,False
1767715872.66,2026-01-06 21:41:12,29,40,2080,22.6%,152,NORMAL,531.0,0.0,3.2,False
1767715874.79,2026-01-06 21:41:14,30,40,2081,22.6%,152,NORMAL,532.0,0.0,3.2,False
1767715876.37,2026-01-06 21:41:16,27,40,2081,22.5%,152,NORMAL,531.0,0.0,3.2,False
1767715878.48,2026-01-06 21:41:18,30,40,2082,22.5%,152,NORMAL,532.0,0.0,3.2,False
1767715879.50,2026-01-06 21:41:19,29,40,2083,22.5%,152,NORMAL,532.0,0.0,3.3,False
1767715881.83,2026-01-06 21:41:21,27,40,2084,22.4%,152,NORMAL,532.0,0.0,3.3,False
1767715883.29,2026-01-06 21:41:23,30,40,2087,22.4%,152,NORMAL,533.0,0.0,3.3,False
1767715885.92,2026-01-06 21:41:25,27,40,2088,22.3%,152,NORMAL,533.0,0.0,3.3,False
1767715887.03,2026-01-06 21:41:27,27,40,2089,22.2%,152,NORMAL,532.0,0.0,3.3,False
1767715889.40,2026-01-06 21:41:29,30,40,2092,22.2%,152,NORMAL,535.0,0.0,3.4,False
1767715890.58,2026-01-06 21:41:30,29,40,2092,22.1%,152,NORMAL,532.0,0.0,3.4,False
1767715891.87,2026-01-06 21:41:31,32,40,2093,22.0%,152,NORMAL,532.0,0.0,3.4,False
1767715895.16,2026-01-06 21:41:35,33,40,2095,22.0%,152,NORMAL,533.0,0.0,3.4,False
1767715896.57,2026-01-06 21:41:36,33,40,2095,22.1%,152,NORMAL,533.0,0.0,3.4,False
1767715897.61,2026-01-06 21:41:37,32,40,2096,22.0%,152,NORMAL,534.0,0.0,3.4,False
1767715900.45,2026-01-06 21:41:40,34,40,2097,22.1%,152,NORMAL,535.0,0.0,3.4,False
1767715901.58,2026-01-06 21:41:41,31,40,2097,22.0%,152,NORMAL,534.0,0.0,3.4,False
1767715904.22,2026-01-06 21:41:44,30,40,2097,22.0%,152,NORMAL,534.0,0.0,3.4,False
1767715905.51,2026-01-06 21:41:45,32,40,2098,21.9%,152,NORMAL,534.0,0.0,3.3,False
1767715908.43,2026-01-06 21:41:48,28,40,2098,21.8%,152,NORMAL,534.0,0.0,3.3,False
1767715909.62,2026-01-06 21:41:49,28,40,2099,21.8%,152,NORMAL,533.0,0.0,3.3,False
1767715911.84,2026-01-06 21:41:51,28,40,2100,21.8%,152,NORMAL,533.0,0.0,3.3,False
1767715913.34,2026-01-06 21:41:53,30,40,2100,21.9%,152,NORMAL,533.0,0.0,3.3,False
1767715915.30,2026-01-06 21:41:55,30,40,2100,22.1%,152,NORMAL,533.0,0.0,3.3,False
1767715916.36,2026-01-06 21:41:56,30,40,2101,22.2%,152,NORMAL,534.0,0.0,3.3,False
1767715919.43,2026-01-06 21:41:59,29,40,2101,22.3%,152,NORMAL,532.0,0.0,3.3,False
1767715920.44,2026-01-06 21:42:00,30,40,2104,22.4%,152,NORMAL,535.0,0.0,3.4,False
1767715921.53,2026-01-06 21:42:01,31,40,2104,22.5%,152,NORMAL,535.0,0.0,3.4,False
1767715923.88,2026-01-06 21:42:03,31,40,2105,22.6%,152,NORMAL,536.0,0.0,3.4,False
1767715925.22,2026-01-06 21:42:05,28,40,2105,22.6%,152,NORMAL,536.0,0.0,3.4,False
1767715927.99,2026-01-06 21:42:07,30,40,2106,22.6%,152,NORMAL,537.0,0.0,3.4,False
1767715929.01,2026-01-06 21:42:09,29,40,2107,22.6%,152,NORMAL,538.0,0.0,3.5,False
1767715931.16,2026-01-06 21:42:11,25,40,2107,22.5%,152,NORMAL,537.0,0.0,3.5,False
1767715932.50,2026-01-06 21:42:12,26,40,2108,22.4%,152,NORMAL,533.0,0.0,3.5,False
1767715934.80,2026-01-06 21:42:14,28,40,2110,22.4%,152,NORMAL,535.0,0.0,3.5,False
1767715936.04,2026-01-06 21:42:16,27,40,2110,22.4%,152,NORMAL,532.0,0.0,3.5,False
1767715938.58,2026-01-06 21:42:18,27,40,2110,22.3%,152,NORMAL,528.0,0.0,3.5,False
1767715939.87,2026-01-06 21:42:19,28,40,2111,22.4%,152,NORMAL,526.0,0.0,3.5,False
1767715942.58,2026-01-06 21:42:22,30,40,2114,22.4%,152,NORMAL,527.0,0.0,3.5,False
1767715944.71,2026-01-06 21:42:24,30,40,2125,22.4%,152,NORMAL,538.0,0.0,3.5,False
1767715945.84,2026-01-06 21:42:25,31,40,2126,22.5%,152,NORMAL,539.0,0.0,3.5,False
1767715948.19,2026-01-06 21:42:28,32,40,2126,22.5%,152,NORMAL,537.0,0.0,3.5,False
1767715949.41,2026-01-06 21:42:29,32,40,2126,22.5%,152,NORMAL,536.0,0.0,3.5,False
1767715950.61,2026-01-06 21:42:30,31,40,2129,22.4%,152,NORMAL,538.0,0.0,3.4,False
1767715953.20,2026-01-06 21:42:33,33,40,2130,22.4%,152,NORMAL,538.0,0.0,3.4,False
1767715954.28,2026-01-06 21:42:34,33,40,2131,22.4%,152,NORMAL,538.0,0.0,3.4,False
1767715956.84,2026-01-06 21:42:36,31,40,2131,22.4%,152,NORMAL,536.0,0.0,3.4,False
1767715958.56,2026-01-06 21:42:38,30,40,2131,22.4%,152,NORMAL,535.0,0.0,3.4,False
1767715961.26,2026-01-06 21:42:41,32,40,2132,22.4%,152,NORMAL,535.0,0.0,3.3,False
1767715962.33,2026-01-06 21:42:42,31,40,2132,22.5%,152,NORMAL,533.0,0.0,3.3,False
1767715963.37,2026-01-06 21:42:43,31,40,2132,22.6%,152,NORMAL,531.0,0.0,3.3,False
1767715965.97,2026-01-06 21:42:45,32,40,2132,22.6%,152,NORMAL,531.0,0.0,3.3,False
1767715967.13,2026-01-06 21:42:47,31,40,2135,22.7%,152,NORMAL,530.0,0.0,3.3,False
1767715968.86,2026-01-06 21:42:48,28,40,2135,22.6%,152,NORMAL,528.0,0.0,3.2,False
1767715970.42,2026-01-06 21:42:50,32,40,2137,22.7%,152,NORMAL,527.0,0.0,3.2,False
1767715973.27,2026-01-06 21:42:53,33,40,2140,22.8%,152,NORMAL,528.0,0.0,3.2,False
1767715974.50,2026-01-06 21:42:54,30,40,2141,22.8%,152,NORMAL,529.0,0.0,3.2,False
1767715976.39,2026-01-06 21:42:56,28,40,2141,22.7%,152,NORMAL,527.0,0.0,3.2,False
1767715978.21,2026-01-06 21:42:58,28,40,2141,22.6%,152,NORMAL,527.0,0.0,3.2,False
1767715980.47,2026-01-06 21:43:00,31,40,2144,22.7%,152,NORMAL,528.0,0.0,3.2,False
1767715982.13,2026-01-06 21:43:02,31,40,2145,22.7%,152,NORMAL,529.0,0.0,3.2,False
1767715983.14,2026-01-06 21:43:03,31,40,2145,22.8%,152,NORMAL,528.0,0.0,3.2,False
1767715985.22,2026-01-06 21:43:05,30,40,2146,22.9%,152,NORMAL,529.0,0.0,3.2,False
1767715986.47,2026-01-06 21:43:06,30,40,2147,23.0%,152,NORMAL,530.0,0.0,3.2,False
1767715989.33,2026-01-06 21:43:09,33,40,2148,23.1%,152,NORMAL,530.0,0.0,3.2,False
1767715990.93,2026-01-06 21:43:10,27,40,2148,23.1%,152,NORMAL,529.0,0.0,3.2,False
1767715993.30,2026-01-06 21:43:13,30,40,2150,23.2%,152,NORMAL,530.0,0.0,3.2,False
1767715994.69,2026-01-06 21:43:14,28,40,2151,23.2%,152,NORMAL,530.0,0.0,3.2,False
1767715997.11,2026-01-06 21:43:17,27,40,2152,23.1%,152,NORMAL,531.0,0.0,3.2,False
1767715998.30,2026-01-06 21:43:18,31,40,2155,23.1%,152,NORMAL,532.0,0.0,3.1,False
1767716000.20,2026-01-06 21:43:20,29,40,2156,23.1%,152,NORMAL,532.0,0.0,3.1,False
1767716001.35,2026-01-06 21:43:21,29,40,2157,23.0%,152,NORMAL,533.0,0.0,3.1,False
1767716004.16,2026-01-06 21:43:24,28,40,2158,22.9%,152,NORMAL,534.0,0.0,3.1,False
1767716005.75,2026-01-06 21:43:25,27,40,2158,22.8%,152,NORMAL,534.0,0.0,3.1,False
1767716007.15,2026-01-06 21:43:27,27,40,2158,22.7%,152,NORMAL,533.0,0.0,3.1,False
1767716008.88,2026-01-06 21:43:28,27,40,2158,22.5%,152,NORMAL,533.0,0.0,3.1,False
