timestamp,datetime,current_occupancy,peak_occupancy,unique_people,utilization_pct,est_capacity,capacity_status,flow_rate_per_min,avg_dwell_time_sec,processing_fps,processing_fps,alert_active,area_used_sqm,area_free_sqm
1767888387.57,2026-01-08 21:36:27,0,0,0,0.0%,18,NORMAL,0.0,0.0,0.4,0.4,False,0.00,44.19
1767888394.27,2026-01-08 21:36:34,6,6,0,4.7%,18,NORMAL,0.0,0.0,0.4,0.4,False,4.16,40.03
1767888396.03,2026-01-08 21:36:36,5,6,0,5.8%,18,NORMAL,0.0,0.0,0.5,0.5,False,3.56,40.64
1767888397.88,2026-01-08 21:36:37,5,6,5,6.4%,18,NORMAL,0.0,0.0,0.5,0.5,False,3.56,40.64
1767888399.74,2026-01-08 21:36:39,4,6,5,6.4%,18,NORMAL,0.0,0.0,0.5,0.5,False,2.92,41.28
1767888401.53,2026-01-08 21:36:41,4,6,5,6.4%,18,NORMAL,0.0,0.0,0.5,0.5,False,2.92,41.28
1767888403.41,2026-01-08 21:36:43,3,6,5,6.3%,18,NORMAL,0.0,0.0,0.5,0.5,False,2.24,41.95
1767888405.16,2026-01-08 21:36:45,3,6,5,6.1%,18,NORMAL,0.0,0.0,0.5,0.5,False,2.24,41.95
1767888406.99,2026-01-08 21:36:46,1,6,5,5.6%,18,NORMAL,0.0,0.0,0.5,0.5,False,0.78,43.41
1767888408.89,2026-01-08 21:36:48,4,6,5,5.7%,18,NORMAL,0.0,0.0,0.5,0.5,False,2.92,41.28
1767888410.81,2026-01-08 21:36:50,4,6,5,5.8%,18,NORMAL,0.0,0.0,0.5,0.5,False,2.92,41.28
1767888412.75,2026-01-08 21:36:52,5,6,6,6.0%,18,NORMAL,0.0,0.0,0.5,0.5,False,3.56,40.64
1767888415.00,2026-01-08 21:36:55,5,6,7,6.1%,18,NORMAL,0.0,0.0,0.5,0.5,False,3.56,40.64
1767888417.28,2026-01-08 21:36:57,4,6,8,6.2%,18,NORMAL,0.0,0.0,0.5,0.5,False,2.92,41.28
1767888419.70,2026-01-08 21:36:59,4,6,8,6.2%,18,NORMAL,0.0,0.0,0.5,0.5,False,2.92,41.28
1767888422.06,2026-01-08 21:37:02,4,6,8,6.2%,18,NORMAL,0.0,0.0,0.5,0.5,False,2.92,41.28
1767888424.43,2026-01-08 21:37:04,4,6,8,6.3%,18,NORMAL,0.0,0.0,0.5,0.5,False,2.92,41.28
1767888426.86,2026-01-08 21:37:06,4,6,8,6.3%,18,NORMAL,0.0,0.0,0.5,0.5,False,2.92,41.28
1767888429.29,2026-01-08 21:37:09,3,6,8,6.2%,18,NORMAL,0.0,0.0,0.5,0.5,False,2.24,41.95
1767888431.53,2026-01-08 21:37:11,3,6,8,6.2%,18,NORMAL,0.0,0.0,0.5,0.5,False,2.24,41.95
1767888433.80,2026-01-08 21:37:13,4,6,8,6.2%,18,NORMAL,0.0,0.0,0.5,0.5,False,2.92,41.28
1767888435.92,2026-01-08 21:37:15,2,6,8,6.0%,18,NORMAL,0.0,0.0,0.5,0.5,False,1.53,42.67
1767888438.19,2026-01-08 21:37:18,2,6,8,5.9%,18,NORMAL,0.0,0.0,0.5,0.5,False,1.53,42.67
1767888440.64,2026-01-08 21:37:20,2,6,8,5.8%,18,NORMAL,0.0,0.0,0.5,0.5,False,1.53,42.67
1767888443.25,2026-01-08 21:37:23,2,6,8,5.7%,18,NORMAL,0.0,0.0,0.5,0.5,False,1.53,42.67
1767888445.83,2026-01-08 21:37:25,2,6,8,5.7%,18,NORMAL,0.0,0.0,0.5,0.5,False,1.53,42.67
1767888448.58,2026-01-08 21:37:28,1,6,8,5.5%,18,NORMAL,0.0,0.0,0.5,0.5,False,0.78,43.41
1767888451.19,2026-01-08 21:37:31,1,6,8,5.4%,18,NORMAL,0.0,0.0,0.5,0.5,False,0.78,43.41
1767888453.92,2026-01-08 21:37:33,1,6,8,5.2%,18,NORMAL,0.0,0.0,0.5,0.5,False,0.78,43.41
1767888456.44,2026-01-08 21:37:36,1,6,8,5.1%,18,NORMAL,480.0,0.0,0.5,0.5,False,0.78,43.41
1767888458.88,2026-01-08 21:37:38,1,6,8,5.2%,18,NORMAL,464.5,0.0,0.5,0.5,False,0.78,43.41
1767888461.18,2026-01-08 21:37:41,1,6,8,4.9%,18,NORMAL,450.0,0.0,0.5,0.5,False,0.78,43.41
1767888463.54,2026-01-08 21:37:43,1,6,8,4.7%,18,NORMAL,436.4,0.0,0.5,0.5,False,0.78,43.41
1767888465.90,2026-01-08 21:37:45,1,6,8,4.5%,18,NORMAL,423.5,0.0,0.5,0.5,False,0.78,43.41
1767888468.19,2026-01-08 21:37:48,1,6,8,4.4%,18,NORMAL,411.4,0.0,0.5,0.5,False,0.78,43.41
1767888470.44,2026-01-08 21:37:50,0,6,7,4.1%,18,NORMAL,350.0,0.0,0.5,0.5,False,0.00,44.19
1767888472.86,2026-01-08 21:37:52,0,6,7,4.0%,18,NORMAL,340.5,0.0,0.5,0.5,False,0.00,44.19
1767888475.55,2026-01-08 21:37:55,1,6,7,3.9%,18,NORMAL,331.6,0.0,0.5,0.5,False,0.78,43.41
1767888478.09,2026-01-08 21:37:58,1,6,7,3.9%,18,NORMAL,323.1,0.0,0.5,0.5,False,0.78,43.41
1767888480.42,2026-01-08 21:38:00,1,6,7,3.7%,18,NORMAL,315.0,0.0,0.5,0.5,False,0.78,43.41
1767888482.90,2026-01-08 21:38:02,2,6,7,3.6%,18,NORMAL,307.3,0.0,0.5,0.5,False,1.53,42.67
1767888485.36,2026-01-08 21:38:05,1,6,7,3.4%,18,NORMAL,300.0,0.0,0.5,0.5,False,0.78,43.41
1767888487.70,2026-01-08 21:38:07,2,6,8,3.2%,18,NORMAL,334.9,0.0,0.5,0.5,False,1.53,42.67
1767888490.11,2026-01-08 21:38:10,2,6,8,3.1%,18,NORMAL,327.3,0.0,0.5,0.5,False,1.53,42.67
1767888492.58,2026-01-08 21:38:12,1,6,8,3.0%,18,NORMAL,320.0,0.0,0.5,0.5,False,0.78,43.41
1767888494.99,2026-01-08 21:38:14,1,6,8,2.8%,18,NORMAL,313.0,0.0,0.5,0.5,False,0.78,43.41
1767888497.39,2026-01-08 21:38:17,3,6,8,2.8%,18,NORMAL,306.4,0.0,0.5,0.5,False,2.24,41.95
1767888499.81,2026-01-08 21:38:19,3,6,8,2.7%,18,NORMAL,300.0,0.0,0.5,0.5,False,2.24,41.95
1767888502.17,2026-01-08 21:38:22,3,6,8,2.7%,18,NORMAL,293.9,0.0,0.5,0.5,False,2.24,41.95
1767888504.68,2026-01-08 21:38:24,3,6,8,2.7%,18,NORMAL,288.0,0.0,0.5,0.5,False,2.24,41.95
1767888507.05,2026-01-08 21:38:27,2,6,8,2.6%,18,NORMAL,282.4,0.0,0.5,0.5,False,1.53,42.67
1767888509.56,2026-01-08 21:38:29,2,6,8,2.6%,18,NORMAL,276.9,0.0,0.5,0.5,False,1.53,42.67
1767888511.89,2026-01-08 21:38:31,1,6,8,2.5%,18,NORMAL,271.7,0.0,0.5,0.5,False,0.78,43.41
1767888514.37,2026-01-08 21:38:34,1,6,8,2.5%,18,NORMAL,266.7,0.0,0.5,0.5,False,0.78,43.41
1767888516.71,2026-01-08 21:38:36,1,6,8,2.4%,18,NORMAL,261.8,0.0,0.5,0.5,False,0.78,43.41
1767888519.37,2026-01-08 21:38:39,2,6,8,2.4%,18,NORMAL,257.1,0.0,0.5,0.5,False,1.53,42.67
1767888521.76,2026-01-08 21:38:41,1,6,8,2.4%,18,NORMAL,252.6,0.0,0.5,0.5,False,0.78,43.41
1767888524.25,2026-01-08 21:38:44,3,6,8,2.5%,18,NORMAL,248.3,0.0,0.5,0.5,False,2.24,41.95
1767888526.54,2026-01-08 21:38:46,1,6,8,2.5%,18,NORMAL,244.1,0.0,0.5,0.5,False,0.78,43.41
1767888528.91,2026-01-08 21:38:48,2,6,8,2.6%,18,NORMAL,240.0,0.0,0.5,0.5,False,1.53,42.67
1767888531.55,2026-01-08 21:38:51,2,6,8,2.7%,18,NORMAL,236.1,0.0,0.5,0.5,False,1.53,42.67
1767888534.23,2026-01-08 21:38:54,2,6,8,2.7%,18,NORMAL,232.3,0.0,0.5,0.5,False,1.53,42.67
1767888536.54,2026-01-08 21:38:56,2,6,8,2.8%,18,NORMAL,228.6,0.0,0.5,0.5,False,1.53,42.67
1767888539.09,2026-01-08 21:38:59,2,6,8,2.8%,18,NORMAL,225.0,0.0,0.5,0.5,False,1.53,42.67
1767888541.60,2026-01-08 21:39:01,2,6,8,2.9%,18,NORMAL,221.5,0.0,0.5,0.5,False,1.53,42.67
1767888544.05,2026-01-08 21:39:04,3,6,8,3.0%,18,NORMAL,218.2,0.0,0.5,0.5,False,2.24,41.95
1767888546.67,2026-01-08 21:39:06,3,6,8,3.2%,18,NORMAL,214.9,0.0,0.5,0.5,False,2.24,41.95
1767888549.28,2026-01-08 21:39:09,3,6,9,3.3%,18,NORMAL,238.2,0.0,0.5,0.5,False,2.24,41.95
1767888551.73,2026-01-08 21:39:11,3,6,9,3.4%,18,NORMAL,234.8,0.0,0.5,0.5,False,2.24,41.95
1767888554.75,2026-01-08 21:39:14,2,6,9,3.5%,18,NORMAL,231.4,0.0,0.5,0.5,False,1.53,42.67
1767888557.60,2026-01-08 21:39:17,4,6,9,3.6%,18,NORMAL,228.2,0.0,0.5,0.5,False,2.92,41.28
1767888560.27,2026-01-08 21:39:20,4,6,9,3.8%,18,NORMAL,225.0,0.0,0.5,0.5,False,2.92,41.28
1767888562.72,2026-01-08 21:39:22,4,6,10,3.9%,18,NORMAL,246.6,0.0,0.5,0.5,False,2.92,41.28
1767888565.42,2026-01-08 21:39:25,4,6,10,4.0%,18,NORMAL,243.2,0.0,0.5,0.5,False,2.92,41.28
1767888567.90,2026-01-08 21:39:27,3,6,10,4.1%,18,NORMAL,240.0,0.0,0.5,0.5,False,2.24,41.95
1767888570.75,2026-01-08 21:39:30,2,6,10,4.1%,18,NORMAL,236.8,0.0,0.5,0.5,False,1.53,42.67
1767888573.42,2026-01-08 21:39:33,3,6,10,4.1%,18,NORMAL,233.8,0.0,0.5,0.5,False,2.24,41.95
1767888576.26,2026-01-08 21:39:36,3,6,10,4.1%,18,NORMAL,230.8,0.0,0.5,0.5,False,2.24,41.95
1767888578.96,2026-01-08 21:39:38,3,6,10,4.1%,18,NORMAL,227.8,0.0,0.4,0.4,False,2.24,41.95
1767888581.45,2026-01-08 21:39:41,3,6,10,4.1%,18,NORMAL,225.0,0.0,0.4,0.4,False,2.24,41.95
1767888584.04,2026-01-08 21:39:44,3,6,10,4.2%,18,NORMAL,222.2,0.0,0.4,0.4,False,2.24,41.95
1767888586.44,2026-01-08 21:39:46,3,6,10,4.2%,18,NORMAL,219.5,0.0,0.4,0.4,False,2.24,41.95
1767888588.93,2026-01-08 21:39:48,3,6,10,4.3%,18,NORMAL,216.9,0.0,0.4,0.4,False,2.24,41.95
1767888591.46,2026-01-08 21:39:51,2,6,10,4.4%,18,NORMAL,214.3,0.0,0.4,0.4,False,1.53,42.67
1767888594.43,2026-01-08 21:39:54,2,6,10,4.5%,18,NORMAL,211.8,0.0,0.4,0.4,False,1.53,42.67
1767888597.04,2026-01-08 21:39:57,1,6,10,4.4%,18,NORMAL,209.3,0.0,0.4,0.4,False,0.78,43.41
1767888599.55,2026-01-08 21:39:59,1,6,10,4.4%,18,NORMAL,206.9,0.0,0.4,0.4,False,0.78,43.41
1767888602.17,2026-01-08 21:40:02,1,6,10,4.3%,18,NORMAL,204.5,0.0,0.4,0.4,False,0.78,43.41
1767888605.24,2026-01-08 21:40:05,1,6,10,4.3%,18,NORMAL,202.2,0.0,0.4,0.4,False,0.78,43.41
1767888608.12,2026-01-08 21:40:08,1,6,10,4.2%,18,NORMAL,200.0,0.0,0.4,0.4,False,0.78,43.41
1767888610.90,2026-01-08 21:40:10,1,6,10,4.2%,18,NORMAL,197.8,0.0,0.4,0.4,False,0.78,43.41
1767888613.33,2026-01-08 21:40:13,1,6,10,4.1%,18,NORMAL,195.7,0.0,0.4,0.4,False,0.78,43.41
1767888615.84,2026-01-08 21:40:15,1,6,10,4.1%,18,NORMAL,193.5,0.0,0.4,0.4,False,0.78,43.41
1767888618.26,2026-01-08 21:40:18,1,6,10,4.0%,18,NORMAL,191.5,0.0,0.4,0.4,False,0.78,43.41
1767888621.09,2026-01-08 21:40:21,1,6,10,4.0%,18,NORMAL,189.5,0.0,0.4,0.4,False,0.78,43.41
1767888624.10,2026-01-08 21:40:24,1,6,10,3.8%,18,NORMAL,187.5,0.0,0.4,0.4,False,0.78,43.41
1767888627.02,2026-01-08 21:40:27,1,6,10,3.7%,18,NORMAL,185.6,0.0,0.4,0.4,False,0.78,43.41
1767888630.01,2026-01-08 21:40:30,2,6,10,3.7%,18,NORMAL,183.7,0.0,0.4,0.4,False,1.53,42.67
1767888633.12,2026-01-08 21:40:33,2,6,10,3.6%,18,NORMAL,181.8,0.0,0.4,0.4,False,1.53,42.67
1767888635.96,2026-01-08 21:40:35,2,6,10,3.6%,18,NORMAL,180.0,0.0,0.4,0.4,False,1.53,42.67
1767888638.75,2026-01-08 21:40:38,4,6,10,3.6%,18,NORMAL,178.2,0.0,0.4,0.4,False,2.92,41.28
1767888641.55,2026-01-08 21:40:41,4,6,10,3.6%,18,NORMAL,176.5,0.0,0.4,0.4,False,2.92,41.28
1767888644.25,2026-01-08 21:40:44,3,6,11,3.6%,18,NORMAL,192.2,0.0,0.4,0.4,False,2.24,41.95
1767888647.05,2026-01-08 21:40:47,3,6,11,3.5%,18,NORMAL,190.4,0.0,0.4,0.4,False,2.24,41.95
1767888649.95,2026-01-08 21:40:49,3,6,11,3.5%,18,NORMAL,188.6,0.0,0.4,0.4,False,2.24,41.95
1767888652.79,2026-01-08 21:40:52,3,6,11,3.6%,18,NORMAL,186.8,0.0,0.4,0.4,False,2.24,41.95
1767888655.36,2026-01-08 21:40:55,3,6,11,3.6%,18,NORMAL,185.0,0.0,0.4,0.4,False,2.24,41.95
1767888657.86,2026-01-08 21:40:57,4,6,11,3.6%,18,NORMAL,183.3,0.0,0.4,0.4,False,2.92,41.28
1767888660.49,2026-01-08 21:41:00,5,6,11,3.7%,18,NORMAL,181.7,0.0,0.4,0.4,False,3.56,40.64
1767888662.98,2026-01-08 21:41:02,5,6,11,3.8%,18,NORMAL,180.0,0.0,0.4,0.4,False,3.56,40.64
1767888665.47,2026-01-08 21:41:05,5,6,11,3.9%,18,NORMAL,178.4,0.0,0.4,0.4,False,3.56,40.64
1767888668.05,2026-01-08 21:41:08,5,6,11,4.0%,18,NORMAL,176.8,0.0,0.4,0.4,False,3.56,40.64
1767888670.57,2026-01-08 21:41:10,5,6,11,4.1%,18,NORMAL,175.2,0.0,0.4,0.4,False,3.56,40.64
1767888673.29,2026-01-08 21:41:13,5,6,11,4.3%,18,NORMAL,173.7,0.0,0.4,0.4,False,3.56,40.64
1767888675.91,2026-01-08 21:41:15,5,6,12,4.4%,18,NORMAL,187.8,0.0,0.4,0.4,False,3.56,40.64
1767888678.45,2026-01-08 21:41:18,4,6,12,4.6%,18,NORMAL,186.2,0.0,0.4,0.4,False,2.92,41.28
1767888681.22,2026-01-08 21:41:21,4,6,12,4.8%,18,NORMAL,184.6,0.0,0.4,0.4,False,2.92,41.28
1767888683.84,2026-01-08 21:41:23,4,6,12,4.9%,18,NORMAL,183.1,0.0,0.4,0.4,False,2.92,41.28
1767888686.70,2026-01-08 21:41:26,4,6,12,5.1%,18,NORMAL,181.5,0.0,0.4,0.4,False,2.92,41.28
1767888689.35,2026-01-08 21:41:29,4,6,12,5.2%,18,NORMAL,180.0,0.0,0.4,0.4,False,2.92,41.28
1767888691.99,2026-01-08 21:41:31,4,6,12,5.4%,18,NORMAL,178.5,0.0,0.4,0.4,False,2.92,41.28
1767888694.48,2026-01-08 21:41:34,5,6,12,5.6%,18,NORMAL,177.0,0.0,0.4,0.4,False,3.56,40.64
1767888697.11,2026-01-08 21:41:37,3,6,12,5.7%,18,NORMAL,175.6,0.0,0.4,0.4,False,2.24,41.95
1767888699.70,2026-01-08 21:41:39,4,6,12,5.9%,18,NORMAL,174.2,0.0,0.4,0.4,False,2.92,41.28
1767888702.47,2026-01-08 21:41:42,6,6,12,6.1%,18,NORMAL,172.8,0.0,0.4,0.4,False,4.16,40.03
1767888705.01,2026-01-08 21:41:45,5,6,13,6.3%,18,NORMAL,185.7,0.0,0.4,0.4,False,3.56,40.64
1767888707.57,2026-01-08 21:41:47,5,6,13,6.6%,18,NORMAL,184.3,0.0,0.4,0.4,False,3.56,40.64
1767888710.44,2026-01-08 21:41:50,5,6,13,6.7%,18,NORMAL,182.8,0.0,0.4,0.4,False,3.56,40.64
1767888713.33,2026-01-08 21:41:53,5,6,13,6.9%,18,NORMAL,181.4,0.0,0.4,0.4,False,3.56,40.64
1767888715.93,2026-01-08 21:41:55,6,6,13,7.1%,18,NORMAL,180.0,0.0,0.4,0.4,False,4.16,40.03
1767888718.68,2026-01-08 21:41:58,6,6,13,7.2%,18,NORMAL,178.6,0.0,0.4,0.4,False,4.16,40.03
1767888721.33,2026-01-08 21:42:01,6,6,13,7.2%,18,NORMAL,177.3,0.0,0.4,0.4,False,4.16,40.03
1767888723.97,2026-01-08 21:42:03,5,6,14,7.3%,18,NORMAL,189.5,0.0,0.4,0.4,False,3.56,40.64
1767888726.61,2026-01-08 21:42:06,5,6,14,7.4%,18,NORMAL,188.1,0.0,0.4,0.4,False,3.56,40.64
1767888729.22,2026-01-08 21:42:09,4,6,14,7.5%,18,NORMAL,186.7,0.0,0.4,0.4,False,2.92,41.28
1767888731.93,2026-01-08 21:42:11,5,6,14,7.6%,18,NORMAL,185.3,0.0,0.4,0.4,False,3.56,40.64
1767888734.58,2026-01-08 21:42:14,6,6,14,7.7%,18,NORMAL,183.9,0.0,0.4,0.4,False,4.16,40.03
1767888737.80,2026-01-08 21:42:17,5,6,15,7.8%,18,NORMAL,195.7,0.0,0.4,0.4,False,3.56,40.64
1767888740.84,2026-01-08 21:42:20,5,6,16,7.8%,18,NORMAL,207.2,0.0,0.4,0.4,False,3.56,40.64
1767888743.56,2026-01-08 21:42:23,6,6,16,7.8%,18,NORMAL,205.7,0.0,0.4,0.4,False,4.16,40.03
1767888746.21,2026-01-08 21:42:26,6,6,16,7.9%,18,NORMAL,204.3,0.0,0.4,0.4,False,4.16,40.03
1767888748.84,2026-01-08 21:42:28,5,6,17,7.9%,18,NORMAL,215.5,0.0,0.4,0.4,False,3.56,40.64
1767888751.59,2026-01-08 21:42:31,6,6,17,7.9%,18,NORMAL,214.0,0.0,0.4,0.4,False,4.16,40.03
1767888754.65,2026-01-08 21:42:34,6,6,17,8.0%,18,NORMAL,212.5,0.0,0.4,0.4,False,4.16,40.03
1767888757.56,2026-01-08 21:42:37,5,6,17,8.0%,18,NORMAL,211.0,0.0,0.4,0.4,False,3.56,40.64
1767888760.11,2026-01-08 21:42:40,5,6,17,8.0%,18,NORMAL,209.6,0.0,0.4,0.4,False,3.56,40.64
1767888762.77,2026-01-08 21:42:42,5,6,17,8.1%,18,NORMAL,208.2,0.0,0.4,0.4,False,3.56,40.64
1767888765.32,2026-01-08 21:42:45,6,6,17,8.2%,18,NORMAL,206.8,0.0,0.4,0.4,False,4.16,40.03
1767888768.12,2026-01-08 21:42:48,6,6,17,8.3%,18,NORMAL,205.4,0.0,0.4,0.4,False,4.16,40.03
1767888770.98,2026-01-08 21:42:50,6,6,17,8.3%,18,NORMAL,204.0,0.0,0.4,0.4,False,4.16,40.03
1767888773.73,2026-01-08 21:42:53,6,6,17,8.4%,18,NORMAL,202.6,0.0,0.4,0.4,False,4.16,40.03
1767888777.11,2026-01-08 21:42:57,6,6,17,8.5%,18,NORMAL,201.3,0.0,0.4,0.4,False,4.16,40.03
1767888779.69,2026-01-08 21:42:59,6,6,17,8.6%,18,NORMAL,200.0,0.0,0.4,0.4,False,4.16,40.03
1767888782.45,2026-01-08 21:43:02,6,6,17,8.7%,18,NORMAL,198.7,0.0,0.4,0.4,False,4.16,40.03
1767888785.30,2026-01-08 21:43:05,6,6,17,8.7%,18,NORMAL,197.4,0.0,0.4,0.4,False,4.16,40.03
1767888788.00,2026-01-08 21:43:07,6,6,17,8.8%,18,NORMAL,196.2,0.0,0.4,0.4,False,4.16,40.03
1767888790.67,2026-01-08 21:43:10,5,6,17,8.8%,18,NORMAL,194.9,0.0,0.4,0.4,False,3.56,40.64
1767888793.37,2026-01-08 21:43:13,5,6,17,8.8%,18,NORMAL,193.7,0.0,0.4,0.4,False,3.56,40.64
1767888796.01,2026-01-08 21:43:16,5,6,17,8.8%,18,NORMAL,192.5,0.0,0.4,0.4,False,3.56,40.64
1767888799.03,2026-01-08 21:43:19,5,6,17,8.7%,18,NORMAL,191.2,0.0,0.4,0.4,False,3.56,40.64
1767888801.58,2026-01-08 21:43:21,6,6,17,8.7%,18,NORMAL,190.1,0.0,0.4,0.4,False,4.16,40.03
1767888804.23,2026-01-08 21:43:24,6,6,17,8.7%,18,NORMAL,188.9,0.0,0.4,0.4,False,4.16,40.03
1767888806.88,2026-01-08 21:43:26,8,8,17,8.9%,18,NORMAL,187.7,0.0,0.4,0.4,False,5.26,38.93
1767888809.63,2026-01-08 21:43:29,8,8,17,9.0%,18,NORMAL,186.6,0.0,0.4,0.4,False,5.26,38.93
1767888812.46,2026-01-08 21:43:32,7,8,17,9.1%,18,NORMAL,185.5,0.0,0.4,0.4,False,4.73,39.47
1767888815.27,2026-01-08 21:43:35,7,8,17,9.2%,18,NORMAL,184.3,0.0,0.4,0.4,False,4.73,39.47
1767888818.40,2026-01-08 21:43:38,7,8,18,9.3%,18,NORMAL,194.0,0.0,0.4,0.4,False,4.73,39.47
1767888821.66,2026-01-08 21:43:41,7,8,18,9.3%,18,NORMAL,192.9,0.0,0.4,0.4,False,4.73,39.47
1767888824.84,2026-01-08 21:43:44,7,8,18,9.4%,18,NORMAL,191.7,0.0,0.4,0.4,False,4.73,39.47
1767888827.54,2026-01-08 21:43:47,6,8,18,9.4%,18,NORMAL,190.6,0.0,0.4,0.4,False,4.16,40.03
1767888830.13,2026-01-08 21:43:50,7,8,19,9.5%,18,NORMAL,200.0,0.0,0.4,0.4,False,4.73,39.47
1767888832.85,2026-01-08 21:43:52,7,8,20,9.6%,18,NORMAL,209.3,0.0,0.4,0.4,False,4.73,39.47
1767888835.48,2026-01-08 21:43:55,8,8,20,9.6%,18,NORMAL,208.1,0.0,0.4,0.4,False,5.26,38.93
1767888838.18,2026-01-08 21:43:58,9,9,21,9.8%,18,NORMAL,217.2,0.0,0.4,0.4,False,5.76,38.43
1767888840.79,2026-01-08 21:44:00,9,9,21,9.9%,18,NORMAL,216.0,0.0,0.4,0.4,False,5.76,38.43
1767888843.48,2026-01-08 21:44:03,7,9,21,10.0%,18,NORMAL,214.8,0.0,0.4,0.4,False,4.73,39.47
1767888846.12,2026-01-08 21:44:06,7,9,21,10.1%,18,NORMAL,213.6,0.0,0.4,0.4,False,4.73,39.47
1767888848.83,2026-01-08 21:44:08,8,9,21,10.2%,18,NORMAL,212.4,0.0,0.4,0.4,False,5.26,38.93
1767888851.66,2026-01-08 21:44:11,7,9,21,10.2%,18,NORMAL,211.2,0.0,0.4,0.4,False,4.73,39.47
1767888854.65,2026-01-08 21:44:14,8,9,22,10.3%,18,NORMAL,220.0,0.0,0.4,0.4,False,5.26,38.93
1767888857.64,2026-01-08 21:44:17,8,9,22,10.4%,18,NORMAL,218.8,0.0,0.4,0.4,False,5.26,38.93
1767888860.76,2026-01-08 21:44:20,8,9,22,10.5%,18,NORMAL,217.6,0.0,0.4,0.4,False,5.26,38.93
1767888863.83,2026-01-08 21:44:23,8,9,22,10.6%,18,NORMAL,216.4,0.0,0.4,0.4,False,5.26,38.93
1767888866.64,2026-01-08 21:44:26,8,9,22,10.6%,18,NORMAL,215.2,0.0,0.4,0.4,False,5.26,38.93
1767888869.62,2026-01-08 21:44:29,7,9,22,10.7%,18,NORMAL,214.1,0.0,0.4,0.4,False,4.73,39.47
1767888872.50,2026-01-08 21:44:32,7,9,22,10.7%,18,NORMAL,212.9,0.0,0.4,0.4,False,4.73,39.47
1767888875.71,2026-01-08 21:44:35,7,9,22,10.8%,18,NORMAL,211.8,0.0,0.4,0.4,False,4.73,39.47
1767888878.96,2026-01-08 21:44:38,7,9,22,10.9%,18,NORMAL,210.6,0.0,0.4,0.4,False,4.73,39.47
1767888882.03,2026-01-08 21:44:42,6,9,22,11.0%,18,NORMAL,209.5,0.0,0.4,0.4,False,4.16,40.03
1767888885.25,2026-01-08 21:44:45,8,9,22,11.1%,18,NORMAL,208.4,0.0,0.4,0.4,False,5.26,38.93
1767888888.46,2026-01-08 21:44:48,8,9,22,11.2%,18,NORMAL,207.3,0.0,0.4,0.4,False,5.26,38.93
1767888891.62,2026-01-08 21:44:51,8,9,22,11.3%,18,NORMAL,206.2,0.0,0.4,0.4,False,5.26,38.93
1767888894.41,2026-01-08 21:44:54,9,9,22,11.3%,18,NORMAL,205.2,0.0,0.4,0.4,False,5.76,38.43
1767888896.94,2026-01-08 21:44:56,8,9,22,11.3%,18,NORMAL,204.1,0.0,0.4,0.4,False,5.26,38.93
1767888899.64,2026-01-08 21:44:59,8,9,22,11.3%,18,NORMAL,203.1,0.0,0.4,0.4,False,5.26,38.93
1767888902.24,2026-01-08 21:45:02,8,9,22,11.4%,18,NORMAL,202.0,0.0,0.4,0.4,False,5.26,38.93
1767888904.95,2026-01-08 21:45:04,7,9,22,11.4%,18,NORMAL,201.0,0.0,0.4,0.4,False,4.73,39.47
1767888907.74,2026-01-08 21:45:07,7,9,22,11.4%,18,NORMAL,200.0,0.0,0.4,0.4,False,4.73,39.47
1767888910.99,2026-01-08 21:45:10,6,9,22,11.3%,18,NORMAL,199.0,0.0,0.4,0.4,False,4.16,40.03
1767888913.51,2026-01-08 21:45:13,6,9,22,11.3%,18,NORMAL,198.0,0.0,0.4,0.4,False,4.16,40.03
1767888916.33,2026-01-08 21:45:16,5,9,22,11.2%,18,NORMAL,197.0,0.0,0.4,0.4,False,3.56,40.64
1767888919.15,2026-01-08 21:45:19,4,9,23,11.1%,18,NORMAL,205.0,0.0,0.4,0.4,False,2.92,41.28
1767888921.81,2026-01-08 21:45:21,3,9,23,10.9%,18,NORMAL,203.9,0.0,0.4,0.4,False,2.24,41.95
1767888924.54,2026-01-08 21:45:24,3,9,23,10.6%,18,NORMAL,202.9,0.0,0.4,0.4,False,2.24,41.95
1767888927.26,2026-01-08 21:45:27,3,9,23,10.3%,18,NORMAL,202.0,0.0,0.4,0.4,False,2.24,41.95
1767888930.15,2026-01-08 21:45:30,3,9,23,10.2%,18,NORMAL,201.0,0.0,0.4,0.4,False,2.24,41.95
1767888932.79,2026-01-08 21:45:32,3,9,23,10.0%,18,NORMAL,200.0,0.0,0.4,0.4,False,2.24,41.95
1767888935.45,2026-01-08 21:45:35,4,9,23,9.8%,18,NORMAL,199.0,0.0,0.4,0.4,False,2.92,41.28
1767888938.04,2026-01-08 21:45:38,3,9,23,9.6%,18,NORMAL,198.1,0.0,0.4,0.4,False,2.24,41.95
1767888940.77,2026-01-08 21:45:40,3,9,23,9.4%,18,NORMAL,197.1,0.0,0.4,0.4,False,2.24,41.95
1767888943.77,2026-01-08 21:45:43,3,9,23,9.1%,18,NORMAL,196.2,0.0,0.4,0.4,False,2.24,41.95
1767888946.44,2026-01-08 21:45:46,3,9,23,8.9%,18,NORMAL,195.3,0.0,0.4,0.4,False,2.24,41.95
1767888949.57,2026-01-08 21:45:49,3,9,23,8.7%,18,NORMAL,194.4,0.0,0.4,0.4,False,2.24,41.95
1767888952.85,2026-01-08 21:45:52,2,9,23,8.4%,18,NORMAL,193.5,0.0,0.4,0.4,False,1.53,42.67
1767888955.96,2026-01-08 21:45:55,2,9,23,8.2%,18,NORMAL,192.6,0.0,0.4,0.4,False,1.53,42.67
1767888958.98,2026-01-08 21:45:58,2,9,23,7.9%,18,NORMAL,191.7,0.0,0.4,0.4,False,1.53,42.67
1767888961.56,2026-01-08 21:46:01,1,9,23,7.6%,18,NORMAL,190.8,0.0,0.4,0.4,False,0.78,43.41
1767888964.10,2026-01-08 21:46:04,1,9,23,7.3%,18,NORMAL,189.9,0.0,0.4,0.4,False,0.78,43.41
1767888967.28,2026-01-08 21:46:07,2,9,23,7.1%,18,NORMAL,189.0,0.0,0.4,0.4,False,1.53,42.67
1767888969.79,2026-01-08 21:46:09,3,9,23,6.9%,18,NORMAL,188.2,0.0,0.4,0.4,False,2.24,41.95
1767888972.71,2026-01-08 21:46:12,3,9,23,6.7%,18,NORMAL,187.3,0.0,0.4,0.4,False,2.24,41.95
1767888975.61,2026-01-08 21:46:15,3,9,23,6.4%,18,NORMAL,186.5,0.0,0.4,0.4,False,2.24,41.95
1767888978.22,2026-01-08 21:46:18,3,9,23,6.2%,18,NORMAL,185.7,0.0,0.4,0.4,False,2.24,41.95
1767888981.41,2026-01-08 21:46:21,3,9,23,6.0%,18,NORMAL,184.8,0.0,0.4,0.4,False,2.24,41.95
1767888984.05,2026-01-08 21:46:24,3,9,23,5.7%,18,NORMAL,184.0,0.0,0.4,0.4,False,2.24,41.95
1767888987.38,2026-01-08 21:46:27,3,9,23,5.5%,18,NORMAL,183.2,0.0,0.4,0.4,False,2.24,41.95
1767888990.11,2026-01-08 21:46:30,4,9,23,5.4%,18,NORMAL,182.4,0.0,0.4,0.4,False,2.92,41.28
1767888992.99,2026-01-08 21:46:32,3,9,23,5.2%,18,NORMAL,181.6,0.0,0.4,0.4,False,2.24,41.95
1767888996.22,2026-01-08 21:46:36,2,9,23,5.0%,18,NORMAL,180.8,0.0,0.4,0.4,False,1.53,42.67
1767888999.16,2026-01-08 21:46:39,2,9,23,4.8%,18,NORMAL,180.0,0.0,0.4,0.4,False,1.53,42.67
1767889002.09,2026-01-08 21:46:42,1,9,23,4.6%,18,NORMAL,179.2,0.0,0.4,0.4,False,0.78,43.41
1767889005.16,2026-01-08 21:46:45,2,9,23,4.5%,18,NORMAL,178.4,0.0,0.4,0.4,False,1.53,42.67
1767889007.75,2026-01-08 21:46:47,2,9,23,4.4%,18,NORMAL,177.7,0.0,0.4,0.4,False,1.53,42.67
1767889010.30,2026-01-08 21:46:50,3,9,23,4.4%,18,NORMAL,176.9,0.0,0.4,0.4,False,2.24,41.95
1767889012.78,2026-01-08 21:46:52,2,9,23,4.4%,18,NORMAL,176.2,0.0,0.4,0.4,False,1.53,42.67
1767889015.62,2026-01-08 21:46:55,5,9,23,4.5%,18,NORMAL,175.4,0.0,0.4,0.4,False,3.56,40.64
1767889018.32,2026-01-08 21:46:58,5,9,23,4.6%,18,NORMAL,174.7,0.0,0.4,0.4,False,3.56,40.64
1767889021.20,2026-01-08 21:47:01,5,9,24,4.6%,18,NORMAL,181.5,0.0,0.4,0.4,False,3.56,40.64
1767889024.01,2026-01-08 21:47:04,5,9,24,4.7%,18,NORMAL,180.8,0.0,0.4,0.4,False,3.56,40.64
1767889026.81,2026-01-08 21:47:06,5,9,24,4.8%,18,NORMAL,180.0,0.0,0.4,0.4,False,3.56,40.64
1767889029.51,2026-01-08 21:47:09,4,9,24,4.9%,18,NORMAL,179.3,0.0,0.4,0.4,False,2.92,41.28
1767889032.27,2026-01-08 21:47:12,4,9,24,4.9%,18,NORMAL,178.5,0.0,0.4,0.4,False,2.92,41.28
1767889035.33,2026-01-08 21:47:15,4,9,24,5.0%,18,NORMAL,177.8,0.0,0.4,0.4,False,2.92,41.28
1767889038.00,2026-01-08 21:47:18,3,9,24,5.0%,18,NORMAL,177.0,0.0,0.4,0.4,False,2.24,41.95
1767889040.59,2026-01-08 21:47:20,4,9,24,5.1%,18,NORMAL,176.3,0.0,0.4,0.4,False,2.92,41.28
1767889043.09,2026-01-08 21:47:23,4,9,24,5.2%,18,NORMAL,175.6,0.0,0.4,0.4,False,2.92,41.28
1767889046.31,2026-01-08 21:47:26,4,9,24,5.4%,18,NORMAL,174.9,0.0,0.4,0.4,False,2.92,41.28
1767889049.46,2026-01-08 21:47:29,5,9,24,5.6%,18,NORMAL,174.2,0.0,0.4,0.4,False,3.56,40.64
1767889052.24,2026-01-08 21:47:32,5,9,24,5.7%,18,NORMAL,173.5,0.0,0.4,0.4,False,3.56,40.64
1767889054.95,2026-01-08 21:47:34,5,9,24,5.8%,18,NORMAL,172.8,0.0,0.4,0.4,False,3.56,40.64
1767889057.75,2026-01-08 21:47:37,6,9,24,6.0%,18,NORMAL,172.1,0.0,0.4,0.4,False,4.16,40.03
1767889060.74,2026-01-08 21:47:40,8,9,24,6.2%,18,NORMAL,171.4,0.0,0.4,0.4,False,5.26,38.93
1767889063.86,2026-01-08 21:47:43,8,9,26,6.4%,18,NORMAL,185.0,0.0,0.4,0.4,False,5.26,38.93
1767889066.49,2026-01-08 21:47:46,8,9,27,6.7%,18,NORMAL,191.3,0.0,0.4,0.4,False,5.26,38.93
1767889069.06,2026-01-08 21:47:49,6,9,27,6.8%,18,NORMAL,190.6,0.0,0.4,0.4,False,4.16,40.03
1767889071.69,2026-01-08 21:47:51,6,9,27,7.0%,18,NORMAL,189.8,0.0,0.4,0.4,False,4.16,40.03
1767889074.77,2026-01-08 21:47:54,6,9,27,7.1%,18,NORMAL,189.1,0.0,0.4,0.4,False,4.16,40.03
1767889077.61,2026-01-08 21:47:57,8,9,27,7.3%,18,NORMAL,188.4,0.0,0.4,0.4,False,5.26,38.93
1767889080.32,2026-01-08 21:48:00,6,9,27,7.5%,18,NORMAL,187.6,0.0,0.4,0.4,False,4.16,40.03
1767889083.02,2026-01-08 21:48:03,7,9,27,7.7%,18,NORMAL,186.9,0.0,0.4,0.4,False,4.73,39.47
1767889085.85,2026-01-08 21:48:05,9,9,27,8.1%,18,NORMAL,186.2,0.0,0.4,0.4,False,5.76,38.43
1767889088.65,2026-01-08 21:48:08,9,9,29,8.4%,18,NORMAL,199.2,0.0,0.4,0.4,False,5.76,38.43
1767889092.21,2026-01-08 21:48:12,9,9,29,8.7%,18,NORMAL,198.5,0.0,0.4,0.4,False,5.76,38.43
1767889095.63,2026-01-08 21:48:15,8,9,29,9.0%,18,NORMAL,197.7,0.0,0.4,0.4,False,5.26,38.93
1767889099.17,2026-01-08 21:48:19,9,9,29,9.3%,18,NORMAL,197.0,0.0,0.4,0.4,False,5.76,38.43
1767889102.42,2026-01-08 21:48:22,9,9,30,9.4%,18,NORMAL,203.0,0.0,0.4,0.4,False,5.76,38.43
1767889105.45,2026-01-08 21:48:25,9,9,30,9.6%,18,NORMAL,202.2,0.0,0.4,0.4,False,5.76,38.43
1767889108.71,2026-01-08 21:48:28,8,9,30,9.7%,18,NORMAL,201.5,0.0,0.4,0.4,False,5.26,38.93
1767889111.64,2026-01-08 21:48:31,9,9,30,9.9%,18,NORMAL,200.7,0.0,0.4,0.4,False,5.76,38.43
1767889114.83,2026-01-08 21:48:34,7,9,30,10.0%,18,NORMAL,200.0,0.0,0.4,0.4,False,4.73,39.47
1767889117.66,2026-01-08 21:48:37,7,9,30,10.1%,18,NORMAL,199.3,0.0,0.4,0.4,False,4.73,39.47
1767889120.45,2026-01-08 21:48:40,6,9,30,10.2%,18,NORMAL,198.5,0.0,0.4,0.4,False,4.16,40.03
1767889123.15,2026-01-08 21:48:43,6,9,30,10.3%,18,NORMAL,197.8,0.0,0.4,0.4,False,4.16,40.03
1767889126.06,2026-01-08 21:48:46,5,9,30,10.4%,18,NORMAL,197.1,0.0,0.4,0.4,False,3.56,40.64
1767889129.12,2026-01-08 21:48:49,6,9,30,10.5%,18,NORMAL,196.4,0.0,0.4,0.4,False,4.16,40.03
1767889131.90,2026-01-08 21:48:51,6,9,30,10.6%,18,NORMAL,195.7,0.0,0.4,0.4,False,4.16,40.03
1767889134.72,2026-01-08 21:48:54,5,9,30,10.7%,18,NORMAL,194.9,0.0,0.4,0.4,False,3.56,40.64
1767889137.40,2026-01-08 21:48:57,8,9,30,10.8%,18,NORMAL,194.2,0.0,0.4,0.4,False,5.26,38.93
1767889140.48,2026-01-08 21:49:00,7,9,30,10.9%,18,NORMAL,193.5,0.0,0.4,0.4,False,4.73,39.47
1767889143.28,2026-01-08 21:49:03,7,9,30,11.0%,18,NORMAL,192.9,0.0,0.4,0.4,False,4.73,39.47
1767889145.95,2026-01-08 21:49:05,7,9,30,11.0%,18,NORMAL,192.2,0.0,0.4,0.4,False,4.73,39.47
1767889148.82,2026-01-08 21:49:08,7,9,30,11.0%,18,NORMAL,191.5,0.0,0.4,0.4,False,4.73,39.47
1767889151.53,2026-01-08 21:49:11,6,9,30,10.9%,18,NORMAL,190.8,0.0,0.4,0.4,False,4.16,40.03
1767889154.46,2026-01-08 21:49:14,6,9,30,10.8%,18,NORMAL,190.1,0.0,0.4,0.4,False,4.16,40.03
1767889157.15,2026-01-08 21:49:17,5,9,30,10.8%,18,NORMAL,189.5,0.0,0.4,0.4,False,3.56,40.64
1767889159.87,2026-01-08 21:49:19,4,9,30,10.7%,18,NORMAL,188.8,0.0,0.4,0.4,False,2.92,41.28
1767889162.92,2026-01-08 21:49:22,5,9,30,10.6%,18,NORMAL,188.2,0.0,0.4,0.4,False,3.56,40.64
1767889165.70,2026-01-08 21:49:25,4,9,30,10.4%,18,NORMAL,187.5,0.0,0.4,0.4,False,2.92,41.28
1767889168.60,2026-01-08 21:49:28,4,9,31,10.3%,18,NORMAL,193.1,0.0,0.4,0.4,False,2.92,41.28
1767889171.50,2026-01-08 21:49:31,4,9,31,10.2%,18,NORMAL,192.4,0.0,0.4,0.4,False,2.92,41.28
1767889174.27,2026-01-08 21:49:34,4,9,31,10.0%,18,NORMAL,191.8,0.0,0.4,0.4,False,2.92,41.28
1767889177.62,2026-01-08 21:49:37,5,9,31,9.8%,18,NORMAL,191.1,0.0,0.4,0.4,False,3.56,40.64
1767889180.28,2026-01-08 21:49:40,4,9,31,9.6%,18,NORMAL,190.4,0.0,0.4,0.4,False,2.92,41.28
1767889182.99,2026-01-08 21:49:42,4,9,32,9.4%,18,NORMAL,195.9,0.0,0.4,0.4,False,2.92,41.28
1767889185.98,2026-01-08 21:49:45,5,9,32,9.3%,18,NORMAL,195.3,0.0,0.4,0.4,False,3.56,40.64
1767889189.05,2026-01-08 21:49:49,4,9,32,9.1%,18,NORMAL,194.6,0.0,0.4,0.4,False,2.92,41.28
1767889191.71,2026-01-08 21:49:51,4,9,32,8.8%,18,NORMAL,193.9,0.0,0.4,0.4,False,2.92,41.28
1767889194.54,2026-01-08 21:49:54,4,9,32,8.7%,18,NORMAL,193.3,0.0,0.4,0.4,False,2.92,41.28
1767889197.18,2026-01-08 21:49:57,4,9,32,8.4%,18,NORMAL,192.6,0.0,0.4,0.4,False,2.92,41.28
1767889199.79,2026-01-08 21:49:59,3,9,32,8.3%,18,NORMAL,192.0,0.0,0.4,0.4,False,2.24,41.95
1767889202.71,2026-01-08 21:50:02,1,9,32,8.0%,18,NORMAL,191.4,0.0,0.4,0.4,False,0.78,43.41
1767889205.61,2026-01-08 21:50:05,0,9,31,7.6%,18,NORMAL,184.8,0.0,0.4,0.4,False,0.00,44.19
1767889208.72,2026-01-08 21:50:08,1,9,31,7.4%,18,NORMAL,184.2,0.0,0.4,0.4,False,0.78,43.41
1767889211.75,2026-01-08 21:50:11,2,9,31,7.2%,18,NORMAL,183.6,0.0,0.4,0.4,False,1.53,42.67
1767889214.89,2026-01-08 21:50:14,3,9,31,7.1%,18,NORMAL,183.0,0.0,0.4,0.4,False,2.24,41.95
1767889217.97,2026-01-08 21:50:17,2,9,31,6.9%,18,NORMAL,182.4,0.0,0.4,0.4,False,1.53,42.67
1767889221.27,2026-01-08 21:50:21,3,9,33,6.8%,18,NORMAL,193.5,0.0,0.4,0.4,False,2.24,41.95
1767889223.85,2026-01-08 21:50:23,3,9,33,6.6%,18,NORMAL,192.9,0.0,0.4,0.4,False,2.24,41.95
1767889226.60,2026-01-08 21:50:26,2,9,33,6.3%,18,NORMAL,192.2,0.0,0.4,0.4,False,1.53,42.67
1767889229.32,2026-01-08 21:50:29,2,9,33,6.1%,18,NORMAL,191.6,0.0,0.4,0.4,False,1.53,42.67
1767889232.05,2026-01-08 21:50:32,2,9,33,5.8%,18,NORMAL,191.0,0.0,0.4,0.4,False,1.53,42.67
1767889235.13,2026-01-08 21:50:35,2,9,33,5.6%,18,NORMAL,190.4,0.0,0.4,0.4,False,1.53,42.67
1767889237.78,2026-01-08 21:50:37,1,9,33,5.4%,18,NORMAL,189.8,0.0,0.4,0.4,False,0.78,43.41
1767889240.72,2026-01-08 21:50:40,1,9,33,5.1%,18,NORMAL,189.2,0.0,0.4,0.4,False,0.78,43.41
1767889243.53,2026-01-08 21:50:43,1,9,33,4.9%,18,NORMAL,188.6,0.0,0.4,0.4,False,0.78,43.41
1767889246.31,2026-01-08 21:50:46,3,9,33,4.8%,18,NORMAL,188.0,0.0,0.4,0.4,False,2.24,41.95
1767889249.07,2026-01-08 21:50:49,4,9,33,4.8%,18,NORMAL,187.4,0.0,0.4,0.4,False,2.92,41.28
1767889251.98,2026-01-08 21:50:51,3,9,34,4.7%,18,NORMAL,192.5,0.0,0.4,0.4,False,2.24,41.95
1767889254.74,2026-01-08 21:50:54,4,9,34,4.7%,18,NORMAL,191.8,0.0,0.4,0.4,False,2.92,41.28
1767889257.41,2026-01-08 21:50:57,4,9,34,4.7%,18,NORMAL,191.2,0.0,0.4,0.4,False,2.92,41.28
1767889260.27,2026-01-08 21:51:00,6,9,35,4.8%,18,NORMAL,196.3,0.0,0.4,0.4,False,4.16,40.03
1767889262.89,2026-01-08 21:51:02,4,9,35,4.8%,18,NORMAL,195.7,0.0,0.4,0.4,False,2.92,41.28
1767889265.71,2026-01-08 21:51:05,4,9,36,4.8%,18,NORMAL,200.6,0.0,0.4,0.4,False,2.92,41.28
1767889268.50,2026-01-08 21:51:08,3,9,36,4.7%,18,NORMAL,200.0,0.0,0.4,0.4,False,2.24,41.95
1767889271.28,2026-01-08 21:51:11,3,9,36,4.6%,18,NORMAL,199.4,0.0,0.4,0.4,False,2.24,41.95
1767889274.07,2026-01-08 21:51:14,3,9,36,4.6%,18,NORMAL,198.8,0.0,0.4,0.4,False,2.24,41.95
1767889276.93,2026-01-08 21:51:16,3,9,36,4.5%,18,NORMAL,198.2,0.0,0.4,0.4,False,2.24,41.95
1767889279.76,2026-01-08 21:51:19,3,9,36,4.5%,18,NORMAL,197.6,0.0,0.4,0.4,False,2.24,41.95
1767889282.46,2026-01-08 21:51:22,3,9,36,4.4%,18,NORMAL,197.0,0.0,0.4,0.4,False,2.24,41.95
1767889285.55,2026-01-08 21:51:25,2,9,36,4.4%,18,NORMAL,196.4,0.0,0.4,0.4,False,1.53,42.67
1767889288.29,2026-01-08 21:51:28,1,9,36,4.4%,18,NORMAL,195.8,0.0,0.4,0.4,False,0.78,43.41
1767889291.40,2026-01-08 21:51:31,3,9,36,4.5%,18,NORMAL,195.2,0.0,0.4,0.4,False,2.24,41.95
1767889294.36,2026-01-08 21:51:34,4,9,36,4.7%,18,NORMAL,194.6,0.0,0.4,0.4,False,2.92,41.28
1767889297.06,2026-01-08 21:51:37,4,9,36,4.8%,18,NORMAL,194.0,0.0,0.4,0.4,False,2.92,41.28
1767889299.77,2026-01-08 21:51:39,3,9,36,4.8%,18,NORMAL,193.4,0.0,0.4,0.4,False,2.24,41.95
1767889302.44,2026-01-08 21:51:42,5,9,36,5.0%,18,NORMAL,192.9,0.0,0.4,0.4,False,3.56,40.64
1767889305.40,2026-01-08 21:51:45,4,9,36,5.0%,18,NORMAL,192.3,0.0,0.4,0.4,False,2.92,41.28
1767889308.71,2026-01-08 21:51:48,4,9,36,5.1%,18,NORMAL,191.7,0.0,0.4,0.4,False,2.92,41.28
1767889312.07,2026-01-08 21:51:52,4,9,36,5.2%,18,NORMAL,191.2,0.0,0.4,0.4,False,2.92,41.28
1767889314.80,2026-01-08 21:51:54,3,9,36,5.2%,18,NORMAL,190.6,0.0,0.4,0.4,False,2.24,41.95
1767889317.45,2026-01-08 21:51:57,3,9,36,5.3%,18,NORMAL,190.0,0.0,0.4,0.4,False,2.24,41.95
1767889320.41,2026-01-08 21:52:00,3,9,36,5.3%,18,NORMAL,189.5,0.0,0.4,0.4,False,2.24,41.95
1767889323.09,2026-01-08 21:52:03,3,9,36,5.4%,18,NORMAL,188.9,0.0,0.4,0.4,False,2.24,41.95
1767889325.87,2026-01-08 21:52:05,3,9,36,5.5%,18,NORMAL,188.4,0.0,0.4,0.4,False,2.24,41.95
1767889328.84,2026-01-08 21:52:08,3,9,36,5.7%,18,NORMAL,187.8,0.0,0.4,0.4,False,2.24,41.95
1767889331.97,2026-01-08 21:52:11,4,9,36,5.7%,18,NORMAL,187.3,0.0,0.4,0.4,False,2.92,41.28
1767889335.16,2026-01-08 21:52:15,4,9,36,5.7%,18,NORMAL,186.7,0.0,0.4,0.4,False,2.92,41.28
1767889338.17,2026-01-08 21:52:18,4,9,37,5.8%,18,NORMAL,191.4,0.0,0.4,0.4,False,2.92,41.28
1767889341.33,2026-01-08 21:52:21,5,9,37,5.8%,18,NORMAL,190.8,0.0,0.4,0.4,False,3.56,40.64
1767889343.99,2026-01-08 21:52:23,4,9,37,5.8%,18,NORMAL,190.3,0.0,0.4,0.4,False,2.92,41.28
1767889346.94,2026-01-08 21:52:26,4,9,37,5.7%,18,NORMAL,189.7,0.0,0.4,0.4,False,2.92,41.28
1767889349.63,2026-01-08 21:52:29,4,9,37,5.7%,18,NORMAL,189.2,0.0,0.4,0.4,False,2.92,41.28
1767889352.70,2026-01-08 21:52:32,4,9,37,5.7%,18,NORMAL,188.7,0.0,0.4,0.4,False,2.92,41.28
1767889355.94,2026-01-08 21:52:35,4,9,37,5.8%,18,NORMAL,188.1,0.0,0.4,0.4,False,2.92,41.28
1767889358.72,2026-01-08 21:52:38,3,9,37,5.8%,18,NORMAL,187.6,0.0,0.4,0.4,False,2.24,41.95
1767889361.44,2026-01-08 21:52:41,3,9,37,5.8%,18,NORMAL,187.1,0.0,0.4,0.4,False,2.24,41.95
1767889363.94,2026-01-08 21:52:43,2,9,37,5.7%,18,NORMAL,186.6,0.0,0.4,0.4,False,1.53,42.67
1767889366.99,2026-01-08 21:52:46,2,9,37,5.7%,18,NORMAL,186.0,0.0,0.4,0.4,False,1.53,42.67
1767889369.70,2026-01-08 21:52:49,4,9,38,5.7%,18,NORMAL,190.5,0.0,0.4,0.4,False,2.92,41.28
1767889373.18,2026-01-08 21:52:53,4,9,38,5.8%,18,NORMAL,190.0,0.0,0.4,0.4,False,2.92,41.28
1767889375.96,2026-01-08 21:52:55,5,9,39,6.0%,18,NORMAL,194.5,0.0,0.4,0.4,False,3.56,40.64
1767889378.76,2026-01-08 21:52:58,5,9,39,6.1%,18,NORMAL,193.9,0.0,0.4,0.4,False,3.56,40.64
1767889381.83,2026-01-08 21:53:01,5,9,40,6.2%,18,NORMAL,198.3,0.0,0.4,0.4,False,3.56,40.64
1767889384.69,2026-01-08 21:53:04,4,9,40,6.2%,18,NORMAL,197.8,0.0,0.4,0.4,False,2.92,41.28
1767889387.55,2026-01-08 21:53:07,3,9,40,6.2%,18,NORMAL,197.3,0.0,0.4,0.4,False,2.24,41.95
1767889390.22,2026-01-08 21:53:10,5,9,40,6.2%,18,NORMAL,196.7,0.0,0.4,0.4,False,3.56,40.64
1767889392.96,2026-01-08 21:53:12,5,9,40,6.2%,18,NORMAL,196.2,0.0,0.4,0.4,False,3.56,40.64
1767889395.60,2026-01-08 21:53:15,7,9,41,6.4%,18,NORMAL,200.5,0.0,0.4,0.4,False,4.73,39.47
1767889398.25,2026-01-08 21:53:18,7,9,41,6.5%,18,NORMAL,200.0,0.0,0.4,0.4,False,4.73,39.47
1767889400.93,2026-01-08 21:53:20,8,9,41,6.7%,18,NORMAL,199.5,0.0,0.4,0.4,False,5.26,38.93
1767889404.07,2026-01-08 21:53:24,6,9,41,6.9%,18,NORMAL,198.9,0.0,0.4,0.4,False,4.16,40.03
1767889406.83,2026-01-08 21:53:26,6,9,41,7.0%,18,NORMAL,198.4,0.0,0.4,0.4,False,4.16,40.03
1767889409.66,2026-01-08 21:53:29,6,9,41,7.2%,18,NORMAL,197.9,0.0,0.4,0.4,False,4.16,40.03
1767889412.71,2026-01-08 21:53:32,6,9,41,7.3%,18,NORMAL,197.3,0.0,0.4,0.4,False,4.16,40.03
1767889415.43,2026-01-08 21:53:35,6,9,41,7.4%,18,NORMAL,196.8,0.0,0.4,0.4,False,4.16,40.03
1767889418.32,2026-01-08 21:53:38,7,9,41,7.6%,18,NORMAL,196.3,0.0,0.4,0.4,False,4.73,39.47
1767889421.06,2026-01-08 21:53:41,8,9,41,7.8%,18,NORMAL,195.8,0.0,0.4,0.4,False,5.26,38.93
1767889423.81,2026-01-08 21:53:43,7,9,42,7.9%,18,NORMAL,200.0,0.0,0.4,0.4,False,4.73,39.47
1767889426.47,2026-01-08 21:53:46,7,9,43,8.0%,18,NORMAL,204.2,0.0,0.4,0.4,False,4.73,39.47
1767889429.24,2026-01-08 21:53:49,7,9,43,8.1%,18,NORMAL,203.7,0.0,0.4,0.4,False,4.73,39.47
1767889431.92,2026-01-08 21:53:51,7,9,43,8.3%,18,NORMAL,203.1,0.0,0.4,0.4,False,4.73,39.47
1767889434.56,2026-01-08 21:53:54,6,9,43,8.4%,18,NORMAL,202.6,0.0,0.4,0.4,False,4.16,40.03
1767889437.22,2026-01-08 21:53:57,6,9,43,8.4%,18,NORMAL,202.1,0.0,0.4,0.4,False,4.16,40.03
1767889440.55,2026-01-08 21:54:00,6,9,43,8.5%,18,NORMAL,201.6,0.0,0.4,0.4,False,4.16,40.03
1767889443.45,2026-01-08 21:54:03,7,9,43,8.7%,18,NORMAL,201.0,0.0,0.4,0.4,False,4.73,39.47
1767889446.85,2026-01-08 21:54:06,6,9,43,8.9%,18,NORMAL,200.5,0.0,0.4,0.4,False,4.16,40.03
1767889450.20,2026-01-08 21:54:10,5,9,43,9.0%,18,NORMAL,200.0,0.0,0.4,0.4,False,3.56,40.64
1767889453.15,2026-01-08 21:54:13,5,9,43,9.2%,18,NORMAL,199.5,0.0,0.4,0.4,False,3.56,40.64
1767889455.81,2026-01-08 21:54:15,6,9,43,9.3%,18,NORMAL,199.0,0.0,0.4,0.4,False,4.16,40.03
1767889458.98,2026-01-08 21:54:18,4,9,43,9.3%,18,NORMAL,198.5,0.0,0.4,0.4,False,2.92,41.28
1767889461.75,2026-01-08 21:54:21,4,9,44,9.2%,18,NORMAL,202.6,0.0,0.4,0.4,False,2.92,41.28
1767889464.49,2026-01-08 21:54:24,3,9,44,9.1%,18,NORMAL,202.0,0.0,0.4,0.4,False,2.24,41.95
1767889467.19,2026-01-08 21:54:27,3,9,44,9.0%,18,NORMAL,201.5,0.0,0.4,0.4,False,2.24,41.95
1767889469.83,2026-01-08 21:54:29,3,9,44,9.0%,18,NORMAL,201.0,0.0,0.4,0.4,False,2.24,41.95
1767889472.71,2026-01-08 21:54:32,4,9,44,9.0%,18,NORMAL,200.5,0.0,0.4,0.4,False,2.92,41.28
1767889476.00,2026-01-08 21:54:35,3,9,44,8.9%,18,NORMAL,200.0,0.0,0.4,0.4,False,2.24,41.95
1767889478.73,2026-01-08 21:54:38,3,9,44,8.8%,18,NORMAL,199.5,0.0,0.4,0.4,False,2.24,41.95
1767889481.40,2026-01-08 21:54:41,3,9,44,8.6%,18,NORMAL,199.0,0.0,0.4,0.4,False,2.24,41.95
1767889484.17,2026-01-08 21:54:44,1,9,44,8.3%,18,NORMAL,198.5,0.0,0.4,0.4,False,0.78,43.41
1767889486.95,2026-01-08 21:54:46,2,9,44,8.1%,18,NORMAL,198.0,0.0,0.4,0.4,False,1.53,42.67
1767889489.85,2026-01-08 21:54:49,2,9,44,7.9%,18,NORMAL,197.5,0.0,0.4,0.4,False,1.53,42.67
1767889492.60,2026-01-08 21:54:52,2,9,44,7.7%,18,NORMAL,197.0,0.0,0.4,0.4,False,1.53,42.67
1767889495.55,2026-01-08 21:54:55,2,9,44,7.5%,18,NORMAL,196.5,0.0,0.4,0.4,False,1.53,42.67
1767889498.53,2026-01-08 21:54:58,2,9,44,7.3%,18,NORMAL,196.0,0.0,0.4,0.4,False,1.53,42.67
1767889501.47,2026-01-08 21:55:01,1,9,44,7.0%,18,NORMAL,195.6,0.0,0.4,0.4,False,0.78,43.41
1767889504.61,2026-01-08 21:55:04,2,9,44,6.8%,18,NORMAL,195.1,0.0,0.4,0.4,False,1.53,42.67
1767889507.88,2026-01-08 21:55:07,2,9,44,6.5%,18,NORMAL,194.6,0.0,0.4,0.4,False,1.53,42.67
1767889510.64,2026-01-08 21:55:10,3,9,44,6.3%,18,NORMAL,194.1,0.0,0.4,0.4,False,2.24,41.95
1767889513.34,2026-01-08 21:55:13,3,9,44,6.1%,18,NORMAL,193.6,0.0,0.4,0.4,False,2.24,41.95
1767889515.98,2026-01-08 21:55:15,3,9,45,5.9%,18,NORMAL,197.6,0.0,0.4,0.4,False,2.24,41.95
1767889518.67,2026-01-08 21:55:18,3,9,45,5.7%,18,NORMAL,197.1,0.0,0.4,0.4,False,2.24,41.95
1767889521.45,2026-01-08 21:55:21,3,9,45,5.6%,18,NORMAL,196.6,0.0,0.4,0.4,False,2.24,41.95
1767889524.60,2026-01-08 21:55:24,2,9,45,5.4%,18,NORMAL,196.1,0.0,0.4,0.4,False,1.53,42.67
1767889527.28,2026-01-08 21:55:27,3,9,45,5.2%,18,NORMAL,195.7,0.0,0.4,0.4,False,2.24,41.95
1767889530.31,2026-01-08 21:55:30,2,9,45,5.0%,18,NORMAL,195.2,0.0,0.4,0.4,False,1.53,42.67
1767889533.06,2026-01-08 21:55:33,3,9,45,4.9%,18,NORMAL,194.7,0.0,0.4,0.4,False,2.24,41.95
1767889535.89,2026-01-08 21:55:35,3,9,45,4.8%,18,NORMAL,194.2,0.0,0.4,0.4,False,2.24,41.95
1767889539.05,2026-01-08 21:55:39,3,9,45,4.7%,18,NORMAL,193.8,0.0,0.4,0.4,False,2.24,41.95
1767889542.31,2026-01-08 21:55:42,3,9,45,4.5%,18,NORMAL,193.3,0.0,0.4,0.4,False,2.24,41.95
1767889545.17,2026-01-08 21:55:45,2,9,45,4.4%,18,NORMAL,192.9,0.0,0.4,0.4,False,1.53,42.67
1767889548.03,2026-01-08 21:55:48,3,9,45,4.4%,18,NORMAL,192.4,0.0,0.4,0.4,False,2.24,41.95
1767889550.87,2026-01-08 21:55:50,3,9,45,4.4%,18,NORMAL,191.9,0.0,0.4,0.4,False,2.24,41.95
1767889553.64,2026-01-08 21:55:53,3,9,45,4.4%,18,NORMAL,191.5,0.0,0.4,0.4,False,2.24,41.95
1767889556.27,2026-01-08 21:55:56,5,9,46,4.5%,18,NORMAL,195.3,0.0,0.4,0.4,False,3.56,40.64
1767889559.11,2026-01-08 21:55:59,5,9,46,4.5%,18,NORMAL,194.8,0.0,0.4,0.4,False,3.56,40.64
1767889561.93,2026-01-08 21:56:01,6,9,46,4.7%,18,NORMAL,194.4,0.0,0.4,0.4,False,4.16,40.03
1767889565.04,2026-01-08 21:56:05,7,9,47,4.8%,18,NORMAL,198.1,0.0,0.4,0.4,False,4.73,39.47
1767889568.15,2026-01-08 21:56:08,6,9,47,5.0%,18,NORMAL,197.7,0.0,0.4,0.4,False,4.16,40.03
1767889571.32,2026-01-08 21:56:11,5,9,47,5.2%,18,NORMAL,197.2,0.0,0.4,0.4,False,3.56,40.64
1767889574.24,2026-01-08 21:56:14,5,9,47,5.4%,18,NORMAL,196.7,0.0,0.4,0.4,False,3.56,40.64
1767889577.03,2026-01-08 21:56:17,5,9,47,5.5%,18,NORMAL,196.3,0.0,0.4,0.4,False,3.56,40.64
1767889579.80,2026-01-08 21:56:19,8,9,48,5.8%,18,NORMAL,200.0,0.0,0.4,0.4,False,5.26,38.93
1767889582.58,2026-01-08 21:56:22,8,9,49,6.1%,18,NORMAL,203.7,0.0,0.4,0.4,False,5.26,38.93
1767889585.37,2026-01-08 21:56:25,6,9,49,6.3%,18,NORMAL,203.2,0.0,0.4,0.4,False,4.16,40.03
1767889588.64,2026-01-08 21:56:28,5,9,49,6.5%,18,NORMAL,202.8,0.0,0.4,0.4,False,3.56,40.64
1767889591.37,2026-01-08 21:56:31,5,9,49,6.6%,18,NORMAL,202.3,0.0,0.4,0.4,False,3.56,40.64
1767889594.41,2026-01-08 21:56:34,7,9,50,6.9%,18,NORMAL,205.9,0.0,0.4,0.4,False,4.73,39.47
1767889597.20,2026-01-08 21:56:37,7,9,50,7.1%,18,NORMAL,205.5,0.0,0.4,0.4,False,4.73,39.47
1767889600.24,2026-01-08 21:56:40,7,9,50,7.2%,18,NORMAL,205.0,0.0,0.4,0.4,False,4.73,39.47
1767889603.25,2026-01-08 21:56:43,7,9,50,7.4%,18,NORMAL,204.5,0.0,0.4,0.4,False,4.73,39.47
1767889606.19,2026-01-08 21:56:46,7,9,51,7.6%,18,NORMAL,208.2,0.0,0.4,0.4,False,4.73,39.47
1767889608.82,2026-01-08 21:56:48,7,9,51,7.8%,18,NORMAL,207.7,0.0,0.4,0.4,False,4.73,39.47
1767889611.58,2026-01-08 21:56:51,6,9,51,8.0%,18,NORMAL,207.2,0.0,0.4,0.4,False,4.16,40.03
1767889614.56,2026-01-08 21:56:54,5,9,51,8.1%,18,NORMAL,206.8,0.0,0.4,0.4,False,3.56,40.64
1767889617.56,2026-01-08 21:56:57,5,9,51,8.3%,18,NORMAL,206.3,0.0,0.4,0.4,False,3.56,40.64
1767889620.21,2026-01-08 21:57:00,6,9,51,8.4%,18,NORMAL,205.8,0.0,0.4,0.4,False,4.16,40.03
1767889622.87,2026-01-08 21:57:02,6,9,51,8.5%,18,NORMAL,205.4,0.0,0.4,0.4,False,4.16,40.03
1767889625.88,2026-01-08 21:57:05,5,9,51,8.6%,18,NORMAL,204.9,0.0,0.4,0.4,False,3.56,40.64
1767889628.61,2026-01-08 21:57:08,6,9,51,8.8%,18,NORMAL,204.5,0.0,0.4,0.4,False,4.16,40.03
1767889631.43,2026-01-08 21:57:11,6,9,51,9.0%,18,NORMAL,204.0,0.0,0.4,0.4,False,4.16,40.03
1767889634.29,2026-01-08 21:57:14,7,9,51,9.2%,18,NORMAL,203.5,0.0,0.4,0.4,False,4.73,39.47
1767889637.00,2026-01-08 21:57:16,7,9,51,9.4%,18,NORMAL,203.1,0.0,0.4,0.4,False,4.73,39.47
1767889639.83,2026-01-08 21:57:19,7,9,51,9.6%,18,NORMAL,202.6,0.0,0.4,0.4,False,4.73,39.47
1767889642.79,2026-01-08 21:57:22,6,9,51,9.6%,18,NORMAL,202.2,0.0,0.4,0.4,False,4.16,40.03
1767889645.64,2026-01-08 21:57:25,5,9,51,9.6%,18,NORMAL,201.8,0.0,0.4,0.4,False,3.56,40.64
1767889648.32,2026-01-08 21:57:28,6,9,51,9.6%,18,NORMAL,201.3,0.0,0.4,0.4,False,4.16,40.03
1767889651.39,2026-01-08 21:57:31,5,9,51,9.5%,18,NORMAL,200.9,0.0,0.4,0.4,False,3.56,40.64
1767889654.42,2026-01-08 21:57:34,5,9,51,9.5%,18,NORMAL,200.4,0.0,0.4,0.4,False,3.56,40.64
1767889657.48,2026-01-08 21:57:37,5,9,51,9.5%,18,NORMAL,200.0,0.0,0.4,0.4,False,3.56,40.64
1767889660.36,2026-01-08 21:57:40,5,9,51,9.5%,18,NORMAL,199.6,0.0,0.4,0.4,False,3.56,40.64
1767889663.09,2026-01-08 21:57:43,5,9,51,9.5%,18,NORMAL,199.1,0.0,0.4,0.4,False,3.56,40.64
1767889665.93,2026-01-08 21:57:45,6,9,51,9.4%,18,NORMAL,198.7,0.0,0.4,0.4,False,4.16,40.03
1767889668.67,2026-01-08 21:57:48,6,9,51,9.3%,18,NORMAL,198.3,0.0,0.4,0.4,False,4.16,40.03
1767889671.42,2026-01-08 21:57:51,6,9,51,9.3%,18,NORMAL,197.8,0.0,0.4,0.4,False,4.16,40.03
1767889674.10,2026-01-08 21:57:54,6,9,51,9.3%,18,NORMAL,197.4,0.0,0.4,0.4,False,4.16,40.03
1767889676.87,2026-01-08 21:57:56,6,9,51,9.4%,18,NORMAL,197.0,0.0,0.4,0.4,False,4.16,40.03
1767889679.65,2026-01-08 21:57:59,6,9,51,9.3%,18,NORMAL,196.6,0.0,0.4,0.4,False,4.16,40.03
1767889682.77,2026-01-08 21:58:02,7,9,51,9.3%,18,NORMAL,196.2,0.0,0.4,0.4,False,4.73,39.47
1767889685.60,2026-01-08 21:58:05,6,9,51,9.3%,18,NORMAL,195.7,0.0,0.4,0.4,False,4.16,40.03
1767889688.58,2026-01-08 21:58:08,4,9,51,9.2%,18,NORMAL,195.3,0.0,0.4,0.4,False,2.92,41.28
1767889691.52,2026-01-08 21:58:11,4,9,51,9.0%,18,NORMAL,194.9,0.0,0.4,0.4,False,2.92,41.28
1767889694.23,2026-01-08 21:58:14,4,9,52,8.9%,18,NORMAL,198.3,0.0,0.4,0.4,False,2.92,41.28
1767889697.27,2026-01-08 21:58:17,4,9,52,8.8%,18,NORMAL,197.9,0.0,0.4,0.4,False,2.92,41.28
1767889700.16,2026-01-08 21:58:20,4,9,52,8.8%,18,NORMAL,197.5,0.0,0.4,0.4,False,2.92,41.28
1767889703.44,2026-01-08 21:58:23,4,9,52,8.7%,18,NORMAL,197.1,0.0,0.4,0.4,False,2.92,41.28
1767889706.46,2026-01-08 21:58:26,4,9,52,8.6%,18,NORMAL,196.6,0.0,0.4,0.4,False,2.92,41.28
1767889708.98,2026-01-08 21:58:28,4,9,52,8.5%,18,NORMAL,196.2,0.0,0.4,0.4,False,2.92,41.28
1767889711.82,2026-01-08 21:58:31,4,9,52,8.5%,18,NORMAL,195.8,0.0,0.4,0.4,False,2.92,41.28
1767889715.04,2026-01-08 21:58:35,4,9,52,8.4%,18,NORMAL,195.4,0.0,0.4,0.4,False,2.92,41.28
1767889717.83,2026-01-08 21:58:37,4,9,52,8.3%,18,NORMAL,195.0,0.0,0.4,0.4,False,2.92,41.28
1767889720.55,2026-01-08 21:58:40,4,9,52,8.1%,18,NORMAL,194.6,0.0,0.4,0.4,False,2.92,41.28
1767889723.22,2026-01-08 21:58:43,4,9,52,8.0%,18,NORMAL,194.2,0.0,0.4,0.4,False,2.92,41.28
1767889726.04,2026-01-08 21:58:46,3,9,52,7.8%,18,NORMAL,193.8,0.0,0.4,0.4,False,2.24,41.95
1767889729.00,2026-01-08 21:58:49,2,9,52,7.6%,18,NORMAL,193.4,0.0,0.4,0.4,False,1.53,42.67
1767889731.93,2026-01-08 21:58:51,2,9,52,7.5%,18,NORMAL,193.0,0.0,0.4,0.4,False,1.53,42.67
1767889735.01,2026-01-08 21:58:55,2,9,52,7.3%,18,NORMAL,192.6,0.0,0.4,0.4,False,1.53,42.67
1767889738.11,2026-01-08 21:58:58,2,9,52,7.1%,18,NORMAL,192.2,0.0,0.4,0.4,False,1.53,42.67
1767889741.05,2026-01-08 21:59:01,2,9,52,7.0%,18,NORMAL,191.8,0.0,0.4,0.4,False,1.53,42.67
1767889744.00,2026-01-08 21:59:03,2,9,52,6.8%,18,NORMAL,191.4,0.0,0.4,0.4,False,1.53,42.67
1767889747.00,2026-01-08 21:59:06,2,9,52,6.7%,18,NORMAL,191.0,0.0,0.4,0.4,False,1.53,42.67
1767889749.64,2026-01-08 21:59:09,2,9,52,6.5%,18,NORMAL,190.6,0.0,0.4,0.4,False,1.53,42.67
1767889752.49,2026-01-08 21:59:12,1,9,52,6.2%,18,NORMAL,190.2,0.0,0.4,0.4,False,0.78,43.41
1767889755.12,2026-01-08 21:59:15,0,9,51,5.9%,18,NORMAL,186.2,0.0,0.4,0.4,False,0.00,44.19
1767889758.15,2026-01-08 21:59:18,3,9,51,5.8%,18,NORMAL,185.8,0.0,0.4,0.4,False,2.24,41.95
1767889760.99,2026-01-08 21:59:20,2,9,51,5.6%,18,NORMAL,185.5,0.0,0.4,0.4,False,1.53,42.67
1767889763.73,2026-01-08 21:59:23,2,9,51,5.4%,18,NORMAL,185.1,0.0,0.4,0.4,False,1.53,42.67
1767889766.51,2026-01-08 21:59:26,4,9,51,5.3%,18,NORMAL,184.7,0.0,0.4,0.4,False,2.92,41.28
1767889769.20,2026-01-08 21:59:29,2,9,51,5.1%,18,NORMAL,184.3,0.0,0.4,0.4,False,1.53,42.67
1767889772.14,2026-01-08 21:59:32,4,9,51,5.0%,18,NORMAL,184.0,0.0,0.4,0.4,False,2.92,41.28
1767889775.01,2026-01-08 21:59:35,4,9,52,5.0%,18,NORMAL,187.2,0.0,0.4,0.4,False,2.92,41.28
1767889777.98,2026-01-08 21:59:37,4,9,52,5.0%,18,NORMAL,186.8,0.0,0.4,0.4,False,2.92,41.28
1767889780.77,2026-01-08 21:59:40,5,9,52,5.0%,18,NORMAL,186.5,0.0,0.4,0.4,False,3.56,40.64
1767889783.59,2026-01-08 21:59:43,5,9,52,5.1%,18,NORMAL,186.1,0.0,0.4,0.4,False,3.56,40.64
1767889786.37,2026-01-08 21:59:46,6,9,52,5.2%,18,NORMAL,185.7,0.0,0.4,0.4,False,4.16,40.03
1767889789.52,2026-01-08 21:59:49,6,9,52,5.2%,18,NORMAL,185.3,0.0,0.4,0.4,False,4.16,40.03
1767889792.56,2026-01-08 21:59:52,6,9,54,5.3%,18,NORMAL,192.1,0.0,0.4,0.4,False,4.16,40.03
1767889795.36,2026-01-08 21:59:55,6,9,54,5.4%,18,NORMAL,191.7,0.0,0.4,0.4,False,4.16,40.03
1767889798.13,2026-01-08 21:59:58,6,9,54,5.5%,18,NORMAL,191.3,0.0,0.4,0.4,False,4.16,40.03
1767889800.87,2026-01-08 22:00:00,6,9,54,5.6%,18,NORMAL,191.0,0.0,0.4,0.4,False,4.16,40.03
1767889804.06,2026-01-08 22:00:04,6,9,54,5.7%,18,NORMAL,190.6,0.0,0.4,0.4,False,4.16,40.03
1767889807.07,2026-01-08 22:00:07,6,9,54,5.8%,18,NORMAL,190.2,0.0,0.4,0.4,False,4.16,40.03
1767889810.03,2026-01-08 22:00:10,9,9,55,6.0%,18,NORMAL,193.4,0.0,0.4,0.4,False,5.76,38.43
1767889812.95,2026-01-08 22:00:12,6,9,55,6.2%,18,NORMAL,193.0,0.0,0.4,0.4,False,4.16,40.03
1767889815.65,2026-01-08 22:00:15,6,9,56,6.4%,18,NORMAL,196.1,0.0,0.4,0.4,False,4.16,40.03
1767889818.59,2026-01-08 22:00:18,5,9,56,6.5%,18,NORMAL,195.7,0.0,0.4,0.4,False,3.56,40.64
1767889821.32,2026-01-08 22:00:21,7,9,56,6.8%,18,NORMAL,195.3,0.0,0.4,0.4,False,4.73,39.47
1767889824.22,2026-01-08 22:00:24,7,9,56,7.0%,18,NORMAL,195.0,0.0,0.4,0.4,False,4.73,39.47
1767889827.52,2026-01-08 22:00:27,6,9,56,7.2%,18,NORMAL,194.6,0.0,0.4,0.4,False,4.16,40.03
1767889830.43,2026-01-08 22:00:30,7,9,56,7.4%,18,NORMAL,194.2,0.0,0.4,0.4,False,4.73,39.47
1767889833.59,2026-01-08 22:00:33,6,9,57,7.6%,18,NORMAL,197.3,0.0,0.4,0.4,False,4.16,40.03
1767889836.38,2026-01-08 22:00:36,6,9,57,7.8%,18,NORMAL,196.9,0.0,0.4,0.4,False,4.16,40.03
1767889840.05,2026-01-08 22:00:40,7,9,57,8.1%,18,NORMAL,196.6,0.0,0.4,0.4,False,4.73,39.47
1767889843.72,2026-01-08 22:00:43,7,9,57,8.5%,18,NORMAL,196.2,0.0,0.4,0.4,False,4.73,39.47
1767889846.83,2026-01-08 22:00:46,6,9,57,8.6%,18,NORMAL,195.8,0.0,0.4,0.4,False,4.16,40.03
1767889849.87,2026-01-08 22:00:49,7,9,57,8.9%,18,NORMAL,195.4,0.0,0.4,0.4,False,4.73,39.47
1767889853.24,2026-01-08 22:00:53,7,9,57,9.1%,18,NORMAL,195.1,0.0,0.4,0.4,False,4.73,39.47
1767889856.12,2026-01-08 22:00:56,7,9,57,9.3%,18,NORMAL,194.7,0.0,0.4,0.4,False,4.73,39.47
1767889859.05,2026-01-08 22:00:59,7,9,57,9.5%,18,NORMAL,194.3,0.0,0.4,0.4,False,4.73,39.47
1767889861.86,2026-01-08 22:01:01,5,9,57,9.5%,18,NORMAL,194.0,0.0,0.4,0.4,False,3.56,40.64
1767889864.73,2026-01-08 22:01:04,6,9,57,9.6%,18,NORMAL,193.6,0.0,0.4,0.4,False,4.16,40.03
1767889868.00,2026-01-08 22:01:08,7,9,57,9.8%,18,NORMAL,193.2,0.0,0.4,0.4,False,4.73,39.47
1767889870.92,2026-01-08 22:01:10,7,9,58,9.9%,18,NORMAL,196.2,0.0,0.4,0.4,False,4.73,39.47
1767889873.79,2026-01-08 22:01:13,7,9,58,10.0%,18,NORMAL,195.9,0.0,0.4,0.4,False,4.73,39.47
1767889876.77,2026-01-08 22:01:16,7,9,58,10.0%,18,NORMAL,195.5,0.0,0.4,0.4,False,4.73,39.47
1767889879.99,2026-01-08 22:01:19,8,9,59,10.1%,18,NORMAL,198.5,0.0,0.4,0.4,False,5.26,38.93
1767889883.01,2026-01-08 22:01:23,7,9,59,10.1%,18,NORMAL,198.1,0.0,0.4,0.4,False,4.73,39.47
1767889886.46,2026-01-08 22:01:26,7,9,59,10.2%,18,NORMAL,197.8,0.0,0.4,0.4,False,4.73,39.47
1767889889.26,2026-01-08 22:01:29,6,9,59,10.2%,18,NORMAL,197.4,0.0,0.4,0.4,False,4.16,40.03
1767889891.99,2026-01-08 22:01:31,7,9,59,10.2%,18,NORMAL,197.0,0.0,0.4,0.4,False,4.73,39.47
1767889895.11,2026-01-08 22:01:35,8,9,59,10.3%,18,NORMAL,196.7,0.0,0.4,0.4,False,5.26,38.93
1767889898.01,2026-01-08 22:01:38,7,9,59,10.3%,18,NORMAL,196.3,0.0,0.4,0.4,False,4.73,39.47
1767889900.97,2026-01-08 22:01:40,6,9,59,10.2%,18,NORMAL,195.9,0.0,0.4,0.4,False,4.16,40.03
1767889904.34,2026-01-08 22:01:44,6,9,59,10.2%,18,NORMAL,195.6,0.0,0.4,0.4,False,4.16,40.03
1767889907.24,2026-01-08 22:01:47,4,9,59,10.1%,18,NORMAL,195.2,0.0,0.4,0.4,False,2.92,41.28
1767889910.37,2026-01-08 22:01:50,4,9,59,10.1%,18,NORMAL,194.9,0.0,0.4,0.4,False,2.92,41.28
1767889913.01,2026-01-08 22:01:53,3,9,59,9.9%,18,NORMAL,194.5,0.0,0.4,0.4,False,2.24,41.95
1767889915.70,2026-01-08 22:01:55,4,9,59,9.8%,18,NORMAL,194.1,0.0,0.3,0.3,False,2.92,41.28
1767889918.47,2026-01-08 22:01:58,4,9,59,9.7%,18,NORMAL,193.8,0.0,0.3,0.3,False,2.92,41.28
1767889921.57,2026-01-08 22:02:01,6,9,60,9.6%,18,NORMAL,196.7,0.0,0.3,0.3,False,4.16,40.03
1767889925.03,2026-01-08 22:02:05,6,9,60,9.6%,18,NORMAL,196.4,0.0,0.3,0.3,False,4.16,40.03
1767889928.57,2026-01-08 22:02:08,4,9,60,9.5%,18,NORMAL,196.0,0.0,0.3,0.3,False,2.92,41.28
1767889931.29,2026-01-08 22:02:11,4,9,60,9.4%,18,NORMAL,195.7,0.0,0.3,0.3,False,2.92,41.28
1767889934.17,2026-01-08 22:02:14,5,9,60,9.3%,18,NORMAL,195.3,0.0,0.3,0.3,False,3.56,40.64
1767889936.93,2026-01-08 22:02:16,4,9,60,9.2%,18,NORMAL,194.9,0.0,0.3,0.3,False,2.92,41.28
1767889939.73,2026-01-08 22:02:19,5,9,60,9.1%,18,NORMAL,194.6,0.0,0.3,0.3,False,3.56,40.64
1767889942.64,2026-01-08 22:02:22,5,9,60,9.0%,18,NORMAL,194.2,0.0,0.3,0.3,False,3.56,40.64
1767889945.38,2026-01-08 22:02:25,4,9,60,8.9%,18,NORMAL,193.9,0.0,0.3,0.3,False,2.92,41.28
1767889947.97,2026-01-08 22:02:27,4,9,61,8.8%,18,NORMAL,196.8,0.0,0.3,0.3,False,2.92,41.28
1767889950.84,2026-01-08 22:02:30,3,9,61,8.7%,18,NORMAL,196.4,0.0,0.3,0.3,False,2.24,41.95
1767889953.43,2026-01-08 22:02:33,3,9,61,8.5%,18,NORMAL,196.1,0.0,0.3,0.3,False,2.24,41.95
1767889956.12,2026-01-08 22:02:36,4,9,61,8.4%,18,NORMAL,195.7,0.0,0.3,0.3,False,2.92,41.28
1767889958.72,2026-01-08 22:02:38,4,9,62,8.2%,18,NORMAL,198.6,0.0,0.3,0.3,False,2.92,41.28
1767889961.57,2026-01-08 22:02:41,4,9,62,8.1%,18,NORMAL,198.2,0.0,0.3,0.3,False,2.92,41.28
1767889964.28,2026-01-08 22:02:44,4,9,62,8.0%,18,NORMAL,197.9,0.0,0.3,0.3,False,2.92,41.28
1767889967.15,2026-01-08 22:02:47,3,9,62,7.7%,18,NORMAL,197.5,0.0,0.3,0.3,False,2.24,41.95
1767889970.13,2026-01-08 22:02:50,5,9,62,7.6%,18,NORMAL,197.2,0.0,0.3,0.3,False,3.56,40.64
1767889972.97,2026-01-08 22:02:52,5,9,62,7.6%,18,NORMAL,196.8,0.0,0.3,0.3,False,3.56,40.64
1767889975.89,2026-01-08 22:02:55,4,9,62,7.5%,18,NORMAL,196.5,0.0,0.3,0.3,False,2.92,41.28
1767889978.63,2026-01-08 22:02:58,4,9,62,7.3%,18,NORMAL,196.1,0.0,0.3,0.3,False,2.92,41.28
1767889981.38,2026-01-08 22:03:01,7,9,62,7.3%,18,NORMAL,195.8,0.0,0.3,0.3,False,4.73,39.47
1767889984.31,2026-01-08 22:03:04,8,9,63,7.3%,18,NORMAL,198.6,0.0,0.3,0.3,False,5.26,38.93
1767889987.08,2026-01-08 22:03:07,5,9,65,7.3%,18,NORMAL,204.5,0.0,0.3,0.3,False,3.56,40.64
1767889989.98,2026-01-08 22:03:09,5,9,65,7.2%,18,NORMAL,204.2,0.0,0.3,0.3,False,3.56,40.64
1767889992.94,2026-01-08 22:03:12,3,9,65,7.2%,18,NORMAL,203.8,0.0,0.3,0.3,False,2.24,41.95
1767889995.83,2026-01-08 22:03:15,3,9,65,7.1%,18,NORMAL,203.5,0.0,0.3,0.3,False,2.24,41.95
1767889998.70,2026-01-08 22:03:18,4,9,65,7.2%,18,NORMAL,203.1,0.0,0.3,0.3,False,2.92,41.28
1767890001.58,2026-01-08 22:03:21,4,9,65,7.2%,18,NORMAL,202.8,0.0,0.3,0.3,False,2.92,41.28
1767890004.45,2026-01-08 22:03:24,4,9,66,7.2%,18,NORMAL,205.5,0.0,0.3,0.3,False,2.92,41.28
1767890007.64,2026-01-08 22:03:27,3,9,66,7.0%,18,NORMAL,205.2,0.0,0.3,0.3,False,2.24,41.95
1767890010.68,2026-01-08 22:03:30,4,9,66,6.9%,18,NORMAL,204.8,0.0,0.3,0.3,False,2.92,41.28
1767890013.40,2026-01-08 22:03:33,4,9,66,6.9%,18,NORMAL,204.5,0.0,0.3,0.3,False,2.92,41.28
1767890016.15,2026-01-08 22:03:36,4,9,66,6.9%,18,NORMAL,204.1,0.0,0.3,0.3,False,2.92,41.28
1767890018.82,2026-01-08 22:03:38,4,9,66,6.9%,18,NORMAL,203.8,0.0,0.3,0.3,False,2.92,41.28
1767890021.61,2026-01-08 22:03:41,4,9,66,6.9%,18,NORMAL,203.4,0.0,0.3,0.3,False,2.92,41.28
1767890024.34,2026-01-08 22:03:44,5,9,66,6.9%,18,NORMAL,203.1,0.0,0.3,0.3,False,3.56,40.64
1767890027.53,2026-01-08 22:03:47,3,9,66,6.8%,18,NORMAL,202.7,0.0,0.3,0.3,False,2.24,41.95
1767890030.58,2026-01-08 22:03:50,2,9,66,6.7%,18,NORMAL,202.4,0.0,0.3,0.3,False,1.53,42.67
1767890033.76,2026-01-08 22:03:53,1,9,66,6.5%,18,NORMAL,202.0,0.0,0.3,0.3,False,0.78,43.41
1767890037.15,2026-01-08 22:03:57,3,9,66,6.5%,18,NORMAL,201.7,0.0,0.3,0.3,False,2.24,41.95
1767890040.24,2026-01-08 22:04:00,3,9,66,6.5%,18,NORMAL,201.4,0.0,0.3,0.3,False,2.24,41.95
1767890043.34,2026-01-08 22:04:03,3,9,66,6.5%,18,NORMAL,201.0,0.0,0.3,0.3,False,2.24,41.95
1767890046.37,2026-01-08 22:04:06,2,9,66,6.4%,18,NORMAL,200.7,0.0,0.3,0.3,False,1.53,42.67
1767890049.42,2026-01-08 22:04:09,2,9,66,6.3%,18,NORMAL,200.3,0.0,0.3,0.3,False,1.53,42.67
1767890052.68,2026-01-08 22:04:12,3,9,66,6.2%,18,NORMAL,200.0,0.0,0.3,0.3,False,2.24,41.95
1767890055.74,2026-01-08 22:04:15,3,9,66,6.2%,18,NORMAL,199.7,0.0,0.3,0.3,False,2.24,41.95
1767890058.71,2026-01-08 22:04:18,2,9,66,6.1%,18,NORMAL,199.3,0.0,0.3,0.3,False,1.53,42.67
1767890061.40,2026-01-08 22:04:21,2,9,66,5.9%,18,NORMAL,199.0,0.0,0.3,0.3,False,1.53,42.67
1767890064.20,2026-01-08 22:04:24,2,9,66,5.8%,18,NORMAL,198.7,0.0,0.3,0.3,False,1.53,42.67
1767890067.02,2026-01-08 22:04:27,2,9,66,5.7%,18,NORMAL,198.3,0.0,0.3,0.3,False,1.53,42.67
1767890069.74,2026-01-08 22:04:29,3,9,66,5.5%,18,NORMAL,198.0,0.0,0.3,0.3,False,2.24,41.95
1767890072.52,2026-01-08 22:04:32,3,9,66,5.3%,18,NORMAL,197.7,0.0,0.3,0.3,False,2.24,41.95
1767890075.15,2026-01-08 22:04:35,3,9,67,5.2%,18,NORMAL,200.3,0.0,0.3,0.3,False,2.24,41.95
1767890077.83,2026-01-08 22:04:37,4,9,67,5.1%,18,NORMAL,200.0,0.0,0.3,0.3,False,2.92,41.28
1767890080.67,2026-01-08 22:04:40,4,9,67,5.2%,18,NORMAL,199.7,0.0,0.3,0.3,False,2.92,41.28
1767890083.31,2026-01-08 22:04:43,5,9,67,5.3%,18,NORMAL,199.3,0.0,0.3,0.3,False,3.56,40.64
1767890086.15,2026-01-08 22:04:46,5,9,67,5.3%,18,NORMAL,199.0,0.0,0.3,0.3,False,3.56,40.64
1767890089.48,2026-01-08 22:04:49,5,9,67,5.4%,18,NORMAL,198.7,0.0,0.3,0.3,False,3.56,40.64
1767890093.04,2026-01-08 22:04:53,5,9,67,5.4%,18,NORMAL,198.4,0.0,0.3,0.3,False,3.56,40.64
1767890096.64,2026-01-08 22:04:56,3,9,67,5.4%,18,NORMAL,198.0,0.0,0.3,0.3,False,2.24,41.95
1767890099.88,2026-01-08 22:04:59,2,9,67,5.3%,18,NORMAL,197.7,0.0,0.3,0.3,False,1.53,42.67
1767890103.15,2026-01-08 22:05:03,3,9,67,5.3%,18,NORMAL,197.4,0.0,0.3,0.3,False,2.24,41.95
1767890106.09,2026-01-08 22:05:06,3,9,67,5.2%,18,NORMAL,197.1,0.0,0.3,0.3,False,2.24,41.95
1767890109.15,2026-01-08 22:05:09,2,9,67,5.1%,18,NORMAL,196.7,0.0,0.3,0.3,False,1.53,42.67
1767890112.04,2026-01-08 22:05:12,2,9,67,5.0%,18,NORMAL,196.4,0.0,0.3,0.3,False,1.53,42.67
1767890115.05,2026-01-08 22:05:15,3,9,67,4.9%,18,NORMAL,196.1,0.0,0.3,0.3,False,2.24,41.95
1767890118.16,2026-01-08 22:05:18,4,9,67,5.0%,18,NORMAL,195.8,0.0,0.3,0.3,False,2.92,41.28
1767890121.15,2026-01-08 22:05:21,4,9,67,5.1%,18,NORMAL,195.5,0.0,0.3,0.3,False,2.92,41.28
1767890123.92,2026-01-08 22:05:23,4,9,68,5.2%,18,NORMAL,198.1,0.0,0.3,0.3,False,2.92,41.28
1767890126.52,2026-01-08 22:05:26,4,9,68,5.3%,18,NORMAL,197.7,0.0,0.3,0.3,False,2.92,41.28
1767890129.36,2026-01-08 22:05:29,3,9,68,5.3%,18,NORMAL,197.4,0.0,0.3,0.3,False,2.24,41.95
1767890132.21,2026-01-08 22:05:32,3,9,68,5.3%,18,NORMAL,197.1,0.0,0.3,0.3,False,2.24,41.95
1767890135.29,2026-01-08 22:05:35,3,9,68,5.3%,18,NORMAL,196.8,0.0,0.3,0.3,False,2.24,41.95
1767890137.92,2026-01-08 22:05:37,2,9,68,5.3%,18,NORMAL,196.5,0.0,0.3,0.3,False,1.53,42.67
1767890140.51,2026-01-08 22:05:40,2,9,68,5.3%,18,NORMAL,196.2,0.0,0.3,0.3,False,1.53,42.67
1767890143.23,2026-01-08 22:05:43,2,9,68,5.2%,18,NORMAL,195.8,0.0,0.3,0.3,False,1.53,42.67
1767890145.98,2026-01-08 22:05:45,2,9,68,5.2%,18,NORMAL,195.5,0.0,0.3,0.3,False,1.53,42.67
1767890148.94,2026-01-08 22:05:48,2,9,68,5.2%,18,NORMAL,195.2,0.0,0.3,0.3,False,1.53,42.67
1767890151.68,2026-01-08 22:05:51,1,9,68,5.2%,18,NORMAL,194.9,0.0,0.3,0.3,False,0.78,43.41
1767890154.32,2026-01-08 22:05:54,1,9,68,5.1%,18,NORMAL,194.6,0.0,0.3,0.3,False,0.78,43.41
1767890156.93,2026-01-08 22:05:56,1,9,68,5.0%,18,NORMAL,194.3,0.0,0.3,0.3,False,0.78,43.41
1767890160.21,2026-01-08 22:06:00,1,9,68,4.9%,18,NORMAL,194.0,0.0,0.3,0.3,False,0.78,43.41
1767890163.17,2026-01-08 22:06:03,1,9,68,4.8%,18,NORMAL,193.7,0.0,0.3,0.3,False,0.78,43.41
1767890165.87,2026-01-08 22:06:05,1,9,68,4.6%,18,NORMAL,193.4,0.0,0.3,0.3,False,0.78,43.41
1767890168.57,2026-01-08 22:06:08,1,9,68,4.5%,18,NORMAL,193.1,0.0,0.3,0.3,False,0.78,43.41
1767890171.24,2026-01-08 22:06:11,1,9,68,4.3%,18,NORMAL,192.8,0.0,0.3,0.3,False,0.78,43.41
1767890174.11,2026-01-08 22:06:14,1,9,68,4.1%,18,NORMAL,192.5,0.0,0.3,0.3,False,0.78,43.41
1767890176.80,2026-01-08 22:06:16,1,9,68,3.8%,18,NORMAL,192.2,0.0,0.3,0.3,False,0.78,43.41
1767890180.05,2026-01-08 22:06:20,1,9,68,3.6%,18,NORMAL,191.8,0.0,0.3,0.3,False,0.78,43.41
1767890183.48,2026-01-08 22:06:23,1,9,68,3.5%,18,NORMAL,191.5,0.0,0.3,0.3,False,0.78,43.41
1767890186.49,2026-01-08 22:06:26,2,9,68,3.5%,18,NORMAL,191.2,0.0,0.3,0.3,False,1.53,42.67
1767890189.72,2026-01-08 22:06:29,2,9,68,3.5%,18,NORMAL,191.0,0.0,0.3,0.3,False,1.53,42.67
1767890192.31,2026-01-08 22:06:32,2,9,69,3.4%,18,NORMAL,193.5,0.0,0.3,0.3,False,1.53,42.67
1767890195.03,2026-01-08 22:06:35,2,9,69,3.4%,18,NORMAL,193.2,0.0,0.3,0.3,False,1.53,42.67
1767890197.78,2026-01-08 22:06:37,2,9,69,3.4%,18,NORMAL,192.9,0.0,0.3,0.3,False,1.53,42.67
1767890200.48,2026-01-08 22:06:40,2,9,69,3.4%,18,NORMAL,192.6,0.0,0.3,0.3,False,1.53,42.67
1767890203.18,2026-01-08 22:06:43,2,9,69,3.3%,18,NORMAL,192.3,0.0,0.3,0.3,False,1.53,42.67
1767890205.94,2026-01-08 22:06:45,2,9,69,3.2%,18,NORMAL,192.0,0.0,0.3,0.3,False,1.53,42.67
1767890208.66,2026-01-08 22:06:48,2,9,69,3.0%,18,NORMAL,191.7,0.0,0.3,0.3,False,1.53,42.67
1767890211.42,2026-01-08 22:06:51,2,9,69,2.9%,18,NORMAL,191.4,0.0,0.3,0.3,False,1.53,42.67
1767890214.19,2026-01-08 22:06:54,2,9,69,2.9%,18,NORMAL,191.1,0.0,0.3,0.3,False,1.53,42.67
1767890216.98,2026-01-08 22:06:56,2,9,69,2.8%,18,NORMAL,190.8,0.0,0.3,0.3,False,1.53,42.67
1767890219.87,2026-01-08 22:06:59,2,9,69,2.8%,18,NORMAL,190.5,0.0,0.3,0.3,False,1.53,42.67
1767890223.06,2026-01-08 22:07:03,2,9,69,2.8%,18,NORMAL,190.2,0.0,0.4,0.4,False,1.53,42.67
1767890226.37,2026-01-08 22:07:06,2,9,69,2.8%,18,NORMAL,189.9,0.0,0.4,0.4,False,1.53,42.67
1767890229.39,2026-01-08 22:07:09,2,9,69,2.8%,18,NORMAL,189.6,0.0,0.4,0.4,False,1.53,42.67
1767890232.65,2026-01-08 22:07:12,3,9,69,2.8%,18,NORMAL,189.3,0.0,0.4,0.4,False,2.24,41.95
1767890235.80,2026-01-08 22:07:15,3,9,69,2.9%,18,NORMAL,189.0,0.0,0.4,0.4,False,2.24,41.95
1767890238.42,2026-01-08 22:07:18,2,9,69,2.9%,18,NORMAL,188.8,0.0,0.4,0.4,False,1.53,42.67
1767890241.20,2026-01-08 22:07:21,2,9,69,3.0%,18,NORMAL,188.5,0.0,0.4,0.4,False,1.53,42.67
1767890243.95,2026-01-08 22:07:23,2,9,69,3.1%,18,NORMAL,188.2,0.0,0.4,0.4,False,1.53,42.67
1767890246.81,2026-01-08 22:07:26,3,9,70,3.2%,18,NORMAL,190.6,0.0,0.3,0.3,False,2.24,41.95
1767890249.62,2026-01-08 22:07:29,3,9,70,3.3%,18,NORMAL,190.3,0.0,0.3,0.3,False,2.24,41.95
1767890252.33,2026-01-08 22:07:32,2,9,70,3.3%,18,NORMAL,190.0,0.0,0.3,0.3,False,1.53,42.67
1767890255.18,2026-01-08 22:07:35,2,9,70,3.4%,18,NORMAL,189.8,0.0,0.3,0.3,False,1.53,42.67
1767890257.83,2026-01-08 22:07:37,2,9,70,3.4%,18,NORMAL,189.5,0.0,0.3,0.3,False,1.53,42.67
1767890260.44,2026-01-08 22:07:40,2,9,70,3.5%,18,NORMAL,189.2,0.0,0.3,0.3,False,1.53,42.67
1767890263.13,2026-01-08 22:07:43,2,9,70,3.6%,18,NORMAL,188.9,0.0,0.3,0.3,False,1.53,42.67
1767890265.93,2026-01-08 22:07:45,3,9,70,3.7%,18,NORMAL,188.6,0.0,0.3,0.3,False,2.24,41.95
1767890268.65,2026-01-08 22:07:48,3,9,70,3.8%,18,NORMAL,188.3,0.0,0.3,0.3,False,2.24,41.95
1767890271.42,2026-01-08 22:07:51,3,9,70,3.8%,18,NORMAL,188.1,0.0,0.3,0.3,False,2.24,41.95
1767890274.12,2026-01-08 22:07:54,4,9,70,3.9%,18,NORMAL,187.8,0.0,0.3,0.3,False,2.92,41.28
1767890276.84,2026-01-08 22:07:56,4,9,70,4.0%,18,NORMAL,187.5,0.0,0.3,0.3,False,2.92,41.28
1767890279.74,2026-01-08 22:07:59,4,9,71,4.1%,18,NORMAL,189.9,0.0,0.3,0.3,False,2.92,41.28
1767890282.46,2026-01-08 22:08:02,3,9,71,4.2%,18,NORMAL,189.6,0.0,0.3,0.3,False,2.24,41.95
1767890285.33,2026-01-08 22:08:05,3,9,71,4.3%,18,NORMAL,189.3,0.0,0.3,0.3,False,2.24,41.95
1767890288.11,2026-01-08 22:08:08,3,9,71,4.3%,18,NORMAL,189.1,0.0,0.3,0.3,False,2.24,41.95
1767890291.45,2026-01-08 22:08:11,4,9,71,4.4%,18,NORMAL,188.8,0.0,0.3,0.3,False,2.92,41.28
1767890294.79,2026-01-08 22:08:14,5,9,71,4.6%,18,NORMAL,188.5,0.0,0.3,0.3,False,3.56,40.64
1767890297.49,2026-01-08 22:08:17,5,9,72,4.7%,18,NORMAL,190.9,0.0,0.3,0.3,False,3.56,40.64
1767890300.11,2026-01-08 22:08:20,5,9,72,4.9%,18,NORMAL,190.6,0.0,0.3,0.3,False,3.56,40.64
1767890302.80,2026-01-08 22:08:22,5,9,72,5.0%,18,NORMAL,190.3,0.0,0.3,0.3,False,3.56,40.64
1767890305.84,2026-01-08 22:08:25,4,9,72,5.1%,18,NORMAL,190.0,0.0,0.3,0.3,False,2.92,41.28
1767890308.71,2026-01-08 22:08:28,5,9,72,5.3%,18,NORMAL,189.8,0.0,0.3,0.3,False,3.56,40.64
1767890311.45,2026-01-08 22:08:31,5,9,72,5.4%,18,NORMAL,189.5,0.0,0.4,0.4,False,3.56,40.64
1767890314.35,2026-01-08 22:08:34,4,9,72,5.5%,18,NORMAL,189.2,0.0,0.4,0.4,False,2.92,41.28
1767890317.28,2026-01-08 22:08:37,4,9,72,5.6%,18,NORMAL,188.9,0.0,0.4,0.4,False,2.92,41.28
1767890319.87,2026-01-08 22:08:39,3,9,72,5.6%,18,NORMAL,188.6,0.0,0.4,0.4,False,2.24,41.95
1767890322.76,2026-01-08 22:08:42,3,9,72,5.6%,18,NORMAL,188.4,0.0,0.4,0.4,False,2.24,41.95
1767890326.21,2026-01-08 22:08:46,3,9,72,5.7%,18,NORMAL,188.1,0.0,0.4,0.4,False,2.24,41.95
1767890329.16,2026-01-08 22:08:49,3,9,72,5.8%,18,NORMAL,187.8,0.0,0.4,0.4,False,2.24,41.95
1767890332.07,2026-01-08 22:08:52,3,9,72,5.8%,18,NORMAL,187.6,0.0,0.4,0.4,False,2.24,41.95
1767890334.77,2026-01-08 22:08:54,3,9,72,5.8%,18,NORMAL,187.3,0.0,0.4,0.4,False,2.24,41.95
1767890337.46,2026-01-08 22:08:57,3,9,72,5.8%,18,NORMAL,187.0,0.0,0.4,0.4,False,2.24,41.95
1767890340.47,2026-01-08 22:09:00,3,9,72,5.9%,18,NORMAL,186.7,0.0,0.4,0.4,False,2.24,41.95
1767890343.15,2026-01-08 22:09:03,3,9,72,5.9%,18,NORMAL,186.5,0.0,0.4,0.4,False,2.24,41.95
1767890345.95,2026-01-08 22:09:05,3,9,72,6.0%,18,NORMAL,186.2,0.0,0.4,0.4,False,2.24,41.95
1767890348.77,2026-01-08 22:09:08,3,9,72,6.0%,18,NORMAL,185.9,0.0,0.4,0.4,False,2.24,41.95
1767890351.53,2026-01-08 22:09:11,3,9,72,6.0%,18,NORMAL,185.7,0.0,0.4,0.4,False,2.24,41.95
1767890354.29,2026-01-08 22:09:14,3,9,72,6.0%,18,NORMAL,185.4,0.0,0.4,0.4,False,2.24,41.95
1767890357.12,2026-01-08 22:09:17,2,9,72,6.0%,18,NORMAL,185.1,0.0,0.4,0.4,False,1.53,42.67
1767890359.94,2026-01-08 22:09:19,2,9,72,5.9%,18,NORMAL,184.9,0.0,0.4,0.4,False,1.53,42.67
1767890362.90,2026-01-08 22:09:22,2,9,72,5.8%,18,NORMAL,184.6,0.0,0.4,0.4,False,1.53,42.67
1767890365.51,2026-01-08 22:09:25,2,9,72,5.7%,18,NORMAL,184.4,0.0,0.4,0.4,False,1.53,42.67
1767890368.30,2026-01-08 22:09:28,2,9,72,5.6%,18,NORMAL,184.1,0.0,0.4,0.4,False,1.53,42.67
1767890371.06,2026-01-08 22:09:31,2,9,72,5.5%,18,NORMAL,183.8,0.0,0.4,0.4,False,1.53,42.67
1767890373.85,2026-01-08 22:09:33,2,9,72,5.5%,18,NORMAL,183.6,0.0,0.4,0.4,False,1.53,42.67
1767890376.53,2026-01-08 22:09:36,2,9,72,5.4%,18,NORMAL,183.3,0.0,0.4,0.4,False,1.53,42.67
1767890379.36,2026-01-08 22:09:39,2,9,72,5.2%,18,NORMAL,183.1,0.0,0.4,0.4,False,1.53,42.67
1767890382.20,2026-01-08 22:09:42,3,9,72,5.1%,18,NORMAL,182.8,0.0,0.4,0.4,False,2.24,41.95
1767890385.40,2026-01-08 22:09:45,3,9,72,5.0%,18,NORMAL,182.5,0.0,0.4,0.4,False,2.24,41.95
1767890388.22,2026-01-08 22:09:48,3,9,73,4.9%,18,NORMAL,184.8,0.0,0.4,0.4,False,2.24,41.95
1767890390.84,2026-01-08 22:09:50,3,9,73,4.9%,18,NORMAL,184.6,0.0,0.4,0.4,False,2.24,41.95
1767890393.44,2026-01-08 22:09:53,2,9,73,4.7%,18,NORMAL,184.3,0.0,0.4,0.4,False,1.53,42.67
1767890395.99,2026-01-08 22:09:55,2,9,73,4.6%,18,NORMAL,184.0,0.0,0.4,0.4,False,1.53,42.67
1767890398.80,2026-01-08 22:09:58,2,9,73,4.5%,18,NORMAL,183.8,0.0,0.4,0.4,False,1.53,42.67
1767890401.60,2026-01-08 22:10:01,1,9,73,4.3%,18,NORMAL,183.5,0.0,0.4,0.4,False,0.78,43.41
1767890404.22,2026-01-08 22:10:04,1,9,73,4.2%,18,NORMAL,183.3,0.0,0.4,0.4,False,0.78,43.41
1767890407.29,2026-01-08 22:10:07,2,9,73,4.2%,18,NORMAL,183.0,0.0,0.4,0.4,False,1.53,42.67
1767890410.67,2026-01-08 22:10:10,2,9,73,4.1%,18,NORMAL,182.8,0.0,0.4,0.4,False,1.53,42.67
1767890413.92,2026-01-08 22:10:13,2,9,73,4.0%,18,NORMAL,182.5,0.0,0.4,0.4,False,1.53,42.67
1767890416.62,2026-01-08 22:10:16,2,9,73,4.0%,18,NORMAL,182.2,0.0,0.4,0.4,False,1.53,42.67
1767890419.34,2026-01-08 22:10:19,3,9,73,4.0%,18,NORMAL,182.0,0.0,0.4,0.4,False,2.24,41.95
1767890422.26,2026-01-08 22:10:22,4,9,73,4.0%,18,NORMAL,181.7,0.0,0.4,0.4,False,2.92,41.28
1767890425.23,2026-01-08 22:10:25,4,9,74,4.1%,18,NORMAL,184.0,0.0,0.4,0.4,False,2.92,41.28
1767890428.14,2026-01-08 22:10:28,4,9,75,4.1%,18,NORMAL,186.2,0.0,0.4,0.4,False,2.92,41.28
1767890430.91,2026-01-08 22:10:30,4,9,76,4.2%,18,NORMAL,188.4,0.0,0.4,0.4,False,2.92,41.28
1767890433.55,2026-01-08 22:10:33,4,9,76,4.2%,18,NORMAL,188.2,0.0,0.4,0.4,False,2.92,41.28
1767890436.31,2026-01-08 22:10:36,3,9,76,4.2%,18,NORMAL,187.9,0.0,0.4,0.4,False,2.24,41.95
1767890439.02,2026-01-08 22:10:39,4,9,77,4.3%,18,NORMAL,190.1,0.0,0.4,0.4,False,2.92,41.28
1767890441.81,2026-01-08 22:10:41,5,9,77,4.4%,18,NORMAL,189.9,0.0,0.4,0.4,False,3.56,40.64
1767890444.75,2026-01-08 22:10:44,4,9,77,4.6%,18,NORMAL,189.6,0.0,0.4,0.4,False,2.92,41.28
1767890447.82,2026-01-08 22:10:47,4,9,77,4.7%,18,NORMAL,189.3,0.0,0.4,0.4,False,2.92,41.28
1767890450.82,2026-01-08 22:10:50,4,9,77,4.8%,18,NORMAL,189.1,0.0,0.4,0.4,False,2.92,41.28
1767890453.53,2026-01-08 22:10:53,4,9,77,4.9%,18,NORMAL,188.8,0.0,0.4,0.4,False,2.92,41.28
1767890456.29,2026-01-08 22:10:56,4,9,77,5.0%,18,NORMAL,188.6,0.0,0.4,0.4,False,2.92,41.28
1767890459.12,2026-01-08 22:10:59,3,9,77,5.0%,18,NORMAL,188.3,0.0,0.4,0.4,False,2.24,41.95
1767890462.05,2026-01-08 22:11:02,4,9,77,5.1%,18,NORMAL,188.1,0.0,0.4,0.4,False,2.92,41.28
1767890464.76,2026-01-08 22:11:04,4,9,77,5.2%,18,NORMAL,187.8,0.0,0.4,0.4,False,2.92,41.28
1767890467.43,2026-01-08 22:11:07,3,9,77,5.2%,18,NORMAL,187.6,0.0,0.4,0.4,False,2.24,41.95
1767890470.42,2026-01-08 22:11:10,4,9,77,5.3%,18,NORMAL,187.3,0.0,0.4,0.4,False,2.92,41.28
1767890473.80,2026-01-08 22:11:13,4,9,77,5.3%,18,NORMAL,187.0,0.0,0.4,0.4,False,2.92,41.28
1767890476.69,2026-01-08 22:11:16,3,9,77,5.3%,18,NORMAL,186.8,0.0,0.4,0.4,False,2.24,41.95
1767890480.11,2026-01-08 22:11:20,3,9,77,5.4%,18,NORMAL,186.5,0.0,0.4,0.4,False,2.24,41.95
1767890483.49,2026-01-08 22:11:23,3,9,77,5.4%,18,NORMAL,186.3,0.0,0.4,0.4,False,2.24,41.95
1767890486.23,2026-01-08 22:11:26,2,9,78,5.4%,18,NORMAL,188.5,0.0,0.4,0.4,False,1.53,42.67
1767890489.10,2026-01-08 22:11:29,2,9,78,5.5%,18,NORMAL,188.2,0.0,0.4,0.4,False,1.53,42.67
1767890491.77,2026-01-08 22:11:31,2,9,78,5.6%,18,NORMAL,188.0,0.0,0.4,0.4,False,1.53,42.67
1767890494.48,2026-01-08 22:11:34,0,9,76,5.4%,18,NORMAL,182.9,0.0,0.4,0.4,False,0.00,44.19
1767890497.30,2026-01-08 22:11:37,0,9,76,5.3%,18,NORMAL,182.6,0.0,0.4,0.4,False,0.00,44.19
1767890500.03,2026-01-08 22:11:40,1,9,76,5.3%,18,NORMAL,182.4,0.0,0.4,0.4,False,0.78,43.41
1767890502.82,2026-01-08 22:11:42,2,9,76,5.3%,18,NORMAL,182.2,0.0,0.4,0.4,False,1.53,42.67
1767890505.54,2026-01-08 22:11:45,3,9,77,5.3%,18,NORMAL,184.3,0.0,0.4,0.4,False,2.24,41.95
1767890508.31,2026-01-08 22:11:48,2,9,77,5.2%,18,NORMAL,184.1,0.0,0.4,0.4,False,1.53,42.67
1767890511.59,2026-01-08 22:11:51,2,9,77,5.1%,18,NORMAL,183.8,0.0,0.4,0.4,False,1.53,42.67
1767890514.55,2026-01-08 22:11:54,2,9,77,5.0%,18,NORMAL,183.6,0.0,0.4,0.4,False,1.53,42.67
1767890517.24,2026-01-08 22:11:57,3,9,78,4.9%,18,NORMAL,185.7,0.0,0.4,0.4,False,2.24,41.95
1767890519.86,2026-01-08 22:11:59,4,9,78,4.9%,18,NORMAL,185.5,0.0,0.4,0.4,False,2.92,41.28
1767890522.70,2026-01-08 22:12:02,3,9,78,4.9%,18,NORMAL,185.2,0.0,0.4,0.4,False,2.24,41.95
1767890525.38,2026-01-08 22:12:05,3,9,78,4.9%,18,NORMAL,185.0,0.0,0.4,0.4,False,2.24,41.95
1767890528.05,2026-01-08 22:12:08,2,9,78,4.7%,18,NORMAL,184.7,0.0,0.4,0.4,False,1.53,42.67
1767890531.08,2026-01-08 22:12:11,3,9,78,4.7%,18,NORMAL,184.5,0.0,0.4,0.4,False,2.24,41.95
1767890534.10,2026-01-08 22:12:14,2,9,78,4.5%,18,NORMAL,184.3,0.0,0.4,0.4,False,1.53,42.67
1767890536.91,2026-01-08 22:12:16,1,9,78,4.4%,18,NORMAL,184.0,0.0,0.4,0.4,False,0.78,43.41
1767890540.02,2026-01-08 22:12:20,3,9,78,4.3%,18,NORMAL,183.8,0.0,0.4,0.4,False,2.24,41.95
1767890542.80,2026-01-08 22:12:22,3,9,78,4.3%,18,NORMAL,183.5,0.0,0.4,0.4,False,2.24,41.95
1767890545.55,2026-01-08 22:12:25,3,9,78,4.3%,18,NORMAL,183.3,0.0,0.4,0.4,False,2.24,41.95
1767890548.24,2026-01-08 22:12:28,5,9,78,4.3%,18,NORMAL,183.1,0.0,0.4,0.4,False,3.56,40.64
1767890550.91,2026-01-08 22:12:30,5,9,80,4.4%,18,NORMAL,187.5,0.0,0.4,0.4,False,3.56,40.64
1767890554.00,2026-01-08 22:12:33,4,9,80,4.4%,18,NORMAL,187.3,0.0,0.4,0.4,False,2.92,41.28
1767890557.24,2026-01-08 22:12:37,5,9,80,4.5%,18,NORMAL,187.0,0.0,0.4,0.4,False,3.56,40.64
1767890560.44,2026-01-08 22:12:40,5,9,80,4.5%,18,NORMAL,186.8,0.0,0.4,0.4,False,3.56,40.64
1767890563.57,2026-01-08 22:12:43,4,9,80,4.6%,18,NORMAL,186.5,0.0,0.4,0.4,False,2.92,41.28
1767890566.56,2026-01-08 22:12:46,4,9,81,4.6%,18,NORMAL,188.6,0.0,0.4,0.4,False,2.92,41.28
1767890569.29,2026-01-08 22:12:49,5,9,81,4.7%,18,NORMAL,188.4,0.0,0.4,0.4,False,3.56,40.64
1767890572.12,2026-01-08 22:12:52,4,9,81,4.8%,18,NORMAL,188.1,0.0,0.4,0.4,False,2.92,41.28
1767890575.42,2026-01-08 22:12:55,3,9,81,4.9%,18,NORMAL,187.9,0.0,0.4,0.4,False,2.24,41.95
1767890578.64,2026-01-08 22:12:58,3,9,81,4.9%,18,NORMAL,187.6,0.0,0.4,0.4,False,2.24,41.95
1767890581.61,2026-01-08 22:13:01,3,9,81,5.1%,18,NORMAL,187.4,0.0,0.4,0.4,False,2.24,41.95
1767890584.67,2026-01-08 22:13:04,3,9,81,5.3%,18,NORMAL,187.2,0.0,0.4,0.4,False,2.24,41.95
1767890588.01,2026-01-08 22:13:08,3,9,81,5.4%,18,NORMAL,186.9,0.0,0.4,0.4,False,2.24,41.95
1767890591.19,2026-01-08 22:13:11,4,9,81,5.5%,18,NORMAL,186.7,0.0,0.4,0.4,False,2.92,41.28
1767890594.19,2026-01-08 22:13:14,4,9,81,5.5%,18,NORMAL,186.4,0.0,0.4,0.4,False,2.92,41.28
1767890597.26,2026-01-08 22:13:17,4,9,82,5.6%,18,NORMAL,188.5,0.0,0.4,0.4,False,2.92,41.28
1767890600.41,2026-01-08 22:13:20,5,9,82,5.8%,18,NORMAL,188.3,0.0,0.4,0.4,False,3.56,40.64
1767890603.11,2026-01-08 22:13:23,3,9,82,5.9%,18,NORMAL,188.0,0.0,0.4,0.4,False,2.24,41.95
1767890605.79,2026-01-08 22:13:25,3,9,83,5.9%,18,NORMAL,190.1,0.0,0.4,0.4,False,2.24,41.95
1767890608.66,2026-01-08 22:13:28,4,9,83,5.9%,18,NORMAL,189.8,0.0,0.4,0.4,False,2.92,41.28
1767890611.34,2026-01-08 22:13:31,4,9,83,5.9%,18,NORMAL,189.6,0.0,0.4,0.4,False,2.92,41.28
1767890614.67,2026-01-08 22:13:34,3,9,84,5.9%,18,NORMAL,191.6,0.0,0.4,0.4,False,2.24,41.95
1767890617.97,2026-01-08 22:13:37,4,9,84,6.0%,18,NORMAL,191.4,0.0,0.4,0.4,False,2.92,41.28
1767890621.09,2026-01-08 22:13:41,4,9,84,6.1%,18,NORMAL,191.2,0.0,0.4,0.4,False,2.92,41.28
1767890623.70,2026-01-08 22:13:43,5,9,85,6.2%,18,NORMAL,193.2,0.0,0.4,0.4,False,3.56,40.64
1767890626.43,2026-01-08 22:13:46,4,9,85,6.4%,18,NORMAL,192.9,0.0,0.4,0.4,False,2.92,41.28
1767890629.48,2026-01-08 22:13:49,5,9,85,6.5%,18,NORMAL,192.7,0.0,0.4,0.4,False,3.56,40.64
1767890632.53,2026-01-08 22:13:52,3,9,85,6.5%,18,NORMAL,192.5,0.0,0.4,0.4,False,2.24,41.95
1767890635.23,2026-01-08 22:13:55,4,9,85,6.5%,18,NORMAL,192.2,0.0,0.4,0.4,False,2.92,41.28
1767890637.86,2026-01-08 22:13:57,5,9,85,6.5%,18,NORMAL,192.0,0.0,0.4,0.4,False,3.56,40.64
1767890640.94,2026-01-08 22:14:00,5,9,85,6.5%,18,NORMAL,191.7,0.0,0.4,0.4,False,3.56,40.64
1767890643.77,2026-01-08 22:14:03,5,9,85,6.6%,18,NORMAL,191.5,0.0,0.4,0.4,False,3.56,40.64
1767890646.72,2026-01-08 22:14:06,5,9,85,6.6%,18,NORMAL,191.2,0.0,0.4,0.4,False,3.56,40.64
1767890649.68,2026-01-08 22:14:09,4,9,85,6.5%,18,NORMAL,191.0,0.0,0.4,0.4,False,2.92,41.28
1767890652.48,2026-01-08 22:14:12,4,9,85,6.5%,18,NORMAL,190.8,0.0,0.4,0.4,False,2.92,41.28
1767890655.24,2026-01-08 22:14:15,4,9,85,6.5%,18,NORMAL,190.5,0.0,0.4,0.4,False,2.92,41.28
1767890657.93,2026-01-08 22:14:17,4,9,85,6.5%,18,NORMAL,190.3,0.0,0.4,0.4,False,2.92,41.28
1767890660.68,2026-01-08 22:14:20,5,9,85,6.5%,18,NORMAL,190.1,0.0,0.4,0.4,False,3.56,40.64
1767890663.39,2026-01-08 22:14:23,5,9,85,6.6%,18,NORMAL,189.8,0.0,0.4,0.4,False,3.56,40.64
1767890666.14,2026-01-08 22:14:26,4,9,85,6.7%,18,NORMAL,189.6,0.0,0.4,0.4,False,2.92,41.28
1767890669.04,2026-01-08 22:14:29,5,9,86,6.8%,18,NORMAL,191.6,0.0,0.4,0.4,False,3.56,40.64
1767890671.63,2026-01-08 22:14:31,5,9,86,6.9%,18,NORMAL,191.3,0.0,0.4,0.4,False,3.56,40.64
1767890674.59,2026-01-08 22:14:34,5,9,86,7.0%,18,NORMAL,191.1,0.0,0.4,0.4,False,3.56,40.64
1767890677.57,2026-01-08 22:14:37,6,9,86,7.1%,18,NORMAL,190.9,0.0,0.4,0.4,False,4.16,40.03
1767890680.61,2026-01-08 22:14:40,5,9,86,7.1%,18,NORMAL,190.6,0.0,0.4,0.4,False,3.56,40.64
1767890683.31,2026-01-08 22:14:43,5,9,86,7.2%,18,NORMAL,190.4,0.0,0.4,0.4,False,3.56,40.64
1767890686.05,2026-01-08 22:14:46,5,9,86,7.2%,18,NORMAL,190.2,0.0,0.4,0.4,False,3.56,40.64
1767890689.20,2026-01-08 22:14:49,6,9,86,7.3%,18,NORMAL,189.9,0.0,0.4,0.4,False,4.16,40.03
1767890692.06,2026-01-08 22:14:52,6,9,86,7.5%,18,NORMAL,189.7,0.0,0.4,0.4,False,4.16,40.03
1767890694.65,2026-01-08 22:14:54,5,9,87,7.5%,18,NORMAL,191.7,0.0,0.4,0.4,False,3.56,40.64
1767890697.65,2026-01-08 22:14:57,5,9,87,7.5%,18,NORMAL,191.4,0.0,0.4,0.4,False,3.56,40.64
1767890700.63,2026-01-08 22:15:00,6,9,87,7.7%,18,NORMAL,191.2,0.0,0.4,0.4,False,4.16,40.03
1767890703.48,2026-01-08 22:15:03,7,9,87,7.8%,18,NORMAL,191.0,0.0,0.4,0.4,False,4.73,39.47
1767890706.12,2026-01-08 22:15:06,6,9,87,7.9%,18,NORMAL,190.7,0.0,0.4,0.4,False,4.16,40.03
1767890708.81,2026-01-08 22:15:08,5,9,87,7.9%,18,NORMAL,190.5,0.0,0.4,0.4,False,3.56,40.64
1767890711.50,2026-01-08 22:15:11,6,9,87,8.0%,18,NORMAL,190.3,0.0,0.4,0.4,False,4.16,40.03
1767890714.50,2026-01-08 22:15:14,8,9,88,8.1%,18,NORMAL,192.2,0.0,0.4,0.4,False,5.26,38.93
1767890717.22,2026-01-08 22:15:17,8,9,88,8.4%,18,NORMAL,192.0,0.0,0.4,0.4,False,5.26,38.93
1767890719.99,2026-01-08 22:15:19,7,9,88,8.5%,18,NORMAL,191.8,0.0,0.4,0.4,False,4.73,39.47
1767890722.65,2026-01-08 22:15:22,7,9,88,8.6%,18,NORMAL,191.5,0.0,0.4,0.4,False,4.73,39.47
1767890725.50,2026-01-08 22:15:25,6,9,88,8.6%,18,NORMAL,191.3,0.0,0.4,0.4,False,4.16,40.03
1767890728.29,2026-01-08 22:15:28,5,9,88,8.6%,18,NORMAL,191.1,0.0,0.4,0.4,False,3.56,40.64
1767890731.05,2026-01-08 22:15:31,6,9,88,8.7%,18,NORMAL,190.8,0.0,0.4,0.4,False,4.16,40.03
1767890734.02,2026-01-08 22:15:34,7,9,88,8.8%,18,NORMAL,190.6,0.0,0.4,0.4,False,4.73,39.47
1767890736.99,2026-01-08 22:15:36,7,9,88,9.0%,18,NORMAL,190.4,0.0,0.4,0.4,False,4.73,39.47
1767890739.77,2026-01-08 22:15:39,7,9,89,9.1%,18,NORMAL,192.3,0.0,0.4,0.4,False,4.73,39.47
1767890742.58,2026-01-08 22:15:42,6,9,89,9.2%,18,NORMAL,192.1,0.0,0.4,0.4,False,4.16,40.03
1767890745.58,2026-01-08 22:15:45,5,9,89,9.2%,18,NORMAL,191.9,0.0,0.4,0.4,False,3.56,40.64
1767890748.72,2026-01-08 22:15:48,7,9,89,9.3%,18,NORMAL,191.6,0.0,0.4,0.4,False,4.73,39.47
1767890751.70,2026-01-08 22:15:51,5,9,89,9.3%,18,NORMAL,191.4,0.0,0.4,0.4,False,3.56,40.64
1767890754.40,2026-01-08 22:15:54,4,9,89,9.3%,18,NORMAL,191.2,0.0,0.4,0.4,False,2.92,41.28
1767890757.17,2026-01-08 22:15:57,5,9,89,9.3%,18,NORMAL,190.9,0.0,0.4,0.4,False,3.56,40.64
1767890760.28,2026-01-08 22:16:00,4,9,89,9.2%,18,NORMAL,190.7,0.0,0.4,0.4,False,2.92,41.28
1767890763.59,2026-01-08 22:16:03,4,9,89,9.1%,18,NORMAL,190.5,0.0,0.4,0.4,False,2.92,41.28
1767890766.70,2026-01-08 22:16:06,4,9,89,9.1%,18,NORMAL,190.3,0.0,0.4,0.4,False,2.92,41.28
1767890769.71,2026-01-08 22:16:09,3,9,89,9.0%,18,NORMAL,190.0,0.0,0.4,0.4,False,2.24,41.95
1767890772.76,2026-01-08 22:16:12,4,9,90,8.9%,18,NORMAL,191.9,0.0,0.4,0.4,False,2.92,41.28
1767890775.88,2026-01-08 22:16:15,5,9,90,8.9%,18,NORMAL,191.7,0.0,0.4,0.4,False,3.56,40.64
1767890778.87,2026-01-08 22:16:18,1,9,90,8.6%,18,NORMAL,191.5,0.0,0.4,0.4,False,0.78,43.41
1767890781.52,2026-01-08 22:16:21,1,9,90,8.4%,18,NORMAL,191.3,0.0,0.4,0.4,False,0.78,43.41
1767890784.11,2026-01-08 22:16:24,2,9,90,8.3%,18,NORMAL,191.0,0.0,0.4,0.4,False,1.53,42.67
1767890787.08,2026-01-08 22:16:27,2,9,90,8.1%,18,NORMAL,190.8,0.0,0.4,0.4,False,1.53,42.67
1767890789.76,2026-01-08 22:16:29,3,9,91,7.9%,18,NORMAL,192.7,0.0,0.4,0.4,False,2.24,41.95
1767890792.39,2026-01-08 22:16:32,4,9,91,7.8%,18,NORMAL,192.5,0.0,0.4,0.4,False,2.92,41.28
1767890795.02,2026-01-08 22:16:35,5,9,91,7.8%,18,NORMAL,192.3,0.0,0.4,0.4,False,3.56,40.64
1767890797.66,2026-01-08 22:16:37,4,9,92,7.7%,18,NORMAL,194.1,0.0,0.4,0.4,False,2.92,41.28
1767890800.56,2026-01-08 22:16:40,4,9,92,7.5%,18,NORMAL,193.9,0.0,0.4,0.4,False,2.92,41.28
1767890803.36,2026-01-08 22:16:43,4,9,92,7.4%,18,NORMAL,193.7,0.0,0.4,0.4,False,2.92,41.28
1767890805.99,2026-01-08 22:16:45,3,9,92,7.2%,18,NORMAL,193.5,0.0,0.4,0.4,False,2.24,41.95
1767890809.42,2026-01-08 22:16:49,3,9,92,7.0%,18,NORMAL,193.2,0.0,0.4,0.4,False,2.24,41.95
1767890812.41,2026-01-08 22:16:52,4,9,92,6.9%,18,NORMAL,193.0,0.0,0.4,0.4,False,2.92,41.28
1767890815.73,2026-01-08 22:16:55,3,9,92,6.8%,18,NORMAL,192.8,0.0,0.4,0.4,False,2.24,41.95
1767890819.07,2026-01-08 22:16:59,3,9,92,6.6%,18,NORMAL,192.6,0.0,0.4,0.4,False,2.24,41.95
1767890821.94,2026-01-08 22:17:01,3,9,92,6.5%,18,NORMAL,192.3,0.0,0.4,0.4,False,2.24,41.95
1767890824.67,2026-01-08 22:17:04,4,9,92,6.3%,18,NORMAL,192.1,0.0,0.4,0.4,False,2.92,41.28
1767890827.51,2026-01-08 22:17:07,4,9,92,6.2%,18,NORMAL,191.9,0.0,0.4,0.4,False,2.92,41.28
1767890830.44,2026-01-08 22:17:10,3,9,92,6.0%,18,NORMAL,191.7,0.0,0.4,0.4,False,2.24,41.95
1767890833.09,2026-01-08 22:17:13,3,9,92,5.9%,18,NORMAL,191.4,0.0,0.4,0.4,False,2.24,41.95
1767890835.86,2026-01-08 22:17:15,2,9,92,5.7%,18,NORMAL,191.2,0.0,0.4,0.4,False,1.53,42.67
1767890838.46,2026-01-08 22:17:18,3,9,92,5.6%,18,NORMAL,191.0,0.0,0.4,0.4,False,2.24,41.95
1767890841.07,2026-01-08 22:17:21,3,9,92,5.5%,18,NORMAL,190.8,0.0,0.4,0.4,False,2.24,41.95
1767890843.83,2026-01-08 22:17:23,2,9,92,5.4%,18,NORMAL,190.6,0.0,0.4,0.4,False,1.53,42.67
1767890846.50,2026-01-08 22:17:26,2,9,92,5.3%,18,NORMAL,190.3,0.0,0.4,0.4,False,1.53,42.67
1767890849.60,2026-01-08 22:17:29,2,9,92,5.2%,18,NORMAL,190.1,0.0,0.4,0.4,False,1.53,42.67
1767890852.35,2026-01-08 22:17:32,3,9,92,5.1%,18,NORMAL,189.9,0.0,0.4,0.4,False,2.24,41.95
1767890855.28,2026-01-08 22:17:35,3,9,93,5.1%,18,NORMAL,191.8,0.0,0.4,0.4,False,2.24,41.95
1767890858.52,2026-01-08 22:17:38,3,9,93,5.1%,18,NORMAL,191.5,0.0,0.4,0.4,False,2.24,41.95
1767890861.54,2026-01-08 22:17:41,3,9,93,5.0%,18,NORMAL,191.3,0.0,0.4,0.4,False,2.24,41.95
1767890864.44,2026-01-08 22:17:44,3,9,93,5.1%,18,NORMAL,191.1,0.0,0.4,0.4,False,2.24,41.95
1767890867.13,2026-01-08 22:17:47,2,9,93,5.1%,18,NORMAL,190.9,0.0,0.4,0.4,False,1.53,42.67
1767890869.88,2026-01-08 22:17:49,2,9,93,5.1%,18,NORMAL,190.7,0.0,0.4,0.4,False,1.53,42.67
1767890872.55,2026-01-08 22:17:52,2,9,93,5.1%,18,NORMAL,190.4,0.0,0.4,0.4,False,1.53,42.67
1767890875.23,2026-01-08 22:17:55,2,9,93,5.1%,18,NORMAL,190.2,0.0,0.4,0.4,False,1.53,42.67
1767890877.99,2026-01-08 22:17:57,2,9,93,5.0%,18,NORMAL,190.0,0.0,0.4,0.4,False,1.53,42.67
1767890880.71,2026-01-08 22:18:00,2,9,93,4.8%,18,NORMAL,189.8,0.0,0.4,0.4,False,1.53,42.67
1767890883.44,2026-01-08 22:18:03,2,9,93,4.7%,18,NORMAL,189.6,0.0,0.4,0.4,False,1.53,42.67
1767890886.16,2026-01-08 22:18:06,2,9,93,4.6%,18,NORMAL,189.4,0.0,0.4,0.4,False,1.53,42.67
1767890888.86,2026-01-08 22:18:08,2,9,93,4.5%,18,NORMAL,189.2,0.0,0.4,0.4,False,1.53,42.67
1767890891.60,2026-01-08 22:18:11,3,9,93,4.5%,18,NORMAL,188.9,0.0,0.4,0.4,False,2.24,41.95
1767890894.28,2026-01-08 22:18:14,4,9,93,4.6%,18,NORMAL,188.7,0.0,0.4,0.4,False,2.92,41.28
1767890897.13,2026-01-08 22:18:17,4,9,94,4.6%,18,NORMAL,190.5,0.0,0.4,0.4,False,2.92,41.28
1767890899.96,2026-01-08 22:18:19,3,9,94,4.6%,18,NORMAL,190.3,0.0,0.4,0.4,False,2.24,41.95
1767890902.67,2026-01-08 22:18:22,4,9,94,4.6%,18,NORMAL,190.1,0.0,0.4,0.4,False,2.92,41.28
1767890905.40,2026-01-08 22:18:25,4,9,94,4.7%,18,NORMAL,189.9,0.0,0.4,0.4,False,2.92,41.28
1767890908.40,2026-01-08 22:18:28,4,9,94,4.7%,18,NORMAL,189.7,0.0,0.4,0.4,False,2.92,41.28
1767890911.22,2026-01-08 22:18:31,3,9,94,4.6%,18,NORMAL,189.5,0.0,0.4,0.4,False,2.24,41.95
1767890914.25,2026-01-08 22:18:34,3,9,94,4.6%,18,NORMAL,189.3,0.0,0.4,0.4,False,2.24,41.95
1767890917.06,2026-01-08 22:18:37,2,9,94,4.6%,18,NORMAL,189.1,0.0,0.4,0.4,False,1.53,42.67
1767890919.83,2026-01-08 22:18:39,3,9,94,4.6%,18,NORMAL,188.8,0.0,0.4,0.4,False,2.24,41.95
1767890922.48,2026-01-08 22:18:42,3,9,94,4.6%,18,NORMAL,188.6,0.0,0.4,0.4,False,2.24,41.95
1767890925.19,2026-01-08 22:18:45,3,9,95,4.6%,18,NORMAL,190.4,0.0,0.4,0.4,False,2.24,41.95
1767890927.89,2026-01-08 22:18:47,2,9,95,4.6%,18,NORMAL,190.2,0.0,0.4,0.4,False,1.53,42.67
1767890930.71,2026-01-08 22:18:50,2,9,95,4.6%,18,NORMAL,190.0,0.0,0.4,0.4,False,1.53,42.67
1767890933.53,2026-01-08 22:18:53,2,9,95,4.6%,18,NORMAL,189.8,0.0,0.4,0.4,False,1.53,42.67
1767890936.24,2026-01-08 22:18:56,3,9,95,4.6%,18,NORMAL,189.6,0.0,0.4,0.4,False,2.24,41.95
1767890938.85,2026-01-08 22:18:58,1,9,95,4.5%,18,NORMAL,189.4,0.0,0.4,0.4,False,0.78,43.41
1767890941.64,2026-01-08 22:19:01,1,9,95,4.4%,18,NORMAL,189.2,0.0,0.4,0.4,False,0.78,43.41
1767890944.28,2026-01-08 22:19:04,1,9,95,4.3%,18,NORMAL,189.0,0.0,0.4,0.4,False,0.78,43.41
1767890946.91,2026-01-08 22:19:06,0,9,94,4.1%,18,NORMAL,186.8,0.0,0.4,0.4,False,0.00,44.19
1767890949.54,2026-01-08 22:19:09,0,9,94,4.0%,18,NORMAL,186.5,0.0,0.4,0.4,False,0.00,44.19
1767890952.16,2026-01-08 22:19:12,1,9,94,4.0%,18,NORMAL,186.3,0.0,0.4,0.4,False,0.78,43.41
1767890954.84,2026-01-08 22:19:14,2,9,94,4.0%,18,NORMAL,186.1,0.0,0.4,0.4,False,1.53,42.67
1767890957.57,2026-01-08 22:19:17,1,9,94,3.9%,18,NORMAL,185.9,0.0,0.4,0.4,False,0.78,43.41
1767890960.41,2026-01-08 22:19:20,1,9,94,3.8%,18,NORMAL,185.7,0.0,0.4,0.4,False,0.78,43.41
1767890963.06,2026-01-08 22:19:23,2,9,94,3.8%,18,NORMAL,185.5,0.0,0.4,0.4,False,1.53,42.67
1767890965.73,2026-01-08 22:19:25,1,9,94,3.8%,18,NORMAL,185.3,0.0,0.4,0.4,False,0.78,43.41
1767890968.39,2026-01-08 22:19:28,2,9,94,3.8%,18,NORMAL,185.1,0.0,0.4,0.4,False,1.53,42.67
1767890971.27,2026-01-08 22:19:31,1,9,94,3.7%,18,NORMAL,184.9,0.0,0.4,0.4,False,0.78,43.41
1767890974.59,2026-01-08 22:19:34,2,9,94,3.7%,18,NORMAL,184.7,0.0,0.4,0.4,False,1.53,42.67
1767890977.67,2026-01-08 22:19:37,2,9,95,3.6%,18,NORMAL,186.5,0.0,0.4,0.4,False,1.53,42.67
1767890980.18,2026-01-08 22:19:40,3,9,95,3.5%,18,NORMAL,186.3,0.0,0.4,0.4,False,2.24,41.95
1767890982.91,2026-01-08 22:19:42,2,9,95,3.5%,18,NORMAL,186.1,0.0,0.4,0.4,False,1.53,42.67
1767890985.69,2026-01-08 22:19:45,3,9,95,3.4%,18,NORMAL,185.9,0.0,0.4,0.4,False,2.24,41.95
1767890988.51,2026-01-08 22:19:48,3,9,95,3.4%,18,NORMAL,185.7,0.0,0.4,0.4,False,2.24,41.95
1767890991.29,2026-01-08 22:19:51,3,9,95,3.3%,18,NORMAL,185.5,0.0,0.4,0.4,False,2.24,41.95
1767890994.03,2026-01-08 22:19:54,3,9,95,3.3%,18,NORMAL,185.3,0.0,0.4,0.4,False,2.24,41.95
1767890996.83,2026-01-08 22:19:56,4,9,95,3.4%,18,NORMAL,185.1,0.0,0.4,0.4,False,2.92,41.28
1767890999.62,2026-01-08 22:19:59,4,9,96,3.5%,18,NORMAL,186.8,0.0,0.4,0.4,False,2.92,41.28
1767891002.32,2026-01-08 22:20:02,3,9,96,3.5%,18,NORMAL,186.6,0.0,0.4,0.4,False,2.24,41.95
1767891005.11,2026-01-08 22:20:05,4,9,96,3.5%,18,NORMAL,186.4,0.0,0.4,0.4,False,2.92,41.28
1767891007.94,2026-01-08 22:20:07,4,9,96,3.6%,18,NORMAL,186.2,0.0,0.4,0.4,False,2.92,41.28
1767891010.64,2026-01-08 22:20:10,4,9,97,3.7%,18,NORMAL,187.9,0.0,0.4,0.4,False,2.92,41.28
1767891013.30,2026-01-08 22:20:13,3,9,97,3.7%,18,NORMAL,187.7,0.0,0.4,0.4,False,2.24,41.95
1767891015.95,2026-01-08 22:20:15,4,9,97,3.8%,18,NORMAL,187.5,0.0,0.4,0.4,False,2.92,41.28
1767891018.64,2026-01-08 22:20:18,4,9,97,3.9%,18,NORMAL,187.3,0.0,0.4,0.4,False,2.92,41.28
1767891021.49,2026-01-08 22:20:21,5,9,97,4.1%,18,NORMAL,187.1,0.0,0.4,0.4,False,3.56,40.64
1767891024.30,2026-01-08 22:20:24,5,9,97,4.3%,18,NORMAL,186.9,0.0,0.4,0.4,False,3.56,40.64
1767891027.42,2026-01-08 22:20:27,4,9,98,4.5%,18,NORMAL,188.7,0.0,0.4,0.4,False,2.92,41.28
1767891030.31,2026-01-08 22:20:30,4,9,98,4.7%,18,NORMAL,188.5,0.0,0.4,0.4,False,2.92,41.28
1767891033.21,2026-01-08 22:20:33,4,9,98,4.9%,18,NORMAL,188.3,0.0,0.4,0.4,False,2.92,41.28
1767891036.08,2026-01-08 22:20:36,2,9,98,5.0%,18,NORMAL,188.1,0.0,0.4,0.4,False,1.53,42.67
1767891038.93,2026-01-08 22:20:38,2,9,98,5.0%,18,NORMAL,187.9,0.0,0.4,0.4,False,1.53,42.67
1767891041.71,2026-01-08 22:20:41,2,9,98,5.0%,18,NORMAL,187.7,0.0,0.4,0.4,False,1.53,42.67
1767891044.57,2026-01-08 22:20:44,4,9,98,5.2%,18,NORMAL,187.5,0.0,0.4,0.4,False,2.92,41.28
1767891047.41,2026-01-08 22:20:47,4,9,98,5.3%,18,NORMAL,187.3,0.0,0.4,0.4,False,2.92,41.28
1767891050.72,2026-01-08 22:20:50,3,9,98,5.4%,18,NORMAL,187.1,0.0,0.4,0.4,False,2.24,41.95
1767891054.18,2026-01-08 22:20:54,3,9,98,5.4%,18,NORMAL,186.9,0.0,0.4,0.4,False,2.24,41.95
1767891057.45,2026-01-08 22:20:57,4,9,98,5.6%,18,NORMAL,186.7,0.0,0.4,0.4,False,2.92,41.28
1767891060.69,2026-01-08 22:21:00,4,9,98,5.7%,18,NORMAL,186.5,0.0,0.4,0.4,False,2.92,41.28
1767891063.40,2026-01-08 22:21:03,2,9,98,5.7%,18,NORMAL,186.3,0.0,0.4,0.4,False,1.53,42.67
1767891066.36,2026-01-08 22:21:06,2,9,98,5.7%,18,NORMAL,186.1,0.0,0.4,0.4,False,1.53,42.67
1767891069.61,2026-01-08 22:21:09,2,9,98,5.7%,18,NORMAL,185.9,0.0,0.4,0.4,False,1.53,42.67
1767891072.64,2026-01-08 22:21:12,3,9,98,5.7%,18,NORMAL,185.7,0.0,0.4,0.4,False,2.24,41.95
1767891075.46,2026-01-08 22:21:15,4,9,98,5.7%,18,NORMAL,185.5,0.0,0.4,0.4,False,2.92,41.28
1767891078.08,2026-01-08 22:21:18,4,9,99,5.8%,18,NORMAL,187.2,0.0,0.4,0.4,False,2.92,41.28
1767891080.80,2026-01-08 22:21:20,4,9,99,5.8%,18,NORMAL,187.0,0.0,0.4,0.4,False,2.92,41.28
1767891083.60,2026-01-08 22:21:23,4,9,100,5.8%,18,NORMAL,188.7,0.0,0.4,0.4,False,2.92,41.28
1767891086.98,2026-01-08 22:21:26,5,9,100,5.9%,18,NORMAL,188.5,0.0,0.4,0.4,False,3.56,40.64
1767891089.78,2026-01-08 22:21:29,5,9,100,6.0%,18,NORMAL,188.3,0.0,0.4,0.4,False,3.56,40.64
1767891092.47,2026-01-08 22:21:32,6,9,100,6.1%,18,NORMAL,188.1,0.0,0.4,0.4,False,4.16,40.03
1767891095.13,2026-01-08 22:21:35,6,9,100,6.1%,18,NORMAL,187.9,0.0,0.4,0.4,False,4.16,40.03
1767891097.84,2026-01-08 22:21:37,6,9,100,6.2%,18,NORMAL,187.7,0.0,0.4,0.4,False,4.16,40.03
1767891100.53,2026-01-08 22:21:40,5,9,100,6.3%,18,NORMAL,187.5,0.0,0.4,0.4,False,3.56,40.64
1767891103.35,2026-01-08 22:21:43,5,9,100,6.4%,18,NORMAL,187.3,0.0,0.4,0.4,False,3.56,40.64
1767891106.06,2026-01-08 22:21:46,5,9,100,6.4%,18,NORMAL,187.1,0.0,0.4,0.4,False,3.56,40.64
1767891108.83,2026-01-08 22:21:48,6,9,100,6.5%,18,NORMAL,186.9,0.0,0.4,0.4,False,4.16,40.03
1767891111.50,2026-01-08 22:21:51,6,9,100,6.5%,18,NORMAL,186.7,0.0,0.4,0.4,False,4.16,40.03
1767891114.59,2026-01-08 22:21:54,5,9,100,6.6%,18,NORMAL,186.5,0.0,0.4,0.4,False,3.56,40.64
1767891117.41,2026-01-08 22:21:57,5,9,100,6.6%,18,NORMAL,186.3,0.0,0.4,0.4,False,3.56,40.64
1767891119.97,2026-01-08 22:21:59,5,9,100,6.7%,18,NORMAL,186.1,0.0,0.4,0.4,False,3.56,40.64
1767891122.56,2026-01-08 22:22:02,5,9,100,6.8%,18,NORMAL,186.0,0.0,0.4,0.4,False,3.56,40.64
1767891125.59,2026-01-08 22:22:05,4,9,100,6.9%,18,NORMAL,185.8,0.0,0.4,0.4,False,2.92,41.28
1767891128.20,2026-01-08 22:22:08,4,9,100,7.0%,18,NORMAL,185.6,0.0,0.4,0.4,False,2.92,41.28
1767891130.89,2026-01-08 22:22:10,5,9,100,7.1%,18,NORMAL,185.4,0.0,0.4,0.4,False,3.56,40.64
1767891133.60,2026-01-08 22:22:13,4,9,100,7.1%,18,NORMAL,185.2,0.0,0.4,0.4,False,2.92,41.28
1767891136.50,2026-01-08 22:22:16,5,9,101,7.2%,18,NORMAL,186.8,0.0,0.4,0.4,False,3.56,40.64
1767891139.48,2026-01-08 22:22:19,5,9,101,7.3%,18,NORMAL,186.7,0.0,0.4,0.4,False,3.56,40.64
1767891142.25,2026-01-08 22:22:22,5,9,101,7.3%,18,NORMAL,186.5,0.0,0.4,0.4,False,3.56,40.64
1767891144.98,2026-01-08 22:22:24,5,9,101,7.4%,18,NORMAL,186.3,0.0,0.4,0.4,False,3.56,40.64
1767891147.96,2026-01-08 22:22:27,4,9,101,7.5%,18,NORMAL,186.1,0.0,0.4,0.4,False,2.92,41.28
1767891150.94,2026-01-08 22:22:30,4,9,101,7.6%,18,NORMAL,185.9,0.0,0.4,0.4,False,2.92,41.28
1767891153.70,2026-01-08 22:22:33,4,9,101,7.7%,18,NORMAL,185.7,0.0,0.4,0.4,False,2.92,41.28
1767891156.50,2026-01-08 22:22:36,3,9,101,7.7%,18,NORMAL,185.5,0.0,0.4,0.4,False,2.24,41.95
1767891159.20,2026-01-08 22:22:39,3,9,101,7.6%,18,NORMAL,185.3,0.0,0.4,0.4,False,2.24,41.95
1767891162.00,2026-01-08 22:22:41,3,9,101,7.6%,18,NORMAL,185.1,0.0,0.4,0.4,False,2.24,41.95
1767891164.72,2026-01-08 22:22:44,3,9,101,7.5%,18,NORMAL,184.9,0.0,0.4,0.4,False,2.24,41.95
1767891167.61,2026-01-08 22:22:47,0,9,98,7.3%,18,NORMAL,179.3,0.0,0.4,0.4,False,0.00,44.19
1767891170.29,2026-01-08 22:22:50,0,9,98,7.1%,18,NORMAL,179.1,0.0,0.4,0.4,False,0.00,44.19
1767891173.08,2026-01-08 22:22:53,2,9,98,6.9%,18,NORMAL,178.9,0.0,0.4,0.4,False,1.53,42.67
1767891175.82,2026-01-08 22:22:55,3,9,98,6.8%,18,NORMAL,178.7,0.0,0.4,0.4,False,2.24,41.95
1767891178.66,2026-01-08 22:22:58,4,9,99,6.7%,18,NORMAL,180.4,0.0,0.4,0.4,False,2.92,41.28
1767891181.43,2026-01-08 22:23:01,3,9,100,6.5%,18,NORMAL,182.0,0.0,0.4,0.4,False,2.24,41.95
1767891184.64,2026-01-08 22:23:04,3,9,100,6.4%,18,NORMAL,181.8,0.0,0.4,0.4,False,2.24,41.95
1767891187.98,2026-01-08 22:23:07,3,9,100,6.3%,18,NORMAL,181.6,0.0,0.4,0.4,False,2.24,41.95
1767891191.21,2026-01-08 22:23:11,3,9,100,6.2%,18,NORMAL,181.5,0.0,0.4,0.4,False,2.24,41.95
1767891193.89,2026-01-08 22:23:13,4,9,100,6.1%,18,NORMAL,181.3,0.0,0.4,0.4,False,2.92,41.28
1767891196.93,2026-01-08 22:23:16,4,9,100,6.0%,18,NORMAL,181.1,0.0,0.4,0.4,False,2.92,41.28
1767891199.62,2026-01-08 22:23:19,3,9,101,5.9%,18,NORMAL,182.7,0.0,0.4,0.4,False,2.24,41.95
1767891203.06,2026-01-08 22:23:23,3,9,101,5.8%,18,NORMAL,182.5,0.0,0.4,0.4,False,2.24,41.95
1767891206.47,2026-01-08 22:23:26,3,9,101,5.7%,18,NORMAL,182.3,0.0,0.4,0.4,False,2.24,41.95
1767891209.72,2026-01-08 22:23:29,2,9,101,5.6%,18,NORMAL,182.2,0.0,0.4,0.4,False,1.53,42.67
1767891212.58,2026-01-08 22:23:32,1,9,101,5.4%,18,NORMAL,182.0,0.0,0.4,0.4,False,0.78,43.41
1767891215.19,2026-01-08 22:23:35,1,9,101,5.3%,18,NORMAL,181.8,0.0,0.4,0.4,False,0.78,43.41
1767891218.20,2026-01-08 22:23:38,2,9,101,5.1%,18,NORMAL,181.6,0.0,0.4,0.4,False,1.53,42.67
1767891221.01,2026-01-08 22:23:41,2,9,101,5.0%,18,NORMAL,181.4,0.0,0.4,0.4,False,1.53,42.67
1767891223.75,2026-01-08 22:23:43,0,9,99,4.7%,18,NORMAL,177.7,0.0,0.4,0.4,False,0.00,44.19
1767891226.95,2026-01-08 22:23:46,1,9,99,4.5%,18,NORMAL,177.5,0.0,0.4,0.4,False,0.78,43.41
1767891230.16,2026-01-08 22:23:50,0,9,99,4.3%,18,NORMAL,177.3,0.0,0.4,0.4,False,0.00,44.19
1767891233.51,2026-01-08 22:23:53,1,9,99,4.0%,18,NORMAL,177.1,0.0,0.4,0.4,False,0.78,43.41
1767891236.49,2026-01-08 22:23:56,1,9,99,3.9%,18,NORMAL,177.0,0.0,0.4,0.4,False,0.78,43.41
1767891239.18,2026-01-08 22:23:59,1,9,99,3.7%,18,NORMAL,176.8,0.0,0.4,0.4,False,0.78,43.41
1767891241.92,2026-01-08 22:24:01,4,9,99,3.7%,18,NORMAL,176.6,0.0,0.4,0.4,False,2.92,41.28
1767891244.72,2026-01-08 22:24:04,3,9,99,3.7%,18,NORMAL,176.4,0.0,0.4,0.4,False,2.24,41.95
1767891247.32,2026-01-08 22:24:07,4,9,101,3.8%,18,NORMAL,179.8,0.0,0.4,0.4,False,2.92,41.28
1767891249.96,2026-01-08 22:24:09,5,9,101,3.9%,18,NORMAL,179.6,0.0,0.4,0.4,False,3.56,40.64
1767891252.68,2026-01-08 22:24:12,4,9,101,3.9%,18,NORMAL,179.5,0.0,0.4,0.4,False,2.92,41.28
1767891255.41,2026-01-08 22:24:15,3,9,101,4.1%,18,NORMAL,179.3,0.0,0.4,0.4,False,2.24,41.95
1767891258.36,2026-01-08 22:24:18,3,9,101,4.3%,18,NORMAL,179.1,0.0,0.4,0.4,False,2.24,41.95
1767891261.40,2026-01-08 22:24:21,3,9,101,4.3%,18,NORMAL,178.9,0.0,0.4,0.4,False,2.24,41.95
1767891264.40,2026-01-08 22:24:24,3,9,101,4.3%,18,NORMAL,178.8,0.0,0.4,0.4,False,2.24,41.95
1767891267.27,2026-01-08 22:24:27,3,9,101,4.3%,18,NORMAL,178.6,0.0,0.4,0.4,False,2.24,41.95
1767891269.96,2026-01-08 22:24:29,5,9,101,4.4%,18,NORMAL,178.4,0.0,0.4,0.4,False,3.56,40.64
1767891272.65,2026-01-08 22:24:32,4,9,101,4.4%,18,NORMAL,178.2,0.0,0.4,0.4,False,2.92,41.28
1767891275.24,2026-01-08 22:24:35,3,9,101,4.4%,18,NORMAL,178.1,0.0,0.4,0.4,False,2.24,41.95
1767891277.88,2026-01-08 22:24:37,3,9,102,4.4%,18,NORMAL,179.6,0.0,0.4,0.4,False,2.24,41.95
1767891280.65,2026-01-08 22:24:40,3,9,102,4.4%,18,NORMAL,179.5,0.0,0.4,0.4,False,2.24,41.95
1767891283.28,2026-01-08 22:24:43,3,9,102,4.3%,18,NORMAL,179.3,0.0,0.4,0.4,False,2.24,41.95
1767891285.85,2026-01-08 22:24:45,3,9,102,4.3%,18,NORMAL,179.1,0.0,0.4,0.4,False,2.24,41.95
1767891289.07,2026-01-08 22:24:49,3,9,102,4.3%,18,NORMAL,178.9,0.0,0.4,0.4,False,2.24,41.95
1767891291.72,2026-01-08 22:24:51,2,9,103,4.3%,18,NORMAL,180.5,0.0,0.4,0.4,False,1.53,42.67
1767891294.67,2026-01-08 22:24:54,2,9,103,4.3%,18,NORMAL,180.4,0.0,0.4,0.4,False,1.53,42.67
1767891297.63,2026-01-08 22:24:57,1,9,103,4.3%,18,NORMAL,180.2,0.0,0.4,0.4,False,0.78,43.41
1767891300.59,2026-01-08 22:25:00,2,9,103,4.3%,18,NORMAL,180.0,0.0,0.4,0.4,False,1.53,42.67
1767891303.42,2026-01-08 22:25:03,2,9,103,4.3%,18,NORMAL,179.8,0.0,0.4,0.4,False,1.53,42.67
1767891306.45,2026-01-08 22:25:06,2,9,103,4.3%,18,NORMAL,179.7,0.0,0.4,0.4,False,1.53,42.67
1767891309.53,2026-01-08 22:25:09,2,9,103,4.4%,18,NORMAL,179.5,0.0,0.4,0.4,False,1.53,42.67
1767891312.56,2026-01-08 22:25:12,2,9,103,4.5%,18,NORMAL,179.3,0.0,0.4,0.4,False,1.53,42.67
1767891315.45,2026-01-08 22:25:15,3,9,103,4.7%,18,NORMAL,179.1,0.0,0.4,0.4,False,2.24,41.95
1767891318.26,2026-01-08 22:25:18,2,9,103,4.7%,18,NORMAL,179.0,0.0,0.4,0.4,False,1.53,42.67
1767891321.12,2026-01-08 22:25:21,4,9,103,4.9%,18,NORMAL,178.8,0.0,0.4,0.4,False,2.92,41.28
1767891323.92,2026-01-08 22:25:23,3,9,103,5.0%,18,NORMAL,178.6,0.0,0.4,0.4,False,2.24,41.95
1767891326.72,2026-01-08 22:25:26,3,9,103,4.9%,18,NORMAL,178.4,0.0,0.4,0.4,False,2.24,41.95
1767891329.47,2026-01-08 22:25:29,4,9,103,5.0%,18,NORMAL,178.3,0.0,0.4,0.4,False,2.92,41.28
1767891332.19,2026-01-08 22:25:32,4,9,103,5.0%,18,NORMAL,178.1,0.0,0.4,0.4,False,2.92,41.28
1767891334.88,2026-01-08 22:25:34,3,9,103,4.9%,18,NORMAL,177.9,0.0,0.4,0.4,False,2.24,41.95
1767891337.76,2026-01-08 22:25:37,4,9,103,4.9%,18,NORMAL,177.8,0.0,0.4,0.4,False,2.92,41.28
1767891340.62,2026-01-08 22:25:40,4,9,103,4.9%,18,NORMAL,177.6,0.0,0.4,0.4,False,2.92,41.28
1767891343.58,2026-01-08 22:25:43,4,9,103,5.0%,18,NORMAL,177.4,0.0,0.4,0.4,False,2.92,41.28
1767891346.27,2026-01-08 22:25:46,3,9,104,5.0%,18,NORMAL,179.0,0.0,0.4,0.4,False,2.24,41.95
1767891349.24,2026-01-08 22:25:49,3,9,104,5.0%,18,NORMAL,178.8,0.0,0.4,0.4,False,2.24,41.95
1767891351.89,2026-01-08 22:25:51,5,9,104,5.1%,18,NORMAL,178.6,0.0,0.4,0.4,False,3.56,40.64
1767891354.58,2026-01-08 22:25:54,5,9,104,5.1%,18,NORMAL,178.5,0.0,0.4,0.4,False,3.56,40.64
1767891357.76,2026-01-08 22:25:57,6,9,105,5.2%,18,NORMAL,180.0,0.0,0.4,0.4,False,4.16,40.03
1767891361.08,2026-01-08 22:26:01,4,9,105,5.2%,18,NORMAL,179.8,0.0,0.4,0.4,False,2.92,41.28
1767891363.88,2026-01-08 22:26:03,5,9,105,5.3%,18,NORMAL,179.7,0.0,0.4,0.4,False,3.56,40.64
1767891366.60,2026-01-08 22:26:06,5,9,105,5.4%,18,NORMAL,179.5,0.0,0.4,0.4,False,3.56,40.64
1767891369.33,2026-01-08 22:26:09,5,9,105,5.5%,18,NORMAL,179.3,0.0,0.4,0.4,False,3.56,40.64
1767891371.93,2026-01-08 22:26:11,5,9,106,5.6%,18,NORMAL,180.9,0.0,0.4,0.4,False,3.56,40.64
1767891374.65,2026-01-08 22:26:14,4,9,106,5.7%,18,NORMAL,180.7,0.0,0.4,0.4,False,2.92,41.28
1767891377.58,2026-01-08 22:26:17,4,9,106,5.8%,18,NORMAL,180.5,0.0,0.4,0.4,False,2.92,41.28
1767891380.31,2026-01-08 22:26:20,5,9,106,5.9%,18,NORMAL,180.3,0.0,0.4,0.4,False,3.56,40.64
1767891383.15,2026-01-08 22:26:23,4,9,106,6.1%,18,NORMAL,180.2,0.0,0.4,0.4,False,2.92,41.28
1767891385.82,2026-01-08 22:26:25,3,9,106,6.1%,18,NORMAL,180.0,0.0,0.4,0.4,False,2.24,41.95
1767891389.16,2026-01-08 22:26:29,2,9,106,6.1%,18,NORMAL,179.8,0.0,0.4,0.4,False,1.53,42.67
1767891391.91,2026-01-08 22:26:31,3,9,106,6.2%,18,NORMAL,179.7,0.0,0.4,0.4,False,2.24,41.95
1767891394.61,2026-01-08 22:26:34,4,9,106,6.3%,18,NORMAL,179.5,0.0,0.4,0.4,False,2.92,41.28
1767891398.00,2026-01-08 22:26:37,4,9,106,6.4%,18,NORMAL,179.3,0.0,0.4,0.4,False,2.92,41.28
1767891401.26,2026-01-08 22:26:41,5,9,106,6.5%,18,NORMAL,179.2,0.0,0.4,0.4,False,3.56,40.64
1767891404.48,2026-01-08 22:26:44,4,9,106,6.6%,18,NORMAL,179.0,0.0,0.4,0.4,False,2.92,41.28
1767891407.69,2026-01-08 22:26:47,6,9,106,6.7%,18,NORMAL,178.8,0.0,0.4,0.4,False,4.16,40.03
1767891410.78,2026-01-08 22:26:50,6,9,106,6.9%,18,NORMAL,178.7,0.0,0.4,0.4,False,4.16,40.03
1767891413.55,2026-01-08 22:26:53,5,9,107,7.0%,18,NORMAL,180.2,0.0,0.4,0.4,False,3.56,40.64
1767891416.13,2026-01-08 22:26:56,5,9,107,7.0%,18,NORMAL,180.0,0.0,0.4,0.4,False,3.56,40.64
1767891418.76,2026-01-08 22:26:58,5,9,107,7.1%,18,NORMAL,179.8,0.0,0.4,0.4,False,3.56,40.64
1767891421.68,2026-01-08 22:27:01,5,9,107,7.1%,18,NORMAL,179.7,0.0,0.4,0.4,False,3.56,40.64
1767891424.29,2026-01-08 22:27:04,6,9,107,7.2%,18,NORMAL,179.5,0.0,0.4,0.4,False,4.16,40.03
1767891426.97,2026-01-08 22:27:06,5,9,107,7.3%,18,NORMAL,179.3,0.0,0.4,0.4,False,3.56,40.64
1767891429.80,2026-01-08 22:27:09,4,9,108,7.3%,18,NORMAL,180.8,0.0,0.4,0.4,False,2.92,41.28
1767891432.74,2026-01-08 22:27:12,4,9,108,7.3%,18,NORMAL,180.7,0.0,0.4,0.4,False,2.92,41.28
1767891435.44,2026-01-08 22:27:15,4,9,108,7.4%,18,NORMAL,180.5,0.0,0.4,0.4,False,2.92,41.28
1767891438.10,2026-01-08 22:27:18,4,9,109,7.3%,18,NORMAL,182.0,0.0,0.4,0.4,False,2.92,41.28
1767891441.19,2026-01-08 22:27:21,4,9,109,7.3%,18,NORMAL,181.8,0.0,0.4,0.4,False,2.92,41.28
1767891443.93,2026-01-08 22:27:23,3,9,109,7.2%,18,NORMAL,181.7,0.0,0.4,0.4,False,2.24,41.95
1767891446.81,2026-01-08 22:27:26,5,9,109,7.2%,18,NORMAL,181.5,0.0,0.4,0.4,False,3.56,40.64
1767891449.52,2026-01-08 22:27:29,5,9,109,7.2%,18,NORMAL,181.3,0.0,0.4,0.4,False,3.56,40.64
1767891452.24,2026-01-08 22:27:32,5,9,110,7.2%,18,NORMAL,182.8,0.0,0.4,0.4,False,3.56,40.64
1767891455.11,2026-01-08 22:27:35,5,9,110,7.2%,18,NORMAL,182.7,0.0,0.4,0.4,False,3.56,40.64
1767891457.74,2026-01-08 22:27:37,6,9,110,7.2%,18,NORMAL,182.5,0.0,0.4,0.4,False,4.16,40.03
1767891460.52,2026-01-08 22:27:40,7,9,111,7.4%,18,NORMAL,184.0,0.0,0.4,0.4,False,4.73,39.47
1767891463.26,2026-01-08 22:27:43,7,9,111,7.5%,18,NORMAL,183.8,0.0,0.4,0.4,False,4.73,39.47
1767891465.98,2026-01-08 22:27:45,8,9,114,7.6%,18,NORMAL,188.6,0.0,0.4,0.4,False,5.26,38.93
1767891468.96,2026-01-08 22:27:48,8,9,114,7.8%,18,NORMAL,188.4,0.0,0.4,0.4,False,5.26,38.93
1767891472.24,2026-01-08 22:27:52,9,9,114,8.1%,18,NORMAL,188.3,0.0,0.4,0.4,False,5.76,38.43
1767891475.57,2026-01-08 22:27:55,7,9,115,8.3%,18,NORMAL,189.7,0.0,0.4,0.4,False,4.73,39.47
1767891478.64,2026-01-08 22:27:58,5,9,115,8.4%,18,NORMAL,189.6,0.0,0.4,0.4,False,3.56,40.64
1767891481.33,2026-01-08 22:28:01,5,9,115,8.5%,18,NORMAL,189.4,0.0,0.4,0.4,False,3.56,40.64
1767891484.28,2026-01-08 22:28:04,4,9,115,8.5%,18,NORMAL,189.2,0.0,0.4,0.4,False,2.92,41.28
1767891487.45,2026-01-08 22:28:07,5,9,115,8.5%,18,NORMAL,189.0,0.0,0.4,0.4,False,3.56,40.64
1767891490.17,2026-01-08 22:28:10,5,9,115,8.5%,18,NORMAL,188.9,0.0,0.4,0.4,False,3.56,40.64
1767891492.88,2026-01-08 22:28:12,4,9,115,8.4%,18,NORMAL,188.7,0.0,0.4,0.4,False,2.92,41.28
1767891495.63,2026-01-08 22:28:15,4,9,115,8.3%,18,NORMAL,188.5,0.0,0.4,0.4,False,2.92,41.28
1767891498.49,2026-01-08 22:28:18,5,9,115,8.3%,18,NORMAL,188.4,0.0,0.4,0.4,False,3.56,40.64
1767891501.22,2026-01-08 22:28:21,4,9,115,8.3%,18,NORMAL,188.2,0.0,0.4,0.4,False,2.92,41.28
1767891504.17,2026-01-08 22:28:24,5,9,116,8.3%,18,NORMAL,189.6,0.0,0.4,0.4,False,3.56,40.64
1767891507.39,2026-01-08 22:28:27,8,9,116,8.4%,18,NORMAL,189.5,0.0,0.4,0.4,False,5.26,38.93
1767891510.60,2026-01-08 22:28:30,8,9,116,8.5%,18,NORMAL,189.3,0.0,0.4,0.4,False,5.26,38.93
1767891513.91,2026-01-08 22:28:33,7,9,117,8.6%,18,NORMAL,190.8,0.0,0.4,0.4,False,4.73,39.47
1767891517.19,2026-01-08 22:28:37,6,9,117,8.7%,18,NORMAL,190.6,0.0,0.4,0.4,False,4.16,40.03
1767891520.32,2026-01-08 22:28:40,6,9,117,8.8%,18,NORMAL,190.4,0.0,0.4,0.4,False,4.16,40.03
1767891523.10,2026-01-08 22:28:43,8,9,117,9.0%,18,NORMAL,190.2,0.0,0.4,0.4,False,5.26,38.93
1767891525.92,2026-01-08 22:28:45,6,9,117,9.1%,18,NORMAL,190.1,0.0,0.4,0.4,False,4.16,40.03
1767891528.58,2026-01-08 22:28:48,6,9,117,9.1%,18,NORMAL,189.9,0.0,0.4,0.4,False,4.16,40.03
1767891531.26,2026-01-08 22:28:51,6,9,117,9.3%,18,NORMAL,189.7,0.0,0.4,0.4,False,4.16,40.03
1767891533.98,2026-01-08 22:28:53,6,9,117,9.3%,18,NORMAL,189.6,0.0,0.4,0.4,False,4.16,40.03
1767891536.75,2026-01-08 22:28:56,7,9,117,9.4%,18,NORMAL,189.4,0.0,0.4,0.4,False,4.73,39.47
1767891539.71,2026-01-08 22:28:59,6,9,117,9.5%,18,NORMAL,189.2,0.0,0.4,0.4,False,4.16,40.03
1767891542.83,2026-01-08 22:29:02,4,9,117,9.4%,18,NORMAL,189.0,0.0,0.4,0.4,False,2.92,41.28
1767891545.63,2026-01-08 22:29:05,4,9,117,9.3%,18,NORMAL,188.9,0.0,0.4,0.4,False,2.92,41.28
1767891548.35,2026-01-08 22:29:08,6,9,118,9.3%,18,NORMAL,190.3,0.0,0.4,0.4,False,4.16,40.03
1767891551.06,2026-01-08 22:29:11,7,9,118,9.3%,18,NORMAL,190.2,0.0,0.4,0.4,False,4.73,39.47
1767891553.91,2026-01-08 22:29:13,7,9,118,9.2%,18,NORMAL,190.0,0.0,0.4,0.4,False,4.73,39.47
1767891556.76,2026-01-08 22:29:16,5,9,119,9.1%,18,NORMAL,191.4,0.0,0.4,0.4,False,3.56,40.64
1767891559.33,2026-01-08 22:29:19,5,9,119,8.9%,18,NORMAL,191.2,0.0,0.4,0.4,False,3.56,40.64
1767891561.97,2026-01-08 22:29:21,6,9,119,8.9%,18,NORMAL,191.1,0.0,0.4,0.4,False,4.16,40.03
1767891564.62,2026-01-08 22:29:24,5,9,119,8.9%,18,NORMAL,190.9,0.0,0.4,0.4,False,3.56,40.64
1767891567.34,2026-01-08 22:29:27,6,9,119,9.0%,18,NORMAL,190.7,0.0,0.4,0.4,False,4.16,40.03
1767891570.12,2026-01-08 22:29:30,7,9,120,9.1%,18,NORMAL,192.2,0.0,0.4,0.4,False,4.73,39.47
1767891572.88,2026-01-08 22:29:32,6,9,121,9.1%,18,NORMAL,193.6,0.0,0.4,0.4,False,4.16,40.03
1767891575.65,2026-01-08 22:29:35,6,9,121,9.2%,18,NORMAL,193.4,0.0,0.4,0.4,False,4.16,40.03
1767891578.40,2026-01-08 22:29:38,5,9,121,9.2%,18,NORMAL,193.3,0.0,0.4,0.4,False,3.56,40.64
1767891581.06,2026-01-08 22:29:41,5,9,121,9.3%,18,NORMAL,193.1,0.0,0.4,0.4,False,3.56,40.64
1767891583.79,2026-01-08 22:29:43,6,9,121,9.3%,18,NORMAL,192.9,0.0,0.4,0.4,False,4.16,40.03
1767891586.47,2026-01-08 22:29:46,6,9,121,9.4%,18,NORMAL,192.7,0.0,0.4,0.4,False,4.16,40.03
1767891589.16,2026-01-08 22:29:49,6,9,121,9.5%,18,NORMAL,192.6,0.0,0.4,0.4,False,4.16,40.03
1767891592.79,2026-01-08 22:29:52,6,9,121,9.4%,18,NORMAL,192.4,0.0,0.4,0.4,False,4.16,40.03
1767891595.98,2026-01-08 22:29:55,7,9,121,9.3%,18,NORMAL,192.2,0.0,0.4,0.4,False,4.73,39.47
1767891599.01,2026-01-08 22:29:59,7,9,121,9.3%,18,NORMAL,192.1,0.0,0.4,0.4,False,4.73,39.47
1767891601.80,2026-01-08 22:30:01,7,9,121,9.4%,18,NORMAL,191.9,0.0,0.4,0.4,False,4.73,39.47
1767891604.78,2026-01-08 22:30:04,7,9,121,9.4%,18,NORMAL,191.7,0.0,0.4,0.4,False,4.73,39.47
1767891607.62,2026-01-08 22:30:07,9,9,121,9.5%,18,NORMAL,191.6,0.0,0.4,0.4,False,5.76,38.43
1767891610.25,2026-01-08 22:30:10,9,9,121,9.6%,18,NORMAL,191.4,0.0,0.4,0.4,False,5.76,38.43
1767891613.13,2026-01-08 22:30:13,8,9,121,9.7%,18,NORMAL,191.2,0.0,0.4,0.4,False,5.26,38.93
1767891615.78,2026-01-08 22:30:15,7,9,121,9.7%,18,NORMAL,191.1,0.0,0.4,0.4,False,4.73,39.47
1767891618.41,2026-01-08 22:30:18,7,9,121,9.8%,18,NORMAL,190.9,0.0,0.4,0.4,False,4.73,39.47
1767891621.22,2026-01-08 22:30:21,6,9,121,9.7%,18,NORMAL,190.7,0.0,0.4,0.4,False,4.16,40.03
1767891623.97,2026-01-08 22:30:23,7,9,121,9.8%,18,NORMAL,190.6,0.0,0.4,0.4,False,4.73,39.47
1767891626.77,2026-01-08 22:30:26,8,9,121,9.9%,18,NORMAL,190.4,0.0,0.4,0.4,False,5.26,38.93
1767891629.58,2026-01-08 22:30:29,10,10,121,10.2%,18,NORMAL,190.2,0.0,0.4,0.4,False,6.22,37.97
1767891632.25,2026-01-08 22:30:32,10,10,122,10.3%,18,NORMAL,191.6,0.0,0.4,0.4,False,6.22,37.97
1767891634.93,2026-01-08 22:30:34,9,10,123,10.4%,18,NORMAL,193.0,0.0,0.4,0.4,False,5.76,38.43
1767891637.60,2026-01-08 22:30:37,10,10,123,10.5%,18,NORMAL,192.9,0.0,0.4,0.4,False,6.22,37.97
1767891640.49,2026-01-08 22:30:40,9,10,123,10.7%,18,NORMAL,192.7,0.0,0.4,0.4,False,5.76,38.43
1767891643.27,2026-01-08 22:30:43,9,10,124,10.9%,18,NORMAL,194.1,0.0,0.4,0.4,False,5.76,38.43
1767891646.04,2026-01-08 22:30:46,9,10,124,11.0%,18,NORMAL,193.9,0.0,0.4,0.4,False,5.76,38.43
1767891648.82,2026-01-08 22:30:48,8,10,124,11.1%,18,NORMAL,193.8,0.0,0.4,0.4,False,5.26,38.93
1767891651.59,2026-01-08 22:30:51,8,10,125,11.2%,18,NORMAL,195.1,0.0,0.4,0.4,False,5.26,38.93
1767891654.35,2026-01-08 22:30:54,9,10,125,11.3%,18,NORMAL,195.0,0.0,0.4,0.4,False,5.76,38.43
1767891657.29,2026-01-08 22:30:57,7,10,125,11.3%,18,NORMAL,194.8,0.0,0.4,0.4,False,4.73,39.47
1767891660.05,2026-01-08 22:31:00,7,10,125,11.4%,18,NORMAL,194.6,0.0,0.4,0.4,False,4.73,39.47
1767891662.85,2026-01-08 22:31:02,7,10,125,11.4%,18,NORMAL,194.5,0.0,0.4,0.4,False,4.73,39.47
1767891665.95,2026-01-08 22:31:05,7,10,125,11.5%,18,NORMAL,194.3,0.0,0.4,0.4,False,4.73,39.47
1767891668.73,2026-01-08 22:31:08,7,10,125,11.6%,18,NORMAL,194.1,0.0,0.4,0.4,False,4.73,39.47
1767891671.39,2026-01-08 22:31:11,7,10,125,11.6%,18,NORMAL,194.0,0.0,0.4,0.4,False,4.73,39.47
1767891674.40,2026-01-08 22:31:14,9,10,125,11.7%,18,NORMAL,193.8,0.0,0.4,0.4,False,5.76,38.43
1767891677.48,2026-01-08 22:31:17,8,10,125,11.8%,18,NORMAL,193.6,0.0,0.4,0.4,False,5.26,38.93
1767891680.18,2026-01-08 22:31:20,7,10,125,11.8%,18,NORMAL,193.5,0.0,0.4,0.4,False,4.73,39.47
1767891682.89,2026-01-08 22:31:22,8,10,125,11.9%,18,NORMAL,193.3,0.0,0.4,0.4,False,5.26,38.93
1767891685.87,2026-01-08 22:31:25,9,10,125,11.9%,18,NORMAL,193.1,0.0,0.4,0.4,False,5.76,38.43
1767891689.19,2026-01-08 22:31:29,8,10,125,12.0%,18,NORMAL,193.0,0.0,0.4,0.4,False,5.26,38.93
1767891692.21,2026-01-08 22:31:32,10,10,125,12.0%,18,NORMAL,192.8,0.0,0.4,0.4,False,6.22,37.97
1767891695.18,2026-01-08 22:31:35,7,10,125,11.9%,18,NORMAL,192.6,0.0,0.4,0.4,False,4.73,39.47
1767891698.00,2026-01-08 22:31:38,7,10,126,11.9%,18,NORMAL,194.0,0.0,0.4,0.4,False,4.73,39.47
1767891700.66,2026-01-08 22:31:40,6,10,127,11.9%,18,NORMAL,195.4,0.0,0.4,0.4,False,4.16,40.03
1767891703.37,2026-01-08 22:31:43,9,10,127,11.9%,18,NORMAL,195.2,0.0,0.4,0.4,False,5.76,38.43
1767891706.11,2026-01-08 22:31:46,7,10,127,12.0%,18,NORMAL,195.1,0.0,0.4,0.4,False,4.73,39.47
1767891708.93,2026-01-08 22:31:48,8,10,127,12.0%,18,NORMAL,194.9,0.0,0.4,0.4,False,5.26,38.93
1767891711.63,2026-01-08 22:31:51,9,10,127,12.0%,18,NORMAL,194.7,0.0,0.4,0.4,False,5.76,38.43
1767891714.55,2026-01-08 22:31:54,8,10,127,12.0%,18,NORMAL,194.6,0.0,0.4,0.4,False,5.26,38.93
1767891717.26,2026-01-08 22:31:57,8,10,127,11.9%,18,NORMAL,194.4,0.0,0.4,0.4,False,5.26,38.93
1767891720.29,2026-01-08 22:32:00,9,10,127,11.9%,18,NORMAL,194.2,0.0,0.4,0.4,False,5.76,38.43
1767891723.04,2026-01-08 22:32:03,9,10,127,11.9%,18,NORMAL,194.1,0.0,0.4,0.4,False,5.76,38.43
1767891725.83,2026-01-08 22:32:05,8,10,128,11.8%,18,NORMAL,195.4,0.0,0.4,0.4,False,5.26,38.93
1767891728.98,2026-01-08 22:32:08,8,10,129,11.8%,18,NORMAL,196.8,0.0,0.4,0.4,False,5.26,38.93
1767891732.25,2026-01-08 22:32:12,8,10,129,11.8%,18,NORMAL,196.6,0.0,0.4,0.4,False,5.26,38.93
1767891735.56,2026-01-08 22:32:15,8,10,129,11.8%,18,NORMAL,196.4,0.0,0.4,0.4,False,5.26,38.93
1767891738.81,2026-01-08 22:32:18,10,10,129,11.8%,18,NORMAL,196.3,0.0,0.4,0.4,False,6.22,37.97
1767891742.23,2026-01-08 22:32:22,10,10,129,11.9%,18,NORMAL,196.1,0.0,0.4,0.4,False,6.22,37.97
1767891745.65,2026-01-08 22:32:25,10,10,129,12.0%,18,NORMAL,195.9,0.0,0.4,0.4,False,6.22,37.97
1767891748.84,2026-01-08 22:32:28,10,10,129,12.1%,18,NORMAL,195.8,0.0,0.4,0.4,False,6.22,37.97
1767891751.82,2026-01-08 22:32:31,11,11,129,12.2%,18,NORMAL,195.6,0.0,0.4,0.4,False,6.65,37.55
1767891754.90,2026-01-08 22:32:34,9,11,129,12.3%,18,NORMAL,195.5,0.0,0.4,0.4,False,5.76,38.43
1767891757.83,2026-01-08 22:32:37,11,11,129,12.5%,18,NORMAL,195.3,0.0,0.4,0.4,False,6.65,37.55
1767891760.79,2026-01-08 22:32:40,11,11,129,12.6%,18,NORMAL,195.1,0.0,0.4,0.4,False,6.65,37.55
1767891763.51,2026-01-08 22:32:43,11,11,130,12.7%,18,NORMAL,196.5,0.0,0.4,0.4,False,6.65,37.55
1767891766.35,2026-01-08 22:32:46,11,11,130,12.8%,18,NORMAL,196.3,0.0,0.4,0.4,False,6.65,37.55
1767891769.18,2026-01-08 22:32:49,9,11,130,12.9%,18,NORMAL,196.1,0.0,0.4,0.4,False,5.76,38.43
1767891771.82,2026-01-08 22:32:51,10,11,131,12.9%,18,NORMAL,197.5,0.0,0.4,0.4,False,6.22,37.97
1767891774.49,2026-01-08 22:32:54,10,11,131,13.0%,18,NORMAL,197.3,0.0,0.4,0.4,False,6.22,37.97
1767891777.17,2026-01-08 22:32:57,13,13,131,13.1%,18,NORMAL,197.2,0.0,0.4,0.4,False,7.40,36.80
1767891779.76,2026-01-08 22:32:59,12,13,131,13.2%,18,NORMAL,197.0,0.0,0.4,0.4,False,7.04,37.15
1767891782.64,2026-01-08 22:33:02,10,13,131,13.3%,18,NORMAL,196.8,0.0,0.4,0.4,False,6.22,37.97
1767891785.68,2026-01-08 22:33:05,10,13,131,13.4%,18,NORMAL,196.7,0.0,0.4,0.4,False,6.22,37.97
1767891788.35,2026-01-08 22:33:08,10,13,131,13.6%,18,NORMAL,196.5,0.0,0.4,0.4,False,6.22,37.97
1767891791.72,2026-01-08 22:33:11,12,13,131,13.7%,18,NORMAL,196.3,0.0,0.4,0.4,False,7.04,37.15
1767891794.79,2026-01-08 22:33:14,13,13,131,13.9%,18,NORMAL,196.2,0.0,0.4,0.4,False,7.40,36.80
1767891797.78,2026-01-08 22:33:17,14,14,131,14.0%,18,NORMAL,196.0,0.0,0.4,0.4,False,7.72,36.48
1767891800.69,2026-01-08 22:33:20,12,14,132,14.1%,18,NORMAL,197.3,0.0,0.4,0.4,False,7.04,37.15
1767891803.39,2026-01-08 22:33:23,10,14,132,14.2%,18,NORMAL,197.2,0.0,0.4,0.4,False,6.22,37.97
1767891805.99,2026-01-08 22:33:25,9,14,132,14.3%,18,NORMAL,197.0,0.0,0.4,0.4,False,5.76,38.43
1767891808.69,2026-01-08 22:33:28,8,14,132,14.2%,18,NORMAL,196.9,0.0,0.4,0.4,False,5.26,38.93
1767891811.46,2026-01-08 22:33:31,9,14,132,14.2%,18,NORMAL,196.7,0.0,0.4,0.4,False,5.76,38.43
1767891814.33,2026-01-08 22:33:34,11,14,132,14.3%,18,NORMAL,196.5,0.0,0.4,0.4,False,6.65,37.55
1767891817.33,2026-01-08 22:33:37,10,14,132,14.4%,18,NORMAL,196.4,0.0,0.4,0.4,False,6.22,37.97
1767891820.05,2026-01-08 22:33:40,10,14,133,14.5%,18,NORMAL,197.7,0.0,0.4,0.4,False,6.22,37.97
1767891823.04,2026-01-08 22:33:43,9,14,133,14.5%,18,NORMAL,197.5,0.0,0.4,0.4,False,5.76,38.43
1767891825.59,2026-01-08 22:33:45,10,14,133,14.5%,18,NORMAL,197.4,0.0,0.4,0.4,False,6.22,37.97
1767891828.34,2026-01-08 22:33:48,10,14,133,14.5%,18,NORMAL,197.2,0.0,0.4,0.4,False,6.22,37.97
1767891830.95,2026-01-08 22:33:50,11,14,133,14.5%,18,NORMAL,197.0,0.0,0.4,0.4,False,6.65,37.55
1767891833.62,2026-01-08 22:33:53,11,14,133,14.6%,18,NORMAL,196.9,0.0,0.4,0.4,False,6.65,37.55
1767891836.25,2026-01-08 22:33:56,8,14,133,14.5%,18,NORMAL,196.7,0.0,0.4,0.4,False,5.26,38.93
1767891839.16,2026-01-08 22:33:59,8,14,133,14.4%,18,NORMAL,196.6,0.0,0.4,0.4,False,5.26,38.93
1767891842.60,2026-01-08 22:34:02,8,14,133,14.3%,18,NORMAL,196.4,0.0,0.4,0.4,False,5.26,38.93
1767891845.83,2026-01-08 22:34:05,8,14,133,14.2%,18,NORMAL,196.2,0.0,0.4,0.4,False,5.26,38.93
1767891848.63,2026-01-08 22:34:08,9,14,133,14.1%,18,NORMAL,196.1,0.0,0.4,0.4,False,5.76,38.43
1767891851.50,2026-01-08 22:34:11,8,14,133,14.0%,18,NORMAL,195.9,0.0,0.4,0.4,False,5.26,38.93
1767891854.28,2026-01-08 22:34:14,8,14,134,14.0%,18,NORMAL,197.2,0.0,0.4,0.4,False,5.26,38.93
1767891857.01,2026-01-08 22:34:17,7,14,135,13.9%,18,NORMAL,198.5,0.0,0.4,0.4,False,4.73,39.47
1767891859.80,2026-01-08 22:34:19,8,14,136,13.8%,18,NORMAL,199.8,0.0,0.4,0.4,False,5.26,38.93
1767891862.74,2026-01-08 22:34:22,6,14,136,13.6%,18,NORMAL,199.7,0.0,0.4,0.4,False,4.16,40.03
1767891865.47,2026-01-08 22:34:25,6,14,136,13.4%,18,NORMAL,199.5,0.0,0.4,0.4,False,4.16,40.03
1767891868.16,2026-01-08 22:34:28,6,14,136,13.2%,18,NORMAL,199.3,0.0,0.4,0.4,False,4.16,40.03
1767891870.86,2026-01-08 22:34:30,5,14,136,13.0%,18,NORMAL,199.2,0.0,0.4,0.4,False,3.56,40.64
1767891873.45,2026-01-08 22:34:33,6,14,136,12.8%,18,NORMAL,199.0,0.0,0.4,0.4,False,4.16,40.03
1767891876.19,2026-01-08 22:34:36,7,14,136,12.7%,18,NORMAL,198.9,0.0,0.4,0.4,False,4.73,39.47
1767891878.99,2026-01-08 22:34:38,7,14,136,12.5%,18,NORMAL,198.7,0.0,0.4,0.4,False,4.73,39.47
1767891881.69,2026-01-08 22:34:41,7,14,136,12.2%,18,NORMAL,198.5,0.0,0.4,0.4,False,4.73,39.47
1767891884.58,2026-01-08 22:34:44,8,14,136,12.1%,18,NORMAL,198.4,0.0,0.4,0.4,False,5.26,38.93
1767891887.22,2026-01-08 22:34:47,8,14,136,12.0%,18,NORMAL,198.2,0.0,0.4,0.4,False,5.26,38.93
1767891889.89,2026-01-08 22:34:49,9,14,136,12.0%,18,NORMAL,198.1,0.0,0.4,0.4,False,5.76,38.43
1767891892.65,2026-01-08 22:34:52,10,14,136,12.1%,18,NORMAL,197.9,0.0,0.4,0.4,False,6.22,37.97
1767891895.83,2026-01-08 22:34:55,10,14,137,12.1%,18,NORMAL,199.2,0.0,0.4,0.4,False,6.22,37.97
1767891898.98,2026-01-08 22:34:58,10,14,137,12.1%,18,NORMAL,199.0,0.0,0.4,0.4,False,6.22,37.97
1767891902.24,2026-01-08 22:35:02,11,14,137,12.1%,18,NORMAL,198.9,0.0,0.4,0.4,False,6.65,37.55
1767891905.62,2026-01-08 22:35:05,6,14,137,12.0%,18,NORMAL,198.7,0.0,0.4,0.4,False,4.16,40.03
1767891908.82,2026-01-08 22:35:08,5,14,137,11.8%,18,NORMAL,198.6,0.0,0.4,0.4,False,3.56,40.64
1767891911.52,2026-01-08 22:35:11,6,14,137,11.7%,18,NORMAL,198.4,0.0,0.4,0.4,False,4.16,40.03
1767891914.53,2026-01-08 22:35:14,6,14,137,11.5%,18,NORMAL,198.2,0.0,0.4,0.4,False,4.16,40.03
1767891917.32,2026-01-08 22:35:17,6,14,137,11.3%,18,NORMAL,198.1,0.0,0.4,0.4,False,4.16,40.03
1767891919.93,2026-01-08 22:35:19,6,14,137,11.1%,18,NORMAL,197.9,0.0,0.4,0.4,False,4.16,40.03
1767891922.63,2026-01-08 22:35:22,6,14,137,11.1%,18,NORMAL,197.8,0.0,0.4,0.4,False,4.16,40.03
1767891925.74,2026-01-08 22:35:25,6,14,137,11.0%,18,NORMAL,197.6,0.0,0.4,0.4,False,4.16,40.03
1767891928.65,2026-01-08 22:35:28,5,14,137,10.8%,18,NORMAL,197.4,0.0,0.4,0.4,False,3.56,40.64
1767891931.54,2026-01-08 22:35:31,5,14,137,10.7%,18,NORMAL,197.3,0.0,0.4,0.4,False,3.56,40.64
1767891934.28,2026-01-08 22:35:34,5,14,137,10.5%,18,NORMAL,197.1,0.0,0.4,0.4,False,3.56,40.64
1767891937.54,2026-01-08 22:35:37,5,14,137,10.4%,18,NORMAL,197.0,0.0,0.4,0.4,False,3.56,40.64
1767891940.84,2026-01-08 22:35:40,4,14,137,10.2%,18,NORMAL,196.8,0.0,0.4,0.4,False,2.92,41.28
1767891943.54,2026-01-08 22:35:43,3,14,137,10.1%,18,NORMAL,196.7,0.0,0.4,0.4,False,2.24,41.95
1767891946.57,2026-01-08 22:35:46,2,14,137,9.8%,18,NORMAL,196.5,0.0,0.4,0.4,False,1.53,42.67
1767891949.24,2026-01-08 22:35:49,3,14,137,9.6%,18,NORMAL,196.3,0.0,0.4,0.4,False,2.24,41.95
1767891952.63,2026-01-08 22:35:52,3,14,137,9.5%,18,NORMAL,196.2,0.0,0.4,0.4,False,2.24,41.95
1767891955.87,2026-01-08 22:35:55,3,14,138,9.3%,18,NORMAL,197.5,0.0,0.4,0.4,False,2.24,41.95
1767891958.91,2026-01-08 22:35:58,3,14,138,9.2%,18,NORMAL,197.3,0.0,0.4,0.4,False,2.24,41.95
1767891961.42,2026-01-08 22:36:01,3,14,138,9.1%,18,NORMAL,197.1,0.0,0.4,0.4,False,2.24,41.95
1767891963.94,2026-01-08 22:36:03,3,14,138,8.9%,18,NORMAL,197.0,0.0,0.4,0.4,False,2.24,41.95
1767891966.59,2026-01-08 22:36:06,3,14,138,8.7%,18,NORMAL,196.8,0.0,0.4,0.4,False,2.24,41.95
1767891969.41,2026-01-08 22:36:09,3,14,138,8.5%,18,NORMAL,196.7,0.0,0.4,0.4,False,2.24,41.95
1767891972.33,2026-01-08 22:36:12,3,14,138,8.3%,18,NORMAL,196.5,0.0,0.4,0.4,False,2.24,41.95
1767891975.24,2026-01-08 22:36:15,2,14,138,8.0%,18,NORMAL,196.4,0.0,0.4,0.4,False,1.53,42.67
1767891978.53,2026-01-08 22:36:18,2,14,138,7.7%,18,NORMAL,196.2,0.0,0.4,0.4,False,1.53,42.67
1767891981.60,2026-01-08 22:36:21,2,14,138,7.3%,18,NORMAL,196.1,0.0,0.4,0.4,False,1.53,42.67
1767891984.53,2026-01-08 22:36:24,2,14,138,7.0%,18,NORMAL,195.9,0.0,0.4,0.4,False,1.53,42.67
1767891987.23,2026-01-08 22:36:27,2,14,138,6.6%,18,NORMAL,195.7,0.0,0.4,0.4,False,1.53,42.67
1767891989.84,2026-01-08 22:36:29,2,14,138,6.3%,18,NORMAL,195.6,0.0,0.4,0.4,False,1.53,42.67
1767891992.58,2026-01-08 22:36:32,2,14,138,6.1%,18,NORMAL,195.4,0.0,0.4,0.4,False,1.53,42.67
1767891995.36,2026-01-08 22:36:35,1,14,138,5.8%,18,NORMAL,195.3,0.0,0.4,0.4,False,0.78,43.41
1767891998.12,2026-01-08 22:36:38,1,14,138,5.6%,18,NORMAL,195.1,0.0,0.4,0.4,False,0.78,43.41
1767892000.66,2026-01-08 22:36:40,1,14,138,5.3%,18,NORMAL,195.0,0.0,0.4,0.4,False,0.78,43.41
1767892003.43,2026-01-08 22:36:43,1,14,138,5.1%,18,NORMAL,194.8,0.0,0.4,0.4,False,0.78,43.41
1767892006.11,2026-01-08 22:36:46,1,14,138,4.8%,18,NORMAL,194.7,0.0,0.4,0.4,False,0.78,43.41
1767892009.13,2026-01-08 22:36:49,1,14,138,4.6%,18,NORMAL,194.5,0.0,0.4,0.4,False,0.78,43.41
1767892012.37,2026-01-08 22:36:52,1,14,138,4.3%,18,NORMAL,194.4,0.0,0.4,0.4,False,0.78,43.41
1767892015.38,2026-01-08 22:36:55,0,14,137,4.0%,18,NORMAL,192.8,0.0,0.4,0.4,False,0.00,44.19
1767892018.24,2026-01-08 22:36:58,0,14,137,3.8%,18,NORMAL,192.7,0.0,0.4,0.4,False,0.00,44.19
1767892021.03,2026-01-08 22:37:01,1,14,137,3.6%,18,NORMAL,192.5,0.0,0.4,0.4,False,0.78,43.41
1767892023.77,2026-01-08 22:37:03,2,14,137,3.4%,18,NORMAL,192.4,0.0,0.4,0.4,False,1.53,42.67
1767892026.79,2026-01-08 22:37:06,0,14,136,3.2%,18,NORMAL,190.8,0.0,0.4,0.4,False,0.00,44.19
1767892029.74,2026-01-08 22:37:09,0,14,136,3.0%,18,NORMAL,190.7,0.0,0.4,0.4,False,0.00,44.19
1767892032.40,2026-01-08 22:37:12,1,14,136,3.0%,18,NORMAL,190.5,0.0,0.4,0.4,False,0.78,43.41
1767892035.23,2026-01-08 22:37:15,1,14,136,2.9%,18,NORMAL,190.4,0.0,0.4,0.4,False,0.78,43.41
1767892037.82,2026-01-08 22:37:17,1,14,137,2.8%,18,NORMAL,191.6,0.0,0.4,0.4,False,0.78,43.41
1767892040.64,2026-01-08 22:37:20,1,14,137,2.6%,18,NORMAL,191.5,0.0,0.4,0.4,False,0.78,43.41
1767892043.28,2026-01-08 22:37:23,2,14,137,2.6%,18,NORMAL,191.3,0.0,0.4,0.4,False,1.53,42.67
1767892045.93,2026-01-08 22:37:25,2,14,137,2.5%,18,NORMAL,191.2,0.0,0.4,0.4,False,1.53,42.67
1767892048.71,2026-01-08 22:37:28,2,14,138,2.5%,18,NORMAL,192.4,0.0,0.4,0.4,False,1.53,42.67
1767892051.42,2026-01-08 22:37:31,2,14,138,2.4%,18,NORMAL,192.3,0.0,0.4,0.4,False,1.53,42.67
1767892054.49,2026-01-08 22:37:34,2,14,138,2.4%,18,NORMAL,192.1,0.0,0.4,0.4,False,1.53,42.67
1767892057.35,2026-01-08 22:37:37,2,14,138,2.3%,18,NORMAL,192.0,0.0,0.4,0.4,False,1.53,42.67
1767892060.16,2026-01-08 22:37:40,2,14,138,2.3%,18,NORMAL,191.8,0.0,0.4,0.4,False,1.53,42.67
1767892063.11,2026-01-08 22:37:43,2,14,138,2.3%,18,NORMAL,191.7,0.0,0.4,0.4,False,1.53,42.67
1767892065.97,2026-01-08 22:37:45,1,14,138,2.3%,18,NORMAL,191.5,0.0,0.4,0.4,False,0.78,43.41
1767892068.70,2026-01-08 22:37:48,1,14,138,2.2%,18,NORMAL,191.4,0.0,0.4,0.4,False,0.78,43.41
1767892071.45,2026-01-08 22:37:51,1,14,138,2.2%,18,NORMAL,191.2,0.0,0.4,0.4,False,0.78,43.41
1767892074.19,2026-01-08 22:37:54,1,14,138,2.1%,18,NORMAL,191.1,0.0,0.4,0.4,False,0.78,43.41
1767892076.91,2026-01-08 22:37:56,1,14,138,2.0%,18,NORMAL,190.9,0.0,0.4,0.4,False,0.78,43.41
1767892079.64,2026-01-08 22:37:59,1,14,138,2.0%,18,NORMAL,190.8,0.0,0.4,0.4,False,0.78,43.41
1767892082.27,2026-01-08 22:38:02,2,14,138,2.1%,18,NORMAL,190.6,0.0,0.4,0.4,False,1.53,42.67
1767892085.13,2026-01-08 22:38:05,2,14,138,2.2%,18,NORMAL,190.5,0.0,0.4,0.4,False,1.53,42.67
1767892087.99,2026-01-08 22:38:07,1,14,138,2.2%,18,NORMAL,190.3,0.0,0.4,0.4,False,0.78,43.41
1767892091.13,2026-01-08 22:38:11,1,14,138,2.2%,18,NORMAL,190.2,0.0,0.4,0.4,False,0.78,43.41
1767892094.05,2026-01-08 22:38:14,1,14,138,2.2%,18,NORMAL,190.1,0.0,0.4,0.4,False,0.78,43.41
1767892097.04,2026-01-08 22:38:17,2,14,138,2.2%,18,NORMAL,189.9,0.0,0.4,0.4,False,1.53,42.67
1767892099.75,2026-01-08 22:38:19,2,14,138,2.3%,18,NORMAL,189.8,0.0,0.4,0.4,False,1.53,42.67
1767892102.48,2026-01-08 22:38:22,2,14,138,2.4%,18,NORMAL,189.6,0.0,0.4,0.4,False,1.53,42.67
1767892105.26,2026-01-08 22:38:25,2,14,138,2.5%,18,NORMAL,189.5,0.0,0.4,0.4,False,1.53,42.67
1767892107.93,2026-01-08 22:38:27,2,14,138,2.5%,18,NORMAL,189.3,0.0,0.4,0.4,False,1.53,42.67
1767892110.59,2026-01-08 22:38:30,3,14,139,2.7%,18,NORMAL,190.6,0.0,0.4,0.4,False,2.24,41.95
1767892113.30,2026-01-08 22:38:33,2,14,139,2.8%,18,NORMAL,190.4,0.0,0.4,0.4,False,1.53,42.67
1767892116.00,2026-01-08 22:38:35,2,14,139,2.8%,18,NORMAL,190.3,0.0,0.4,0.4,False,1.53,42.67
1767892118.63,2026-01-08 22:38:38,1,14,139,2.8%,18,NORMAL,190.1,0.0,0.4,0.4,False,0.78,43.41
1767892121.45,2026-01-08 22:38:41,2,14,139,2.9%,18,NORMAL,190.0,0.0,0.4,0.4,False,1.53,42.67
1767892124.11,2026-01-08 22:38:44,2,14,139,2.9%,18,NORMAL,189.8,0.0,0.4,0.4,False,1.53,42.67
1767892126.79,2026-01-08 22:38:46,2,14,139,2.9%,18,NORMAL,189.7,0.0,0.4,0.4,False,1.53,42.67
1767892129.57,2026-01-08 22:38:49,2,14,139,2.9%,18,NORMAL,189.5,0.0,0.4,0.4,False,1.53,42.67
1767892132.36,2026-01-08 22:38:52,4,14,139,3.1%,18,NORMAL,189.4,0.0,0.4,0.4,False,2.92,41.28
1767892135.10,2026-01-08 22:38:55,3,14,139,3.1%,18,NORMAL,189.3,0.0,0.4,0.4,False,2.24,41.95
1767892138.03,2026-01-08 22:38:58,2,14,139,3.1%,18,NORMAL,189.1,0.0,0.4,0.4,False,1.53,42.67
1767892141.13,2026-01-08 22:39:01,2,14,139,3.1%,18,NORMAL,189.0,0.0,0.4,0.4,False,1.53,42.67
1767892144.10,2026-01-08 22:39:04,3,14,140,3.2%,18,NORMAL,190.2,0.0,0.4,0.4,False,2.24,41.95
1767892146.90,2026-01-08 22:39:06,3,14,140,3.2%,18,NORMAL,190.0,0.0,0.4,0.4,False,2.24,41.95
1767892149.74,2026-01-08 22:39:09,3,14,140,3.3%,18,NORMAL,189.9,0.0,0.4,0.4,False,2.24,41.95
1767892152.42,2026-01-08 22:39:12,3,14,141,3.4%,18,NORMAL,191.1,0.0,0.4,0.4,False,2.24,41.95
1767892155.15,2026-01-08 22:39:15,3,14,141,3.5%,18,NORMAL,191.0,0.0,0.4,0.4,False,2.24,41.95
1767892157.89,2026-01-08 22:39:17,4,14,141,3.7%,18,NORMAL,190.8,0.0,0.4,0.4,False,2.92,41.28
1767892160.78,2026-01-08 22:39:20,3,14,141,3.8%,18,NORMAL,190.7,0.0,0.4,0.4,False,2.24,41.95
1767892163.69,2026-01-08 22:39:23,3,14,141,3.9%,18,NORMAL,190.5,0.0,0.4,0.4,False,2.24,41.95
1767892166.63,2026-01-08 22:39:26,4,14,141,4.0%,18,NORMAL,190.4,0.0,0.4,0.4,False,2.92,41.28
1767892169.63,2026-01-08 22:39:29,4,14,141,4.1%,18,NORMAL,190.3,0.0,0.4,0.4,False,2.92,41.28
1767892172.69,2026-01-08 22:39:32,4,14,141,4.3%,18,NORMAL,190.1,0.0,0.4,0.4,False,2.92,41.28
1767892175.49,2026-01-08 22:39:35,2,14,141,4.4%,18,NORMAL,190.0,0.0,0.4,0.4,False,1.53,42.67
1767892178.31,2026-01-08 22:39:38,3,14,141,4.5%,18,NORMAL,189.8,0.0,0.4,0.4,False,2.24,41.95
1767892181.12,2026-01-08 22:39:41,3,14,141,4.5%,18,NORMAL,189.7,0.0,0.4,0.4,False,2.24,41.95
1767892184.34,2026-01-08 22:39:44,4,14,142,4.6%,18,NORMAL,190.9,0.0,0.4,0.4,False,2.92,41.28
1767892187.01,2026-01-08 22:39:47,4,14,142,4.7%,18,NORMAL,190.7,0.0,0.4,0.4,False,2.92,41.28
1767892189.67,2026-01-08 22:39:49,4,14,143,4.8%,18,NORMAL,191.9,0.0,0.4,0.4,False,2.92,41.28
1767892192.98,2026-01-08 22:39:52,4,14,143,4.9%,18,NORMAL,191.8,0.0,0.4,0.4,False,2.92,41.28
1767892196.26,2026-01-08 22:39:56,5,14,143,5.0%,18,NORMAL,191.7,0.0,0.4,0.4,False,3.56,40.64
1767892199.54,2026-01-08 22:39:59,8,14,143,5.3%,18,NORMAL,191.5,0.0,0.4,0.4,False,5.26,38.93
1767892202.36,2026-01-08 22:40:02,7,14,143,5.6%,18,NORMAL,191.4,0.0,0.4,0.4,False,4.73,39.47
1767892204.99,2026-01-08 22:40:04,7,14,143,5.9%,18,NORMAL,191.2,0.0,0.4,0.4,False,4.73,39.47
1767892207.79,2026-01-08 22:40:07,5,14,143,6.0%,18,NORMAL,191.1,0.0,0.4,0.4,False,3.56,40.64
1767892210.52,2026-01-08 22:40:10,6,14,144,6.2%,18,NORMAL,192.3,0.0,0.4,0.4,False,4.16,40.03
1767892213.81,2026-01-08 22:40:13,6,14,144,6.4%,18,NORMAL,192.1,0.0,0.4,0.4,False,4.16,40.03
1767892217.09,2026-01-08 22:40:17,8,14,146,6.7%,18,NORMAL,194.7,0.0,0.4,0.4,False,5.26,38.93
1767892220.43,2026-01-08 22:40:20,9,14,146,6.9%,18,NORMAL,194.5,0.0,0.4,0.4,False,5.76,38.43
1767892223.09,2026-01-08 22:40:23,8,14,147,7.1%,18,NORMAL,195.7,0.0,0.4,0.4,False,5.26,38.93
1767892225.86,2026-01-08 22:40:25,8,14,147,7.4%,18,NORMAL,195.6,0.0,0.4,0.4,False,5.26,38.93
1767892229.11,2026-01-08 22:40:29,7,14,147,7.7%,18,NORMAL,195.4,0.0,0.4,0.4,False,4.73,39.47
1767892232.36,2026-01-08 22:40:32,8,14,147,7.9%,18,NORMAL,195.3,0.0,0.4,0.4,False,5.26,38.93
1767892234.93,2026-01-08 22:40:34,7,14,147,8.1%,18,NORMAL,195.1,0.0,0.4,0.4,False,4.73,39.47
1767892237.54,2026-01-08 22:40:37,8,14,148,8.3%,18,NORMAL,196.3,0.0,0.4,0.4,False,5.26,38.93
1767892240.36,2026-01-08 22:40:40,7,14,148,8.5%,18,NORMAL,196.2,0.0,0.4,0.4,False,4.73,39.47
1767892243.56,2026-01-08 22:40:43,7,14,148,8.7%,18,NORMAL,196.0,0.0,0.4,0.4,False,4.73,39.47
1767892246.36,2026-01-08 22:40:46,6,14,148,8.8%,18,NORMAL,195.9,0.0,0.4,0.4,False,4.16,40.03
1767892249.12,2026-01-08 22:40:49,7,14,149,9.0%,18,NORMAL,197.1,0.0,0.4,0.4,False,4.73,39.47
1767892251.78,2026-01-08 22:40:51,7,14,149,9.1%,18,NORMAL,196.9,0.0,0.4,0.4,False,4.73,39.47
1767892254.48,2026-01-08 22:40:54,7,14,150,9.3%,18,NORMAL,198.1,0.0,0.4,0.4,False,4.73,39.47
1767892257.13,2026-01-08 22:40:57,8,14,150,9.5%,18,NORMAL,197.9,0.0,0.4,0.4,False,5.26,38.93
1767892259.72,2026-01-08 22:40:59,8,14,150,9.6%,18,NORMAL,197.8,0.0,0.4,0.4,False,5.26,38.93
1767892262.96,2026-01-08 22:41:02,8,14,151,9.9%,18,NORMAL,199.0,0.0,0.4,0.4,False,5.26,38.93
1767892266.23,2026-01-08 22:41:06,8,14,151,10.1%,18,NORMAL,198.8,0.0,0.4,0.4,False,5.26,38.93
1767892269.31,2026-01-08 22:41:09,7,14,151,10.3%,18,NORMAL,198.7,0.0,0.4,0.4,False,4.73,39.47
1767892271.83,2026-01-08 22:41:11,7,14,151,10.5%,18,NORMAL,198.5,0.0,0.4,0.4,False,4.73,39.47
1767892274.49,2026-01-08 22:41:14,7,14,151,10.6%,18,NORMAL,198.4,0.0,0.4,0.4,False,4.73,39.47
1767892277.03,2026-01-08 22:41:17,7,14,151,10.7%,18,NORMAL,198.2,0.0,0.4,0.4,False,4.73,39.47
1767892280.00,2026-01-08 22:41:20,7,14,151,10.9%,18,NORMAL,198.1,0.0,0.4,0.4,False,4.73,39.47
1767892283.41,2026-01-08 22:41:23,7,14,151,11.0%,18,NORMAL,198.0,0.0,0.4,0.4,False,4.73,39.47
1767892286.06,2026-01-08 22:41:26,7,14,151,10.9%,18,NORMAL,197.8,0.0,0.4,0.4,False,4.73,39.47
1767892288.83,2026-01-08 22:41:28,6,14,151,10.9%,18,NORMAL,197.7,0.0,0.4,0.4,False,4.16,40.03
1767892291.46,2026-01-08 22:41:31,7,14,151,10.9%,18,NORMAL,197.5,0.0,0.4,0.4,False,4.73,39.47
1767892294.15,2026-01-08 22:41:34,7,14,151,11.0%,18,NORMAL,197.4,0.0,0.4,0.4,False,4.73,39.47
1767892296.77,2026-01-08 22:41:36,6,14,151,11.0%,18,NORMAL,197.2,0.0,0.4,0.4,False,4.16,40.03
1767892299.47,2026-01-08 22:41:39,7,14,151,11.0%,18,NORMAL,197.1,0.0,0.4,0.4,False,4.73,39.47
1767892302.37,2026-01-08 22:41:42,5,14,152,10.9%,18,NORMAL,198.3,0.0,0.4,0.4,False,3.56,40.64
1767892305.30,2026-01-08 22:41:45,5,14,152,10.7%,18,NORMAL,198.1,0.0,0.4,0.4,False,3.56,40.64
1767892308.01,2026-01-08 22:41:48,6,14,152,10.6%,18,NORMAL,198.0,0.0,0.4,0.4,False,4.16,40.03
1767892310.87,2026-01-08 22:41:50,6,14,152,10.5%,18,NORMAL,197.8,0.0,0.4,0.4,False,4.16,40.03
1767892313.51,2026-01-08 22:41:53,6,14,152,10.5%,18,NORMAL,197.7,0.0,0.4,0.4,False,4.16,40.03
1767892316.22,2026-01-08 22:41:56,4,14,152,10.3%,18,NORMAL,197.5,0.0,0.4,0.4,False,2.92,41.28
1767892319.35,2026-01-08 22:41:59,5,14,152,10.2%,18,NORMAL,197.4,0.0,0.4,0.4,False,3.56,40.64
1767892322.21,2026-01-08 22:42:02,4,14,152,10.1%,18,NORMAL,197.3,0.0,0.4,0.4,False,2.92,41.28
1767892325.07,2026-01-08 22:42:05,4,14,152,9.9%,18,NORMAL,197.1,0.0,0.4,0.4,False,2.92,41.28
1767892327.72,2026-01-08 22:42:07,4,14,152,9.8%,18,NORMAL,197.0,0.0,0.4,0.4,False,2.92,41.28
1767892330.34,2026-01-08 22:42:10,4,14,152,9.7%,18,NORMAL,196.8,0.0,0.4,0.4,False,2.92,41.28
1767892333.20,2026-01-08 22:42:13,4,14,152,9.6%,18,NORMAL,196.7,0.0,0.4,0.4,False,2.92,41.28
1767892335.90,2026-01-08 22:42:15,4,14,152,9.4%,18,NORMAL,196.6,0.0,0.4,0.4,False,2.92,41.28
1767892338.63,2026-01-08 22:42:18,4,14,152,9.3%,18,NORMAL,196.4,0.0,0.4,0.4,False,2.92,41.28
1767892341.50,2026-01-08 22:42:21,6,14,152,9.2%,18,NORMAL,196.3,0.0,0.4,0.4,False,4.16,40.03
1767892344.92,2026-01-08 22:42:24,6,14,152,9.1%,18,NORMAL,196.1,0.0,0.4,0.4,False,4.16,40.03
1767892348.08,2026-01-08 22:42:28,5,14,153,9.0%,18,NORMAL,197.3,0.0,0.4,0.4,False,3.56,40.64
1767892351.07,2026-01-08 22:42:31,5,14,153,8.9%,18,NORMAL,197.1,0.0,0.4,0.4,False,3.56,40.64
1767892353.88,2026-01-08 22:42:33,5,14,153,8.8%,18,NORMAL,197.0,0.0,0.4,0.4,False,3.56,40.64
1767892356.63,2026-01-08 22:42:36,5,14,153,8.7%,18,NORMAL,196.9,0.0,0.4,0.4,False,3.56,40.64
1767892359.41,2026-01-08 22:42:39,5,14,153,8.6%,18,NORMAL,196.7,0.0,0.4,0.4,False,3.56,40.64
1767892362.00,2026-01-08 22:42:41,5,14,153,8.5%,18,NORMAL,196.6,0.0,0.4,0.4,False,3.56,40.64
1767892364.61,2026-01-08 22:42:44,4,14,153,8.4%,18,NORMAL,196.4,0.0,0.4,0.4,False,2.92,41.28
1767892367.18,2026-01-08 22:42:47,4,14,153,8.2%,18,NORMAL,196.3,0.0,0.4,0.4,False,2.92,41.28
1767892369.84,2026-01-08 22:42:49,4,14,153,8.1%,18,NORMAL,196.2,0.0,0.4,0.4,False,2.92,41.28
1767892372.42,2026-01-08 22:42:52,4,14,153,8.0%,18,NORMAL,196.0,0.0,0.4,0.4,False,2.92,41.28
1767892375.16,2026-01-08 22:42:55,4,14,153,7.9%,18,NORMAL,195.9,0.0,0.4,0.4,False,2.92,41.28
1767892377.90,2026-01-08 22:42:57,4,14,153,7.7%,18,NORMAL,195.7,0.0,0.4,0.4,False,2.92,41.28
1767892381.20,2026-01-08 22:43:01,4,14,153,7.6%,18,NORMAL,195.6,0.0,0.4,0.4,False,2.92,41.28
1767892384.35,2026-01-08 22:43:04,5,14,153,7.5%,18,NORMAL,195.5,0.0,0.4,0.4,False,3.56,40.64
1767892387.27,2026-01-08 22:43:07,4,14,153,7.5%,18,NORMAL,195.3,0.0,0.4,0.4,False,2.92,41.28
1767892390.25,2026-01-08 22:43:10,4,14,153,7.5%,18,NORMAL,195.2,0.0,0.4,0.4,False,2.92,41.28
1767892393.20,2026-01-08 22:43:13,4,14,153,7.4%,18,NORMAL,195.0,0.0,0.4,0.4,False,2.92,41.28
1767892396.27,2026-01-08 22:43:16,4,14,153,7.3%,18,NORMAL,194.9,0.0,0.4,0.4,False,2.92,41.28
1767892399.23,2026-01-08 22:43:19,5,14,153,7.2%,18,NORMAL,194.8,0.0,0.4,0.4,False,3.56,40.64
1767892401.79,2026-01-08 22:43:21,5,14,153,7.3%,18,NORMAL,194.6,0.0,0.4,0.4,False,3.56,40.64
1767892404.68,2026-01-08 22:43:24,5,14,153,7.3%,18,NORMAL,194.5,0.0,0.4,0.4,False,3.56,40.64
1767892407.30,2026-01-08 22:43:27,4,14,153,7.3%,18,NORMAL,194.4,0.0,0.4,0.4,False,2.92,41.28
1767892409.93,2026-01-08 22:43:29,3,14,153,7.2%,18,NORMAL,194.2,0.0,0.4,0.4,False,2.24,41.95
1767892412.70,2026-01-08 22:43:32,3,14,153,7.2%,18,NORMAL,194.1,0.0,0.4,0.4,False,2.24,41.95
1767892415.66,2026-01-08 22:43:35,2,14,153,7.1%,18,NORMAL,193.9,0.0,0.4,0.4,False,1.53,42.67
1767892418.40,2026-01-08 22:43:38,2,14,153,7.0%,18,NORMAL,193.8,0.0,0.4,0.4,False,1.53,42.67
1767892421.15,2026-01-08 22:43:41,2,14,153,6.9%,18,NORMAL,193.7,0.0,0.4,0.4,False,1.53,42.67
1767892423.87,2026-01-08 22:43:43,2,14,153,6.7%,18,NORMAL,193.5,0.0,0.4,0.4,False,1.53,42.67
1767892426.69,2026-01-08 22:43:46,2,14,153,6.5%,18,NORMAL,193.4,0.0,0.4,0.4,False,1.53,42.67
1767892429.47,2026-01-08 22:43:49,2,14,153,6.4%,18,NORMAL,193.3,0.0,0.4,0.4,False,1.53,42.67
1767892432.37,2026-01-08 22:43:52,3,14,153,6.3%,18,NORMAL,193.1,0.0,0.4,0.4,False,2.24,41.95
1767892435.30,2026-01-08 22:43:55,3,14,153,6.2%,18,NORMAL,193.0,0.0,0.4,0.4,False,2.24,41.95
1767892438.04,2026-01-08 22:43:58,3,14,153,6.1%,18,NORMAL,192.9,0.0,0.4,0.4,False,2.24,41.95
1767892441.15,2026-01-08 22:44:01,3,14,153,6.0%,18,NORMAL,192.7,0.0,0.4,0.4,False,2.24,41.95
1767892443.88,2026-01-08 22:44:03,3,14,153,5.9%,18,NORMAL,192.6,0.0,0.4,0.4,False,2.24,41.95
1767892446.59,2026-01-08 22:44:06,2,14,153,5.7%,18,NORMAL,192.5,0.0,0.4,0.4,False,1.53,42.67
1767892449.57,2026-01-08 22:44:09,2,14,153,5.6%,18,NORMAL,192.3,0.0,0.4,0.4,False,1.53,42.67
1767892452.76,2026-01-08 22:44:12,2,14,153,5.5%,18,NORMAL,192.2,0.0,0.4,0.4,False,1.53,42.67
1767892455.60,2026-01-08 22:44:15,2,14,153,5.4%,18,NORMAL,192.1,0.0,0.4,0.4,False,1.53,42.67
1767892458.42,2026-01-08 22:44:18,2,14,153,5.3%,18,NORMAL,191.9,0.0,0.4,0.4,False,1.53,42.67
1767892461.49,2026-01-08 22:44:21,3,14,153,5.2%,18,NORMAL,191.8,0.0,0.4,0.4,False,2.24,41.95
1767892464.52,2026-01-08 22:44:24,3,14,153,5.2%,18,NORMAL,191.6,0.0,0.4,0.4,False,2.24,41.95
1767892467.65,2026-01-08 22:44:27,2,14,154,5.1%,18,NORMAL,192.8,0.0,0.4,0.4,False,1.53,42.67
1767892470.62,2026-01-08 22:44:30,2,14,154,4.9%,18,NORMAL,192.6,0.0,0.4,0.4,False,1.53,42.67
1767892473.76,2026-01-08 22:44:33,2,14,154,4.8%,18,NORMAL,192.5,0.0,0.4,0.4,False,1.53,42.67
1767892476.35,2026-01-08 22:44:36,2,14,154,4.7%,18,NORMAL,192.4,0.0,0.4,0.4,False,1.53,42.67
1767892479.64,2026-01-08 22:44:39,1,14,154,4.6%,18,NORMAL,192.2,0.0,0.4,0.4,False,0.78,43.41
1767892482.97,2026-01-08 22:44:42,1,14,154,4.4%,18,NORMAL,192.1,0.0,0.4,0.4,False,0.78,43.41
1767892486.29,2026-01-08 22:44:46,1,14,154,4.2%,18,NORMAL,192.0,0.0,0.4,0.4,False,0.78,43.41
1767892489.66,2026-01-08 22:44:49,1,14,154,4.0%,18,NORMAL,191.8,0.0,0.4,0.4,False,0.78,43.41
1767892492.35,2026-01-08 22:44:52,1,14,154,3.8%,18,NORMAL,191.7,0.0,0.4,0.4,False,0.78,43.41
1767892494.96,2026-01-08 22:44:54,1,14,154,3.6%,18,NORMAL,191.6,0.0,0.4,0.4,False,0.78,43.41
1767892497.58,2026-01-08 22:44:57,1,14,154,3.5%,18,NORMAL,191.4,0.0,0.4,0.4,False,0.78,43.41
1767892500.26,2026-01-08 22:45:00,1,14,154,3.4%,18,NORMAL,191.3,0.0,0.4,0.4,False,0.78,43.41
1767892502.90,2026-01-08 22:45:02,1,14,154,3.3%,18,NORMAL,191.2,0.0,0.4,0.4,False,0.78,43.41
1767892506.11,2026-01-08 22:45:06,1,14,154,3.3%,18,NORMAL,191.0,0.0,0.4,0.4,False,0.78,43.41
1767892508.74,2026-01-08 22:45:08,1,14,154,3.2%,18,NORMAL,190.9,0.0,0.4,0.4,False,0.78,43.41
1767892511.32,2026-01-08 22:45:11,1,14,154,3.2%,18,NORMAL,190.8,0.0,0.4,0.4,False,0.78,43.41
1767892513.87,2026-01-08 22:45:13,1,14,154,3.1%,18,NORMAL,190.6,0.0,0.4,0.4,False,0.78,43.41
1767892516.68,2026-01-08 22:45:16,1,14,154,3.0%,18,NORMAL,190.5,0.0,0.4,0.4,False,0.78,43.41
1767892519.59,2026-01-08 22:45:19,1,14,154,2.9%,18,NORMAL,190.4,0.0,0.4,0.4,False,0.78,43.41
1767892522.70,2026-01-08 22:45:22,1,14,154,2.8%,18,NORMAL,190.3,0.0,0.4,0.4,False,0.78,43.41
1767892525.61,2026-01-08 22:45:25,1,14,154,2.7%,18,NORMAL,190.1,0.0,0.4,0.4,False,0.78,43.41
1767892528.30,2026-01-08 22:45:28,1,14,154,2.6%,18,NORMAL,190.0,0.0,0.4,0.4,False,0.78,43.41
1767892531.11,2026-01-08 22:45:31,1,14,154,2.5%,18,NORMAL,189.9,0.0,0.4,0.4,False,0.78,43.41
1767892533.83,2026-01-08 22:45:33,1,14,154,2.4%,18,NORMAL,189.7,0.0,0.4,0.4,False,0.78,43.41
1767892537.17,2026-01-08 22:45:37,1,14,154,2.4%,18,NORMAL,189.6,0.0,0.4,0.4,False,0.78,43.41
1767892540.30,2026-01-08 22:45:40,1,14,154,2.3%,18,NORMAL,189.5,0.0,0.4,0.4,False,0.78,43.41
1767892543.31,2026-01-08 22:45:43,1,14,154,2.3%,18,NORMAL,189.3,0.0,0.4,0.4,False,0.78,43.41
1767892546.38,2026-01-08 22:45:46,1,14,154,2.2%,18,NORMAL,189.2,0.0,0.4,0.4,False,0.78,43.41
1767892549.01,2026-01-08 22:45:49,1,14,154,2.1%,18,NORMAL,189.1,0.0,0.4,0.4,False,0.78,43.41
1767892552.11,2026-01-08 22:45:52,1,14,154,2.0%,18,NORMAL,189.0,0.0,0.4,0.4,False,0.78,43.41
1767892554.75,2026-01-08 22:45:54,2,14,154,2.0%,18,NORMAL,188.8,0.0,0.4,0.4,False,1.53,42.67
1767892557.64,2026-01-08 22:45:57,3,14,154,2.0%,18,NORMAL,188.7,0.0,0.4,0.4,False,2.24,41.95
1767892560.90,2026-01-08 22:46:00,3,14,154,2.1%,18,NORMAL,188.6,0.0,0.4,0.4,False,2.24,41.95
1767892563.47,2026-01-08 22:46:03,3,14,155,2.2%,18,NORMAL,189.7,0.0,0.4,0.4,False,2.24,41.95
1767892566.10,2026-01-08 22:46:06,3,14,155,2.3%,18,NORMAL,189.5,0.0,0.4,0.4,False,2.24,41.95
1767892568.73,2026-01-08 22:46:08,2,14,155,2.3%,18,NORMAL,189.4,0.0,0.4,0.4,False,1.53,42.67
