timestamp,datetime,current_occupancy,peak_occupancy,unique_people,utilization_pct,est_capacity,capacity_status,flow_rate_per_min,avg_dwell_time_sec,processing_fps,processing_fps,alert_active,area_used_sqm,area_free_sqm
1768824246.48,2026-01-19 17:34:06,0,0,0,0.0%,93,NORMAL,0.0,0.0,0.2,0.2,False,0.00,60.00
1768824251.75,2026-01-19 17:34:11,7,7,7,4.5%,93,NORMAL,0.0,0.0,0.2,0.2,False,5.43,54.57
1768824257.11,2026-01-19 17:34:17,7,7,0,6.0%,93,NORMAL,0.0,0.0,0.2,0.2,False,5.43,54.57
1768824262.26,2026-01-19 17:34:22,6,7,0,6.5%,93,NORMAL,0.0,0.0,0.2,0.2,False,4.68,55.32
1768824267.45,2026-01-19 17:34:27,5,7,5,6.5%,93,NORMAL,0.0,0.0,0.2,0.2,False,3.91,56.09
1768824272.80,2026-01-19 17:34:32,5,7,5,6.5%,93,NORMAL,0.0,0.0,0.2,0.2,False,3.91,56.09
1768824274.56,2026-01-19 17:34:34,5,7,7,6.5%,93,NORMAL,0.0,0.0,0.2,0.2,False,3.91,56.09
1768824280.49,2026-01-19 17:34:40,5,7,5,6.5%,93,NORMAL,0.0,0.0,0.2,0.2,False,3.91,56.09
1768824286.06,2026-01-19 17:34:46,6,7,6,6.6%,93,NORMAL,0.0,0.0,0.2,0.2,False,4.68,55.32
1768824291.83,2026-01-19 17:34:51,6,7,6,6.8%,93,NORMAL,0.0,0.0,0.2,0.2,False,4.68,55.32
1768824298.31,2026-01-19 17:34:58,5,7,6,6.7%,93,NORMAL,0.0,0.0,0.2,0.2,False,3.91,56.09
1768824303.97,2026-01-19 17:35:03,5,7,6,6.7%,93,NORMAL,0.0,0.0,0.2,0.2,False,3.91,56.09
1768824305.37,2026-01-19 17:35:05,6,7,9,6.8%,93,NORMAL,0.0,0.0,0.2,0.2,False,4.68,55.32
1768824310.95,2026-01-19 17:35:10,6,7,6,6.9%,93,NORMAL,0.0,0.0,0.2,0.2,False,4.68,55.32
1768824316.71,2026-01-19 17:35:16,3,7,6,6.7%,93,NORMAL,0.0,0.0,0.2,0.2,False,2.37,57.63
1768824322.47,2026-01-19 17:35:22,3,7,6,6.5%,93,NORMAL,0.0,0.0,0.2,0.2,False,2.37,57.63
1768824328.58,2026-01-19 17:35:28,3,7,6,6.4%,93,NORMAL,0.0,0.0,0.2,0.2,False,2.37,57.63
1768824334.39,2026-01-19 17:35:34,2,7,6,6.2%,93,NORMAL,0.0,0.0,0.2,0.2,False,1.59,58.41
1768824340.74,2026-01-19 17:35:40,2,7,6,6.0%,93,NORMAL,348.4,0.0,0.2,0.2,False,1.59,58.41
1768824346.51,2026-01-19 17:35:46,3,7,6,5.9%,93,NORMAL,327.3,0.0,0.2,0.2,False,2.37,57.63
1768824352.44,2026-01-19 17:35:52,2,7,6,5.7%,93,NORMAL,308.6,0.0,0.2,0.2,False,1.59,58.41
1768824358.33,2026-01-19 17:35:58,2,7,6,5.6%,93,NORMAL,291.9,0.0,0.2,0.2,False,1.59,58.41
1768824364.07,2026-01-19 17:36:04,3,7,6,5.5%,93,NORMAL,276.9,0.0,0.2,0.2,False,2.37,57.63
1768824370.71,2026-01-19 17:36:10,3,7,7,5.4%,93,NORMAL,307.3,0.0,0.2,0.2,False,2.37,57.63
1768824376.92,2026-01-19 17:36:16,3,7,7,5.4%,93,NORMAL,293.0,0.0,0.2,0.2,False,2.37,57.63
1768824382.96,2026-01-19 17:36:22,3,7,7,5.3%,93,NORMAL,280.0,0.0,0.2,0.2,False,2.37,57.63
1768824389.26,2026-01-19 17:36:29,4,7,7,5.3%,93,NORMAL,268.1,0.0,0.2,0.2,False,3.14,56.86
1768824395.92,2026-01-19 17:36:35,3,7,7,5.3%,93,NORMAL,257.1,0.0,0.2,0.2,False,2.37,57.63
1768824401.75,2026-01-19 17:36:41,3,7,7,5.2%,93,NORMAL,247.1,0.0,0.2,0.2,False,2.37,57.63
1768824407.76,2026-01-19 17:36:47,3,7,7,5.2%,93,NORMAL,237.7,0.0,0.2,0.2,False,2.37,57.63
1768824413.54,2026-01-19 17:36:53,3,7,7,5.3%,93,NORMAL,229.1,0.0,0.2,0.2,False,2.37,57.63
1768824419.39,2026-01-19 17:36:59,3,7,7,5.1%,93,NORMAL,221.1,0.0,0.2,0.2,False,2.37,57.63
1768824425.59,2026-01-19 17:37:05,4,7,7,5.0%,93,NORMAL,213.6,0.0,0.2,0.2,False,3.14,56.86
1768824431.42,2026-01-19 17:37:11,4,7,7,4.9%,93,NORMAL,206.6,0.0,0.2,0.2,False,3.14,56.86
1768824437.77,2026-01-19 17:37:17,4,7,7,4.9%,93,NORMAL,200.0,0.0,0.2,0.2,False,3.14,56.86
1768824443.79,2026-01-19 17:37:23,5,7,7,4.9%,93,NORMAL,193.8,0.0,0.2,0.2,False,3.91,56.09
1768824449.80,2026-01-19 17:37:29,5,7,7,4.9%,93,NORMAL,188.1,0.0,0.2,0.2,False,3.91,56.09
1768824455.90,2026-01-19 17:37:35,5,7,8,4.9%,93,NORMAL,208.7,0.0,0.2,0.2,False,3.91,56.09
1768824461.76,2026-01-19 17:37:41,5,7,8,4.8%,93,NORMAL,202.8,0.0,0.2,0.2,False,3.91,56.09
1768824467.63,2026-01-19 17:37:47,5,7,8,4.8%,93,NORMAL,197.3,0.0,0.2,0.2,False,3.91,56.09
1768824473.90,2026-01-19 17:37:53,5,7,8,4.8%,93,NORMAL,192.0,0.0,0.2,0.2,False,3.91,56.09
1768824480.21,2026-01-19 17:38:00,5,7,8,4.8%,93,NORMAL,187.0,0.0,0.2,0.2,False,3.91,56.09
1768824486.61,2026-01-19 17:38:06,5,7,8,4.8%,93,NORMAL,182.3,0.0,0.2,0.2,False,3.91,56.09
1768824493.35,2026-01-19 17:38:13,5,7,8,4.7%,93,NORMAL,177.8,0.0,0.2,0.2,False,3.91,56.09
1768824499.34,2026-01-19 17:38:19,5,7,8,4.8%,93,NORMAL,173.5,0.0,0.2,0.2,False,3.91,56.09
1768824505.47,2026-01-19 17:38:25,4,7,8,4.8%,93,NORMAL,169.4,0.0,0.2,0.2,False,3.14,56.86
1768824511.69,2026-01-19 17:38:31,7,7,8,5.0%,93,NORMAL,165.5,0.0,0.2,0.2,False,5.43,54.57
1768824518.29,2026-01-19 17:38:38,8,8,8,5.3%,93,NORMAL,161.8,0.0,0.2,0.2,False,6.18,53.82
1768824525.08,2026-01-19 17:38:45,9,9,9,5.6%,93,NORMAL,178.0,0.0,0.2,0.2,False,6.92,53.08
1768824531.62,2026-01-19 17:38:51,9,9,10,5.8%,93,NORMAL,193.5,0.0,0.2,0.2,False,6.92,53.08
1768824538.51,2026-01-19 17:38:58,10,10,10,6.2%,93,NORMAL,189.5,0.0,0.2,0.2,False,7.66,52.34
1768824544.59,2026-01-19 17:39:04,10,10,11,6.5%,93,NORMAL,204.1,0.0,0.2,0.2,False,7.66,52.34
1768824550.74,2026-01-19 17:39:10,9,10,11,6.8%,93,NORMAL,200.0,0.0,0.2,0.2,False,6.92,53.08
1768824551.92,2026-01-19 17:39:11,9,10,22,7.0%,93,NORMAL,396.0,0.0,0.2,0.2,False,6.92,53.08
1768824559.07,2026-01-19 17:39:19,9,10,11,7.3%,93,NORMAL,196.0,0.0,0.2,0.2,False,6.92,53.08
1768824565.48,2026-01-19 17:39:25,10,10,11,7.5%,93,NORMAL,192.2,0.0,0.2,0.2,False,7.66,52.34
1768824571.46,2026-01-19 17:39:31,11,11,11,7.8%,93,NORMAL,188.6,0.0,0.2,0.2,False,8.38,51.62
1768824578.07,2026-01-19 17:39:38,11,11,11,8.2%,93,NORMAL,185.0,0.0,0.2,0.2,False,8.38,51.62
1768824584.47,2026-01-19 17:39:44,11,11,13,8.5%,93,NORMAL,214.7,0.0,0.2,0.2,False,8.38,51.62
1768824591.78,2026-01-19 17:39:51,11,11,15,8.8%,93,NORMAL,243.2,0.0,0.2,0.2,False,8.38,51.62
1768824597.71,2026-01-19 17:39:57,11,11,16,9.2%,93,NORMAL,254.9,0.0,0.2,0.2,False,8.38,51.62
1768824604.15,2026-01-19 17:40:04,11,11,16,9.5%,93,NORMAL,250.4,0.0,0.2,0.2,False,8.38,51.62
1768824610.21,2026-01-19 17:40:10,10,11,16,9.8%,93,NORMAL,246.2,0.0,0.2,0.2,False,7.66,52.34
1768824616.47,2026-01-19 17:40:16,11,11,16,10.1%,93,NORMAL,242.0,0.0,0.2,0.2,False,8.38,51.62
1768824623.29,2026-01-19 17:40:23,11,11,16,10.3%,93,NORMAL,238.0,0.0,0.2,0.2,False,8.38,51.62
1768824629.53,2026-01-19 17:40:29,12,12,17,10.6%,93,NORMAL,248.8,0.0,0.2,0.2,False,9.10,50.90
1768824635.95,2026-01-19 17:40:35,13,13,17,11.0%,93,NORMAL,244.8,0.0,0.2,0.2,False,9.82,50.18
1768824642.65,2026-01-19 17:40:42,12,13,17,11.2%,93,NORMAL,240.9,0.0,0.2,0.2,False,9.10,50.90
1768824649.20,2026-01-19 17:40:49,12,13,18,11.5%,93,NORMAL,251.2,0.0,0.2,0.2,False,9.10,50.90
1768824650.36,2026-01-19 17:40:50,11,13,35,11.8%,93,NORMAL,484.6,0.0,0.2,0.2,False,8.38,51.62
1768824657.16,2026-01-19 17:40:57,11,13,18,12.0%,93,NORMAL,247.3,0.0,0.2,0.2,False,8.38,51.62
1768824663.93,2026-01-19 17:41:03,12,13,18,12.3%,93,NORMAL,243.6,0.0,0.2,0.2,False,9.10,50.90
1768824670.62,2026-01-19 17:41:10,13,13,18,12.7%,93,NORMAL,240.0,0.0,0.2,0.2,False,9.82,50.18
1768824677.01,2026-01-19 17:41:17,13,13,18,13.0%,93,NORMAL,236.5,0.0,0.2,0.2,False,9.82,50.18
1768824683.69,2026-01-19 17:41:23,12,13,19,13.3%,93,NORMAL,246.0,0.0,0.2,0.2,False,9.10,50.90
1768824685.63,2026-01-19 17:41:25,12,13,38,13.6%,93,NORMAL,488.6,0.0,0.2,0.2,False,9.10,50.90
1768824691.99,2026-01-19 17:41:31,12,13,20,13.8%,93,NORMAL,255.3,0.0,0.2,0.2,False,9.10,50.90
1768824698.07,2026-01-19 17:41:38,12,13,20,14.0%,93,NORMAL,251.7,0.0,0.2,0.2,False,9.10,50.90
1768824704.28,2026-01-19 17:41:44,12,13,20,14.1%,93,NORMAL,248.3,0.0,0.2,0.2,False,9.10,50.90
1768824710.90,2026-01-19 17:41:50,12,13,20,14.2%,93,NORMAL,244.9,0.0,0.2,0.2,False,9.10,50.90
1768824717.21,2026-01-19 17:41:57,13,13,20,14.3%,93,NORMAL,241.6,0.0,0.2,0.2,False,9.82,50.18
1768824719.28,2026-01-19 17:41:59,12,13,42,14.4%,93,NORMAL,504.0,0.0,0.2,0.2,False,9.10,50.90
1768824725.52,2026-01-19 17:42:05,12,13,21,14.5%,93,NORMAL,250.3,0.0,0.2,0.2,False,9.10,50.90
1768824733.00,2026-01-19 17:42:12,12,13,22,14.7%,93,NORMAL,258.8,0.0,0.2,0.2,False,9.10,50.90
1768824739.82,2026-01-19 17:42:19,13,13,22,14.8%,93,NORMAL,255.5,0.0,0.2,0.2,False,9.82,50.18
1768824746.16,2026-01-19 17:42:26,13,13,22,14.9%,93,NORMAL,252.2,0.0,0.2,0.2,False,9.82,50.18
1768824752.42,2026-01-19 17:42:32,13,13,23,15.0%,93,NORMAL,260.4,0.0,0.2,0.2,False,9.82,50.18
1768824754.41,2026-01-19 17:42:34,14,14,46,15.1%,93,NORMAL,517.5,0.0,0.2,0.2,False,10.53,49.47
1768824761.37,2026-01-19 17:42:41,14,14,24,15.2%,93,NORMAL,268.3,0.0,0.2,0.2,False,10.53,49.47
1768824768.00,2026-01-19 17:42:47,13,14,24,15.3%,93,NORMAL,265.0,0.0,0.2,0.2,False,9.82,50.18
1768824774.75,2026-01-19 17:42:54,13,14,24,15.4%,93,NORMAL,261.8,0.0,0.2,0.2,False,9.82,50.18
1768824781.92,2026-01-19 17:43:01,14,14,24,15.5%,93,NORMAL,258.7,0.0,0.2,0.2,False,10.53,49.47
1768824788.82,2026-01-19 17:43:08,15,15,24,15.7%,93,NORMAL,255.6,0.0,0.2,0.2,False,11.23,48.77
1768824790.89,2026-01-19 17:43:10,16,16,51,15.9%,93,NORMAL,540.0,0.0,0.2,0.2,False,11.92,48.08
1768824797.42,2026-01-19 17:43:17,16,16,24,16.1%,93,NORMAL,252.6,0.0,0.2,0.2,False,11.92,48.08
1768824804.48,2026-01-19 17:43:24,17,17,26,16.3%,93,NORMAL,270.5,0.0,0.2,0.2,False,12.61,47.39
1768824811.07,2026-01-19 17:43:31,19,19,26,16.5%,93,NORMAL,267.4,0.0,0.2,0.2,False,13.96,46.04
1768824818.10,2026-01-19 17:43:38,19,19,27,16.8%,93,NORMAL,274.6,0.0,0.2,0.2,False,13.96,46.04
1768824826.23,2026-01-19 17:43:46,18,19,28,17.0%,93,NORMAL,281.6,0.0,0.2,0.2,False,13.29,46.71
1768824829.06,2026-01-19 17:43:49,18,19,54,17.3%,93,NORMAL,540.0,0.0,0.2,0.2,False,13.29,46.71
1768824835.85,2026-01-19 17:43:55,18,19,28,17.6%,93,NORMAL,278.5,0.0,0.2,0.2,False,13.29,46.71
1768824843.06,2026-01-19 17:44:03,18,19,28,17.8%,93,NORMAL,275.4,0.0,0.2,0.2,False,13.29,46.71
1768824849.25,2026-01-19 17:44:09,17,19,28,18.0%,93,NORMAL,272.4,0.0,0.2,0.2,False,12.61,47.39
1768824855.97,2026-01-19 17:44:15,15,19,28,18.1%,93,NORMAL,269.5,0.0,0.2,0.2,False,11.23,48.77
1768824863.73,2026-01-19 17:44:23,16,19,29,18.2%,93,NORMAL,276.2,0.0,0.2,0.2,False,11.92,48.08
1768824872.21,2026-01-19 17:44:32,17,19,29,18.4%,93,NORMAL,273.3,0.0,0.2,0.2,False,12.61,47.39
1768824879.18,2026-01-19 17:44:39,15,19,30,18.5%,93,NORMAL,279.8,0.0,0.2,0.2,False,11.23,48.77
1768824885.91,2026-01-19 17:44:45,17,19,30,18.7%,93,NORMAL,276.9,0.0,0.2,0.2,False,12.61,47.39
1768824892.50,2026-01-19 17:44:52,16,19,30,18.9%,93,NORMAL,274.1,0.0,0.2,0.2,False,11.92,48.08
1768824900.39,2026-01-19 17:45:00,16,19,30,19.0%,93,NORMAL,271.4,0.0,0.2,0.2,False,11.92,48.08
1768824907.64,2026-01-19 17:45:07,16,19,30,19.1%,93,NORMAL,268.7,0.0,0.2,0.2,False,11.92,48.08
1768824914.13,2026-01-19 17:45:14,14,19,30,19.2%,93,NORMAL,266.0,0.0,0.2,0.2,False,10.53,49.47
1768824920.42,2026-01-19 17:45:20,15,19,30,19.3%,93,NORMAL,263.4,0.0,0.2,0.2,False,11.23,48.77
1768824926.77,2026-01-19 17:45:26,14,19,30,19.4%,93,NORMAL,260.9,0.0,0.2,0.2,False,10.53,49.47
1768824933.81,2026-01-19 17:45:33,17,19,30,19.6%,93,NORMAL,258.4,0.0,0.2,0.2,False,12.61,47.39
1768824940.82,2026-01-19 17:45:40,16,19,30,19.7%,93,NORMAL,255.9,0.0,0.2,0.2,False,11.92,48.08
1768824948.57,2026-01-19 17:45:48,17,19,31,19.8%,93,NORMAL,262.0,0.0,0.2,0.2,False,12.61,47.39
1768824955.24,2026-01-19 17:45:55,15,19,31,19.9%,93,NORMAL,259.5,0.0,0.2,0.2,False,11.23,48.77
1768824962.09,2026-01-19 17:46:02,15,19,31,19.9%,93,NORMAL,257.1,0.0,0.2,0.2,False,11.23,48.77
1768824969.07,2026-01-19 17:46:09,14,19,31,20.0%,93,NORMAL,254.8,0.0,0.2,0.2,False,10.53,49.47
1768824970.85,2026-01-19 17:46:10,15,19,67,20.0%,93,NORMAL,548.2,0.0,0.2,0.2,False,11.23,48.77
1768824977.70,2026-01-19 17:46:17,15,19,31,20.1%,93,NORMAL,252.5,0.0,0.2,0.2,False,11.23,48.77
1768824984.32,2026-01-19 17:46:24,16,19,31,20.1%,93,NORMAL,250.2,0.0,0.2,0.2,False,11.92,48.08
1768824991.04,2026-01-19 17:46:31,16,19,32,20.1%,93,NORMAL,256.0,0.0,0.2,0.2,False,11.92,48.08
1768824997.61,2026-01-19 17:46:37,15,19,32,20.1%,93,NORMAL,253.7,0.0,0.2,0.2,False,11.23,48.77
1768825004.38,2026-01-19 17:46:44,12,19,32,19.9%,93,NORMAL,251.5,0.0,0.2,0.2,False,9.10,50.90
1768825006.19,2026-01-19 17:46:46,13,19,69,19.7%,93,NORMAL,540.0,0.0,0.2,0.2,False,9.82,50.18
1768825012.67,2026-01-19 17:46:52,13,19,32,19.4%,93,NORMAL,249.4,0.0,0.2,0.2,False,9.82,50.18
1768825019.40,2026-01-19 17:46:59,14,19,32,19.3%,93,NORMAL,247.2,0.0,0.2,0.2,False,10.53,49.47
1768825026.54,2026-01-19 17:47:06,15,19,32,19.2%,93,NORMAL,245.1,0.0,0.2,0.2,False,11.23,48.77
1768825033.40,2026-01-19 17:47:13,13,19,32,19.0%,93,NORMAL,243.0,0.0,0.2,0.2,False,9.82,50.18
1768825040.19,2026-01-19 17:47:20,14,19,32,18.8%,93,NORMAL,241.0,0.0,0.2,0.2,False,10.53,49.47
1768825043.14,2026-01-19 17:47:23,14,19,73,18.7%,93,NORMAL,547.5,0.0,0.2,0.2,False,10.53,49.47
1768825050.96,2026-01-19 17:47:30,14,19,32,18.7%,93,NORMAL,239.0,0.0,0.2,0.2,False,10.53,49.47
1768825057.96,2026-01-19 17:47:37,13,19,33,18.5%,93,NORMAL,244.4,0.0,0.2,0.2,False,9.82,50.18
1768825064.65,2026-01-19 17:47:44,12,19,33,18.4%,93,NORMAL,242.4,0.0,0.2,0.2,False,9.10,50.90
1768825071.92,2026-01-19 17:47:51,12,19,33,18.2%,93,NORMAL,240.5,0.0,0.2,0.2,False,9.10,50.90
1768825078.62,2026-01-19 17:47:58,12,19,33,18.0%,93,NORMAL,238.6,0.0,0.2,0.2,False,9.10,50.90
1768825081.22,2026-01-19 17:48:01,11,19,73,17.8%,93,NORMAL,525.6,0.0,0.2,0.2,False,8.38,51.62
1768825088.26,2026-01-19 17:48:08,11,19,33,17.6%,93,NORMAL,236.7,0.0,0.2,0.2,False,8.38,51.62
1768825095.29,2026-01-19 17:48:15,9,19,33,17.4%,93,NORMAL,234.8,0.0,0.2,0.2,False,6.92,53.08
1768825102.11,2026-01-19 17:48:22,10,19,33,17.2%,93,NORMAL,232.9,0.0,0.2,0.2,False,7.66,52.34
1768825109.97,2026-01-19 17:48:29,10,19,33,17.0%,93,NORMAL,231.1,0.0,0.2,0.2,False,7.66,52.34
1768825117.91,2026-01-19 17:48:37,11,19,33,16.9%,93,NORMAL,229.3,0.0,0.2,0.2,False,8.38,51.62
1768825119.71,2026-01-19 17:48:39,11,19,75,16.7%,93,NORMAL,519.2,0.0,0.2,0.2,False,8.38,51.62
1768825126.33,2026-01-19 17:48:46,11,19,33,16.5%,93,NORMAL,227.6,0.0,0.2,0.2,False,8.38,51.62
1768825133.10,2026-01-19 17:48:53,11,19,33,16.2%,93,NORMAL,225.9,0.0,0.2,0.2,False,8.38,51.62
1768825141.28,2026-01-19 17:49:01,11,19,33,16.1%,93,NORMAL,224.2,0.0,0.2,0.2,False,8.38,51.62
1768825149.01,2026-01-19 17:49:09,11,19,33,15.9%,93,NORMAL,222.5,0.0,0.2,0.2,False,8.38,51.62
1768825155.63,2026-01-19 17:49:15,10,19,33,15.7%,93,NORMAL,220.8,0.0,0.2,0.2,False,7.66,52.34
1768825157.29,2026-01-19 17:49:17,10,19,78,15.6%,93,NORMAL,520.0,0.0,0.2,0.2,False,7.66,52.34
1768825164.27,2026-01-19 17:49:24,10,19,33,15.4%,93,NORMAL,219.2,0.0,0.2,0.2,False,7.66,52.34
1768825171.10,2026-01-19 17:49:31,10,19,33,15.1%,93,NORMAL,217.6,0.0,0.2,0.2,False,7.66,52.34
1768825177.74,2026-01-19 17:49:37,10,19,33,14.9%,93,NORMAL,216.0,0.0,0.2,0.2,False,7.66,52.34
1768825184.47,2026-01-19 17:49:44,9,19,33,14.6%,93,NORMAL,214.4,0.0,0.2,0.2,False,6.92,53.08
1768825191.50,2026-01-19 17:49:51,10,19,33,14.6%,93,NORMAL,212.9,0.0,0.2,0.2,False,7.66,52.34
1768825193.28,2026-01-19 17:49:53,11,19,80,14.5%,93,NORMAL,514.3,0.0,0.2,0.2,False,8.38,51.62
1768825199.69,2026-01-19 17:49:59,11,19,33,14.4%,93,NORMAL,211.4,0.0,0.2,0.2,False,8.38,51.62
1768825206.66,2026-01-19 17:50:06,11,19,34,14.3%,93,NORMAL,216.3,0.0,0.2,0.2,False,8.38,51.62
1768825213.19,2026-01-19 17:50:13,10,19,35,14.1%,93,NORMAL,221.1,0.0,0.2,0.2,False,7.66,52.34
1768825219.91,2026-01-19 17:50:19,11,19,35,14.0%,93,NORMAL,219.5,0.0,0.2,0.2,False,8.38,51.62
1768825226.27,2026-01-19 17:50:26,11,19,35,13.9%,93,NORMAL,218.0,0.0,0.2,0.2,False,8.38,51.62
1768825227.96,2026-01-19 17:50:27,9,19,81,13.7%,93,NORMAL,502.8,0.0,0.2,0.2,False,6.92,53.08
1768825234.51,2026-01-19 17:50:34,9,19,35,13.5%,93,NORMAL,216.5,0.0,0.2,0.2,False,6.92,53.08
1768825241.00,2026-01-19 17:50:40,9,19,35,13.3%,93,NORMAL,215.0,0.0,0.2,0.2,False,6.92,53.08
1768825247.69,2026-01-19 17:50:47,10,19,35,13.2%,93,NORMAL,213.6,0.0,0.2,0.2,False,7.66,52.34
1768825254.17,2026-01-19 17:50:54,9,19,35,13.1%,93,NORMAL,212.1,0.0,0.2,0.2,False,6.92,53.08
1768825260.86,2026-01-19 17:51:00,9,19,35,13.0%,93,NORMAL,210.7,0.0,0.2,0.2,False,6.92,53.08
1768825268.39,2026-01-19 17:51:08,7,19,35,12.8%,93,NORMAL,209.3,0.0,0.2,0.2,False,5.43,54.57
1768825275.69,2026-01-19 17:51:15,7,19,35,12.7%,93,NORMAL,207.9,0.0,0.2,0.2,False,5.43,54.57
1768825282.37,2026-01-19 17:51:22,7,19,35,12.6%,93,NORMAL,206.6,0.0,0.2,0.2,False,5.43,54.57
1768825289.00,2026-01-19 17:51:29,7,19,35,12.5%,93,NORMAL,205.2,0.0,0.2,0.2,False,5.43,54.57
1768825296.18,2026-01-19 17:51:36,7,19,35,12.3%,93,NORMAL,203.9,0.0,0.2,0.2,False,5.43,54.57
1768825297.40,2026-01-19 17:51:37,7,19,83,12.2%,93,NORMAL,481.9,0.0,0.2,0.2,False,5.43,54.57
1768825304.02,2026-01-19 17:51:44,7,19,35,12.0%,93,NORMAL,202.6,0.0,0.2,0.2,False,5.43,54.57
1768825310.77,2026-01-19 17:51:50,7,19,35,11.8%,93,NORMAL,201.3,0.0,0.2,0.2,False,5.43,54.57
1768825317.04,2026-01-19 17:51:57,8,19,35,11.7%,93,NORMAL,200.0,0.0,0.2,0.2,False,6.18,53.82
1768825324.00,2026-01-19 17:52:04,7,19,35,11.6%,93,NORMAL,198.7,0.0,0.2,0.2,False,5.43,54.57
1768825330.72,2026-01-19 17:52:10,7,19,35,11.4%,93,NORMAL,197.5,0.0,0.2,0.2,False,5.43,54.57
1768825332.37,2026-01-19 17:52:12,7,19,84,11.3%,93,NORMAL,472.5,0.0,0.2,0.2,False,5.43,54.57
1768825339.33,2026-01-19 17:52:19,7,19,35,11.2%,93,NORMAL,196.3,0.0,0.2,0.2,False,5.43,54.57
1768825346.97,2026-01-19 17:52:26,7,19,35,11.0%,93,NORMAL,195.0,0.0,0.2,0.2,False,5.43,54.57
1768825353.89,2026-01-19 17:52:33,6,19,35,10.9%,93,NORMAL,193.8,0.0,0.2,0.2,False,4.68,55.32
1768825360.56,2026-01-19 17:52:40,6,19,35,10.7%,93,NORMAL,192.7,0.0,0.2,0.2,False,4.68,55.32
1768825367.75,2026-01-19 17:52:47,6,19,35,10.6%,93,NORMAL,191.5,0.0,0.2,0.2,False,4.68,55.32
1768825369.02,2026-01-19 17:52:49,7,19,85,10.4%,93,NORMAL,463.6,0.0,0.2,0.2,False,5.43,54.57
1768825375.72,2026-01-19 17:52:55,7,19,35,10.3%,93,NORMAL,190.3,0.0,0.1,0.1,False,5.43,54.57
1768825382.73,2026-01-19 17:53:02,8,19,35,10.2%,93,NORMAL,189.2,0.0,0.1,0.1,False,6.18,53.82
1768825389.29,2026-01-19 17:53:09,8,19,36,10.0%,93,NORMAL,193.4,0.0,0.1,0.1,False,6.18,53.82
1768825395.95,2026-01-19 17:53:15,9,19,36,10.0%,93,NORMAL,192.3,0.0,0.1,0.1,False,6.92,53.08
1768825402.64,2026-01-19 17:53:22,9,19,36,9.9%,93,NORMAL,191.2,0.0,0.1,0.1,False,6.92,53.08
1768825409.53,2026-01-19 17:53:29,7,19,36,9.8%,93,NORMAL,190.0,0.0,0.1,0.1,False,5.43,54.57
1768825415.96,2026-01-19 17:53:35,6,19,37,9.6%,93,NORMAL,194.2,0.0,0.1,0.1,False,4.68,55.32
1768825423.40,2026-01-19 17:53:43,5,19,37,9.5%,93,NORMAL,193.0,0.0,0.1,0.1,False,3.91,56.09
1768825430.22,2026-01-19 17:53:50,6,19,37,9.3%,93,NORMAL,191.9,0.0,0.1,0.1,False,4.68,55.32
1768825436.70,2026-01-19 17:53:56,6,19,37,9.2%,93,NORMAL,190.8,0.0,0.1,0.1,False,4.68,55.32
1768825443.92,2026-01-19 17:54:03,6,19,37,9.0%,93,NORMAL,189.7,0.0,0.1,0.1,False,4.68,55.32
1768825450.99,2026-01-19 17:54:10,6,19,37,8.9%,93,NORMAL,188.7,0.0,0.1,0.1,False,4.68,55.32
1768825457.50,2026-01-19 17:54:17,7,19,37,8.9%,93,NORMAL,187.6,0.0,0.1,0.1,False,5.43,54.57
1768825463.78,2026-01-19 17:54:23,7,19,37,8.9%,93,NORMAL,186.6,0.0,0.1,0.1,False,5.43,54.57
1768825470.38,2026-01-19 17:54:30,7,19,37,8.9%,93,NORMAL,185.5,0.0,0.1,0.1,False,5.43,54.57
1768825477.42,2026-01-19 17:54:37,6,19,37,8.9%,93,NORMAL,184.5,0.0,0.1,0.1,False,4.68,55.32
1768825484.04,2026-01-19 17:54:44,7,19,37,8.9%,93,NORMAL,183.5,0.0,0.1,0.1,False,5.43,54.57
1768825490.65,2026-01-19 17:54:50,7,19,37,8.9%,93,NORMAL,182.5,0.0,0.1,0.1,False,5.43,54.57
1768825497.33,2026-01-19 17:54:57,7,19,37,8.9%,93,NORMAL,181.5,0.0,0.1,0.1,False,5.43,54.57
1768825504.45,2026-01-19 17:55:04,8,19,37,8.9%,93,NORMAL,180.5,0.0,0.1,0.1,False,6.18,53.82
1768825511.20,2026-01-19 17:55:11,7,19,38,8.9%,93,NORMAL,184.4,0.0,0.1,0.1,False,5.43,54.57
1768825517.91,2026-01-19 17:55:17,8,19,38,8.9%,93,NORMAL,183.4,0.0,0.1,0.1,False,6.18,53.82
1768825524.54,2026-01-19 17:55:24,7,19,38,8.9%,93,NORMAL,182.4,0.0,0.1,0.1,False,5.43,54.57
1768825531.50,2026-01-19 17:55:31,10,19,40,9.0%,93,NORMAL,191.0,0.0,0.1,0.1,False,7.66,52.34
1768825538.40,2026-01-19 17:55:38,9,19,40,9.1%,93,NORMAL,190.0,0.0,0.1,0.1,False,6.92,53.08
1768825546.94,2026-01-19 17:55:46,9,19,43,9.2%,93,NORMAL,203.1,0.0,0.1,0.1,False,6.92,53.08
1768825553.57,2026-01-19 17:55:53,9,19,43,9.3%,93,NORMAL,202.1,0.0,0.1,0.1,False,6.92,53.08
1768825560.48,2026-01-19 17:56:00,8,19,43,9.4%,93,NORMAL,201.0,0.0,0.1,0.1,False,6.18,53.82
1768825567.17,2026-01-19 17:56:07,9,19,43,9.5%,93,NORMAL,200.0,0.0,0.1,0.1,False,6.92,53.08
1768825574.01,2026-01-19 17:56:14,9,19,43,9.6%,93,NORMAL,199.0,0.0,0.1,0.1,False,6.92,53.08
1768825575.61,2026-01-19 17:56:15,8,19,97,9.7%,93,NORMAL,447.7,0.0,0.1,0.1,False,6.18,53.82
1768825583.45,2026-01-19 17:56:23,8,19,43,9.7%,93,NORMAL,198.0,0.0,0.1,0.1,False,6.18,53.82
1768825591.35,2026-01-19 17:56:31,8,19,43,9.7%,93,NORMAL,196.9,0.0,0.1,0.1,False,6.18,53.82
1768825598.47,2026-01-19 17:56:38,7,19,43,9.6%,93,NORMAL,195.9,0.0,0.1,0.1,False,5.43,54.57
1768825607.03,2026-01-19 17:56:47,8,19,43,9.5%,93,NORMAL,195.0,0.0,0.1,0.1,False,6.18,53.82
1768825614.49,2026-01-19 17:56:54,9,19,43,9.6%,93,NORMAL,194.0,0.0,0.1,0.1,False,6.92,53.08
1768825615.67,2026-01-19 17:56:55,10,19,100,9.8%,93,NORMAL,450.0,0.0,0.1,0.1,False,7.66,52.34
1768825621.90,2026-01-19 17:57:01,10,19,43,10.0%,93,NORMAL,193.0,0.0,0.1,0.1,False,7.66,52.34
1768825628.13,2026-01-19 17:57:08,10,19,43,10.2%,93,NORMAL,192.1,0.0,0.1,0.1,False,7.66,52.34
1768825634.46,2026-01-19 17:57:14,12,19,43,10.4%,93,NORMAL,191.1,0.0,0.1,0.1,False,9.10,50.90
1768825641.00,2026-01-19 17:57:21,13,19,43,10.7%,93,NORMAL,190.2,0.0,0.1,0.1,False,9.82,50.18
1768825647.54,2026-01-19 17:57:27,12,19,45,10.9%,93,NORMAL,198.0,0.0,0.1,0.1,False,9.10,50.90
1768825654.89,2026-01-19 17:57:34,11,19,46,11.1%,93,NORMAL,201.5,0.0,0.1,0.1,False,8.38,51.62
1768825661.46,2026-01-19 17:57:41,10,19,46,11.2%,93,NORMAL,200.5,0.0,0.1,0.1,False,7.66,52.34
1768825668.16,2026-01-19 17:57:48,11,19,46,11.4%,93,NORMAL,199.5,0.0,0.1,0.1,False,8.38,51.62
1768825674.83,2026-01-19 17:57:54,11,19,46,11.6%,93,NORMAL,198.6,0.0,0.1,0.1,False,8.38,51.62
1768825681.95,2026-01-19 17:58:01,11,19,47,11.8%,93,NORMAL,201.9,0.0,0.1,0.1,False,8.38,51.62
1768825689.07,2026-01-19 17:58:09,11,19,47,11.9%,93,NORMAL,201.0,0.0,0.1,0.1,False,8.38,51.62
1768825695.43,2026-01-19 17:58:15,11,19,47,12.1%,93,NORMAL,200.0,0.0,0.1,0.1,False,8.38,51.62
1768825702.26,2026-01-19 17:58:22,11,19,47,12.2%,93,NORMAL,199.1,0.0,0.1,0.1,False,8.38,51.62
1768825708.45,2026-01-19 17:58:28,12,19,47,12.4%,93,NORMAL,198.1,0.0,0.1,0.1,False,9.10,50.90
1768825714.90,2026-01-19 17:58:34,11,19,47,12.5%,93,NORMAL,197.2,0.0,0.1,0.1,False,8.38,51.62
1768825722.29,2026-01-19 17:58:42,10,19,47,12.7%,93,NORMAL,196.3,0.0,0.1,0.1,False,7.66,52.34
1768825728.82,2026-01-19 17:58:48,10,19,47,12.7%,93,NORMAL,195.4,0.0,0.1,0.1,False,7.66,52.34
1768825734.83,2026-01-19 17:58:54,11,19,47,12.7%,93,NORMAL,194.5,0.0,0.1,0.1,False,8.38,51.62
1768825740.91,2026-01-19 17:59:00,10,19,47,12.8%,93,NORMAL,193.6,0.0,0.1,0.1,False,7.66,52.34
1768825746.89,2026-01-19 17:59:06,11,19,47,12.9%,93,NORMAL,192.7,0.0,0.1,0.1,False,8.38,51.62
1768825748.16,2026-01-19 17:59:08,13,19,109,13.1%,93,NORMAL,445.9,0.0,0.1,0.1,False,9.82,50.18
1768825754.34,2026-01-19 17:59:14,13,19,47,13.2%,93,NORMAL,191.8,0.0,0.1,0.1,False,9.82,50.18
1768825760.76,2026-01-19 17:59:20,13,19,47,13.4%,93,NORMAL,191.0,0.0,0.1,0.1,False,9.82,50.18
1768825766.52,2026-01-19 17:59:26,12,19,48,13.6%,93,NORMAL,194.2,0.0,0.1,0.1,False,9.10,50.90
1768825772.60,2026-01-19 17:59:32,13,19,48,13.8%,93,NORMAL,193.3,0.0,0.1,0.1,False,9.82,50.18
1768825778.65,2026-01-19 17:59:38,13,19,48,14.0%,93,NORMAL,192.4,0.0,0.1,0.1,False,9.82,50.18
1768825779.99,2026-01-19 17:59:39,13,19,110,14.2%,93,NORMAL,440.0,0.0,0.1,0.1,False,9.82,50.18
1768825786.21,2026-01-19 17:59:46,13,19,49,14.4%,93,NORMAL,195.6,0.0,0.1,0.1,False,9.82,50.18
1768825792.05,2026-01-19 17:59:52,12,19,49,14.5%,93,NORMAL,194.7,0.0,0.1,0.1,False,9.10,50.90
1768825798.16,2026-01-19 17:59:58,11,19,49,14.6%,93,NORMAL,193.8,0.0,0.1,0.1,False,8.38,51.62
1768825804.54,2026-01-19 18:00:04,13,19,49,14.7%,93,NORMAL,193.0,0.0,0.1,0.1,False,9.82,50.18
1768825810.72,2026-01-19 18:00:10,14,19,49,14.8%,93,NORMAL,192.2,0.0,0.1,0.1,False,10.53,49.47
1768825811.90,2026-01-19 18:00:11,13,19,113,14.9%,93,NORMAL,442.2,0.0,0.1,0.1,False,9.82,50.18
1768825817.31,2026-01-19 18:00:17,13,19,49,14.9%,93,NORMAL,191.3,0.0,0.1,0.1,False,9.82,50.18
1768825823.02,2026-01-19 18:00:23,13,19,50,14.9%,93,NORMAL,194.4,0.0,0.1,0.1,False,9.82,50.18
1768825828.72,2026-01-19 18:00:28,15,19,50,15.1%,93,NORMAL,193.5,0.0,0.1,0.1,False,11.23,48.77
1768825834.44,2026-01-19 18:00:34,15,19,50,15.3%,93,NORMAL,192.7,0.0,0.2,0.2,False,11.23,48.77
1768825840.13,2026-01-19 18:00:40,16,19,50,15.5%,93,NORMAL,191.9,0.0,0.2,0.2,False,11.92,48.08
1768825841.63,2026-01-19 18:00:41,16,19,117,15.7%,93,NORMAL,448.1,0.0,0.2,0.2,False,11.92,48.08
1768825847.79,2026-01-19 18:00:47,16,19,51,15.9%,93,NORMAL,194.9,0.0,0.2,0.2,False,11.92,48.08
1768825853.52,2026-01-19 18:00:53,16,19,53,16.1%,93,NORMAL,201.7,0.0,0.2,0.2,False,11.92,48.08
1768825859.58,2026-01-19 18:00:59,16,19,53,16.3%,93,NORMAL,200.8,0.0,0.2,0.2,False,11.92,48.08
1768825865.72,2026-01-19 18:01:05,18,19,53,16.5%,93,NORMAL,200.0,0.0,0.2,0.2,False,13.29,46.71
1768825871.92,2026-01-19 18:01:11,16,19,53,16.7%,93,NORMAL,199.2,0.0,0.2,0.2,False,11.92,48.08
1768825874.06,2026-01-19 18:01:14,16,19,119,16.9%,93,NORMAL,446.2,0.0,0.2,0.2,False,11.92,48.08
1768825879.70,2026-01-19 18:01:19,16,19,54,17.1%,93,NORMAL,202.1,0.0,0.2,0.2,False,11.92,48.08
1768825885.67,2026-01-19 18:01:25,15,19,54,17.3%,93,NORMAL,201.2,0.0,0.2,0.2,False,11.23,48.77
1768825891.32,2026-01-19 18:01:31,15,19,54,17.5%,93,NORMAL,200.4,0.0,0.2,0.2,False,11.23,48.77
1768825896.87,2026-01-19 18:01:36,14,19,54,17.6%,93,NORMAL,199.6,0.0,0.2,0.2,False,10.53,49.47
1768825903.22,2026-01-19 18:01:43,15,19,54,17.8%,93,NORMAL,198.8,0.0,0.2,0.2,False,11.23,48.77
1768825905.26,2026-01-19 18:01:45,14,19,121,17.8%,93,NORMAL,444.5,0.0,0.2,0.2,False,10.53,49.47
1768825911.00,2026-01-19 18:01:51,14,19,54,17.9%,93,NORMAL,198.0,0.0,0.2,0.2,False,10.53,49.47
1768825917.04,2026-01-19 18:01:57,16,19,55,18.0%,93,NORMAL,200.8,0.0,0.2,0.2,False,11.92,48.08
1768825922.71,2026-01-19 18:02:02,14,19,55,18.1%,93,NORMAL,200.0,0.0,0.2,0.2,False,10.53,49.47
1768825928.62,2026-01-19 18:02:08,15,19,55,18.2%,93,NORMAL,199.2,0.0,0.2,0.2,False,11.23,48.77
1768825934.47,2026-01-19 18:02:14,14,19,55,18.2%,93,NORMAL,198.4,0.0,0.2,0.2,False,10.53,49.47
1768825936.25,2026-01-19 18:02:16,14,19,125,18.2%,93,NORMAL,450.0,0.0,0.2,0.2,False,10.53,49.47
1768825942.03,2026-01-19 18:02:22,14,19,55,18.3%,93,NORMAL,197.6,0.0,0.2,0.2,False,10.53,49.47
1768825947.51,2026-01-19 18:02:27,14,19,55,18.4%,93,NORMAL,196.8,0.0,0.2,0.2,False,10.53,49.47
1768825953.34,2026-01-19 18:02:33,15,19,55,18.5%,93,NORMAL,196.0,0.0,0.2,0.2,False,11.23,48.77
1768825959.13,2026-01-19 18:02:39,14,19,55,18.5%,93,NORMAL,195.3,0.0,0.2,0.2,False,10.53,49.47
1768825964.96,2026-01-19 18:02:44,13,19,55,18.5%,93,NORMAL,194.5,0.0,0.2,0.2,False,9.82,50.18
1768825967.25,2026-01-19 18:02:47,13,19,128,18.5%,93,NORMAL,451.8,0.0,0.2,0.2,False,9.82,50.18
1768825973.02,2026-01-19 18:02:53,13,19,56,18.5%,93,NORMAL,197.3,0.0,0.2,0.2,False,9.82,50.18
1768825978.72,2026-01-19 18:02:58,14,19,56,18.5%,93,NORMAL,196.5,0.0,0.2,0.2,False,10.53,49.47
1768825984.26,2026-01-19 18:03:04,12,19,56,18.4%,93,NORMAL,195.7,0.0,0.2,0.2,False,9.10,50.90
1768825990.04,2026-01-19 18:03:10,11,19,56,18.3%,93,NORMAL,195.0,0.0,0.2,0.2,False,8.38,51.62
1768825995.57,2026-01-19 18:03:15,11,19,56,18.1%,93,NORMAL,194.2,0.0,0.2,0.2,False,8.38,51.62
1768825997.23,2026-01-19 18:03:17,11,19,128,17.9%,93,NORMAL,443.1,0.0,0.2,0.2,False,8.38,51.62
1768826002.92,2026-01-19 18:03:22,11,19,56,17.7%,93,NORMAL,193.5,0.0,0.2,0.2,False,8.38,51.62
1768826008.64,2026-01-19 18:03:28,11,19,56,17.5%,93,NORMAL,192.7,0.0,0.2,0.2,False,8.38,51.62
1768826014.66,2026-01-19 18:03:34,12,19,56,17.3%,93,NORMAL,192.0,0.0,0.2,0.2,False,9.10,50.90
1768826020.83,2026-01-19 18:03:40,11,19,56,17.1%,93,NORMAL,191.3,0.0,0.2,0.2,False,8.38,51.62
1768826026.88,2026-01-19 18:03:46,12,19,56,16.9%,93,NORMAL,190.5,0.0,0.2,0.2,False,9.10,50.90
1768826029.26,2026-01-19 18:03:49,12,19,130,16.7%,93,NORMAL,441.5,0.0,0.2,0.2,False,9.10,50.90
1768826034.99,2026-01-19 18:03:54,12,19,56,16.6%,93,NORMAL,189.8,0.0,0.2,0.2,False,9.10,50.90
1768826040.65,2026-01-19 18:04:00,11,19,56,16.4%,93,NORMAL,189.1,0.0,0.2,0.2,False,8.38,51.62
1768826046.22,2026-01-19 18:04:06,11,19,56,16.3%,93,NORMAL,188.4,0.0,0.2,0.2,False,8.38,51.62
1768826051.75,2026-01-19 18:04:11,9,19,56,16.1%,93,NORMAL,187.7,0.0,0.2,0.2,False,6.92,53.08
1768826057.50,2026-01-19 18:04:17,9,19,56,15.8%,93,NORMAL,187.0,0.0,0.2,0.2,False,6.92,53.08
1768826058.99,2026-01-19 18:04:18,9,19,130,15.6%,93,NORMAL,433.3,0.0,0.2,0.2,False,6.92,53.08
1768826064.51,2026-01-19 18:04:24,9,19,56,15.4%,93,NORMAL,186.3,0.0,0.2,0.2,False,6.92,53.08
1768826070.26,2026-01-19 18:04:30,9,19,56,15.2%,93,NORMAL,185.6,0.0,0.2,0.2,False,6.92,53.08
1768826075.93,2026-01-19 18:04:35,7,19,56,14.9%,93,NORMAL,185.0,0.0,0.2,0.2,False,5.43,54.57
1768826081.49,2026-01-19 18:04:41,7,19,56,14.5%,93,NORMAL,184.3,0.0,0.2,0.2,False,5.43,54.57
1768826087.07,2026-01-19 18:04:47,7,19,56,14.3%,93,NORMAL,183.6,0.0,0.2,0.2,False,5.43,54.57
1768826093.26,2026-01-19 18:04:53,6,19,56,13.9%,93,NORMAL,182.9,0.0,0.2,0.2,False,4.68,55.32
1768826098.81,2026-01-19 18:04:58,6,19,56,13.6%,93,NORMAL,182.3,0.0,0.2,0.2,False,4.68,55.32
1768826104.46,2026-01-19 18:05:04,6,19,56,13.3%,93,NORMAL,181.6,0.0,0.2,0.2,False,4.68,55.32
1768826110.28,2026-01-19 18:05:10,5,19,56,12.9%,93,NORMAL,181.0,0.0,0.2,0.2,False,3.91,56.09
1768826116.07,2026-01-19 18:05:16,6,19,56,12.6%,93,NORMAL,180.3,0.0,0.2,0.2,False,4.68,55.32
1768826117.21,2026-01-19 18:05:17,6,19,131,12.3%,93,NORMAL,421.1,0.0,0.2,0.2,False,4.68,55.32
1768826122.92,2026-01-19 18:05:22,6,19,56,12.0%,93,NORMAL,179.7,0.0,0.2,0.2,False,4.68,55.32
1768826128.51,2026-01-19 18:05:28,5,19,56,11.7%,93,NORMAL,179.0,0.0,0.2,0.2,False,3.91,56.09
1768826134.09,2026-01-19 18:05:34,6,19,57,11.3%,93,NORMAL,181.6,0.0,0.2,0.2,False,4.68,55.32
1768826139.79,2026-01-19 18:05:39,6,19,57,11.1%,93,NORMAL,181.0,0.0,0.2,0.2,False,4.68,55.32
1768826145.53,2026-01-19 18:05:45,5,19,57,10.8%,93,NORMAL,180.3,0.0,0.2,0.2,False,3.91,56.09
1768826146.92,2026-01-19 18:05:46,6,19,132,10.6%,93,NORMAL,416.8,0.0,0.2,0.2,False,4.68,55.32
1768826152.64,2026-01-19 18:05:52,6,19,57,10.4%,93,NORMAL,179.7,0.0,0.2,0.2,False,4.68,55.32
1768826158.31,2026-01-19 18:05:58,6,19,57,10.2%,93,NORMAL,179.1,0.0,0.2,0.2,False,4.68,55.32
1768826163.97,2026-01-19 18:06:03,5,19,57,10.0%,93,NORMAL,178.4,0.0,0.2,0.2,False,3.91,56.09
1768826169.49,2026-01-19 18:06:09,5,19,57,9.7%,93,NORMAL,177.8,0.0,0.2,0.2,False,3.91,56.09
1768826175.30,2026-01-19 18:06:15,6,19,57,9.5%,93,NORMAL,177.2,0.0,0.2,0.2,False,4.68,55.32
1768826176.38,2026-01-19 18:06:16,7,19,134,9.3%,93,NORMAL,415.9,0.0,0.2,0.2,False,5.43,54.57
1768826181.88,2026-01-19 18:06:21,7,19,57,9.1%,93,NORMAL,176.6,0.0,0.2,0.2,False,5.43,54.57
1768826187.56,2026-01-19 18:06:27,6,19,57,8.8%,93,NORMAL,176.0,0.0,0.2,0.2,False,4.68,55.32
1768826193.31,2026-01-19 18:06:33,6,19,57,8.6%,93,NORMAL,175.4,0.0,0.2,0.2,False,4.68,55.32
1768826198.88,2026-01-19 18:06:38,6,19,57,8.4%,93,NORMAL,174.8,0.0,0.2,0.2,False,4.68,55.32
1768826204.54,2026-01-19 18:06:44,6,19,57,8.3%,93,NORMAL,174.2,0.0,0.2,0.2,False,4.68,55.32
1768826210.52,2026-01-19 18:06:50,5,19,57,8.1%,93,NORMAL,173.6,0.0,0.2,0.2,False,3.91,56.09
1768826216.16,2026-01-19 18:06:56,5,19,57,8.0%,93,NORMAL,173.0,0.0,0.2,0.2,False,3.91,56.09
1768826221.86,2026-01-19 18:07:01,5,19,57,7.8%,93,NORMAL,172.4,0.0,0.2,0.2,False,3.91,56.09
1768826227.56,2026-01-19 18:07:07,5,19,57,7.6%,93,NORMAL,171.9,0.0,0.2,0.2,False,3.91,56.09
1768826233.27,2026-01-19 18:07:13,4,19,57,7.5%,93,NORMAL,171.3,0.0,0.2,0.2,False,3.14,56.86
1768826238.79,2026-01-19 18:07:18,4,19,57,7.4%,93,NORMAL,170.7,0.0,0.2,0.2,False,3.14,56.86
1768826244.30,2026-01-19 18:07:24,3,19,57,7.2%,93,NORMAL,170.1,0.0,0.2,0.2,False,2.37,57.63
1768826250.07,2026-01-19 18:07:30,3,19,57,7.1%,93,NORMAL,169.6,0.0,0.2,0.2,False,2.37,57.63
1768826256.00,2026-01-19 18:07:36,3,19,57,6.9%,93,NORMAL,169.0,0.0,0.2,0.2,False,2.37,57.63
1768826261.62,2026-01-19 18:07:41,3,19,57,6.8%,93,NORMAL,168.5,0.0,0.2,0.2,False,2.37,57.63
1768826267.17,2026-01-19 18:07:47,5,19,57,6.8%,93,NORMAL,167.9,0.0,0.2,0.2,False,3.91,56.09
1768826272.62,2026-01-19 18:07:52,6,19,57,6.8%,93,NORMAL,167.4,0.0,0.2,0.2,False,4.68,55.32
1768826278.55,2026-01-19 18:07:58,6,19,59,6.8%,93,NORMAL,172.7,0.0,0.2,0.2,False,4.68,55.32
1768826284.14,2026-01-19 18:08:04,6,19,59,6.8%,93,NORMAL,172.1,0.0,0.2,0.2,False,4.68,55.32
1768826289.58,2026-01-19 18:08:09,8,19,59,6.9%,93,NORMAL,171.6,0.0,0.2,0.2,False,6.18,53.82
1768826295.43,2026-01-19 18:08:15,8,19,59,7.0%,93,NORMAL,171.0,0.0,0.2,0.2,False,6.18,53.82
1768826301.19,2026-01-19 18:08:21,10,19,61,7.2%,93,NORMAL,176.2,0.0,0.2,0.2,False,7.66,52.34
1768826307.00,2026-01-19 18:08:27,9,19,61,7.4%,93,NORMAL,175.7,0.0,0.2,0.2,False,6.92,53.08
1768826312.56,2026-01-19 18:08:32,9,19,62,7.5%,93,NORMAL,178.0,0.0,0.2,0.2,False,6.92,53.08
1768826318.01,2026-01-19 18:08:38,8,19,62,7.6%,93,NORMAL,177.4,0.0,0.2,0.2,False,6.18,53.82
1768826324.31,2026-01-19 18:08:44,9,19,62,7.7%,93,NORMAL,176.9,0.0,0.2,0.2,False,6.92,53.08
1768826329.82,2026-01-19 18:08:49,9,19,62,7.9%,93,NORMAL,176.3,0.0,0.2,0.2,False,6.92,53.08
1768826335.66,2026-01-19 18:08:55,8,19,62,8.0%,93,NORMAL,175.7,0.0,0.2,0.2,False,6.18,53.82
1768826341.17,2026-01-19 18:09:01,9,19,62,8.1%,93,NORMAL,175.2,0.0,0.2,0.2,False,6.92,53.08
1768826346.86,2026-01-19 18:09:06,9,19,62,8.2%,93,NORMAL,174.6,0.0,0.2,0.2,False,6.92,53.08
1768826347.95,2026-01-19 18:09:07,8,19,146,8.2%,93,NORMAL,410.6,0.0,0.2,0.2,False,6.18,53.82
1768826353.78,2026-01-19 18:09:13,8,19,62,8.3%,93,NORMAL,174.1,0.0,0.2,0.2,False,6.18,53.82
1768826359.36,2026-01-19 18:09:19,8,19,62,8.4%,93,NORMAL,173.6,0.0,0.2,0.2,False,6.18,53.82
1768826365.15,2026-01-19 18:09:25,8,19,62,8.5%,93,NORMAL,173.0,0.0,0.2,0.2,False,6.18,53.82
1768826371.03,2026-01-19 18:09:31,8,19,62,8.6%,93,NORMAL,172.5,0.0,0.2,0.2,False,6.18,53.82
1768826376.61,2026-01-19 18:09:36,9,19,62,8.7%,93,NORMAL,172.0,0.0,0.2,0.2,False,6.92,53.08
1768826377.63,2026-01-19 18:09:37,9,19,147,8.9%,93,NORMAL,407.1,0.0,0.2,0.2,False,6.92,53.08
1768826383.20,2026-01-19 18:09:43,9,19,62,9.1%,93,NORMAL,171.4,0.0,0.2,0.2,False,6.92,53.08
1768826388.88,2026-01-19 18:09:48,9,19,62,9.2%,93,NORMAL,170.9,0.0,0.2,0.2,False,6.92,53.08
1768826394.36,2026-01-19 18:09:54,8,19,62,9.4%,93,NORMAL,170.4,0.0,0.2,0.2,False,6.18,53.82
1768826400.07,2026-01-19 18:10:00,7,19,62,9.5%,93,NORMAL,169.9,0.0,0.2,0.2,False,5.43,54.57
1768826405.66,2026-01-19 18:10:05,7,19,62,9.7%,93,NORMAL,169.3,0.0,0.2,0.2,False,5.43,54.57
1768826411.96,2026-01-19 18:10:11,7,19,62,9.9%,93,NORMAL,168.8,0.0,0.2,0.2,False,5.43,54.57
1768826417.48,2026-01-19 18:10:17,7,19,62,10.0%,93,NORMAL,168.3,0.0,0.2,0.2,False,5.43,54.57
1768826423.21,2026-01-19 18:10:23,8,19,62,10.3%,93,NORMAL,167.8,0.0,0.2,0.2,False,6.18,53.82
1768826428.76,2026-01-19 18:10:28,8,19,62,10.4%,93,NORMAL,167.3,0.0,0.2,0.2,False,6.18,53.82
1768826434.46,2026-01-19 18:10:34,8,19,62,10.5%,93,NORMAL,166.8,0.0,0.2,0.2,False,6.18,53.82
1768826440.86,2026-01-19 18:10:40,8,19,62,10.5%,93,NORMAL,166.3,0.0,0.2,0.2,False,6.18,53.82
1768826446.49,2026-01-19 18:10:46,8,19,62,10.6%,93,NORMAL,165.8,0.0,0.2,0.2,False,6.18,53.82
1768826452.29,2026-01-19 18:10:52,8,19,62,10.6%,93,NORMAL,165.3,0.0,0.2,0.2,False,6.18,53.82
1768826457.91,2026-01-19 18:10:57,7,19,62,10.6%,93,NORMAL,164.8,0.0,0.2,0.2,False,5.43,54.57
1768826463.54,2026-01-19 18:11:03,8,19,62,10.5%,93,NORMAL,164.4,0.0,0.2,0.2,False,6.18,53.82
1768826469.88,2026-01-19 18:11:09,7,19,62,10.4%,93,NORMAL,163.9,0.0,0.2,0.2,False,5.43,54.57
1768826475.39,2026-01-19 18:11:15,7,19,62,10.3%,93,NORMAL,163.4,0.0,0.2,0.2,False,5.43,54.57
1768826481.16,2026-01-19 18:11:21,7,19,62,10.3%,93,NORMAL,162.9,0.0,0.2,0.2,False,5.43,54.57
1768826486.79,2026-01-19 18:11:26,6,19,62,10.2%,93,NORMAL,162.4,0.0,0.2,0.2,False,4.68,55.32
1768826492.29,2026-01-19 18:11:32,6,19,62,10.0%,93,NORMAL,162.0,0.0,0.2,0.2,False,4.68,55.32
1768826498.26,2026-01-19 18:11:38,6,19,62,10.0%,93,NORMAL,161.5,0.0,0.2,0.2,False,4.68,55.32
1768826503.80,2026-01-19 18:11:43,6,19,62,9.8%,93,NORMAL,161.0,0.0,0.2,0.2,False,4.68,55.32
1768826509.36,2026-01-19 18:11:49,7,19,62,9.8%,93,NORMAL,160.6,0.0,0.2,0.2,False,5.43,54.57
1768826514.98,2026-01-19 18:11:54,7,19,62,9.7%,93,NORMAL,160.1,0.0,0.2,0.2,False,5.43,54.57
1768826520.61,2026-01-19 18:12:00,7,19,63,9.7%,93,NORMAL,162.2,0.0,0.2,0.2,False,5.43,54.57
1768826521.66,2026-01-19 18:12:01,7,19,150,9.6%,93,NORMAL,385.7,0.0,0.2,0.2,False,5.43,54.57
1768826527.65,2026-01-19 18:12:07,7,19,63,9.6%,93,NORMAL,161.8,0.0,0.2,0.2,False,5.43,54.57
1768826533.52,2026-01-19 18:12:13,8,19,63,9.6%,93,NORMAL,161.3,0.0,0.2,0.2,False,6.18,53.82
1768826539.27,2026-01-19 18:12:19,9,19,63,9.6%,93,NORMAL,160.9,0.0,0.2,0.2,False,6.92,53.08
1768826545.10,2026-01-19 18:12:25,11,19,64,9.7%,93,NORMAL,162.9,0.0,0.2,0.2,False,8.38,51.62
1768826550.87,2026-01-19 18:12:30,11,19,64,9.8%,93,NORMAL,162.5,0.0,0.2,0.2,False,8.38,51.62
1768826552.60,2026-01-19 18:12:32,11,19,155,9.8%,93,NORMAL,393.0,0.0,0.2,0.2,False,8.38,51.62
1768826558.11,2026-01-19 18:12:38,11,19,66,10.0%,93,NORMAL,167.1,0.0,0.2,0.2,False,8.38,51.62
1768826563.86,2026-01-19 18:12:43,11,19,66,10.1%,93,NORMAL,166.6,0.0,0.2,0.2,False,8.38,51.62
1768826569.34,2026-01-19 18:12:49,9,19,67,10.2%,93,NORMAL,168.7,0.0,0.2,0.2,False,6.92,53.08
1768826574.95,2026-01-19 18:12:54,9,19,67,10.3%,93,NORMAL,168.2,0.0,0.2,0.2,False,6.92,53.08
1768826580.48,2026-01-19 18:13:00,9,19,67,10.4%,93,NORMAL,167.7,0.0,0.2,0.2,False,6.92,53.08
1768826582.20,2026-01-19 18:13:02,9,19,156,10.4%,93,NORMAL,390.0,0.0,0.2,0.2,False,6.92,53.08
1768826587.61,2026-01-19 18:13:07,9,19,67,10.5%,93,NORMAL,167.3,0.0,0.2,0.2,False,6.92,53.08
1768826593.32,2026-01-19 18:13:13,10,19,67,10.5%,93,NORMAL,166.8,0.0,0.2,0.2,False,7.66,52.34
1768826598.93,2026-01-19 18:13:18,10,19,67,10.6%,93,NORMAL,166.3,0.0,0.2,0.2,False,7.66,52.34
1768826604.60,2026-01-19 18:13:24,11,19,68,10.7%,93,NORMAL,168.4,0.0,0.2,0.2,False,8.38,51.62
1768826610.19,2026-01-19 18:13:30,11,19,68,10.9%,93,NORMAL,167.9,0.0,0.2,0.2,False,8.38,51.62
1768826611.87,2026-01-19 18:13:31,11,19,157,11.0%,93,NORMAL,387.1,0.0,0.2,0.2,False,8.38,51.62
1768826617.56,2026-01-19 18:13:37,11,19,68,11.1%,93,NORMAL,167.4,0.0,0.2,0.2,False,8.38,51.62
1768826623.29,2026-01-19 18:13:43,10,19,68,11.3%,93,NORMAL,167.0,0.0,0.2,0.2,False,7.66,52.34
1768826628.93,2026-01-19 18:13:48,11,19,68,11.4%,93,NORMAL,166.5,0.0,0.2,0.2,False,8.38,51.62
1768826634.46,2026-01-19 18:13:54,12,19,68,11.6%,93,NORMAL,166.1,0.0,0.2,0.2,False,9.10,50.90
1768826640.57,2026-01-19 18:14:00,12,19,68,11.9%,93,NORMAL,165.6,0.0,0.2,0.2,False,9.10,50.90
1768826641.98,2026-01-19 18:14:01,10,19,159,12.0%,93,NORMAL,386.8,0.0,0.2,0.2,False,7.66,52.34
1768826647.65,2026-01-19 18:14:07,10,19,68,12.2%,93,NORMAL,165.2,0.0,0.2,0.2,False,7.66,52.34
1768826653.15,2026-01-19 18:14:13,12,19,69,12.5%,93,NORMAL,167.2,0.0,0.2,0.2,False,9.10,50.90
1768826658.88,2026-01-19 18:14:18,12,19,69,12.7%,93,NORMAL,166.7,0.0,0.2,0.2,False,9.10,50.90
1768826664.41,2026-01-19 18:14:24,13,19,69,12.9%,93,NORMAL,166.3,0.0,0.2,0.2,False,9.82,50.18
1768826669.71,2026-01-19 18:14:29,13,19,69,13.2%,93,NORMAL,165.8,0.0,0.2,0.2,False,9.82,50.18
1768826670.71,2026-01-19 18:14:30,13,19,165,13.4%,93,NORMAL,396.0,0.0,0.2,0.2,False,9.82,50.18
1768826676.42,2026-01-19 18:14:36,13,19,70,13.6%,93,NORMAL,167.8,0.0,0.2,0.2,False,9.82,50.18
1768826681.93,2026-01-19 18:14:41,13,19,71,13.8%,93,NORMAL,169.7,0.0,0.2,0.2,False,9.82,50.18
1768826687.55,2026-01-19 18:14:47,13,19,71,14.0%,93,NORMAL,169.3,0.0,0.2,0.2,False,9.82,50.18
1768826693.06,2026-01-19 18:14:53,12,19,71,14.0%,93,NORMAL,168.8,0.0,0.2,0.2,False,9.10,50.90
1768826698.70,2026-01-19 18:14:58,11,19,71,14.0%,93,NORMAL,168.4,0.0,0.2,0.2,False,8.38,51.62
1768826704.65,2026-01-19 18:15:04,11,19,71,14.0%,93,NORMAL,167.9,0.0,0.2,0.2,False,8.38,51.62
1768826710.24,2026-01-19 18:15:10,10,19,71,14.0%,93,NORMAL,167.5,0.0,0.2,0.2,False,7.66,52.34
1768826715.69,2026-01-19 18:15:15,10,19,71,14.0%,93,NORMAL,167.1,0.0,0.2,0.2,False,7.66,52.34
1768826721.29,2026-01-19 18:15:21,11,19,71,14.0%,93,NORMAL,166.6,0.0,0.2,0.2,False,8.38,51.62
1768826726.89,2026-01-19 18:15:26,13,19,71,14.2%,93,NORMAL,166.2,0.0,0.2,0.2,False,9.82,50.18
1768826733.00,2026-01-19 18:15:32,14,19,71,14.4%,93,NORMAL,165.8,0.0,0.2,0.2,False,10.53,49.47
1768826738.55,2026-01-19 18:15:38,13,19,72,14.6%,93,NORMAL,167.7,0.0,0.2,0.2,False,9.82,50.18
1768826744.23,2026-01-19 18:15:44,13,19,72,14.7%,93,NORMAL,167.2,0.0,0.2,0.2,False,9.82,50.18
1768826749.74,2026-01-19 18:15:49,13,19,73,14.8%,93,NORMAL,169.1,0.0,0.2,0.2,False,9.82,50.18
1768826755.26,2026-01-19 18:15:55,12,19,73,14.9%,93,NORMAL,168.7,0.0,0.2,0.2,False,9.10,50.90
1768826760.95,2026-01-19 18:16:00,13,19,73,15.0%,93,NORMAL,168.2,0.0,0.2,0.2,False,9.82,50.18
1768826766.58,2026-01-19 18:16:06,13,19,73,15.1%,93,NORMAL,167.8,0.0,0.2,0.2,False,9.82,50.18
1768826772.39,2026-01-19 18:16:12,14,19,75,15.2%,93,NORMAL,172.0,0.0,0.2,0.2,False,10.53,49.47
1768826778.27,2026-01-19 18:16:18,15,19,75,15.4%,93,NORMAL,171.5,0.0,0.2,0.2,False,11.23,48.77
1768826783.80,2026-01-19 18:16:23,16,19,76,15.6%,93,NORMAL,173.4,0.0,0.2,0.2,False,11.92,48.08
1768826785.13,2026-01-19 18:16:25,16,19,174,15.8%,93,NORMAL,396.5,0.0,0.2,0.2,False,11.92,48.08
1768826790.83,2026-01-19 18:16:30,16,19,76,16.0%,93,NORMAL,172.9,0.0,0.2,0.2,False,11.92,48.08
1768826796.17,2026-01-19 18:16:36,14,19,76,16.0%,93,NORMAL,172.5,0.0,0.2,0.2,False,10.53,49.47
1768826801.72,2026-01-19 18:16:41,14,19,76,16.2%,93,NORMAL,172.1,0.0,0.2,0.2,False,10.53,49.47
1768826807.36,2026-01-19 18:16:47,14,19,76,16.4%,93,NORMAL,171.6,0.0,0.2,0.2,False,10.53,49.47
1768826812.95,2026-01-19 18:16:52,15,19,76,16.5%,93,NORMAL,171.2,0.0,0.2,0.2,False,11.23,48.77
1768826815.01,2026-01-19 18:16:55,14,19,175,16.5%,93,NORMAL,393.8,0.0,0.2,0.2,False,10.53,49.47
1768826820.59,2026-01-19 18:17:00,14,19,76,16.6%,93,NORMAL,170.8,0.0,0.2,0.2,False,10.53,49.47
1768826826.75,2026-01-19 18:17:06,15,19,76,16.7%,93,NORMAL,170.4,0.0,0.2,0.2,False,11.23,48.77
1768826832.39,2026-01-19 18:17:12,15,19,76,16.7%,93,NORMAL,169.9,0.0,0.2,0.2,False,11.23,48.77
1768826838.08,2026-01-19 18:17:18,16,19,76,16.9%,93,NORMAL,169.5,0.0,0.2,0.2,False,11.92,48.08
1768826843.86,2026-01-19 18:17:23,15,19,78,16.9%,93,NORMAL,173.5,0.0,0.2,0.2,False,11.23,48.77
1768826846.19,2026-01-19 18:17:26,12,19,178,16.9%,93,NORMAL,395.6,0.0,0.2,0.2,False,9.10,50.90
1768826851.86,2026-01-19 18:17:31,12,19,78,16.9%,93,NORMAL,173.1,0.0,0.2,0.2,False,9.10,50.90
1768826857.53,2026-01-19 18:17:37,13,19,78,17.0%,93,NORMAL,172.7,0.0,0.2,0.2,False,9.82,50.18
1768826863.54,2026-01-19 18:17:43,14,19,78,17.1%,93,NORMAL,172.3,0.0,0.2,0.2,False,10.53,49.47
1768826869.37,2026-01-19 18:17:49,14,19,78,17.3%,93,NORMAL,171.8,0.0,0.2,0.2,False,10.53,49.47
1768826875.29,2026-01-19 18:17:55,15,19,78,17.5%,93,NORMAL,171.4,0.0,0.2,0.2,False,11.23,48.77
1768826877.07,2026-01-19 18:17:57,14,19,180,17.6%,93,NORMAL,395.1,0.0,0.2,0.2,False,10.53,49.47
1768826882.77,2026-01-19 18:18:02,14,19,78,17.6%,93,NORMAL,171.0,0.0,0.2,0.2,False,10.53,49.47
1768826888.51,2026-01-19 18:18:08,14,19,78,17.6%,93,NORMAL,170.6,0.0,0.2,0.2,False,10.53,49.47
1768826894.36,2026-01-19 18:18:14,12,19,78,17.6%,93,NORMAL,170.2,0.0,0.2,0.2,False,9.10,50.90
1768826900.16,2026-01-19 18:18:20,11,19,78,17.5%,93,NORMAL,169.8,0.0,0.2,0.2,False,8.38,51.62
1768826905.85,2026-01-19 18:18:25,11,19,78,17.4%,93,NORMAL,169.4,0.0,0.2,0.2,False,8.38,51.62
1768826911.92,2026-01-19 18:18:31,10,19,78,17.3%,93,NORMAL,169.0,0.0,0.2,0.2,False,7.66,52.34
1768826917.47,2026-01-19 18:18:37,11,19,78,17.3%,93,NORMAL,168.5,0.0,0.2,0.2,False,8.38,51.62
1768826923.51,2026-01-19 18:18:43,11,19,78,17.2%,93,NORMAL,168.1,0.0,0.2,0.2,False,8.38,51.62
1768826929.23,2026-01-19 18:18:49,10,19,79,17.0%,93,NORMAL,169.9,0.0,0.2,0.2,False,7.66,52.34
1768826935.01,2026-01-19 18:18:55,9,19,79,16.8%,93,NORMAL,169.5,0.0,0.2,0.2,False,6.92,53.08
1768826941.28,2026-01-19 18:19:01,9,19,79,16.5%,93,NORMAL,169.1,0.0,0.2,0.2,False,6.92,53.08
1768826947.32,2026-01-19 18:19:07,11,19,79,16.3%,93,NORMAL,168.7,0.0,0.2,0.2,False,8.38,51.62
1768826953.55,2026-01-19 18:19:13,12,19,80,16.1%,93,NORMAL,170.4,0.0,0.2,0.2,False,9.10,50.90
1768826959.06,2026-01-19 18:19:19,11,19,81,16.0%,93,NORMAL,172.1,0.0,0.2,0.2,False,8.38,51.62
1768826964.77,2026-01-19 18:19:24,12,19,81,15.9%,93,NORMAL,171.7,0.0,0.2,0.2,False,9.10,50.90
1768826970.66,2026-01-19 18:19:30,12,19,81,15.9%,93,NORMAL,171.3,0.0,0.2,0.2,False,9.10,50.90
1768826976.10,2026-01-19 18:19:36,12,19,81,15.8%,93,NORMAL,170.9,0.0,0.2,0.2,False,9.10,50.90
1768826981.75,2026-01-19 18:19:41,10,19,81,15.6%,93,NORMAL,170.5,0.0,0.2,0.2,False,7.66,52.34
1768826987.36,2026-01-19 18:19:47,13,19,81,15.6%,93,NORMAL,170.1,0.0,0.2,0.2,False,9.82,50.18
1768826992.77,2026-01-19 18:19:52,13,19,81,15.5%,93,NORMAL,169.7,0.0,0.2,0.2,False,9.82,50.18
1768826998.56,2026-01-19 18:19:58,13,19,82,15.4%,93,NORMAL,171.4,0.0,0.2,0.2,False,9.82,50.18
1768827003.92,2026-01-19 18:20:03,14,19,82,15.3%,93,NORMAL,171.0,0.0,0.2,0.2,False,10.53,49.47
1768827009.54,2026-01-19 18:20:09,13,19,83,15.2%,93,NORMAL,172.7,0.0,0.2,0.2,False,9.82,50.18
1768827015.02,2026-01-19 18:20:15,8,19,83,15.1%,93,NORMAL,172.3,0.0,0.2,0.2,False,6.18,53.82
1768827020.52,2026-01-19 18:20:20,10,19,83,15.0%,93,NORMAL,171.9,0.0,0.2,0.2,False,7.66,52.34
1768827026.29,2026-01-19 18:20:26,9,19,83,14.8%,93,NORMAL,171.5,0.0,0.2,0.2,False,6.92,53.08
1768827031.78,2026-01-19 18:20:31,9,19,83,14.6%,93,NORMAL,171.1,0.0,0.2,0.2,False,6.92,53.08
1768827037.33,2026-01-19 18:20:37,11,19,83,14.5%,93,NORMAL,170.7,0.0,0.2,0.2,False,8.38,51.62
1768827042.79,2026-01-19 18:20:42,11,19,83,14.4%,93,NORMAL,170.4,0.0,0.2,0.2,False,8.38,51.62
1768827048.24,2026-01-19 18:20:48,13,19,83,14.3%,93,NORMAL,170.0,0.0,0.2,0.2,False,9.82,50.18
1768827054.31,2026-01-19 18:20:54,14,19,83,14.3%,93,NORMAL,169.6,0.0,0.2,0.2,False,10.53,49.47
1768827059.82,2026-01-19 18:20:59,15,19,84,14.4%,93,NORMAL,171.2,0.0,0.2,0.2,False,11.23,48.77
1768827065.23,2026-01-19 18:21:05,13,19,84,14.4%,93,NORMAL,170.8,0.0,0.2,0.2,False,9.82,50.18
1768827070.70,2026-01-19 18:21:10,15,19,85,14.6%,93,NORMAL,172.5,0.0,0.2,0.2,False,11.23,48.77
1768827076.18,2026-01-19 18:21:16,13,19,85,14.6%,93,NORMAL,172.1,0.0,0.2,0.2,False,9.82,50.18
1768827082.45,2026-01-19 18:21:22,12,19,85,14.7%,93,NORMAL,171.7,0.0,0.2,0.2,False,9.10,50.90
1768827087.85,2026-01-19 18:21:27,12,19,85,14.8%,93,NORMAL,171.3,0.0,0.2,0.2,False,9.10,50.90
1768827093.37,2026-01-19 18:21:33,11,19,85,14.8%,93,NORMAL,170.9,0.0,0.2,0.2,False,8.38,51.62
1768827098.92,2026-01-19 18:21:38,11,19,85,14.8%,93,NORMAL,170.6,0.0,0.2,0.2,False,8.38,51.62
1768827104.41,2026-01-19 18:21:44,11,19,85,14.9%,93,NORMAL,170.2,0.0,0.2,0.2,False,8.38,51.62
1768827105.43,2026-01-19 18:21:45,12,19,200,15.0%,93,NORMAL,400.0,0.0,0.2,0.2,False,9.10,50.90
1768827110.90,2026-01-19 18:21:50,12,19,85,15.0%,93,NORMAL,169.8,0.0,0.2,0.2,False,9.10,50.90
1768827116.39,2026-01-19 18:21:56,14,19,85,15.1%,93,NORMAL,169.4,0.0,0.2,0.2,False,10.53,49.47
1768827121.85,2026-01-19 18:22:01,14,19,85,15.2%,93,NORMAL,169.1,0.0,0.2,0.2,False,10.53,49.47
1768827127.43,2026-01-19 18:22:07,14,19,85,15.3%,93,NORMAL,168.7,0.0,0.2,0.2,False,10.53,49.47
1768827132.80,2026-01-19 18:22:12,13,19,85,15.4%,93,NORMAL,168.3,0.0,0.2,0.2,False,9.82,50.18
1768827138.57,2026-01-19 18:22:18,13,19,86,15.4%,93,NORMAL,169.9,0.0,0.2,0.2,False,9.82,50.18
1768827144.03,2026-01-19 18:22:24,13,19,86,15.5%,93,NORMAL,169.6,0.0,0.2,0.2,False,9.82,50.18
1768827149.56,2026-01-19 18:22:29,13,19,86,15.5%,93,NORMAL,169.2,0.0,0.2,0.2,False,9.82,50.18
1768827154.97,2026-01-19 18:22:34,12,19,86,15.5%,93,NORMAL,168.8,0.0,0.2,0.2,False,9.10,50.90
1768827160.56,2026-01-19 18:22:40,14,19,86,15.5%,93,NORMAL,168.4,0.0,0.2,0.2,False,10.53,49.47
1768827166.33,2026-01-19 18:22:46,12,19,87,15.4%,93,NORMAL,170.0,0.0,0.2,0.2,False,9.10,50.90
1768827171.70,2026-01-19 18:22:51,10,19,88,15.3%,93,NORMAL,171.6,0.0,0.2,0.2,False,7.66,52.34
1768827177.33,2026-01-19 18:22:57,12,19,88,15.5%,93,NORMAL,171.2,0.0,0.2,0.2,False,9.10,50.90
1768827182.80,2026-01-19 18:23:02,12,19,88,15.6%,93,NORMAL,170.9,0.0,0.2,0.2,False,9.10,50.90
1768827188.28,2026-01-19 18:23:08,12,19,88,15.7%,93,NORMAL,170.5,0.0,0.2,0.2,False,9.10,50.90
1768827189.64,2026-01-19 18:23:09,12,19,207,15.8%,93,NORMAL,400.6,0.0,0.2,0.2,False,9.10,50.90
1768827194.99,2026-01-19 18:23:14,12,19,88,15.8%,93,NORMAL,170.1,0.0,0.2,0.2,False,9.10,50.90
1768827200.60,2026-01-19 18:23:20,11,19,88,15.8%,93,NORMAL,169.8,0.0,0.2,0.2,False,8.38,51.62
1768827206.10,2026-01-19 18:23:26,11,19,88,15.8%,93,NORMAL,169.4,0.0,0.2,0.2,False,8.38,51.62
1768827211.50,2026-01-19 18:23:31,11,19,89,15.6%,93,NORMAL,171.0,0.0,0.2,0.2,False,8.38,51.62
1768827217.03,2026-01-19 18:23:37,11,19,89,15.5%,93,NORMAL,170.6,0.0,0.2,0.2,False,8.38,51.62
1768827223.23,2026-01-19 18:23:43,10,19,89,15.4%,93,NORMAL,170.2,0.0,0.2,0.2,False,7.66,52.34
1768827228.79,2026-01-19 18:23:48,9,19,89,15.1%,93,NORMAL,169.9,0.0,0.2,0.2,False,6.92,53.08
1768827234.41,2026-01-19 18:23:54,9,19,89,15.0%,93,NORMAL,169.5,0.0,0.2,0.2,False,6.92,53.08
1768827239.78,2026-01-19 18:23:59,10,19,89,14.9%,93,NORMAL,169.2,0.0,0.2,0.2,False,7.66,52.34
1768827245.27,2026-01-19 18:24:05,8,19,89,14.7%,93,NORMAL,168.8,0.0,0.2,0.2,False,6.18,53.82
1768827250.69,2026-01-19 18:24:10,8,19,89,14.6%,93,NORMAL,168.5,0.0,0.2,0.2,False,6.18,53.82
1768827256.23,2026-01-19 18:24:16,6,19,90,14.4%,93,NORMAL,170.0,0.0,0.2,0.2,False,4.68,55.32
1768827261.60,2026-01-19 18:24:21,6,19,90,14.2%,93,NORMAL,169.6,0.0,0.2,0.2,False,4.68,55.32
1768827267.15,2026-01-19 18:24:27,6,19,90,13.9%,93,NORMAL,169.3,0.0,0.2,0.2,False,4.68,55.32
1768827272.62,2026-01-19 18:24:32,5,19,90,13.7%,93,NORMAL,168.9,0.0,0.2,0.2,False,3.91,56.09
1768827278.40,2026-01-19 18:24:38,6,19,90,13.3%,93,NORMAL,168.6,0.0,0.2,0.2,False,4.68,55.32
1768827283.87,2026-01-19 18:24:43,8,19,90,13.1%,93,NORMAL,168.2,0.0,0.2,0.2,False,6.18,53.82
1768827289.35,2026-01-19 18:24:49,8,19,90,12.8%,93,NORMAL,167.9,0.0,0.2,0.2,False,6.18,53.82
1768827294.79,2026-01-19 18:24:54,10,19,90,12.7%,93,NORMAL,167.5,0.0,0.2,0.2,False,7.66,52.34
1768827300.22,2026-01-19 18:25:00,8,19,90,12.5%,93,NORMAL,167.2,0.0,0.2,0.2,False,6.18,53.82
1768827301.23,2026-01-19 18:25:01,12,19,220,12.5%,93,NORMAL,408.2,0.0,0.2,0.2,False,9.10,50.90
1768827306.69,2026-01-19 18:25:06,12,19,90,12.4%,93,NORMAL,166.8,0.0,0.2,0.2,False,9.10,50.90
1768827312.11,2026-01-19 18:25:12,11,19,90,12.4%,93,NORMAL,166.5,0.0,0.2,0.2,False,8.38,51.62
1768827317.75,2026-01-19 18:25:17,10,19,92,12.2%,93,NORMAL,169.8,0.0,0.2,0.2,False,7.66,52.34
1768827323.35,2026-01-19 18:25:23,10,19,92,12.2%,93,NORMAL,169.5,0.0,0.2,0.2,False,7.66,52.34
1768827328.74,2026-01-19 18:25:28,8,19,92,12.1%,93,NORMAL,169.2,0.0,0.2,0.2,False,6.18,53.82
1768827329.80,2026-01-19 18:25:29,8,19,220,11.9%,93,NORMAL,404.1,0.0,0.2,0.2,False,6.18,53.82
1768827335.46,2026-01-19 18:25:35,8,19,92,11.8%,93,NORMAL,168.8,0.0,0.2,0.2,False,6.18,53.82
1768827340.85,2026-01-19 18:25:40,8,19,92,11.6%,93,NORMAL,168.5,0.0,0.2,0.2,False,6.18,53.82
1768827346.48,2026-01-19 18:25:46,8,19,92,11.4%,93,NORMAL,168.1,0.0,0.2,0.2,False,6.18,53.82
1768827352.04,2026-01-19 18:25:52,7,19,92,11.2%,93,NORMAL,167.8,0.0,0.2,0.2,False,5.43,54.57
1768827357.47,2026-01-19 18:25:57,8,19,92,11.1%,93,NORMAL,167.4,0.0,0.2,0.2,False,6.18,53.82
1768827363.62,2026-01-19 18:26:03,7,19,92,10.9%,93,NORMAL,167.1,0.0,0.2,0.2,False,5.43,54.57
1768827369.20,2026-01-19 18:26:09,6,19,92,10.7%,93,NORMAL,166.8,0.0,0.2,0.2,False,4.68,55.32
1768827374.64,2026-01-19 18:26:14,6,19,92,10.5%,93,NORMAL,166.4,0.0,0.2,0.2,False,4.68,55.32
1768827380.18,2026-01-19 18:26:20,6,19,92,10.4%,93,NORMAL,166.1,0.0,0.2,0.2,False,4.68,55.32
1768827385.78,2026-01-19 18:26:25,6,19,92,10.2%,93,NORMAL,165.8,0.0,0.2,0.2,False,4.68,55.32
1768827391.25,2026-01-19 18:26:31,0,19,92,9.9%,93,NORMAL,165.4,0.0,0.2,0.2,False,0.00,60.00
1768827396.65,2026-01-19 18:26:36,2,19,92,9.5%,93,NORMAL,165.1,0.0,0.2,0.2,False,1.59,58.41
1768827402.59,2026-01-19 18:26:42,4,19,92,9.3%,93,NORMAL,164.8,0.0,0.2,0.2,False,3.14,56.86
1768827408.06,2026-01-19 18:26:48,5,19,92,9.2%,93,NORMAL,164.4,0.0,0.2,0.2,False,3.91,56.09
1768827413.64,2026-01-19 18:26:53,4,19,92,9.1%,93,NORMAL,164.1,0.0,0.2,0.2,False,3.14,56.86
1768827419.39,2026-01-19 18:26:59,5,19,92,9.1%,93,NORMAL,163.8,0.0,0.2,0.2,False,3.91,56.09
1768827424.77,2026-01-19 18:27:04,5,19,92,9.1%,93,NORMAL,163.5,0.0,0.2,0.2,False,3.91,56.09
1768827430.13,2026-01-19 18:27:10,5,19,93,9.1%,93,NORMAL,164.9,0.0,0.2,0.2,False,3.91,56.09
1768827435.59,2026-01-19 18:27:15,5,19,93,9.0%,93,NORMAL,164.6,0.0,0.2,0.2,False,3.91,56.09
1768827441.38,2026-01-19 18:27:21,6,19,93,8.9%,93,NORMAL,164.3,0.0,0.2,0.2,False,4.68,55.32
1768827442.73,2026-01-19 18:27:22,8,19,231,8.9%,93,NORMAL,407.6,0.0,0.2,0.2,False,6.18,53.82
1768827448.21,2026-01-19 18:27:28,8,19,93,8.8%,93,NORMAL,164.0,0.0,0.2,0.2,False,6.18,53.82
1768827453.62,2026-01-19 18:27:33,8,19,94,8.8%,93,NORMAL,165.4,0.0,0.2,0.2,False,6.18,53.82
1768827459.14,2026-01-19 18:27:39,6,19,95,8.6%,93,NORMAL,166.8,0.0,0.2,0.2,False,4.68,55.32
1768827464.58,2026-01-19 18:27:44,3,19,95,8.2%,93,NORMAL,166.5,0.0,0.2,0.2,False,2.37,57.63
1768827470.02,2026-01-19 18:27:50,1,19,95,7.8%,93,NORMAL,166.2,0.0,0.2,0.2,False,0.80,59.20
1768827475.84,2026-01-19 18:27:55,6,19,95,7.6%,93,NORMAL,165.9,0.0,0.2,0.2,False,4.68,55.32
1768827481.30,2026-01-19 18:28:01,6,19,95,7.5%,93,NORMAL,165.5,0.0,0.2,0.2,False,4.68,55.32
1768827486.82,2026-01-19 18:28:06,7,19,97,7.4%,93,NORMAL,168.7,0.0,0.2,0.2,False,5.43,54.57
1768827492.48,2026-01-19 18:28:12,9,19,97,7.5%,93,NORMAL,168.4,0.0,0.2,0.2,False,6.92,53.08
1768827497.94,2026-01-19 18:28:17,7,19,98,7.4%,93,NORMAL,169.8,0.0,0.2,0.2,False,5.43,54.57
1768827503.79,2026-01-19 18:28:23,9,19,100,7.5%,93,NORMAL,172.9,0.0,0.2,0.2,False,6.92,53.08
1768827509.26,2026-01-19 18:28:29,7,19,100,7.4%,93,NORMAL,172.6,0.0,0.2,0.2,False,5.43,54.57
1768827514.86,2026-01-19 18:28:34,9,19,100,7.5%,93,NORMAL,172.2,0.0,0.2,0.2,False,6.92,53.08
1768827520.34,2026-01-19 18:28:40,8,19,100,7.5%,93,NORMAL,171.9,0.0,0.2,0.2,False,6.18,53.82
1768827525.67,2026-01-19 18:28:45,9,19,100,7.6%,93,NORMAL,171.6,0.0,0.2,0.2,False,6.92,53.08
1768827531.71,2026-01-19 18:28:51,8,19,100,7.7%,93,NORMAL,171.3,0.0,0.2,0.2,False,6.18,53.82
1768827537.20,2026-01-19 18:28:57,6,19,101,7.7%,93,NORMAL,172.6,0.0,0.2,0.2,False,4.68,55.32
1768827542.65,2026-01-19 18:29:02,6,19,101,7.7%,93,NORMAL,172.3,0.0,0.2,0.2,False,4.68,55.32
1768827548.15,2026-01-19 18:29:08,8,19,101,7.8%,93,NORMAL,172.0,0.0,0.2,0.2,False,6.18,53.82
1768827553.68,2026-01-19 18:29:13,6,19,102,8.0%,93,NORMAL,173.4,0.0,0.2,0.2,False,4.68,55.32
1768827559.81,2026-01-19 18:29:19,6,19,102,8.2%,93,NORMAL,173.0,0.0,0.2,0.2,False,4.68,55.32
1768827565.21,2026-01-19 18:29:25,7,19,102,8.3%,93,NORMAL,172.7,0.0,0.2,0.2,False,5.43,54.57
1768827570.66,2026-01-19 18:29:30,7,19,102,8.4%,93,NORMAL,172.4,0.0,0.2,0.2,False,5.43,54.57
1768827576.28,2026-01-19 18:29:36,6,19,103,8.5%,93,NORMAL,173.8,0.0,0.2,0.2,False,4.68,55.32
1768827581.83,2026-01-19 18:29:41,7,19,103,8.6%,93,NORMAL,173.4,0.0,0.2,0.2,False,5.43,54.57
1768827587.66,2026-01-19 18:29:47,5,19,103,8.6%,93,NORMAL,173.1,0.0,0.2,0.2,False,3.91,56.09
1768827593.19,2026-01-19 18:29:53,5,19,103,8.6%,93,NORMAL,172.8,0.0,0.2,0.2,False,3.91,56.09
1768827598.74,2026-01-19 18:29:58,5,19,103,8.6%,93,NORMAL,172.5,0.0,0.2,0.2,False,3.91,56.09
1768827604.06,2026-01-19 18:30:04,4,19,103,8.5%,93,NORMAL,172.1,0.0,0.2,0.2,False,3.14,56.86
1768827609.60,2026-01-19 18:30:09,4,19,103,8.3%,93,NORMAL,171.8,0.0,0.2,0.2,False,3.14,56.86
1768827615.50,2026-01-19 18:30:15,3,19,103,8.1%,93,NORMAL,171.5,0.0,0.2,0.2,False,2.37,57.63
1768827621.02,2026-01-19 18:30:21,3,19,103,7.9%,93,NORMAL,171.2,0.0,0.2,0.2,False,2.37,57.63
1768827626.52,2026-01-19 18:30:26,5,19,103,7.9%,93,NORMAL,170.9,0.0,0.2,0.2,False,3.91,56.09
1768827632.05,2026-01-19 18:30:32,6,19,103,8.0%,93,NORMAL,170.6,0.0,0.2,0.2,False,4.68,55.32
1768827637.39,2026-01-19 18:30:37,9,19,103,8.3%,93,NORMAL,170.2,0.0,0.2,0.2,False,6.92,53.08
1768827643.45,2026-01-19 18:30:43,9,19,104,8.4%,93,NORMAL,171.6,0.0,0.2,0.2,False,6.92,53.08
1768827649.03,2026-01-19 18:30:49,10,19,107,8.6%,93,NORMAL,176.2,0.0,0.2,0.2,False,7.66,52.34
1768827654.53,2026-01-19 18:30:54,7,19,107,8.6%,93,NORMAL,175.9,0.0,0.2,0.2,False,5.43,54.57
1768827660.00,2026-01-19 18:31:00,6,19,107,8.5%,93,NORMAL,175.6,0.0,0.2,0.2,False,4.68,55.32
1768827665.47,2026-01-19 18:31:05,3,19,107,8.3%,93,NORMAL,175.3,0.0,0.2,0.2,False,2.37,57.63
1768827671.33,2026-01-19 18:31:11,3,19,107,8.1%,93,NORMAL,174.9,0.0,0.2,0.2,False,2.37,57.63
1768827676.75,2026-01-19 18:31:16,3,19,107,7.9%,93,NORMAL,174.6,0.0,0.2,0.2,False,2.37,57.63
1768827682.20,2026-01-19 18:31:22,2,19,107,7.6%,93,NORMAL,174.3,0.0,0.2,0.2,False,1.59,58.41
1768827687.62,2026-01-19 18:31:27,2,19,107,7.3%,93,NORMAL,174.0,0.0,0.2,0.2,False,1.59,58.41
1768827693.23,2026-01-19 18:31:33,2,19,107,7.0%,93,NORMAL,173.7,0.0,0.2,0.2,False,1.59,58.41
1768827698.69,2026-01-19 18:31:38,2,19,107,6.8%,93,NORMAL,173.4,0.0,0.2,0.2,False,1.59,58.41
1768827704.29,2026-01-19 18:31:44,2,19,107,6.6%,93,NORMAL,173.0,0.0,0.2,0.2,False,1.59,58.41
1768827709.70,2026-01-19 18:31:49,3,19,107,6.5%,93,NORMAL,172.7,0.0,0.2,0.2,False,2.37,57.63
1768827715.14,2026-01-19 18:31:55,3,19,107,6.3%,93,NORMAL,172.4,0.0,0.2,0.2,False,2.37,57.63
1768827720.65,2026-01-19 18:32:00,3,19,107,6.2%,93,NORMAL,172.1,0.0,0.2,0.2,False,2.37,57.63
1768827726.39,2026-01-19 18:32:06,2,19,107,6.0%,93,NORMAL,171.8,0.0,0.2,0.2,False,1.59,58.41
1768827731.71,2026-01-19 18:32:11,2,19,107,5.8%,93,NORMAL,171.5,0.0,0.2,0.2,False,1.59,58.41
1768827737.23,2026-01-19 18:32:17,4,19,107,5.6%,93,NORMAL,171.2,0.0,0.2,0.2,False,3.14,56.86
1768827742.76,2026-01-19 18:32:22,3,19,107,5.5%,93,NORMAL,170.9,0.0,0.2,0.2,False,2.37,57.63
1768827748.24,2026-01-19 18:32:28,2,19,107,5.3%,93,NORMAL,170.6,0.0,0.2,0.2,False,1.59,58.41
1768827753.62,2026-01-19 18:32:33,3,19,107,5.2%,93,NORMAL,170.3,0.0,0.2,0.2,False,2.37,57.63
1768827758.96,2026-01-19 18:32:38,3,19,107,5.1%,93,NORMAL,170.0,0.0,0.2,0.2,False,2.37,57.63
1768827764.38,2026-01-19 18:32:44,4,19,108,5.1%,93,NORMAL,171.3,0.0,0.2,0.2,False,3.14,56.86
1768827769.84,2026-01-19 18:32:49,3,19,108,5.0%,93,NORMAL,171.0,0.0,0.2,0.2,False,2.37,57.63
1768827775.30,2026-01-19 18:32:55,4,19,108,5.0%,93,NORMAL,170.7,0.0,0.2,0.2,False,3.14,56.86
1768827780.78,2026-01-19 18:33:00,4,19,108,5.1%,93,NORMAL,170.4,0.0,0.2,0.2,False,3.14,56.86
1768827786.33,2026-01-19 18:33:06,3,19,108,5.1%,93,NORMAL,170.1,0.0,0.2,0.2,False,2.37,57.63
1768827791.83,2026-01-19 18:33:11,2,19,108,5.0%,93,NORMAL,169.8,0.0,0.2,0.2,False,1.59,58.41
1768827797.63,2026-01-19 18:33:17,4,19,108,4.9%,93,NORMAL,169.5,0.0,0.2,0.2,False,3.14,56.86
1768827802.98,2026-01-19 18:33:22,3,19,108,4.6%,93,NORMAL,169.2,0.0,0.2,0.2,False,2.37,57.63
1768827808.42,2026-01-19 18:33:28,3,19,108,4.4%,93,NORMAL,168.9,0.0,0.2,0.2,False,2.37,57.63
1768827813.95,2026-01-19 18:33:33,3,19,108,4.1%,93,NORMAL,168.6,0.0,0.2,0.2,False,2.37,57.63
1768827819.47,2026-01-19 18:33:39,5,19,108,4.0%,93,NORMAL,168.3,0.0,0.2,0.2,False,3.91,56.09
1768827824.87,2026-01-19 18:33:44,4,19,108,3.9%,93,NORMAL,168.0,0.0,0.2,0.2,False,3.14,56.86
1768827830.55,2026-01-19 18:33:50,3,19,108,3.9%,93,NORMAL,167.7,0.0,0.2,0.2,False,2.37,57.63
1768827836.06,2026-01-19 18:33:56,3,19,108,3.9%,93,NORMAL,167.4,0.0,0.2,0.2,False,2.37,57.63
1768827841.52,2026-01-19 18:34:01,3,19,108,3.9%,93,NORMAL,167.2,0.0,0.2,0.2,False,2.37,57.63
1768827847.01,2026-01-19 18:34:07,3,19,108,3.9%,93,NORMAL,166.9,0.0,0.2,0.2,False,2.37,57.63
1768827852.50,2026-01-19 18:34:12,2,19,108,3.9%,93,NORMAL,166.6,0.0,0.2,0.2,False,1.59,58.41
1768827857.97,2026-01-19 18:34:17,3,19,108,4.0%,93,NORMAL,166.3,0.0,0.2,0.2,False,2.37,57.63
1768827863.45,2026-01-19 18:34:23,3,19,108,4.0%,93,NORMAL,166.0,0.0,0.2,0.2,False,2.37,57.63
1768827868.95,2026-01-19 18:34:28,2,19,108,4.0%,93,NORMAL,165.7,0.0,0.2,0.2,False,1.59,58.41
1768827874.26,2026-01-19 18:34:34,3,19,108,4.0%,93,NORMAL,165.4,0.0,0.2,0.2,False,2.37,57.63
1768827879.61,2026-01-19 18:34:39,3,19,108,4.0%,93,NORMAL,165.2,0.0,0.2,0.2,False,2.37,57.63
1768827885.03,2026-01-19 18:34:45,3,19,108,4.0%,93,NORMAL,164.9,0.0,0.2,0.2,False,2.37,57.63
1768827890.38,2026-01-19 18:34:50,3,19,108,4.1%,93,NORMAL,164.6,0.0,0.2,0.2,False,2.37,57.63
1768827895.87,2026-01-19 18:34:55,3,19,108,4.1%,93,NORMAL,164.3,0.0,0.2,0.2,False,2.37,57.63
1768827901.50,2026-01-19 18:35:01,3,19,108,4.1%,93,NORMAL,164.1,0.0,0.2,0.2,False,2.37,57.63
1768827907.05,2026-01-19 18:35:07,3,19,108,4.1%,93,NORMAL,163.8,0.0,0.2,0.2,False,2.37,57.63
1768827912.55,2026-01-19 18:35:12,3,19,108,4.1%,93,NORMAL,163.5,0.0,0.2,0.2,False,2.37,57.63
1768827918.44,2026-01-19 18:35:18,3,19,108,4.1%,93,NORMAL,163.2,0.0,0.2,0.2,False,2.37,57.63
1768827923.88,2026-01-19 18:35:23,3,19,108,4.1%,93,NORMAL,163.0,0.0,0.2,0.2,False,2.37,57.63
1768827929.37,2026-01-19 18:35:29,3,19,108,4.1%,93,NORMAL,162.7,0.0,0.2,0.2,False,2.37,57.63
1768827934.79,2026-01-19 18:35:34,3,19,108,4.1%,93,NORMAL,162.4,0.0,0.2,0.2,False,2.37,57.63
1768827940.32,2026-01-19 18:35:40,3,19,108,4.0%,93,NORMAL,162.1,0.0,0.2,0.2,False,2.37,57.63
1768827946.31,2026-01-19 18:35:46,3,19,108,4.0%,93,NORMAL,161.9,0.0,0.2,0.2,False,2.37,57.63
1768827951.87,2026-01-19 18:35:51,3,19,108,4.0%,93,NORMAL,161.6,0.0,0.2,0.2,False,2.37,57.63
1768827957.20,2026-01-19 18:35:57,3,19,108,4.0%,93,NORMAL,161.3,0.0,0.2,0.2,False,2.37,57.63
1768827962.73,2026-01-19 18:36:02,3,19,108,4.0%,93,NORMAL,161.1,0.0,0.2,0.2,False,2.37,57.63
1768827968.21,2026-01-19 18:36:08,3,19,108,4.0%,93,NORMAL,160.8,0.0,0.2,0.2,False,2.37,57.63
1768827974.12,2026-01-19 18:36:14,5,19,108,4.1%,93,NORMAL,160.5,0.0,0.2,0.2,False,3.91,56.09
1768827979.50,2026-01-19 18:36:19,4,19,108,4.1%,93,NORMAL,160.3,0.0,0.2,0.2,False,3.14,56.86
1768827984.96,2026-01-19 18:36:24,5,19,109,4.1%,93,NORMAL,161.5,0.0,0.2,0.2,False,3.91,56.09
1768827990.39,2026-01-19 18:36:30,5,19,109,4.2%,93,NORMAL,161.2,0.0,0.2,0.2,False,3.91,56.09
1768827995.90,2026-01-19 18:36:35,2,19,109,4.1%,93,NORMAL,161.0,0.0,0.2,0.2,False,1.59,58.41
1768828001.39,2026-01-19 18:36:41,3,19,109,4.1%,93,NORMAL,160.7,0.0,0.2,0.2,False,2.37,57.63
1768828006.89,2026-01-19 18:36:46,6,19,109,4.2%,93,NORMAL,160.4,0.0,0.2,0.2,False,4.68,55.32
1768828012.28,2026-01-19 18:36:52,6,19,109,4.4%,93,NORMAL,160.2,0.0,0.2,0.2,False,4.68,55.32
1768828017.81,2026-01-19 18:36:57,6,19,110,4.5%,93,NORMAL,161.4,0.0,0.2,0.2,False,4.68,55.32
1768828023.28,2026-01-19 18:37:03,6,19,110,4.7%,93,NORMAL,161.1,0.0,0.2,0.2,False,4.68,55.32
1768828029.08,2026-01-19 18:37:09,7,19,110,4.8%,93,NORMAL,160.8,0.0,0.2,0.2,False,5.43,54.57
1768828034.50,2026-01-19 18:37:14,6,19,110,5.0%,93,NORMAL,160.6,0.0,0.2,0.2,False,4.68,55.32
1768828040.11,2026-01-19 18:37:20,6,19,110,5.1%,93,NORMAL,160.3,0.0,0.2,0.2,False,4.68,55.32
1768828045.54,2026-01-19 18:37:25,5,19,110,5.2%,93,NORMAL,160.1,0.0,0.2,0.2,False,3.91,56.09
1768828050.83,2026-01-19 18:37:30,7,19,110,5.4%,93,NORMAL,159.8,0.0,0.2,0.2,False,5.43,54.57
1768828056.75,2026-01-19 18:37:36,9,19,110,5.7%,93,NORMAL,159.5,0.0,0.2,0.2,False,6.92,53.08
1768828062.22,2026-01-19 18:37:42,9,19,111,5.9%,93,NORMAL,160.7,0.0,0.2,0.2,False,6.92,53.08
1768828067.65,2026-01-19 18:37:47,8,19,112,6.1%,93,NORMAL,161.9,0.0,0.2,0.2,False,6.18,53.82
1768828073.06,2026-01-19 18:37:53,6,19,112,6.2%,93,NORMAL,161.7,0.0,0.2,0.2,False,4.68,55.32
1768828078.64,2026-01-19 18:37:58,7,19,113,6.4%,93,NORMAL,162.9,0.0,0.2,0.2,False,5.43,54.57
1768828084.36,2026-01-19 18:38:04,7,19,113,6.6%,93,NORMAL,162.6,0.0,0.2,0.2,False,5.43,54.57
1768828089.77,2026-01-19 18:38:09,7,19,113,6.8%,93,NORMAL,162.3,0.0,0.2,0.2,False,5.43,54.57
1768828095.27,2026-01-19 18:38:15,6,19,114,6.9%,93,NORMAL,163.5,0.0,0.2,0.2,False,4.68,55.32
1768828100.64,2026-01-19 18:38:20,8,19,114,7.1%,93,NORMAL,163.2,0.0,0.2,0.2,False,6.18,53.82
1768828106.23,2026-01-19 18:38:26,6,19,114,7.2%,93,NORMAL,163.0,0.0,0.2,0.2,False,4.68,55.32
1768828111.69,2026-01-19 18:38:31,8,19,114,7.4%,93,NORMAL,162.7,0.0,0.2,0.2,False,6.18,53.82
1768828116.98,2026-01-19 18:38:36,8,19,114,7.6%,93,NORMAL,162.5,0.0,0.2,0.2,False,6.18,53.82
1768828122.41,2026-01-19 18:38:42,8,19,115,7.9%,93,NORMAL,163.6,0.0,0.2,0.2,False,6.18,53.82
1768828127.90,2026-01-19 18:38:47,7,19,115,8.0%,93,NORMAL,163.4,0.0,0.2,0.2,False,5.43,54.57
1768828133.44,2026-01-19 18:38:53,8,19,115,8.2%,93,NORMAL,163.1,0.0,0.2,0.2,False,6.18,53.82
1768828139.05,2026-01-19 18:38:59,7,19,115,8.3%,93,NORMAL,162.9,0.0,0.2,0.2,False,5.43,54.57
1768828144.78,2026-01-19 18:39:04,5,19,116,8.4%,93,NORMAL,164.0,0.0,0.2,0.2,False,3.91,56.09
1768828150.49,2026-01-19 18:39:10,7,19,116,8.5%,93,NORMAL,163.8,0.0,0.2,0.2,False,5.43,54.57
1768828156.28,2026-01-19 18:39:16,6,19,117,8.5%,93,NORMAL,164.9,0.0,0.2,0.2,False,4.68,55.32
1768828161.71,2026-01-19 18:39:21,7,19,117,8.7%,93,NORMAL,164.7,0.0,0.2,0.2,False,5.43,54.57
1768828167.59,2026-01-19 18:39:27,7,19,118,8.9%,93,NORMAL,165.8,0.0,0.2,0.2,False,5.43,54.57
1768828173.27,2026-01-19 18:39:33,7,19,119,8.9%,93,NORMAL,167.0,0.0,0.2,0.2,False,5.43,54.57
1768828178.96,2026-01-19 18:39:38,9,19,120,9.0%,93,NORMAL,168.1,0.0,0.2,0.2,False,6.92,53.08
1768828184.45,2026-01-19 18:39:44,8,19,120,9.1%,93,NORMAL,167.8,0.0,0.2,0.2,False,6.18,53.82
1768828190.21,2026-01-19 18:39:50,9,19,120,9.3%,93,NORMAL,167.6,0.0,0.2,0.2,False,6.92,53.08
1768828196.32,2026-01-19 18:39:56,8,19,120,9.3%,93,NORMAL,167.3,0.0,0.2,0.2,False,6.18,53.82
1768828201.84,2026-01-19 18:40:01,9,19,121,9.4%,93,NORMAL,168.4,0.0,0.2,0.2,False,6.92,53.08
1768828207.27,2026-01-19 18:40:07,8,19,121,9.5%,93,NORMAL,168.2,0.0,0.2,0.2,False,6.18,53.82
1768828212.93,2026-01-19 18:40:12,7,19,121,9.6%,93,NORMAL,167.9,0.0,0.2,0.2,False,5.43,54.57
1768828218.46,2026-01-19 18:40:18,7,19,121,9.6%,93,NORMAL,167.7,0.0,0.2,0.2,False,5.43,54.57
1768828224.70,2026-01-19 18:40:24,9,19,121,9.6%,93,NORMAL,167.4,0.0,0.2,0.2,False,6.92,53.08
1768828230.31,2026-01-19 18:40:30,8,19,121,9.5%,93,NORMAL,167.2,0.0,0.2,0.2,False,6.18,53.82
1768828236.03,2026-01-19 18:40:36,6,19,121,9.5%,93,NORMAL,166.9,0.0,0.2,0.2,False,4.68,55.32
1768828241.51,2026-01-19 18:40:41,7,19,121,9.5%,93,NORMAL,166.6,0.0,0.2,0.2,False,5.43,54.57
1768828246.97,2026-01-19 18:40:46,8,19,121,9.5%,93,NORMAL,166.4,0.0,0.2,0.2,False,6.18,53.82
1768828253.19,2026-01-19 18:40:53,9,19,121,9.6%,93,NORMAL,166.1,0.0,0.2,0.2,False,6.92,53.08
1768828258.63,2026-01-19 18:40:58,7,19,121,9.6%,93,NORMAL,165.9,0.0,0.2,0.2,False,5.43,54.57
1768828264.10,2026-01-19 18:41:04,9,19,121,9.8%,93,NORMAL,165.6,0.0,0.2,0.2,False,6.92,53.08
1768828269.77,2026-01-19 18:41:09,10,19,122,9.8%,93,NORMAL,166.7,0.0,0.2,0.2,False,7.66,52.34
1768828275.31,2026-01-19 18:41:15,9,19,122,10.0%,93,NORMAL,166.5,0.0,0.2,0.2,False,6.92,53.08
1768828281.56,2026-01-19 18:41:21,10,19,122,10.0%,93,NORMAL,166.2,0.0,0.2,0.2,False,7.66,52.34
1768828287.03,2026-01-19 18:41:27,7,19,122,10.0%,93,NORMAL,166.0,0.0,0.2,0.2,False,5.43,54.57
1768828292.58,2026-01-19 18:41:32,7,19,122,10.0%,93,NORMAL,165.7,0.0,0.2,0.2,False,5.43,54.57
1768828298.12,2026-01-19 18:41:38,10,19,122,10.1%,93,NORMAL,165.5,0.0,0.2,0.2,False,7.66,52.34
1768828303.64,2026-01-19 18:41:43,12,19,122,10.2%,93,NORMAL,165.2,0.0,0.2,0.2,False,9.10,50.90
1768828309.59,2026-01-19 18:41:49,10,19,122,10.4%,93,NORMAL,165.0,0.0,0.2,0.2,False,7.66,52.34
1768828315.15,2026-01-19 18:41:55,9,19,122,10.5%,93,NORMAL,164.7,0.0,0.2,0.2,False,6.92,53.08
1768828320.69,2026-01-19 18:42:00,10,19,122,10.7%,93,NORMAL,164.5,0.0,0.2,0.2,False,7.66,52.34
1768828326.22,2026-01-19 18:42:06,9,19,123,10.8%,93,NORMAL,165.6,0.0,0.2,0.2,False,6.92,53.08
1768828331.82,2026-01-19 18:42:11,10,19,123,10.9%,93,NORMAL,165.3,0.0,0.2,0.2,False,7.66,52.34
1768828332.87,2026-01-19 18:42:12,11,19,295,11.1%,93,NORMAL,396.3,0.0,0.2,0.2,False,8.38,51.62
1768828338.29,2026-01-19 18:42:18,11,19,123,11.2%,93,NORMAL,165.1,0.0,0.2,0.2,False,8.38,51.62
1768828343.80,2026-01-19 18:42:23,12,19,123,11.4%,93,NORMAL,164.9,0.0,0.2,0.2,False,9.10,50.90
1768828349.42,2026-01-19 18:42:29,12,19,124,11.5%,93,NORMAL,165.9,0.0,0.2,0.2,False,9.10,50.90
1768828354.94,2026-01-19 18:42:34,13,19,124,11.7%,93,NORMAL,165.7,0.0,0.2,0.2,False,9.82,50.18
1768828360.49,2026-01-19 18:42:40,12,19,124,11.8%,93,NORMAL,165.5,0.0,0.2,0.2,False,9.10,50.90
1768828361.53,2026-01-19 18:42:41,13,19,300,12.0%,93,NORMAL,400.0,0.0,0.2,0.2,False,9.82,50.18
1768828366.99,2026-01-19 18:42:46,13,19,124,12.2%,93,NORMAL,165.2,0.0,0.2,0.2,False,9.82,50.18
1768828372.48,2026-01-19 18:42:52,14,19,125,12.5%,93,NORMAL,166.3,0.0,0.2,0.2,False,10.53,49.47
1768828378.10,2026-01-19 18:42:58,13,19,125,12.7%,93,NORMAL,166.1,0.0,0.2,0.2,False,9.82,50.18
1768828383.62,2026-01-19 18:43:03,14,19,125,12.9%,93,NORMAL,165.8,0.0,0.2,0.2,False,10.53,49.47
1768828389.22,2026-01-19 18:43:09,16,19,125,13.3%,93,NORMAL,165.6,0.0,0.2,0.2,False,11.92,48.08
1768828390.92,2026-01-19 18:43:10,16,19,304,13.7%,93,NORMAL,402.4,0.0,0.2,0.2,False,11.92,48.08
1768828396.48,2026-01-19 18:43:16,16,19,125,14.0%,93,NORMAL,165.3,0.0,0.2,0.2,False,11.92,48.08
1768828402.08,2026-01-19 18:43:22,15,19,126,14.3%,93,NORMAL,166.4,0.0,0.2,0.2,False,11.23,48.77
1768828407.73,2026-01-19 18:43:27,18,19,127,14.6%,93,NORMAL,167.5,0.0,0.2,0.2,False,13.29,46.71
1768828413.59,2026-01-19 18:43:33,15,19,127,15.0%,93,NORMAL,167.2,0.0,0.2,0.2,False,11.23,48.77
1768828419.21,2026-01-19 18:43:39,14,19,128,15.2%,93,NORMAL,168.3,0.0,0.2,0.2,False,10.53,49.47
1768828425.57,2026-01-19 18:43:45,12,19,129,15.3%,93,NORMAL,169.4,0.0,0.2,0.2,False,9.10,50.90
1768828431.64,2026-01-19 18:43:51,14,19,129,15.5%,93,NORMAL,169.1,0.0,0.2,0.2,False,10.53,49.47
1768828437.34,2026-01-19 18:43:57,14,19,129,15.6%,93,NORMAL,168.9,0.0,0.2,0.2,False,10.53,49.47
1768828442.98,2026-01-19 18:44:02,11,19,129,15.8%,93,NORMAL,168.6,0.0,0.2,0.2,False,8.38,51.62
1768828449.04,2026-01-19 18:44:09,9,19,130,15.9%,93,NORMAL,169.7,0.0,0.2,0.2,False,6.92,53.08
1768828456.19,2026-01-19 18:44:16,13,19,130,16.0%,93,NORMAL,169.4,0.0,0.2,0.2,False,9.82,50.18
1768828461.97,2026-01-19 18:44:21,15,19,131,16.1%,93,NORMAL,170.5,0.0,0.2,0.2,False,11.23,48.77
1768828467.93,2026-01-19 18:44:27,14,19,132,16.3%,93,NORMAL,171.6,0.0,0.2,0.2,False,10.53,49.47
1768828473.73,2026-01-19 18:44:33,15,19,133,16.5%,93,NORMAL,172.6,0.0,0.2,0.2,False,11.23,48.77
1768828479.62,2026-01-19 18:44:39,13,19,133,16.6%,93,NORMAL,172.4,0.0,0.2,0.2,False,9.82,50.18
1768828485.96,2026-01-19 18:44:45,12,19,133,16.7%,93,NORMAL,172.1,0.0,0.2,0.2,False,9.10,50.90
1768828491.86,2026-01-19 18:44:51,14,19,133,16.9%,93,NORMAL,171.9,0.0,0.2,0.2,False,10.53,49.47
1768828498.05,2026-01-19 18:44:58,14,19,133,17.0%,93,NORMAL,171.6,0.0,0.2,0.2,False,10.53,49.47
1768828503.84,2026-01-19 18:45:03,15,19,135,17.2%,93,NORMAL,173.9,0.0,0.2,0.2,False,11.23,48.77
1768828509.53,2026-01-19 18:45:09,15,19,135,17.3%,93,NORMAL,173.7,0.0,0.2,0.2,False,11.23,48.77
1768828510.72,2026-01-19 18:45:10,15,19,320,17.4%,93,NORMAL,411.4,0.0,0.2,0.2,False,11.23,48.77
1768828516.59,2026-01-19 18:45:16,15,19,135,17.5%,93,NORMAL,173.4,0.0,0.2,0.2,False,11.23,48.77
1768828522.54,2026-01-19 18:45:22,14,19,135,17.6%,93,NORMAL,173.2,0.0,0.2,0.2,False,10.53,49.47
1768828529.07,2026-01-19 18:45:29,13,19,136,17.6%,93,NORMAL,174.2,0.0,0.2,0.2,False,9.82,50.18
1768828535.21,2026-01-19 18:45:35,12,19,136,17.5%,93,NORMAL,174.0,0.0,0.2,0.2,False,9.10,50.90
1768828541.19,2026-01-19 18:45:41,14,19,136,17.5%,93,NORMAL,173.7,0.0,0.2,0.2,False,10.53,49.47
1768828547.74,2026-01-19 18:45:47,13,19,136,17.5%,93,NORMAL,173.5,0.0,0.2,0.2,False,9.82,50.18
1768828553.47,2026-01-19 18:45:53,14,19,137,17.5%,93,NORMAL,174.5,0.0,0.2,0.2,False,10.53,49.47
1768828559.34,2026-01-19 18:45:59,13,19,138,17.4%,93,NORMAL,175.5,0.0,0.2,0.2,False,9.82,50.18
1768828565.47,2026-01-19 18:46:05,14,19,139,17.3%,93,NORMAL,176.6,0.0,0.2,0.2,False,10.53,49.47
1768828571.60,2026-01-19 18:46:11,15,19,139,17.3%,93,NORMAL,176.3,0.0,0.2,0.2,False,11.23,48.77
1768828578.23,2026-01-19 18:46:18,14,19,139,17.3%,93,NORMAL,176.1,0.0,0.2,0.2,False,10.53,49.47
1768828584.49,2026-01-19 18:46:24,15,19,140,17.1%,93,NORMAL,177.1,0.0,0.2,0.2,False,11.23,48.77
1768828591.30,2026-01-19 18:46:31,13,19,141,17.1%,93,NORMAL,178.1,0.0,0.2,0.2,False,9.82,50.18
1768828597.48,2026-01-19 18:46:37,12,19,141,17.0%,93,NORMAL,177.9,0.0,0.2,0.2,False,9.10,50.90
1768828605.88,2026-01-19 18:46:45,13,19,141,17.0%,93,NORMAL,177.6,0.0,0.2,0.2,False,9.82,50.18
1768828607.50,2026-01-19 18:46:47,13,19,323,17.0%,93,NORMAL,406.6,0.0,0.2,0.2,False,9.82,50.18
1768828614.69,2026-01-19 18:46:54,13,19,141,16.9%,93,NORMAL,177.4,0.0,0.2,0.2,False,9.82,50.18
1768828622.35,2026-01-19 18:47:02,12,19,141,17.0%,93,NORMAL,177.1,0.0,0.2,0.2,False,9.10,50.90
1768828629.53,2026-01-19 18:47:09,12,19,141,17.1%,93,NORMAL,176.9,0.0,0.2,0.2,False,9.10,50.90
1768828636.77,2026-01-19 18:47:16,12,19,141,17.1%,93,NORMAL,176.6,0.0,0.2,0.2,False,9.10,50.90
1768833205.87,2026-01-19 20:03:25,11,19,141,16.9%,93,NORMAL,176.4,0.0,0.2,0.2,False,8.38,51.62
1768833207.04,2026-01-19 20:03:27,9,19,325,16.7%,93,NORMAL,406.2,0.0,0.2,0.2,False,6.92,53.08
1768833212.86,2026-01-19 20:03:32,9,19,141,16.5%,93,NORMAL,176.1,0.0,0.2,0.2,False,6.92,53.08
1768833219.07,2026-01-19 20:03:39,10,19,141,16.3%,93,NORMAL,175.9,0.0,0.2,0.2,False,7.66,52.34
1768833224.95,2026-01-19 20:03:44,10,19,141,16.3%,93,NORMAL,175.6,0.0,0.2,0.2,False,7.66,52.34
1768833231.33,2026-01-19 20:03:51,9,19,141,16.1%,93,NORMAL,175.4,0.0,0.2,0.2,False,6.92,53.08
1768833237.10,2026-01-19 20:03:57,9,19,141,15.9%,93,NORMAL,175.2,0.0,0.2,0.2,False,6.92,53.08
1768833243.86,2026-01-19 20:04:03,11,19,141,15.7%,93,NORMAL,174.9,0.0,0.2,0.2,False,8.38,51.62
1768833249.92,2026-01-19 20:04:09,10,19,141,15.5%,93,NORMAL,174.7,0.0,0.2,0.2,False,7.66,52.34
1768833256.36,2026-01-19 20:04:16,8,19,142,15.2%,93,NORMAL,175.7,0.0,0.2,0.2,False,6.18,53.82
1768833262.14,2026-01-19 20:04:22,9,19,142,15.0%,93,NORMAL,175.4,0.0,0.2,0.2,False,6.92,53.08
1768833268.27,2026-01-19 20:04:28,11,19,142,14.9%,93,NORMAL,175.2,0.0,0.2,0.2,False,8.38,51.62
1768833274.35,2026-01-19 20:04:34,12,19,142,14.8%,93,NORMAL,174.9,0.0,0.2,0.2,False,9.10,50.90
1768833279.98,2026-01-19 20:04:39,13,19,142,14.9%,93,NORMAL,174.7,0.0,0.2,0.2,False,9.82,50.18
1768833285.93,2026-01-19 20:04:45,14,19,142,14.9%,93,NORMAL,174.5,0.0,0.2,0.2,False,10.53,49.47
1768833291.55,2026-01-19 20:04:51,14,19,142,14.9%,93,NORMAL,174.2,0.0,0.2,0.2,False,10.53,49.47
1768833297.19,2026-01-19 20:04:57,14,19,142,14.9%,93,NORMAL,174.0,0.0,0.1,0.1,False,10.53,49.47
1768833303.38,2026-01-19 20:05:03,13,19,142,14.9%,93,NORMAL,173.8,0.0,0.1,0.1,False,9.82,50.18
1768833309.06,2026-01-19 20:05:09,13,19,142,14.9%,93,NORMAL,173.5,0.0,0.1,0.1,False,9.82,50.18
1768833314.78,2026-01-19 20:05:14,12,19,142,14.8%,93,NORMAL,173.3,0.0,0.1,0.1,False,9.10,50.90
1768833320.54,2026-01-19 20:05:20,12,19,142,14.7%,93,NORMAL,173.1,0.0,0.1,0.1,False,9.10,50.90
1768833326.27,2026-01-19 20:05:26,13,19,142,14.6%,93,NORMAL,172.8,0.0,0.1,0.1,False,9.82,50.18
1768833332.72,2026-01-19 20:05:32,15,19,142,14.7%,93,NORMAL,172.6,0.0,0.1,0.1,False,11.23,48.77
1768833338.51,2026-01-19 20:05:38,15,19,142,14.8%,93,NORMAL,172.4,0.0,0.1,0.1,False,11.23,48.77
1768833344.39,2026-01-19 20:05:44,16,19,143,14.9%,93,NORMAL,173.3,0.0,0.1,0.1,False,11.92,48.08
1768833350.07,2026-01-19 20:05:50,16,19,143,15.0%,93,NORMAL,173.1,0.0,0.1,0.1,False,11.92,48.08
1768833356.11,2026-01-19 20:05:56,13,19,144,15.0%,93,NORMAL,174.1,0.0,0.1,0.1,False,9.82,50.18
1768833362.18,2026-01-19 20:06:02,16,19,144,15.2%,93,NORMAL,173.8,0.0,0.1,0.1,False,11.92,48.08
1768833367.73,2026-01-19 20:06:07,18,19,144,15.4%,93,NORMAL,173.6,0.0,0.1,0.1,False,13.29,46.71
1768833372.84,2026-01-19 20:06:12,18,19,144,15.6%,93,NORMAL,173.4,0.0,0.1,0.1,False,13.29,46.71
1768833378.13,2026-01-19 20:06:18,18,19,144,15.9%,93,NORMAL,173.1,0.0,0.1,0.1,False,13.29,46.71
1768833383.62,2026-01-19 20:06:23,18,19,144,16.3%,93,NORMAL,172.9,0.0,0.1,0.1,False,13.29,46.71
1768833389.89,2026-01-19 20:06:29,17,19,145,16.6%,93,NORMAL,173.9,0.0,0.1,0.1,False,12.61,47.39
1768833395.12,2026-01-19 20:06:35,17,19,146,16.9%,93,NORMAL,174.9,0.0,0.1,0.1,False,12.61,47.39
1768833400.35,2026-01-19 20:06:40,14,19,146,17.0%,93,NORMAL,174.6,0.0,0.1,0.1,False,10.53,49.47
1768833405.92,2026-01-19 20:06:45,16,19,146,17.3%,93,NORMAL,174.4,0.0,0.1,0.1,False,11.92,48.08
1768833411.14,2026-01-19 20:06:51,17,19,146,17.6%,93,NORMAL,174.2,0.0,0.1,0.1,False,12.61,47.39
1768833412.72,2026-01-19 20:06:52,18,19,344,17.9%,93,NORMAL,410.1,0.0,0.1,0.1,False,13.29,46.71
1768833417.92,2026-01-19 20:06:57,18,19,147,18.2%,93,NORMAL,175.1,0.0,0.1,0.1,False,13.29,46.71
1768833423.10,2026-01-19 20:07:03,13,19,147,18.4%,93,NORMAL,174.9,0.0,0.1,0.1,False,9.82,50.18
1768833428.44,2026-01-19 20:07:08,14,19,147,18.6%,93,NORMAL,174.7,0.0,0.1,0.1,False,10.53,49.47
1768833433.63,2026-01-19 20:07:13,14,19,147,18.7%,93,NORMAL,174.4,0.0,0.1,0.1,False,10.53,49.47
1768833439.16,2026-01-19 20:07:19,16,19,147,18.9%,93,NORMAL,174.2,0.0,0.1,0.1,False,11.92,48.08
1768833440.77,2026-01-19 20:07:20,17,19,349,19.0%,93,NORMAL,413.3,0.0,0.1,0.1,False,12.61,47.39
1768833445.87,2026-01-19 20:07:25,17,19,147,19.2%,93,NORMAL,174.0,0.0,0.1,0.1,False,12.61,47.39
1768833450.98,2026-01-19 20:07:30,16,19,148,19.2%,93,NORMAL,174.9,0.0,0.1,0.1,False,11.92,48.08
1768833456.43,2026-01-19 20:07:36,16,19,148,19.3%,93,NORMAL,174.7,0.0,0.1,0.1,False,11.92,48.08
1768833461.69,2026-01-19 20:07:41,12,19,148,19.3%,93,NORMAL,174.5,0.0,0.1,0.1,False,9.10,50.90
1768833467.42,2026-01-19 20:07:47,14,19,148,19.3%,93,NORMAL,174.2,0.0,0.1,0.1,False,10.53,49.47
1768833469.30,2026-01-19 20:07:49,14,19,351,19.4%,93,NORMAL,412.9,0.0,0.1,0.1,False,10.53,49.47
1768833474.55,2026-01-19 20:07:54,14,19,149,19.5%,93,NORMAL,175.2,0.0,0.1,0.1,False,10.53,49.47
1768833479.95,2026-01-19 20:07:59,13,19,149,19.5%,93,NORMAL,175.0,0.0,0.1,0.1,False,9.82,50.18
1768833485.44,2026-01-19 20:08:05,13,19,149,19.4%,93,NORMAL,174.7,0.0,0.1,0.1,False,9.82,50.18
1768833491.05,2026-01-19 20:08:11,12,19,149,19.3%,93,NORMAL,174.5,0.0,0.1,0.1,False,9.10,50.90
1768833496.21,2026-01-19 20:08:16,13,19,149,19.2%,93,NORMAL,174.3,0.0,0.1,0.1,False,9.82,50.18
1768833502.76,2026-01-19 20:08:22,11,19,150,19.0%,93,NORMAL,175.2,0.0,0.1,0.1,False,8.38,51.62
1768833507.90,2026-01-19 20:08:27,13,19,150,19.0%,93,NORMAL,175.0,0.0,0.1,0.1,False,9.82,50.18
1768833513.09,2026-01-19 20:08:33,13,19,150,18.8%,93,NORMAL,174.8,0.0,0.1,0.1,False,9.82,50.18
1768833518.38,2026-01-19 20:08:38,12,19,151,18.6%,93,NORMAL,175.7,0.0,0.1,0.1,False,9.10,50.90
1768833523.55,2026-01-19 20:08:43,12,19,151,18.4%,93,NORMAL,175.5,0.0,0.1,0.1,False,9.10,50.90
1768833529.69,2026-01-19 20:08:49,12,19,151,18.1%,93,NORMAL,175.2,0.0,0.1,0.1,False,9.10,50.90
1768833535.02,2026-01-19 20:08:55,12,19,151,17.9%,93,NORMAL,175.0,0.0,0.1,0.1,False,9.10,50.90
1768833540.32,2026-01-19 20:09:00,12,19,151,17.7%,93,NORMAL,174.8,0.0,0.1,0.1,False,9.10,50.90
1768833545.68,2026-01-19 20:09:05,11,19,151,17.5%,93,NORMAL,174.6,0.0,0.1,0.1,False,8.38,51.62
1768833551.33,2026-01-19 20:09:11,12,19,151,17.4%,93,NORMAL,174.3,0.0,0.1,0.1,False,9.10,50.90
1768833552.71,2026-01-19 20:09:12,13,19,355,17.3%,93,NORMAL,409.6,0.0,0.1,0.1,False,9.82,50.18
1768833557.87,2026-01-19 20:09:17,13,19,151,17.1%,93,NORMAL,174.1,0.0,0.1,0.1,False,9.82,50.18
1768833563.16,2026-01-19 20:09:23,13,19,151,16.9%,93,NORMAL,173.9,0.0,0.1,0.1,False,9.82,50.18
1768833568.30,2026-01-19 20:09:28,14,19,152,16.8%,93,NORMAL,174.8,0.0,0.1,0.1,False,10.53,49.47
1768833573.45,2026-01-19 20:09:33,13,19,152,16.8%,93,NORMAL,174.6,0.0,0.1,0.1,False,9.82,50.18
1768833578.59,2026-01-19 20:09:38,14,19,152,16.8%,93,NORMAL,174.4,0.0,0.1,0.1,False,10.53,49.47
1768833579.81,2026-01-19 20:09:39,14,19,358,16.8%,93,NORMAL,410.4,0.0,0.1,0.1,False,10.53,49.47
1768833585.01,2026-01-19 20:09:45,14,19,152,16.7%,93,NORMAL,174.2,0.0,0.1,0.1,False,10.53,49.47
1768833590.14,2026-01-19 20:09:50,14,19,152,16.6%,93,NORMAL,173.9,0.0,0.1,0.1,False,10.53,49.47
1768833595.28,2026-01-19 20:09:55,13,19,152,16.4%,93,NORMAL,173.7,0.0,0.1,0.1,False,9.82,50.18
1768833600.51,2026-01-19 20:10:00,13,19,152,16.3%,93,NORMAL,173.5,0.0,0.1,0.1,False,9.82,50.18
1768833605.85,2026-01-19 20:10:05,12,19,152,16.2%,93,NORMAL,173.3,0.0,0.1,0.1,False,9.10,50.90
1768833607.52,2026-01-19 20:10:07,11,19,360,16.1%,93,NORMAL,410.1,0.0,0.1,0.1,False,8.38,51.62
1768833613.01,2026-01-19 20:10:13,11,19,152,16.0%,93,NORMAL,173.1,0.0,0.1,0.1,False,8.38,51.62
1768833618.33,2026-01-19 20:10:18,11,19,152,15.9%,93,NORMAL,172.8,0.0,0.1,0.1,False,8.38,51.62
1768833623.87,2026-01-19 20:10:23,11,19,152,15.8%,93,NORMAL,172.6,0.0,0.1,0.1,False,8.38,51.62
1768833629.17,2026-01-19 20:10:29,10,19,152,15.6%,93,NORMAL,172.4,0.0,0.1,0.1,False,7.66,52.34
1768833634.41,2026-01-19 20:10:34,10,19,152,15.5%,93,NORMAL,172.2,0.0,0.1,0.1,False,7.66,52.34
1768833635.97,2026-01-19 20:10:35,10,19,360,15.4%,93,NORMAL,407.5,0.0,0.1,0.1,False,7.66,52.34
1768833641.07,2026-01-19 20:10:41,10,19,152,15.3%,93,NORMAL,172.0,0.0,0.1,0.1,False,7.66,52.34
1768833646.30,2026-01-19 20:10:46,9,19,152,15.2%,93,NORMAL,171.8,0.0,0.1,0.1,False,6.92,53.08
1768833651.59,2026-01-19 20:10:51,9,19,152,15.1%,93,NORMAL,171.5,0.0,0.1,0.1,False,6.92,53.08
1768833656.71,2026-01-19 20:10:56,8,19,152,14.9%,93,NORMAL,171.3,0.0,0.1,0.1,False,6.18,53.82
1768833662.20,2026-01-19 20:11:02,7,19,152,14.7%,93,NORMAL,171.1,0.0,0.1,0.1,False,5.43,54.57
1768833668.24,2026-01-19 20:11:08,7,19,152,14.5%,93,NORMAL,170.9,0.0,0.1,0.1,False,5.43,54.57
1768833673.45,2026-01-19 20:11:13,7,19,152,14.3%,93,NORMAL,170.7,0.0,0.1,0.1,False,5.43,54.57
1768833678.69,2026-01-19 20:11:18,7,19,153,14.1%,93,NORMAL,171.6,0.0,0.1,0.1,False,5.43,54.57
1768833683.89,2026-01-19 20:11:23,6,19,153,13.8%,93,NORMAL,171.4,0.0,0.1,0.1,False,4.68,55.32
1768833689.10,2026-01-19 20:11:29,5,19,153,13.6%,93,NORMAL,171.2,0.0,0.1,0.1,False,3.91,56.09
1768833695.22,2026-01-19 20:11:35,7,19,153,13.4%,93,NORMAL,170.9,0.0,0.1,0.1,False,5.43,54.57
1768833700.30,2026-01-19 20:11:40,8,19,153,13.2%,93,NORMAL,170.7,0.0,0.1,0.1,False,6.18,53.82
1768833705.40,2026-01-19 20:11:45,7,19,153,12.9%,93,NORMAL,170.5,0.0,0.1,0.1,False,5.43,54.57
1768833710.53,2026-01-19 20:11:50,7,19,153,12.7%,93,NORMAL,170.3,0.0,0.1,0.1,False,5.43,54.57
1768833715.93,2026-01-19 20:11:55,6,19,153,12.4%,93,NORMAL,170.1,0.0,0.1,0.1,False,4.68,55.32
1768833721.67,2026-01-19 20:12:01,6,19,153,12.1%,93,NORMAL,169.9,0.0,0.1,0.1,False,4.68,55.32
1768833726.93,2026-01-19 20:12:06,6,19,154,11.7%,93,NORMAL,170.8,0.0,0.1,0.1,False,4.68,55.32
1768833732.00,2026-01-19 20:12:11,5,19,154,11.4%,93,NORMAL,170.6,0.0,0.1,0.1,False,3.91,56.09
1768833737.16,2026-01-19 20:12:17,4,19,154,11.0%,93,NORMAL,170.4,0.0,0.1,0.1,False,3.14,56.86
1768833742.44,2026-01-19 20:12:22,5,19,154,10.6%,93,NORMAL,170.2,0.0,0.1,0.1,False,3.91,56.09
1768833748.02,2026-01-19 20:12:28,7,19,154,10.4%,93,NORMAL,170.0,0.0,0.1,0.1,False,5.43,54.57
1768833753.10,2026-01-19 20:12:33,6,19,154,10.1%,93,NORMAL,169.7,0.0,0.1,0.1,False,4.68,55.32
1768833758.19,2026-01-19 20:12:38,6,19,154,9.8%,93,NORMAL,169.5,0.0,0.1,0.1,False,4.68,55.32
1768833763.32,2026-01-19 20:12:43,6,19,154,9.6%,93,NORMAL,169.3,0.0,0.1,0.1,False,4.68,55.32
1768833768.42,2026-01-19 20:12:48,4,19,154,9.3%,93,NORMAL,169.1,0.0,0.2,0.2,False,3.14,56.86
1768833773.67,2026-01-19 20:12:53,4,19,154,9.0%,93,NORMAL,168.9,0.0,0.2,0.2,False,3.14,56.86
1768833778.82,2026-01-19 20:12:58,4,19,154,8.7%,93,NORMAL,168.7,0.0,0.2,0.2,False,3.14,56.86
1768833784.02,2026-01-19 20:13:04,5,19,154,8.5%,93,NORMAL,168.5,0.0,0.2,0.2,False,3.91,56.09
1768833789.37,2026-01-19 20:13:09,5,19,154,8.3%,93,NORMAL,168.3,0.0,0.2,0.2,False,3.91,56.09
1768833794.79,2026-01-19 20:13:14,5,19,155,8.1%,93,NORMAL,169.2,0.0,0.2,0.2,False,3.91,56.09
1768833800.16,2026-01-19 20:13:20,5,19,155,7.9%,93,NORMAL,169.0,0.0,0.2,0.2,False,3.91,56.09
1768833805.23,2026-01-19 20:13:25,5,19,155,7.7%,93,NORMAL,168.8,0.0,0.2,0.2,False,3.91,56.09
1768833810.35,2026-01-19 20:13:30,5,19,155,7.6%,93,NORMAL,168.6,0.0,0.2,0.2,False,3.91,56.09
1768833815.51,2026-01-19 20:13:35,6,19,155,7.5%,93,NORMAL,168.4,0.0,0.2,0.2,False,4.68,55.32
1768833820.74,2026-01-19 20:13:40,5,19,155,7.4%,93,NORMAL,168.2,0.0,0.2,0.2,False,3.91,56.09
1768833825.83,2026-01-19 20:13:45,5,19,155,7.3%,93,NORMAL,168.0,0.0,0.2,0.2,False,3.91,56.09
1768833831.01,2026-01-19 20:13:51,5,19,155,7.2%,93,NORMAL,167.8,0.0,0.2,0.2,False,3.91,56.09
1768833836.24,2026-01-19 20:13:56,5,19,155,7.2%,93,NORMAL,167.6,0.0,0.2,0.2,False,3.91,56.09
1768833841.51,2026-01-19 20:14:01,5,19,155,7.1%,93,NORMAL,167.4,0.0,0.2,0.2,False,3.91,56.09
1768833846.65,2026-01-19 20:14:06,5,19,155,7.1%,93,NORMAL,167.2,0.0,0.2,0.2,False,3.91,56.09
1768833852.47,2026-01-19 20:14:12,6,19,155,7.1%,93,NORMAL,167.0,0.0,0.2,0.2,False,4.68,55.32
1768833857.92,2026-01-19 20:14:17,5,19,155,6.9%,93,NORMAL,166.8,0.0,0.2,0.2,False,3.91,56.09
1768833863.61,2026-01-19 20:14:23,5,19,155,6.9%,93,NORMAL,166.6,0.0,0.2,0.2,False,3.91,56.09
1768833869.48,2026-01-19 20:14:29,5,19,155,6.8%,93,NORMAL,166.4,0.0,0.2,0.2,False,3.91,56.09
1768833874.81,2026-01-19 20:14:34,5,19,155,6.7%,93,NORMAL,166.2,0.0,0.2,0.2,False,3.91,56.09
1768833880.70,2026-01-19 20:14:40,5,19,155,6.7%,93,NORMAL,166.0,0.0,0.2,0.2,False,3.91,56.09
1768833886.05,2026-01-19 20:14:46,7,19,155,6.7%,93,NORMAL,165.8,0.0,0.2,0.2,False,5.43,54.57
1768833891.33,2026-01-19 20:14:51,7,19,155,6.8%,93,NORMAL,165.6,0.0,0.2,0.2,False,5.43,54.57
1768833896.57,2026-01-19 20:14:56,6,19,156,6.9%,93,NORMAL,166.4,0.0,0.2,0.2,False,4.68,55.32
1768833901.77,2026-01-19 20:15:01,7,19,156,7.0%,93,NORMAL,166.3,0.0,0.2,0.2,False,5.43,54.57
1768833907.41,2026-01-19 20:15:07,6,19,157,6.9%,93,NORMAL,167.1,0.0,0.2,0.2,False,4.68,55.32
1768833912.64,2026-01-19 20:15:12,6,19,157,6.9%,93,NORMAL,166.9,0.0,0.2,0.2,False,4.68,55.32
1768833917.93,2026-01-19 20:15:17,6,19,157,6.9%,93,NORMAL,166.7,0.0,0.2,0.2,False,4.68,55.32
1768833923.11,2026-01-19 20:15:23,6,19,157,6.9%,93,NORMAL,166.5,0.0,0.2,0.2,False,4.68,55.32
1768833928.58,2026-01-19 20:15:28,9,19,157,7.2%,93,NORMAL,166.3,0.0,0.2,0.2,False,6.92,53.08
1768833929.67,2026-01-19 20:15:29,9,19,374,7.4%,93,NORMAL,396.0,0.0,0.2,0.2,False,6.92,53.08
1768833935.22,2026-01-19 20:15:35,9,19,157,7.6%,93,NORMAL,166.1,0.0,0.2,0.2,False,6.92,53.08
1768833940.96,2026-01-19 20:15:40,9,19,159,7.7%,93,NORMAL,168.1,0.0,0.2,0.2,False,6.92,53.08
1768833946.75,2026-01-19 20:15:46,8,19,159,7.9%,93,NORMAL,167.9,0.0,0.2,0.2,False,6.18,53.82
1768833952.29,2026-01-19 20:15:52,8,19,159,8.0%,93,NORMAL,167.7,0.0,0.2,0.2,False,6.18,53.82
1768833958.22,2026-01-19 20:15:58,8,19,159,8.1%,93,NORMAL,167.5,0.0,0.2,0.2,False,6.18,53.82
1768833959.25,2026-01-19 20:15:59,7,19,374,8.2%,93,NORMAL,393.7,0.0,0.2,0.2,False,5.43,54.57
1768833964.79,2026-01-19 20:16:04,7,19,159,8.3%,93,NORMAL,167.3,0.0,0.2,0.2,False,5.43,54.57
1768833970.66,2026-01-19 20:16:10,6,19,159,8.3%,93,NORMAL,167.1,0.0,0.2,0.2,False,4.68,55.32
1768833976.34,2026-01-19 20:16:16,7,19,159,8.4%,93,NORMAL,166.9,0.0,0.2,0.2,False,5.43,54.57
1768833982.54,2026-01-19 20:16:22,8,19,159,8.5%,93,NORMAL,166.7,0.0,0.2,0.2,False,6.18,53.82
1768833989.06,2026-01-19 20:16:29,8,19,159,8.6%,93,NORMAL,166.5,0.0,0.2,0.2,False,6.18,53.82
1768833995.55,2026-01-19 20:16:35,8,19,159,8.7%,93,NORMAL,166.3,0.0,0.2,0.2,False,6.18,53.82
1768834001.47,2026-01-19 20:16:41,9,19,159,8.9%,93,NORMAL,166.1,0.0,0.2,0.2,False,6.92,53.08
1768834007.53,2026-01-19 20:16:47,9,19,159,9.1%,93,NORMAL,165.9,0.0,0.2,0.2,False,6.92,53.08
1768834013.88,2026-01-19 20:16:53,9,19,160,9.2%,93,NORMAL,166.8,0.0,0.2,0.2,False,6.92,53.08
1768834020.15,2026-01-19 20:17:00,9,19,160,9.4%,93,NORMAL,166.6,0.0,0.2,0.2,False,6.92,53.08
1768834027.44,2026-01-19 20:17:07,8,19,160,9.5%,93,NORMAL,166.4,0.0,0.2,0.2,False,6.18,53.82
1768834033.76,2026-01-19 20:17:13,8,19,160,9.6%,93,NORMAL,166.2,0.0,0.2,0.2,False,6.18,53.82
1768834040.05,2026-01-19 20:17:20,8,19,160,9.8%,93,NORMAL,166.0,0.0,0.2,0.2,False,6.18,53.82
1768834046.70,2026-01-19 20:17:26,8,19,160,9.9%,93,NORMAL,165.8,0.0,0.2,0.2,False,6.18,53.82
1768834053.30,2026-01-19 20:17:33,7,19,160,9.9%,93,NORMAL,165.6,0.0,0.2,0.2,False,5.43,54.57
1768834055.02,2026-01-19 20:17:35,8,19,378,9.9%,93,NORMAL,391.0,0.0,0.2,0.2,False,6.18,53.82
1768834061.72,2026-01-19 20:17:41,8,19,160,10.0%,93,NORMAL,165.4,0.0,0.2,0.2,False,6.18,53.82
1768834068.34,2026-01-19 20:17:48,8,19,160,10.0%,93,NORMAL,165.2,0.0,0.2,0.2,False,6.18,53.82
1768834075.60,2026-01-19 20:17:55,8,19,160,10.1%,93,NORMAL,165.0,0.0,0.2,0.2,False,6.18,53.82
1768834082.34,2026-01-19 20:18:02,9,19,160,10.3%,93,NORMAL,164.9,0.0,0.2,0.2,False,6.92,53.08
1768834089.81,2026-01-19 20:18:09,9,19,161,10.4%,93,NORMAL,165.7,0.0,0.2,0.2,False,6.92,53.08
1768834091.24,2026-01-19 20:18:11,9,19,381,10.5%,93,NORMAL,391.9,0.0,0.2,0.2,False,6.92,53.08
1768834098.13,2026-01-19 20:18:18,9,19,161,10.5%,93,NORMAL,165.5,0.0,0.2,0.2,False,6.92,53.08
1768834105.37,2026-01-19 20:18:25,9,19,161,10.5%,93,NORMAL,165.3,0.0,0.2,0.2,False,6.92,53.08
1768834112.54,2026-01-19 20:18:32,9,19,162,10.5%,93,NORMAL,166.2,0.0,0.2,0.2,False,6.92,53.08
1768834119.77,2026-01-19 20:18:39,10,19,162,10.5%,93,NORMAL,166.0,0.0,0.2,0.2,False,7.66,52.34
1768834127.12,2026-01-19 20:18:47,10,19,162,10.6%,93,NORMAL,165.8,0.0,0.2,0.2,False,7.66,52.34
1768834129.09,2026-01-19 20:18:49,9,19,382,10.7%,93,NORMAL,390.7,0.0,0.2,0.2,False,6.92,53.08
1768834137.67,2026-01-19 20:18:57,9,19,162,10.7%,93,NORMAL,165.6,0.0,0.2,0.2,False,6.92,53.08
1768834144.96,2026-01-19 20:19:04,10,19,162,10.8%,93,NORMAL,165.4,0.0,0.2,0.2,False,7.66,52.34
1768834152.34,2026-01-19 20:19:12,10,19,162,11.0%,93,NORMAL,165.2,0.0,0.2,0.2,False,7.66,52.34
1768834161.18,2026-01-19 20:19:21,10,19,162,11.1%,93,NORMAL,165.0,0.0,0.2,0.2,False,7.66,52.34
1768834168.68,2026-01-19 20:19:28,11,19,162,11.3%,93,NORMAL,164.8,0.0,0.2,0.2,False,8.38,51.62
1768834170.25,2026-01-19 20:19:30,8,19,386,11.3%,93,NORMAL,392.5,0.0,0.2,0.2,False,6.18,53.82
1768834178.23,2026-01-19 20:19:38,8,19,162,11.3%,93,NORMAL,164.7,0.0,0.2,0.2,False,6.18,53.82
1768834187.06,2026-01-19 20:19:47,8,19,162,11.3%,93,NORMAL,164.5,0.0,0.2,0.2,False,6.18,53.82
1768834194.81,2026-01-19 20:19:54,8,19,162,11.2%,93,NORMAL,164.3,0.0,0.2,0.2,False,6.18,53.82
1768834202.82,2026-01-19 20:20:02,8,19,162,11.2%,93,NORMAL,164.1,0.0,0.2,0.2,False,6.18,53.82
1768834211.14,2026-01-19 20:20:11,8,19,162,11.2%,93,NORMAL,163.9,0.0,0.2,0.2,False,6.18,53.82
1768834212.87,2026-01-19 20:20:12,8,19,387,11.1%,93,NORMAL,391.3,0.0,0.2,0.2,False,6.18,53.82
1768834220.65,2026-01-19 20:20:20,8,19,162,11.1%,93,NORMAL,163.7,0.0,0.2,0.2,False,6.18,53.82
1768834229.50,2026-01-19 20:20:29,8,19,162,11.1%,93,NORMAL,163.5,0.0,0.2,0.2,False,6.18,53.82
1768834237.56,2026-01-19 20:20:37,9,19,162,11.2%,93,NORMAL,163.4,0.0,0.2,0.2,False,6.92,53.08
1768834246.17,2026-01-19 20:20:46,8,19,162,11.2%,93,NORMAL,163.2,0.0,0.2,0.2,False,6.18,53.82
1768834254.78,2026-01-19 20:20:54,8,19,163,11.2%,93,NORMAL,164.0,0.0,0.2,0.2,False,6.18,53.82
1768834256.48,2026-01-19 20:20:56,9,19,389,11.2%,93,NORMAL,391.2,0.0,0.2,0.2,False,6.92,53.08
1768834264.77,2026-01-19 20:21:04,9,19,163,11.3%,93,NORMAL,163.8,0.0,0.2,0.2,False,6.92,53.08
1768834273.51,2026-01-19 20:21:13,8,19,163,11.3%,93,NORMAL,163.6,0.0,0.2,0.2,False,6.18,53.82
1768834281.97,2026-01-19 20:21:21,9,19,164,11.3%,93,NORMAL,164.5,0.0,0.2,0.2,False,6.92,53.08
1768834290.95,2026-01-19 20:21:30,9,19,164,11.3%,93,NORMAL,164.3,0.0,0.2,0.2,False,6.92,53.08
1768834299.97,2026-01-19 20:21:39,9,19,165,11.3%,93,NORMAL,165.1,0.0,0.2,0.2,False,6.92,53.08
1768834301.11,2026-01-19 20:21:41,7,19,390,11.2%,93,NORMAL,390.0,0.0,0.2,0.2,False,5.43,54.57
1768834311.46,2026-01-19 20:21:51,7,19,165,11.2%,93,NORMAL,158.0,0.0,0.2,0.2,False,5.43,54.57
1768834320.27,2026-01-19 20:22:00,6,19,165,11.0%,93,NORMAL,158.0,0.0,0.2,0.2,False,4.68,55.32
1768834329.72,2026-01-19 20:22:09,6,19,165,10.9%,93,NORMAL,158.0,0.0,0.2,0.2,False,4.68,55.32
1768834338.83,2026-01-19 20:22:18,5,19,165,10.7%,93,NORMAL,158.0,0.0,0.2,0.2,False,3.91,56.09
1768834347.81,2026-01-19 20:22:27,5,19,165,10.5%,93,NORMAL,158.0,0.0,0.2,0.2,False,3.91,56.09
1768834349.70,2026-01-19 20:22:29,5,19,390,10.3%,93,NORMAL,385.0,0.0,0.2,0.2,False,3.91,56.09
1768834358.98,2026-01-19 20:22:38,5,19,165,10.2%,93,NORMAL,157.0,0.0,0.2,0.2,False,3.91,56.09
1768834368.11,2026-01-19 20:22:48,5,19,165,10.0%,93,NORMAL,157.0,0.0,0.2,0.2,False,3.91,56.09
1768834377.13,2026-01-19 20:22:57,6,19,166,9.8%,93,NORMAL,158.0,0.0,0.2,0.2,False,4.68,55.32
1768834386.04,2026-01-19 20:23:06,6,19,166,9.6%,93,NORMAL,158.0,0.0,0.2,0.2,False,4.68,55.32
1768834395.63,2026-01-19 20:23:15,5,19,166,9.4%,93,NORMAL,157.0,0.0,0.2,0.2,False,3.91,56.09
1768834397.53,2026-01-19 20:23:17,5,19,391,9.2%,93,NORMAL,385.0,0.0,0.2,0.2,False,3.91,56.09
1768834407.69,2026-01-19 20:23:27,5,19,166,9.1%,93,NORMAL,157.0,0.0,0.2,0.2,False,3.91,56.09
1768834418.09,2026-01-19 20:23:38,4,19,166,9.0%,93,NORMAL,157.0,0.0,0.2,0.2,False,3.14,56.86
1768834427.44,2026-01-19 20:23:47,3,19,166,8.7%,93,NORMAL,157.0,0.0,0.2,0.2,False,2.37,57.63
1768834437.08,2026-01-19 20:23:57,3,19,166,8.5%,93,NORMAL,157.0,0.0,0.2,0.2,False,2.37,57.63
1768834447.97,2026-01-19 20:24:07,3,19,166,8.3%,93,NORMAL,157.0,0.0,0.2,0.2,False,2.37,57.63
1768834449.85,2026-01-19 20:24:09,3,19,391,8.1%,93,NORMAL,385.0,0.0,0.2,0.2,False,2.37,57.63
1768834459.03,2026-01-19 20:24:19,3,19,166,7.9%,93,NORMAL,156.0,0.0,0.2,0.2,False,2.37,57.63
1768834468.02,2026-01-19 20:24:28,3,19,166,7.7%,93,NORMAL,156.0,0.0,0.2,0.2,False,2.37,57.63
1768834477.98,2026-01-19 20:24:37,3,19,166,7.4%,93,NORMAL,156.0,0.0,0.2,0.2,False,2.37,57.63
1768834487.66,2026-01-19 20:24:47,4,19,166,7.3%,93,NORMAL,155.0,0.0,0.2,0.2,False,3.14,56.86
1768834496.83,2026-01-19 20:24:56,4,19,166,7.1%,93,NORMAL,155.0,0.0,0.2,0.2,False,3.14,56.86
1768834498.56,2026-01-19 20:24:58,4,19,391,6.9%,93,NORMAL,384.0,0.0,0.2,0.2,False,3.14,56.86
1768834508.05,2026-01-19 20:25:08,4,19,166,6.7%,93,NORMAL,155.0,0.0,0.2,0.2,False,3.14,56.86
1768834517.68,2026-01-19 20:25:17,4,19,166,6.5%,93,NORMAL,155.0,0.0,0.2,0.2,False,3.14,56.86
1768834523.82,2026-01-19 20:25:23,4,19,166,6.3%,93,NORMAL,154.0,0.0,0.2,0.2,False,3.14,56.86
1768834525.16,2026-01-19 20:25:25,4,19,392,6.1%,93,NORMAL,385.0,0.0,0.2,0.2,False,3.14,56.86
1768834531.00,2026-01-19 20:25:30,4,19,166,5.9%,93,NORMAL,154.0,0.0,0.2,0.2,False,3.14,56.86
1768834536.75,2026-01-19 20:25:36,3,19,166,5.7%,93,NORMAL,154.0,0.0,0.2,0.2,False,2.37,57.63
1768834543.24,2026-01-19 20:25:43,2,19,166,5.5%,93,NORMAL,154.0,0.0,0.2,0.2,False,1.59,58.41
1768834550.07,2026-01-19 20:25:50,3,19,166,5.4%,93,NORMAL,154.0,0.0,0.2,0.2,False,2.37,57.63
1768834556.11,2026-01-19 20:25:56,3,19,166,5.2%,93,NORMAL,154.0,0.0,0.2,0.2,False,2.37,57.63
1768834562.04,2026-01-19 20:26:02,2,19,167,5.1%,93,NORMAL,154.0,0.0,0.2,0.2,False,1.59,58.41
1768834567.82,2026-01-19 20:26:07,2,19,167,5.0%,93,NORMAL,154.0,0.0,0.2,0.2,False,1.59,58.41
1768834573.70,2026-01-19 20:26:13,3,19,167,4.9%,93,NORMAL,154.0,0.0,0.2,0.2,False,2.37,57.63
1768834579.68,2026-01-19 20:26:19,3,19,167,4.8%,93,NORMAL,153.0,0.0,0.1,0.1,False,2.37,57.63
1768834585.70,2026-01-19 20:26:25,3,19,168,4.7%,93,NORMAL,154.0,0.0,0.1,0.1,False,2.37,57.63
1768834591.46,2026-01-19 20:26:31,3,19,168,4.6%,93,NORMAL,154.0,0.0,0.1,0.1,False,2.37,57.63
1768834597.21,2026-01-19 20:26:37,3,19,168,4.5%,93,NORMAL,154.0,0.0,0.1,0.1,False,2.37,57.63
1768834603.02,2026-01-19 20:26:43,4,19,168,4.4%,93,NORMAL,154.0,0.0,0.1,0.1,False,3.14,56.86
1768834608.76,2026-01-19 20:26:48,4,19,168,4.4%,93,NORMAL,153.0,0.0,0.1,0.1,False,3.14,56.86
1768834614.83,2026-01-19 20:26:54,4,19,168,4.3%,93,NORMAL,153.0,0.0,0.1,0.1,False,3.14,56.86
1768834620.83,2026-01-19 20:27:00,4,19,168,4.3%,93,NORMAL,153.0,0.0,0.1,0.1,False,3.14,56.86
1768834626.50,2026-01-19 20:27:06,5,19,168,4.4%,93,NORMAL,153.0,0.0,0.1,0.1,False,3.91,56.09
1768834631.86,2026-01-19 20:27:11,6,19,168,4.5%,93,NORMAL,153.0,0.0,0.1,0.1,False,4.68,55.32
1768834637.35,2026-01-19 20:27:17,6,19,169,4.7%,93,NORMAL,154.0,0.0,0.1,0.1,False,4.68,55.32
1768834643.61,2026-01-19 20:27:23,6,19,170,4.8%,93,NORMAL,152.0,0.0,0.1,0.1,False,4.68,55.32
1768834648.86,2026-01-19 20:27:28,6,19,170,4.9%,93,NORMAL,151.0,0.0,0.1,0.1,False,4.68,55.32
1768834654.02,2026-01-19 20:27:34,5,19,170,5.0%,93,NORMAL,150.0,0.0,0.1,0.1,False,3.91,56.09
1768834659.18,2026-01-19 20:27:39,5,19,170,5.1%,93,NORMAL,149.0,0.0,0.1,0.1,False,3.91,56.09
1768834664.64,2026-01-19 20:27:44,7,19,170,5.2%,93,NORMAL,148.0,0.0,0.1,0.1,False,5.43,54.57
1768834670.19,2026-01-19 20:27:50,6,19,170,5.3%,93,NORMAL,148.0,0.0,0.1,0.1,False,4.68,55.32
1768834675.75,2026-01-19 20:27:55,7,19,170,5.4%,93,NORMAL,148.0,0.0,0.1,0.1,False,5.43,54.57
1768834681.35,2026-01-19 20:28:01,8,19,172,5.6%,93,NORMAL,150.0,0.0,0.1,0.1,False,6.18,53.82
1768834686.91,2026-01-19 20:28:06,8,19,172,5.8%,93,NORMAL,149.0,0.0,0.1,0.1,False,6.18,53.82
1768834692.04,2026-01-19 20:28:12,8,19,172,6.0%,93,NORMAL,147.0,0.0,0.1,0.1,False,6.18,53.82
1768834697.41,2026-01-19 20:28:17,9,19,174,6.2%,93,NORMAL,147.0,0.0,0.1,0.1,False,6.92,53.08
1768834702.80,2026-01-19 20:28:22,8,19,174,6.3%,93,NORMAL,146.0,0.0,0.1,0.1,False,6.18,53.82
1768834708.12,2026-01-19 20:28:28,8,19,174,6.5%,93,NORMAL,145.0,0.0,0.1,0.1,False,6.18,53.82
1768834714.90,2026-01-19 20:28:34,7,19,174,6.8%,93,NORMAL,145.0,0.0,0.1,0.1,False,5.43,54.57
1768834722.55,2026-01-19 20:28:42,8,19,174,7.0%,93,NORMAL,144.0,0.0,0.1,0.1,False,6.18,53.82
1768834729.67,2026-01-19 20:28:49,8,19,174,7.2%,93,NORMAL,144.0,0.0,0.1,0.1,False,6.18,53.82
1768834737.07,2026-01-19 20:28:57,9,19,174,7.5%,93,NORMAL,143.0,0.0,0.1,0.1,False,6.92,53.08
1768834745.54,2026-01-19 20:29:05,9,19,174,7.8%,93,NORMAL,143.0,0.0,0.1,0.1,False,6.92,53.08
1768834746.81,2026-01-19 20:29:06,9,19,406,8.0%,93,NORMAL,390.0,0.0,0.1,0.1,False,6.92,53.08
1768834754.77,2026-01-19 20:29:14,9,19,174,8.3%,93,NORMAL,141.0,0.0,0.1,0.1,False,6.92,53.08
1768834762.73,2026-01-19 20:29:22,9,19,174,8.5%,93,NORMAL,140.0,0.0,0.1,0.1,False,6.92,53.08
1768834770.45,2026-01-19 20:29:30,8,19,174,8.7%,93,NORMAL,139.0,0.0,0.1,0.1,False,6.18,53.82
1768834777.91,2026-01-19 20:29:37,9,19,174,9.0%,93,NORMAL,139.0,0.0,0.1,0.1,False,6.92,53.08
1768834785.88,2026-01-19 20:29:45,9,19,174,9.2%,93,NORMAL,139.0,0.0,0.1,0.1,False,6.92,53.08
1768834793.99,2026-01-19 20:29:53,9,19,175,9.4%,93,NORMAL,139.0,0.0,0.1,0.1,False,6.92,53.08
1768834802.20,2026-01-19 20:30:02,9,19,175,9.6%,93,NORMAL,137.0,0.0,0.1,0.1,False,6.92,53.08
1768834810.09,2026-01-19 20:30:10,9,19,175,9.8%,93,NORMAL,137.0,0.0,0.1,0.1,False,6.92,53.08
1768834817.88,2026-01-19 20:30:17,8,19,175,10.0%,93,NORMAL,137.0,0.0,0.1,0.1,False,6.18,53.82
1768834827.00,2026-01-19 20:30:26,8,19,175,10.0%,93,NORMAL,137.0,0.0,0.1,0.1,False,6.18,53.82
1768834828.04,2026-01-19 20:30:28,10,19,409,10.2%,93,NORMAL,389.0,0.0,0.1,0.1,False,7.66,52.34
1768834835.82,2026-01-19 20:30:35,10,19,175,10.4%,93,NORMAL,136.0,0.0,0.1,0.1,False,7.66,52.34
1768834843.77,2026-01-19 20:30:43,9,19,175,10.5%,93,NORMAL,136.0,0.0,0.1,0.1,False,6.92,53.08
1768834852.19,2026-01-19 20:30:52,10,19,177,10.7%,93,NORMAL,137.0,0.0,0.1,0.1,False,7.66,52.34
1768834859.94,2026-01-19 20:30:59,10,19,177,10.9%,93,NORMAL,136.0,0.0,0.1,0.1,False,7.66,52.34
1768834868.09,2026-01-19 20:31:08,9,19,177,11.0%,93,NORMAL,135.0,0.0,0.1,0.1,False,6.92,53.08
1768834876.19,2026-01-19 20:31:16,0,19,177,10.7%,93,NORMAL,134.0,0.0,0.1,0.1,False,0.00,60.00
1768834878.62,2026-01-19 20:31:18,9,19,411,10.8%,93,NORMAL,389.0,0.0,0.1,0.1,False,6.92,53.08
1768834886.57,2026-01-19 20:31:26,9,19,177,10.9%,93,NORMAL,133.0,0.0,0.1,0.1,False,6.92,53.08
1768834895.02,2026-01-19 20:31:35,0,19,177,10.5%,93,NORMAL,132.0,0.0,0.1,0.1,False,0.00,60.00
1768834898.46,2026-01-19 20:31:38,10,19,411,10.6%,93,NORMAL,389.0,0.0,0.1,0.1,False,7.66,52.34
1768834907.91,2026-01-19 20:31:47,10,19,177,10.6%,93,NORMAL,132.0,0.0,0.1,0.1,False,7.66,52.34
1768834914.67,2026-01-19 20:31:54,0,19,177,10.3%,93,NORMAL,131.0,0.0,0.1,0.1,False,0.00,60.00
1768834917.32,2026-01-19 20:31:57,9,19,411,10.3%,93,NORMAL,387.0,0.0,0.1,0.1,False,6.92,53.08
1768834924.12,2026-01-19 20:32:04,9,19,177,10.4%,93,NORMAL,131.0,0.0,0.1,0.1,False,6.92,53.08
1768834931.54,2026-01-19 20:32:11,0,19,177,10.1%,93,NORMAL,130.0,0.0,0.1,0.1,False,0.00,60.00
1768834933.49,2026-01-19 20:32:13,8,19,411,10.1%,93,NORMAL,387.0,0.0,0.1,0.1,False,6.18,53.82
1768834940.59,2026-01-19 20:32:20,8,19,177,10.0%,93,NORMAL,128.0,0.0,0.1,0.1,False,6.18,53.82
1768834947.89,2026-01-19 20:32:27,1,19,177,9.7%,93,NORMAL,127.0,0.0,0.1,0.1,False,0.80,59.20
1768834950.43,2026-01-19 20:32:30,10,19,412,9.7%,93,NORMAL,388.0,0.0,0.1,0.1,False,7.66,52.34
1768834956.97,2026-01-19 20:32:36,10,19,178,9.8%,93,NORMAL,127.0,0.0,0.1,0.1,False,7.66,52.34
1768834958.03,2026-01-19 20:32:38,2,19,412,9.5%,93,NORMAL,388.0,0.0,0.1,0.1,False,1.59,58.41
1768834964.27,2026-01-19 20:32:44,2,19,178,9.2%,93,NORMAL,125.0,0.0,0.1,0.1,False,1.59,58.41
1768834971.49,2026-01-19 20:32:51,2,19,178,8.9%,93,NORMAL,124.0,0.0,0.1,0.1,False,1.59,58.41
1768834979.71,2026-01-19 20:32:59,10,19,180,9.0%,93,NORMAL,126.0,0.0,0.1,0.1,False,7.66,52.34
1768834985.80,2026-01-19 20:33:05,10,19,180,9.0%,93,NORMAL,126.0,0.0,0.1,0.1,False,7.66,52.34
1768834991.96,2026-01-19 20:33:11,9,19,183,9.0%,93,NORMAL,129.0,0.0,0.1,0.1,False,6.92,53.08
1768834999.26,2026-01-19 20:33:19,9,19,183,9.0%,93,NORMAL,127.0,0.0,0.1,0.1,False,6.92,53.08
1768835005.62,2026-01-19 20:33:25,11,19,183,9.1%,93,NORMAL,125.0,0.0,0.1,0.1,False,8.38,51.62
1768835012.13,2026-01-19 20:33:32,11,19,183,9.3%,93,NORMAL,125.0,0.0,0.1,0.1,False,8.38,51.62
1768835018.86,2026-01-19 20:33:38,10,19,183,9.3%,93,NORMAL,124.0,0.0,0.1,0.1,False,7.66,52.34
1768835025.73,2026-01-19 20:33:45,10,19,183,9.3%,93,NORMAL,123.0,0.0,0.1,0.1,False,7.66,52.34
1768835034.42,2026-01-19 20:33:54,9,19,183,9.3%,93,NORMAL,123.0,0.0,0.1,0.1,False,6.92,53.08
1768835041.76,2026-01-19 20:34:01,11,19,183,9.3%,93,NORMAL,122.0,0.0,0.1,0.1,False,8.38,51.62
1768835048.73,2026-01-19 20:34:08,12,19,183,9.4%,93,NORMAL,120.0,0.0,0.1,0.1,False,9.10,50.90
1768835055.06,2026-01-19 20:34:15,13,19,184,9.5%,93,NORMAL,121.0,0.0,0.1,0.1,False,9.82,50.18
1768835062.11,2026-01-19 20:34:22,12,19,185,10.0%,93,NORMAL,122.0,0.0,0.1,0.1,False,9.10,50.90
1768835064.13,2026-01-19 20:34:24,12,19,428,10.2%,93,NORMAL,398.0,0.0,0.1,0.1,False,9.10,50.90
1768835070.75,2026-01-19 20:34:30,12,19,185,10.3%,93,NORMAL,122.0,0.0,0.1,0.1,False,9.10,50.90
1768835077.10,2026-01-19 20:34:37,12,19,185,10.8%,93,NORMAL,121.0,0.0,0.1,0.1,False,9.10,50.90
1768835083.88,2026-01-19 20:34:43,12,19,185,10.9%,93,NORMAL,121.0,0.0,0.1,0.1,False,9.10,50.90
1768835090.59,2026-01-19 20:34:50,11,19,185,10.9%,93,NORMAL,120.0,0.0,0.1,0.1,False,8.38,51.62
1768835097.23,2026-01-19 20:34:57,11,19,185,11.4%,93,NORMAL,120.0,0.0,0.1,0.1,False,8.38,51.62
1768835099.00,2026-01-19 20:34:59,10,19,428,11.4%,93,NORMAL,398.0,0.0,0.1,0.1,False,7.66,52.34
1768835105.07,2026-01-19 20:35:05,10,19,185,11.5%,93,NORMAL,120.0,0.0,0.1,0.1,False,7.66,52.34
1768835111.21,2026-01-19 20:35:11,10,19,185,11.9%,93,NORMAL,120.0,0.0,0.1,0.1,False,7.66,52.34
1768835119.02,2026-01-19 20:35:19,10,19,185,12.0%,93,NORMAL,119.0,0.0,0.1,0.1,False,7.66,52.34
1768835125.01,2026-01-19 20:35:25,11,19,185,12.1%,93,NORMAL,119.0,0.0,0.1,0.1,False,8.38,51.62
1768835131.31,2026-01-19 20:35:31,10,19,185,12.5%,93,NORMAL,118.0,0.0,0.1,0.1,False,7.66,52.34
1768835139.06,2026-01-19 20:35:39,8,19,185,12.4%,93,NORMAL,117.0,0.0,0.1,0.1,False,6.18,53.82
1768835146.45,2026-01-19 20:35:46,9,19,185,12.3%,93,NORMAL,117.0,0.0,0.1,0.1,False,6.92,53.08
1768835154.38,2026-01-19 20:35:54,10,19,185,12.7%,93,NORMAL,116.0,0.0,0.1,0.1,False,7.66,52.34
1768835161.59,2026-01-19 20:36:01,9,19,187,13.0%,93,NORMAL,118.0,0.0,0.1,0.1,False,6.92,53.08
1768835169.11,2026-01-19 20:36:09,10,19,188,13.3%,93,NORMAL,119.0,0.0,0.1,0.1,False,7.66,52.34
1768835176.63,2026-01-19 20:36:16,8,19,188,13.2%,93,NORMAL,118.0,0.0,0.1,0.1,False,6.18,53.82
1768835183.86,2026-01-19 20:36:23,10,19,188,13.2%,93,NORMAL,117.0,0.0,0.1,0.1,False,7.66,52.34
1768835190.26,2026-01-19 20:36:30,8,19,188,13.2%,93,NORMAL,117.0,0.0,0.1,0.1,False,6.18,53.82
1768835196.46,2026-01-19 20:36:36,8,19,189,13.2%,93,NORMAL,116.0,0.0,0.1,0.1,False,6.18,53.82
1768835201.99,2026-01-19 20:36:41,7,19,189,13.0%,93,NORMAL,116.0,0.0,0.1,0.1,False,5.43,54.57
1768835208.18,2026-01-19 20:36:48,8,19,189,12.9%,93,NORMAL,116.0,0.0,0.1,0.1,False,6.18,53.82
1768835213.89,2026-01-19 20:36:53,8,19,189,12.8%,93,NORMAL,116.0,0.0,0.1,0.1,False,6.18,53.82
1768835219.91,2026-01-19 20:36:59,9,19,189,12.7%,93,NORMAL,116.0,0.0,0.1,0.1,False,6.92,53.08
1768835225.63,2026-01-19 20:37:05,9,19,189,12.7%,93,NORMAL,116.0,0.0,0.1,0.1,False,6.92,53.08
1768835231.33,2026-01-19 20:37:11,9,19,189,12.7%,93,NORMAL,116.0,0.0,0.1,0.1,False,6.92,53.08
1768835232.63,2026-01-19 20:37:12,9,19,434,12.5%,93,NORMAL,401.0,0.0,0.1,0.1,False,6.92,53.08
1768835238.49,2026-01-19 20:37:18,9,19,189,12.4%,93,NORMAL,116.0,0.0,0.1,0.1,False,6.92,53.08
1768835245.16,2026-01-19 20:37:25,10,19,189,12.3%,93,NORMAL,116.0,0.0,0.2,0.2,False,7.66,52.34
1768835250.93,2026-01-19 20:37:30,8,19,189,12.1%,93,NORMAL,115.0,0.0,0.2,0.2,False,6.18,53.82
1768835256.67,2026-01-19 20:37:36,7,19,190,11.9%,93,NORMAL,115.0,0.0,0.2,0.2,False,5.43,54.57
